metric,mean,min,max
psnr_y_equal_bpp_delta,-2.9795601462473513,-6.534639047173588,0.0
ssim_equal_bpp_delta,-0.004129680548429474,-0.009478361549174622,0.0
xpsnr_y_equal_bpp_delta,-2.539143196905302,-5.767763589504732,0.0
vmaf_equal_bpp_delta,-0.29043729550296915,-0.8215468041325522,0.1607313639108033
msssim_luma_equal_bpp_delta,-0.00019785915818209174,-0.0007027236889602569,0.0
fsim_luma_equal_bpp_delta,-0.0044177147720092565,-0.012931820440707583,0.0
haarpsi_luma_equal_bpp_delta,-0.004113187262533713,-0.013725774587007264,0.0
psnr_hvs_m_luma_equal_bpp_delta,-2.0285379890814204,-4.082147966890613,0.0
