image,qp_points,bpp_delta_pct_mean,compression_ratio_delta_pct_mean,psnr_y_delta_mean,ssim_delta_mean,xpsnr_y_delta_mean,vmaf_delta_mean,msssim_luma_delta_mean,fsim_luma_delta_mean,haarpsi_luma_delta_mean,psnr_hvs_m_luma_delta_mean
fine_texture_512x512,4,10.391830107354794,-9.070397527305753,-0.8983249999999989,-0.003979750000000032,-0.8782500000000013,0.4893482500000026,-0.00010228623208013987,-0.005406405904172851,-0.00652914767376811,-0.8528309539487706
mixed_content_512x512,4,33.52200954511004,-24.534497383369782,-0.019124999999997172,0.00018900000000002248,-0.048500000000000654,0.15181600000000017,-6.517095595404143e-07,-1.3834343895874346e-05,-3.099510976578568e-05,-0.03900241873429522
sharp_edges_512x512,4,30.36135408224758,-23.111611838026477,-0.04257500000000114,0.00012124999999996167,-0.09182499999999827,0.043206749999999516,9.170992048279647e-07,0.0007503247488485632,0.00043114731384796823,0.012120564872942552
smooth_gradient_512x512,4,262.70866123842626,-70.55338592007314,0.0,0.0,0.0,0.0,0.0,0.0,0.0,0.0
