image,qp_points,bpp_delta_pct_mean,compression_ratio_delta_pct_mean,psnr_y_delta_mean,ssim_delta_mean,xpsnr_y_delta_mean,vmaf_delta_mean,msssim_luma_delta_mean,fsim_luma_delta_mean,haarpsi_luma_delta_mean,psnr_hvs_m_luma_delta_mean,psnr_rgb_delta_mean,msssim_rgb_delta_mean
fine_texture_512x512,4,10.391830107354794,-9.070397527305753,-0.8983249999999989,-0.003979750000000032,-0.8782500000000013,0.4893482500000026,-0.00031646942607166384,-0.005406405904172851,-0.0065291476737681375,-0.8528309539487706,-0.8188399143878842,-0.00031655858282036986
mixed_content_512x512,4,33.52200954511004,-24.534497383369782,-0.019124999999997172,0.00018900000000002248,-0.048500000000000654,0.15181600000000017,-3.657807650297995e-06,-1.3834343895874346e-05,-3.099510976581343e-05,-0.03900241873429522,-0.09637391353717817,6.29924514736202e-06
sharp_edges_512x512,4,30.361354082247576,-23.111611838026477,-0.04257500000000114,0.00012124999999996167,-0.09182499999999827,0.043206749999999516,4.799955817622048e-05,0.0007503247488485632,0.00043114731384788496,0.012120564872942552,-0.06988827497844596,2.3659803084108422e-05
smooth_gradient_512x512,4,262.70866123842626,-70.55338592007314,0.0,0.0,0.0,0.0,0.0,0.0,0.0,0.0,0.0,0.0
