metric,mean,min,max
psnr_y_equal_bpp_delta,-0.5933668876080324,-1.0800771251895493,-0.29685164708924106
ssim_equal_bpp_delta,-0.002792121033856113,-0.0037055815157921814,-0.0018285204714732495
xpsnr_y_equal_bpp_delta,-0.5529016705542894,-1.0511757203728394,-0.2745811872530446
vmaf_equal_bpp_delta,-0.16028137721401378,-0.3666990805992896,-0.026902697051833496
msssim_luma_equal_bpp_delta,-3.708368368653403e-05,-4.526363243306797e-05,-3.1567755041650436e-05
fsim_luma_equal_bpp_delta,-0.0037633946376603626,-0.0050244944351345855,-0.002490213578152378
haarpsi_luma_equal_bpp_delta,-0.0033799850249489212,-0.004547649734024661,-0.0024688193917965138
psnr_hvs_m_luma_equal_bpp_delta,-0.5493039864005794,-1.0112713669986537,-0.2780681213363003
