image,sample_count,psnr_y_equal_bpp_delta,ssim_equal_bpp_delta,xpsnr_y_equal_bpp_delta,vmaf_equal_bpp_delta,msssim_luma_equal_bpp_delta,fsim_luma_equal_bpp_delta,haarpsi_luma_equal_bpp_delta,psnr_hvs_m_luma_equal_bpp_delta,psnr_rgb_equal_bpp_delta,msssim_rgb_equal_bpp_delta
baboon,3,-1.0800771251895493,-0.0037055815157921814,-1.0511757203728394,-0.026902697051833496,-0.00040617156065307175,-0.0036085956255616316,-0.004547649734024661,-1.0112713669986537,-0.9605834042765764,-0.00040616499166320114
barbara,3,-0.8200985978645718,-0.0018373782476687566,-0.7145485978113726,-0.09121148657067597,-0.0003313007214582238,-0.002490213578152378,-0.0024688193917965138,-0.7359872098140153,-0.7166043003706761,-0.00033127396386149294
goldhill,2,-0.4175373792829262,-0.0030467460204016694,-0.3911832195437164,-0.16688623191628693,-0.0005046995272124932,-0.0050244944351345855,-0.0036997661432665585,-0.400215056296755,-0.4044923310364972,-0.0005047672383590718
lenna,2,-0.3522696886138732,-0.0018285204714732495,-0.333019627790474,-0.3666990805992896,-0.0004935420217854203,-0.003883738561402672,-0.0025091021922114543,-0.32097817755717273,-0.33072857768983965,-0.0004935476074912071
peppers,2,-0.29685164708924106,-0.0035423789139447104,-0.2745811872530446,-0.14970738993198296,-0.0005029496253597388,-0.003809930988050547,-0.0036745876634454167,-0.2780681213363003,-0.2871751004425178,-0.0005029232970805153
