image,qp_points,bpp_delta_pct_mean,compression_ratio_delta_pct_mean,psnr_y_delta_mean,ssim_delta_mean,xpsnr_y_delta_mean,vmaf_delta_mean,msssim_luma_delta_mean,fsim_luma_delta_mean,haarpsi_luma_delta_mean,psnr_hvs_m_luma_delta_mean,psnr_rgb_delta_mean,msssim_rgb_delta_mean
baboon,4,0.7531606057245466,-0.7374885294093322,-0.9069000000000011,-0.004020000000000051,-0.8774500000000014,-0.10476724999999831,-0.000491883720287245,-0.004721874860452724,-0.006154379564272006,-0.8430826663344666,-0.8182170002746609,-0.0004918577652980594
barbara,4,-0.097935236885419,0.11441603330821215,-0.8369000000000018,-0.0027422500000000294,-0.7217499999999983,-0.18740925000000175,-0.0004906883708523935,-0.0046083774055735716,-0.004362789623388125,-0.7589396813322509,-0.7566452698808508,-0.0004906909968199202
goldhill,4,-0.5313427409368927,0.6485655122914562,-0.6319999999999997,-0.0033035000000000425,-0.6028749999999992,-0.23350774999999757,-0.0005829059885752441,-0.005044580463735515,-0.0036340520534166587,-0.6032231941490158,-0.5689124821119265,-0.0005829688360335095
lenna,4,2.0245561695633585,-1.52887709046454,-0.4295749999999998,-0.0016427499999999984,-0.42015000000000136,-0.02419150000000414,-0.00023596312723228596,-0.0029149471168154473,-0.001960845982394571,-0.39782669086255673,-0.37729363109361636,-0.00023596917281026863
peppers,4,1.0024656780836096,0.10709319311647691,-0.651099999999996,-0.00400074999999997,-0.6239250000000016,-0.2067487499999956,-0.00040848835781381876,-0.003587029672095371,-0.0030578322231092914,-0.6135110282854868,-0.5615120477427009,-0.000408455722423956
