QP,Bitstream (bytes),Compression Ratio,bpp,Bitrate (kbps),PSNR-Y,PSNR-U,PSNR-V,SSIM,XPSNR-Y,VMAF,MSSSIM-Luma,FSIM-Luma,HaarPSI-Luma,PSNR-HVS-M,PSNR-RGB,MSSSIM-RGB
22,27953.5,256.5639025746677,0.8530731201171875,223.62800000000001,54.53725,inf,inf,0.99750175,56.581450000000004,95.5175055,0.9998476294943373,0.9980090867976177,0.9987559116670404,48.5323524781248,46.96882920316115,0.9998168698808522
27,20305.0,393.723449977281,0.619659423828125,162.44,51.0421,inf,inf,0.9951840000000001,53.718500000000006,94.74012574999999,0.9995559333514124,0.9955031067963626,0.9964774203769075,46.3704448705366,44.92644891558731,0.9995037581429864
32,13142.75,494.9707850012991,0.40108489990234375,105.14200000000001,47.0156,inf,59.590225,0.988443,50.403949999999995,93.18626775,0.9985950073833708,0.9871003620120261,0.9892102758521424,43.35129411296449,42.2697447971168,0.9984922296962448
37,1710.0,695.4991590256009,0.05218505859375,13.68,42.806,51.156675,50.5714,0.9457342499999999,46.416500000000006,89.88276825,0.9931612597630587,0.930165355406202,0.9441199844300326,39.59437822070842,38.618235163144526,0.9929313541801742
