qp,bpp,psnr_rgb,msssim_rgb
22,1.5537261962890627,38.670641594843836,0.9922679465450063
27,0.9761420355902776,36.74469435517493,0.987605947754045
32,0.5725580851236978,34.23915784630148,0.978347866565772
37,0.2988382975260417,31.434337043627973,0.9596031059927492
