qp,bpp,psnr_rgb
22,1.5537261962890627,38.670641594843836
27,0.9761420355902776,36.74469435517493
32,0.5725580851236978,34.23915784630148
37,0.2988382975260417,31.434337043627973
