image,mode,width,height,cu_count,min_area,max_area,avg_area,dominant_sizes
fine_texture_512x512,baseline,512,512,528,64,1024,496.4848484848485,32x32:149; 16x16:141; 16x8:66; 32x16:59; 16x32:44; 8x16:30
fine_texture_512x512,csf,512,512,9341,16,128,28.063804731827428,4x4:3592; 8x4:2735; 4x8:2411; 8x8:338; 4x16:130; 16x4:113
mixed_content_512x512,baseline,512,512,891,16,4096,294.2132435465769,16x16:398; 16x8:78; 16x4:64; 8x16:62; 4x16:61; 4x8:48
mixed_content_512x512,csf,512,512,873,16,4096,300.2794959908362,16x16:421; 16x8:69; 16x4:66; 4x16:57; 8x16:56; 4x4:42
sharp_edges_512x512,baseline,512,512,850,16,1024,308.4047058823529,32x32:133; 4x32:90; 16x32:79; 16x16:72; 4x8:66; 8x32:63
sharp_edges_512x512,csf,512,512,876,16,1024,299.2511415525114,32x32:132; 4x32:96; 4x8:79; 8x32:79; 16x32:74; 16x16:73
smooth_gradient_512x512,baseline,512,512,67,1024,4096,3912.597014925373,64x64:63; 32x32:4
smooth_gradient_512x512,csf,512,512,67,1024,4096,3912.597014925373,64x64:63; 32x32:4
