dataset,source,stimulus,distortion,level,seed,actual_luma_rms,qp,cu_count,coded_width,coded_height,coded_area,image_sha256,conversion,encoder_sha256,decoder_sha256,encoder_config_sha256,reconstruction_verified,cu_coverage_verified,sobel_si,luma_sd,edge_fraction,glcm_contrast,glcm_entropy,glcm_homogeneity
div2k_validation,0801.png,0801_94c73baf65fc__awgn_30_seed-20260811,awgn,30,20260811,28.501873244801434,22,3963,768,512,393216,7308e26e821c20c5d4b5b63c20738dcf99d05142675eeacedcc40a87cff2bb9b,opencv_444,f6673e301575d77826e2e2a0bfc4fc8a81f76c42e16d7de3c38d58c4390d5b21,073abd496b427fca6c11302768c3f76f99365467e84cfc3debe05867c976acfe,0ec6dd9876c269c0832e0a64ab20c015c6c839d266e108c88b30aa28c77391f9,True,True,76.40962488375607,71.47355504975151,0.8546024676189014,1.6665195233797674,3.580702943530522,0.5904459007828918
div2k_validation,0801.png,0801_94c73baf65fc__awgn_30_seed-20260811,awgn,30,20260811,28.501873244801434,27,3919,768,512,393216,7308e26e821c20c5d4b5b63c20738dcf99d05142675eeacedcc40a87cff2bb9b,opencv_444,f6673e301575d77826e2e2a0bfc4fc8a81f76c42e16d7de3c38d58c4390d5b21,073abd496b427fca6c11302768c3f76f99365467e84cfc3debe05867c976acfe,0ec6dd9876c269c0832e0a64ab20c015c6c839d266e108c88b30aa28c77391f9,True,True,76.40962488375607,71.47355504975151,0.8546024676189014,1.6665195233797674,3.580702943530522,0.5904459007828918
div2k_validation,0801.png,0801_94c73baf65fc__awgn_30_seed-20260811,awgn,30,20260811,28.501873244801434,32,3026,768,512,393216,7308e26e821c20c5d4b5b63c20738dcf99d05142675eeacedcc40a87cff2bb9b,opencv_444,f6673e301575d77826e2e2a0bfc4fc8a81f76c42e16d7de3c38d58c4390d5b21,073abd496b427fca6c11302768c3f76f99365467e84cfc3debe05867c976acfe,0ec6dd9876c269c0832e0a64ab20c015c6c839d266e108c88b30aa28c77391f9,True,True,76.40962488375607,71.47355504975151,0.8546024676189014,1.6665195233797674,3.580702943530522,0.5904459007828918
div2k_validation,0801.png,0801_94c73baf65fc__awgn_30_seed-20260811,awgn,30,20260811,28.501873244801434,37,3177,768,512,393216,7308e26e821c20c5d4b5b63c20738dcf99d05142675eeacedcc40a87cff2bb9b,opencv_444,f6673e301575d77826e2e2a0bfc4fc8a81f76c42e16d7de3c38d58c4390d5b21,073abd496b427fca6c11302768c3f76f99365467e84cfc3debe05867c976acfe,0ec6dd9876c269c0832e0a64ab20c015c6c839d266e108c88b30aa28c77391f9,True,True,76.40962488375607,71.47355504975151,0.8546024676189014,1.6665195233797674,3.580702943530522,0.5904459007828918
div2k_validation,0801.png,0801_94c73baf65fc__awgn_30_seed-20260812,awgn,30,20260812,28.58226356691723,22,4217,768,512,393216,0f52cc21b085fb2f25aa64f1a1a51dd63b5e74a74b637abc5798151c7f708aa6,opencv_444,f6673e301575d77826e2e2a0bfc4fc8a81f76c42e16d7de3c38d58c4390d5b21,073abd496b427fca6c11302768c3f76f99365467e84cfc3debe05867c976acfe,0ec6dd9876c269c0832e0a64ab20c015c6c839d266e108c88b30aa28c77391f9,True,True,76.7038189821274,71.58717363537254,0.8561613679414325,1.6723449386908535,3.5820277469611477,0.5900325756162785
div2k_validation,0801.png,0801_94c73baf65fc__awgn_30_seed-20260812,awgn,30,20260812,28.58226356691723,27,3792,768,512,393216,0f52cc21b085fb2f25aa64f1a1a51dd63b5e74a74b637abc5798151c7f708aa6,opencv_444,f6673e301575d77826e2e2a0bfc4fc8a81f76c42e16d7de3c38d58c4390d5b21,073abd496b427fca6c11302768c3f76f99365467e84cfc3debe05867c976acfe,0ec6dd9876c269c0832e0a64ab20c015c6c839d266e108c88b30aa28c77391f9,True,True,76.7038189821274,71.58717363537254,0.8561613679414325,1.6723449386908535,3.5820277469611477,0.5900325756162785
div2k_validation,0801.png,0801_94c73baf65fc__awgn_30_seed-20260812,awgn,30,20260812,28.58226356691723,32,3183,768,512,393216,0f52cc21b085fb2f25aa64f1a1a51dd63b5e74a74b637abc5798151c7f708aa6,opencv_444,f6673e301575d77826e2e2a0bfc4fc8a81f76c42e16d7de3c38d58c4390d5b21,073abd496b427fca6c11302768c3f76f99365467e84cfc3debe05867c976acfe,0ec6dd9876c269c0832e0a64ab20c015c6c839d266e108c88b30aa28c77391f9,True,True,76.7038189821274,71.58717363537254,0.8561613679414325,1.6723449386908535,3.5820277469611477,0.5900325756162785
div2k_validation,0801.png,0801_94c73baf65fc__awgn_30_seed-20260812,awgn,30,20260812,28.58226356691723,37,3315,768,512,393216,0f52cc21b085fb2f25aa64f1a1a51dd63b5e74a74b637abc5798151c7f708aa6,opencv_444,f6673e301575d77826e2e2a0bfc4fc8a81f76c42e16d7de3c38d58c4390d5b21,073abd496b427fca6c11302768c3f76f99365467e84cfc3debe05867c976acfe,0ec6dd9876c269c0832e0a64ab20c015c6c839d266e108c88b30aa28c77391f9,True,True,76.7038189821274,71.58717363537254,0.8561613679414325,1.6723449386908535,3.5820277469611477,0.5900325756162785
div2k_validation,0801.png,0801_94c73baf65fc__awgn_30_seed-20260813,awgn,30,20260813,28.505641133578468,22,4059,768,512,393216,34799a49cc9845b4ea7533330b27c56966965b7cbbe0567b9cb53d7c4f3abad0,opencv_444,f6673e301575d77826e2e2a0bfc4fc8a81f76c42e16d7de3c38d58c4390d5b21,073abd496b427fca6c11302768c3f76f99365467e84cfc3debe05867c976acfe,0ec6dd9876c269c0832e0a64ab20c015c6c839d266e108c88b30aa28c77391f9,True,True,76.50893408964822,71.46123588885197,0.8553627195003328,1.6705862406650867,3.581573228059734,0.5898424349207243
div2k_validation,0801.png,0801_94c73baf65fc__awgn_30_seed-20260813,awgn,30,20260813,28.505641133578468,27,4028,768,512,393216,34799a49cc9845b4ea7533330b27c56966965b7cbbe0567b9cb53d7c4f3abad0,opencv_444,f6673e301575d77826e2e2a0bfc4fc8a81f76c42e16d7de3c38d58c4390d5b21,073abd496b427fca6c11302768c3f76f99365467e84cfc3debe05867c976acfe,0ec6dd9876c269c0832e0a64ab20c015c6c839d266e108c88b30aa28c77391f9,True,True,76.50893408964822,71.46123588885197,0.8553627195003328,1.6705862406650867,3.581573228059734,0.5898424349207243
div2k_validation,0801.png,0801_94c73baf65fc__awgn_30_seed-20260813,awgn,30,20260813,28.505641133578468,32,3101,768,512,393216,34799a49cc9845b4ea7533330b27c56966965b7cbbe0567b9cb53d7c4f3abad0,opencv_444,f6673e301575d77826e2e2a0bfc4fc8a81f76c42e16d7de3c38d58c4390d5b21,073abd496b427fca6c11302768c3f76f99365467e84cfc3debe05867c976acfe,0ec6dd9876c269c0832e0a64ab20c015c6c839d266e108c88b30aa28c77391f9,True,True,76.50893408964822,71.46123588885197,0.8553627195003328,1.6705862406650867,3.581573228059734,0.5898424349207243
div2k_validation,0801.png,0801_94c73baf65fc__awgn_30_seed-20260813,awgn,30,20260813,28.505641133578468,37,3220,768,512,393216,34799a49cc9845b4ea7533330b27c56966965b7cbbe0567b9cb53d7c4f3abad0,opencv_444,f6673e301575d77826e2e2a0bfc4fc8a81f76c42e16d7de3c38d58c4390d5b21,073abd496b427fca6c11302768c3f76f99365467e84cfc3debe05867c976acfe,0ec6dd9876c269c0832e0a64ab20c015c6c839d266e108c88b30aa28c77391f9,True,True,76.50893408964822,71.46123588885197,0.8553627195003328,1.6705862406650867,3.581573228059734,0.5898424349207243
div2k_validation,0801.png,0801_94c73baf65fc__clean_0,clean,0,,0.0,22,2327,768,512,393216,94c73baf65fcbe611b84d239cc9c8f1ad3c37b2f79cf39cd133adfbbf3e0b237,opencv_444,f6673e301575d77826e2e2a0bfc4fc8a81f76c42e16d7de3c38d58c4390d5b21,073abd496b427fca6c11302768c3f76f99365467e84cfc3debe05867c976acfe,0ec6dd9876c269c0832e0a64ab20c015c6c839d266e108c88b30aa28c77391f9,True,True,53.63888293966631,67.15838406862792,0.20473045615112886,0.17533301757055875,2.519396842586233,0.9216967511440682
div2k_validation,0801.png,0801_94c73baf65fc__clean_0,clean,0,,0.0,27,1896,768,512,393216,94c73baf65fcbe611b84d239cc9c8f1ad3c37b2f79cf39cd133adfbbf3e0b237,opencv_444,f6673e301575d77826e2e2a0bfc4fc8a81f76c42e16d7de3c38d58c4390d5b21,073abd496b427fca6c11302768c3f76f99365467e84cfc3debe05867c976acfe,0ec6dd9876c269c0832e0a64ab20c015c6c839d266e108c88b30aa28c77391f9,True,True,53.63888293966631,67.15838406862792,0.20473045615112886,0.17533301757055875,2.519396842586233,0.9216967511440682
div2k_validation,0801.png,0801_94c73baf65fc__clean_0,clean,0,,0.0,32,1470,768,512,393216,94c73baf65fcbe611b84d239cc9c8f1ad3c37b2f79cf39cd133adfbbf3e0b237,opencv_444,f6673e301575d77826e2e2a0bfc4fc8a81f76c42e16d7de3c38d58c4390d5b21,073abd496b427fca6c11302768c3f76f99365467e84cfc3debe05867c976acfe,0ec6dd9876c269c0832e0a64ab20c015c6c839d266e108c88b30aa28c77391f9,True,True,53.63888293966631,67.15838406862792,0.20473045615112886,0.17533301757055875,2.519396842586233,0.9216967511440682
div2k_validation,0801.png,0801_94c73baf65fc__clean_0,clean,0,,0.0,37,1066,768,512,393216,94c73baf65fcbe611b84d239cc9c8f1ad3c37b2f79cf39cd133adfbbf3e0b237,opencv_444,f6673e301575d77826e2e2a0bfc4fc8a81f76c42e16d7de3c38d58c4390d5b21,073abd496b427fca6c11302768c3f76f99365467e84cfc3debe05867c976acfe,0ec6dd9876c269c0832e0a64ab20c015c6c839d266e108c88b30aa28c77391f9,True,True,53.63888293966631,67.15838406862792,0.20473045615112886,0.17533301757055875,2.519396842586233,0.9216967511440682
div2k_validation,0802.png,0802_f1e7268d4de3__awgn_30_seed-20260811,awgn,30,20260811,27.74934033592107,22,4283,768,512,393216,ce27467c0ba06bc659fb01d858c554f4ea85d2a1c82a14c2914b3e3446eeedf1,opencv_444,f6673e301575d77826e2e2a0bfc4fc8a81f76c42e16d7de3c38d58c4390d5b21,073abd496b427fca6c11302768c3f76f99365467e84cfc3debe05867c976acfe,0ec6dd9876c269c0832e0a64ab20c015c6c839d266e108c88b30aa28c77391f9,True,True,71.10560551623723,61.87671434096515,0.8423949214150412,1.6338054453911224,3.5023805118995117,0.5948955192882359
div2k_validation,0802.png,0802_f1e7268d4de3__awgn_30_seed-20260811,awgn,30,20260811,27.74934033592107,27,4081,768,512,393216,ce27467c0ba06bc659fb01d858c554f4ea85d2a1c82a14c2914b3e3446eeedf1,opencv_444,f6673e301575d77826e2e2a0bfc4fc8a81f76c42e16d7de3c38d58c4390d5b21,073abd496b427fca6c11302768c3f76f99365467e84cfc3debe05867c976acfe,0ec6dd9876c269c0832e0a64ab20c015c6c839d266e108c88b30aa28c77391f9,True,True,71.10560551623723,61.87671434096515,0.8423949214150412,1.6338054453911224,3.5023805118995117,0.5948955192882359
div2k_validation,0802.png,0802_f1e7268d4de3__awgn_30_seed-20260811,awgn,30,20260811,27.74934033592107,32,3204,768,512,393216,ce27467c0ba06bc659fb01d858c554f4ea85d2a1c82a14c2914b3e3446eeedf1,opencv_444,f6673e301575d77826e2e2a0bfc4fc8a81f76c42e16d7de3c38d58c4390d5b21,073abd496b427fca6c11302768c3f76f99365467e84cfc3debe05867c976acfe,0ec6dd9876c269c0832e0a64ab20c015c6c839d266e108c88b30aa28c77391f9,True,True,71.10560551623723,61.87671434096515,0.8423949214150412,1.6338054453911224,3.5023805118995117,0.5948955192882359
div2k_validation,0802.png,0802_f1e7268d4de3__awgn_30_seed-20260811,awgn,30,20260811,27.74934033592107,37,3034,768,512,393216,ce27467c0ba06bc659fb01d858c554f4ea85d2a1c82a14c2914b3e3446eeedf1,opencv_444,f6673e301575d77826e2e2a0bfc4fc8a81f76c42e16d7de3c38d58c4390d5b21,073abd496b427fca6c11302768c3f76f99365467e84cfc3debe05867c976acfe,0ec6dd9876c269c0832e0a64ab20c015c6c839d266e108c88b30aa28c77391f9,True,True,71.10560551623723,61.87671434096515,0.8423949214150412,1.6338054453911224,3.5023805118995117,0.5948955192882359
div2k_validation,0802.png,0802_f1e7268d4de3__awgn_30_seed-20260812,awgn,30,20260812,27.752770454562654,22,4311,768,512,393216,c0fe051e4f9f372937d183e28b68990083ee7faafd084efea6237a17307828f2,opencv_444,f6673e301575d77826e2e2a0bfc4fc8a81f76c42e16d7de3c38d58c4390d5b21,073abd496b427fca6c11302768c3f76f99365467e84cfc3debe05867c976acfe,0ec6dd9876c269c0832e0a64ab20c015c6c839d266e108c88b30aa28c77391f9,True,True,71.2721415598555,61.86159077105956,0.8423258076076383,1.6343870104103941,3.5014097165715556,0.5950130528405168
div2k_validation,0802.png,0802_f1e7268d4de3__awgn_30_seed-20260812,awgn,30,20260812,27.752770454562654,27,3965,768,512,393216,c0fe051e4f9f372937d183e28b68990083ee7faafd084efea6237a17307828f2,opencv_444,f6673e301575d77826e2e2a0bfc4fc8a81f76c42e16d7de3c38d58c4390d5b21,073abd496b427fca6c11302768c3f76f99365467e84cfc3debe05867c976acfe,0ec6dd9876c269c0832e0a64ab20c015c6c839d266e108c88b30aa28c77391f9,True,True,71.2721415598555,61.86159077105956,0.8423258076076383,1.6343870104103941,3.5014097165715556,0.5950130528405168
div2k_validation,0802.png,0802_f1e7268d4de3__awgn_30_seed-20260812,awgn,30,20260812,27.752770454562654,32,3161,768,512,393216,c0fe051e4f9f372937d183e28b68990083ee7faafd084efea6237a17307828f2,opencv_444,f6673e301575d77826e2e2a0bfc4fc8a81f76c42e16d7de3c38d58c4390d5b21,073abd496b427fca6c11302768c3f76f99365467e84cfc3debe05867c976acfe,0ec6dd9876c269c0832e0a64ab20c015c6c839d266e108c88b30aa28c77391f9,True,True,71.2721415598555,61.86159077105956,0.8423258076076383,1.6343870104103941,3.5014097165715556,0.5950130528405168
div2k_validation,0802.png,0802_f1e7268d4de3__awgn_30_seed-20260812,awgn,30,20260812,27.752770454562654,37,3060,768,512,393216,c0fe051e4f9f372937d183e28b68990083ee7faafd084efea6237a17307828f2,opencv_444,f6673e301575d77826e2e2a0bfc4fc8a81f76c42e16d7de3c38d58c4390d5b21,073abd496b427fca6c11302768c3f76f99365467e84cfc3debe05867c976acfe,0ec6dd9876c269c0832e0a64ab20c015c6c839d266e108c88b30aa28c77391f9,True,True,71.2721415598555,61.86159077105956,0.8423258076076383,1.6343870104103941,3.5014097165715556,0.5950130528405168
div2k_validation,0802.png,0802_f1e7268d4de3__awgn_30_seed-20260813,awgn,30,20260813,27.754452826397216,22,4243,768,512,393216,0129a5d7660eeadf8b05b73a1d80f2d058400095a9f2c40901a554ad25a8be2c,opencv_444,f6673e301575d77826e2e2a0bfc4fc8a81f76c42e16d7de3c38d58c4390d5b21,073abd496b427fca6c11302768c3f76f99365467e84cfc3debe05867c976acfe,0ec6dd9876c269c0832e0a64ab20c015c6c839d266e108c88b30aa28c77391f9,True,True,70.95937198453272,61.81916480154137,0.8415194798546051,1.6308092932107074,3.500670325468775,0.5954209131090737
div2k_validation,0802.png,0802_f1e7268d4de3__awgn_30_seed-20260813,awgn,30,20260813,27.754452826397216,27,3976,768,512,393216,0129a5d7660eeadf8b05b73a1d80f2d058400095a9f2c40901a554ad25a8be2c,opencv_444,f6673e301575d77826e2e2a0bfc4fc8a81f76c42e16d7de3c38d58c4390d5b21,073abd496b427fca6c11302768c3f76f99365467e84cfc3debe05867c976acfe,0ec6dd9876c269c0832e0a64ab20c015c6c839d266e108c88b30aa28c77391f9,True,True,70.95937198453272,61.81916480154137,0.8415194798546051,1.6308092932107074,3.500670325468775,0.5954209131090737
div2k_validation,0802.png,0802_f1e7268d4de3__awgn_30_seed-20260813,awgn,30,20260813,27.754452826397216,32,3126,768,512,393216,0129a5d7660eeadf8b05b73a1d80f2d058400095a9f2c40901a554ad25a8be2c,opencv_444,f6673e301575d77826e2e2a0bfc4fc8a81f76c42e16d7de3c38d58c4390d5b21,073abd496b427fca6c11302768c3f76f99365467e84cfc3debe05867c976acfe,0ec6dd9876c269c0832e0a64ab20c015c6c839d266e108c88b30aa28c77391f9,True,True,70.95937198453272,61.81916480154137,0.8415194798546051,1.6308092932107074,3.500670325468775,0.5954209131090737
div2k_validation,0802.png,0802_f1e7268d4de3__awgn_30_seed-20260813,awgn,30,20260813,27.754452826397216,37,3109,768,512,393216,0129a5d7660eeadf8b05b73a1d80f2d058400095a9f2c40901a554ad25a8be2c,opencv_444,f6673e301575d77826e2e2a0bfc4fc8a81f76c42e16d7de3c38d58c4390d5b21,073abd496b427fca6c11302768c3f76f99365467e84cfc3debe05867c976acfe,0ec6dd9876c269c0832e0a64ab20c015c6c839d266e108c88b30aa28c77391f9,True,True,70.95937198453272,61.81916480154137,0.8415194798546051,1.6308092932107074,3.500670325468775,0.5954209131090737
div2k_validation,0802.png,0802_f1e7268d4de3__clean_0,clean,0,,0.0,22,4405,768,512,393216,f1e7268d4de3eeeada79ea3718d593d60b474cd54280be7732f2badd1920f85c,opencv_444,f6673e301575d77826e2e2a0bfc4fc8a81f76c42e16d7de3c38d58c4390d5b21,073abd496b427fca6c11302768c3f76f99365467e84cfc3debe05867c976acfe,0ec6dd9876c269c0832e0a64ab20c015c6c839d266e108c88b30aa28c77391f9,True,True,43.16098211014557,57.2747501843428,0.18815338145702146,0.16079848125836127,2.414289522293782,0.9251321223293419
div2k_validation,0802.png,0802_f1e7268d4de3__clean_0,clean,0,,0.0,27,2914,768,512,393216,f1e7268d4de3eeeada79ea3718d593d60b474cd54280be7732f2badd1920f85c,opencv_444,f6673e301575d77826e2e2a0bfc4fc8a81f76c42e16d7de3c38d58c4390d5b21,073abd496b427fca6c11302768c3f76f99365467e84cfc3debe05867c976acfe,0ec6dd9876c269c0832e0a64ab20c015c6c839d266e108c88b30aa28c77391f9,True,True,43.16098211014557,57.2747501843428,0.18815338145702146,0.16079848125836127,2.414289522293782,0.9251321223293419
div2k_validation,0802.png,0802_f1e7268d4de3__clean_0,clean,0,,0.0,32,1969,768,512,393216,f1e7268d4de3eeeada79ea3718d593d60b474cd54280be7732f2badd1920f85c,opencv_444,f6673e301575d77826e2e2a0bfc4fc8a81f76c42e16d7de3c38d58c4390d5b21,073abd496b427fca6c11302768c3f76f99365467e84cfc3debe05867c976acfe,0ec6dd9876c269c0832e0a64ab20c015c6c839d266e108c88b30aa28c77391f9,True,True,43.16098211014557,57.2747501843428,0.18815338145702146,0.16079848125836127,2.414289522293782,0.9251321223293419
div2k_validation,0802.png,0802_f1e7268d4de3__clean_0,clean,0,,0.0,37,1302,768,512,393216,f1e7268d4de3eeeada79ea3718d593d60b474cd54280be7732f2badd1920f85c,opencv_444,f6673e301575d77826e2e2a0bfc4fc8a81f76c42e16d7de3c38d58c4390d5b21,073abd496b427fca6c11302768c3f76f99365467e84cfc3debe05867c976acfe,0ec6dd9876c269c0832e0a64ab20c015c6c839d266e108c88b30aa28c77391f9,True,True,43.16098211014557,57.2747501843428,0.18815338145702146,0.16079848125836127,2.414289522293782,0.9251321223293419
div2k_validation,0803.png,0803_5b5318eeb6b7__awgn_30_seed-20260811,awgn,30,20260811,28.39009797204198,22,4086,768,512,393216,7770f6178c2317b7c1c843c4c5df7ecae740ec2c628512171701400b36720fa2,opencv_444,f6673e301575d77826e2e2a0bfc4fc8a81f76c42e16d7de3c38d58c4390d5b21,073abd496b427fca6c11302768c3f76f99365467e84cfc3debe05867c976acfe,0ec6dd9876c269c0832e0a64ab20c015c6c839d266e108c88b30aa28c77391f9,True,True,78.41524120126323,57.34292942970372,0.8561229713817642,1.7739165028302806,3.535939840785061,0.5737336993083113
div2k_validation,0803.png,0803_5b5318eeb6b7__awgn_30_seed-20260811,awgn,30,20260811,28.39009797204198,27,3945,768,512,393216,7770f6178c2317b7c1c843c4c5df7ecae740ec2c628512171701400b36720fa2,opencv_444,f6673e301575d77826e2e2a0bfc4fc8a81f76c42e16d7de3c38d58c4390d5b21,073abd496b427fca6c11302768c3f76f99365467e84cfc3debe05867c976acfe,0ec6dd9876c269c0832e0a64ab20c015c6c839d266e108c88b30aa28c77391f9,True,True,78.41524120126323,57.34292942970372,0.8561229713817642,1.7739165028302806,3.535939840785061,0.5737336993083113
div2k_validation,0803.png,0803_5b5318eeb6b7__awgn_30_seed-20260811,awgn,30,20260811,28.39009797204198,32,3026,768,512,393216,7770f6178c2317b7c1c843c4c5df7ecae740ec2c628512171701400b36720fa2,opencv_444,f6673e301575d77826e2e2a0bfc4fc8a81f76c42e16d7de3c38d58c4390d5b21,073abd496b427fca6c11302768c3f76f99365467e84cfc3debe05867c976acfe,0ec6dd9876c269c0832e0a64ab20c015c6c839d266e108c88b30aa28c77391f9,True,True,78.41524120126323,57.34292942970372,0.8561229713817642,1.7739165028302806,3.535939840785061,0.5737336993083113
div2k_validation,0803.png,0803_5b5318eeb6b7__awgn_30_seed-20260811,awgn,30,20260811,28.39009797204198,37,3151,768,512,393216,7770f6178c2317b7c1c843c4c5df7ecae740ec2c628512171701400b36720fa2,opencv_444,f6673e301575d77826e2e2a0bfc4fc8a81f76c42e16d7de3c38d58c4390d5b21,073abd496b427fca6c11302768c3f76f99365467e84cfc3debe05867c976acfe,0ec6dd9876c269c0832e0a64ab20c015c6c839d266e108c88b30aa28c77391f9,True,True,78.41524120126323,57.34292942970372,0.8561229713817642,1.7739165028302806,3.535939840785061,0.5737336993083113
div2k_validation,0803.png,0803_5b5318eeb6b7__awgn_30_seed-20260812,awgn,30,20260812,28.369686979284275,22,4046,768,512,393216,cdbd34ed101b7f945b2819021599d0440744a60842c35e91a7e0f6bb08bf1f34,opencv_444,f6673e301575d77826e2e2a0bfc4fc8a81f76c42e16d7de3c38d58c4390d5b21,073abd496b427fca6c11302768c3f76f99365467e84cfc3debe05867c976acfe,0ec6dd9876c269c0832e0a64ab20c015c6c839d266e108c88b30aa28c77391f9,True,True,78.69634230553051,57.360021356037535,0.8559412276660011,1.772788340345515,3.53600782553681,0.574047140727096
div2k_validation,0803.png,0803_5b5318eeb6b7__awgn_30_seed-20260812,awgn,30,20260812,28.369686979284275,27,4024,768,512,393216,cdbd34ed101b7f945b2819021599d0440744a60842c35e91a7e0f6bb08bf1f34,opencv_444,f6673e301575d77826e2e2a0bfc4fc8a81f76c42e16d7de3c38d58c4390d5b21,073abd496b427fca6c11302768c3f76f99365467e84cfc3debe05867c976acfe,0ec6dd9876c269c0832e0a64ab20c015c6c839d266e108c88b30aa28c77391f9,True,True,78.69634230553051,57.360021356037535,0.8559412276660011,1.772788340345515,3.53600782553681,0.574047140727096
div2k_validation,0803.png,0803_5b5318eeb6b7__awgn_30_seed-20260812,awgn,30,20260812,28.369686979284275,32,2985,768,512,393216,cdbd34ed101b7f945b2819021599d0440744a60842c35e91a7e0f6bb08bf1f34,opencv_444,f6673e301575d77826e2e2a0bfc4fc8a81f76c42e16d7de3c38d58c4390d5b21,073abd496b427fca6c11302768c3f76f99365467e84cfc3debe05867c976acfe,0ec6dd9876c269c0832e0a64ab20c015c6c839d266e108c88b30aa28c77391f9,True,True,78.69634230553051,57.360021356037535,0.8559412276660011,1.772788340345515,3.53600782553681,0.574047140727096
div2k_validation,0803.png,0803_5b5318eeb6b7__awgn_30_seed-20260812,awgn,30,20260812,28.369686979284275,37,3082,768,512,393216,cdbd34ed101b7f945b2819021599d0440744a60842c35e91a7e0f6bb08bf1f34,opencv_444,f6673e301575d77826e2e2a0bfc4fc8a81f76c42e16d7de3c38d58c4390d5b21,073abd496b427fca6c11302768c3f76f99365467e84cfc3debe05867c976acfe,0ec6dd9876c269c0832e0a64ab20c015c6c839d266e108c88b30aa28c77391f9,True,True,78.69634230553051,57.360021356037535,0.8559412276660011,1.772788340345515,3.53600782553681,0.574047140727096
div2k_validation,0803.png,0803_5b5318eeb6b7__awgn_30_seed-20260813,awgn,30,20260813,28.33777694263933,22,4097,768,512,393216,29ab91525abf0d8cff1dc169c97fd5b05cc59abf3f8e88776bb5229382f825d4,opencv_444,f6673e301575d77826e2e2a0bfc4fc8a81f76c42e16d7de3c38d58c4390d5b21,073abd496b427fca6c11302768c3f76f99365467e84cfc3debe05867c976acfe,0ec6dd9876c269c0832e0a64ab20c015c6c839d266e108c88b30aa28c77391f9,True,True,78.3896965075188,57.316351630686974,0.8552884861516408,1.7650707224962705,3.5329023042814662,0.5749229041550741
div2k_validation,0803.png,0803_5b5318eeb6b7__awgn_30_seed-20260813,awgn,30,20260813,28.33777694263933,27,3806,768,512,393216,29ab91525abf0d8cff1dc169c97fd5b05cc59abf3f8e88776bb5229382f825d4,opencv_444,f6673e301575d77826e2e2a0bfc4fc8a81f76c42e16d7de3c38d58c4390d5b21,073abd496b427fca6c11302768c3f76f99365467e84cfc3debe05867c976acfe,0ec6dd9876c269c0832e0a64ab20c015c6c839d266e108c88b30aa28c77391f9,True,True,78.3896965075188,57.316351630686974,0.8552884861516408,1.7650707224962705,3.5329023042814662,0.5749229041550741
div2k_validation,0803.png,0803_5b5318eeb6b7__awgn_30_seed-20260813,awgn,30,20260813,28.33777694263933,32,2981,768,512,393216,29ab91525abf0d8cff1dc169c97fd5b05cc59abf3f8e88776bb5229382f825d4,opencv_444,f6673e301575d77826e2e2a0bfc4fc8a81f76c42e16d7de3c38d58c4390d5b21,073abd496b427fca6c11302768c3f76f99365467e84cfc3debe05867c976acfe,0ec6dd9876c269c0832e0a64ab20c015c6c839d266e108c88b30aa28c77391f9,True,True,78.3896965075188,57.316351630686974,0.8552884861516408,1.7650707224962705,3.5329023042814662,0.5749229041550741
div2k_validation,0803.png,0803_5b5318eeb6b7__awgn_30_seed-20260813,awgn,30,20260813,28.33777694263933,37,3350,768,512,393216,29ab91525abf0d8cff1dc169c97fd5b05cc59abf3f8e88776bb5229382f825d4,opencv_444,f6673e301575d77826e2e2a0bfc4fc8a81f76c42e16d7de3c38d58c4390d5b21,073abd496b427fca6c11302768c3f76f99365467e84cfc3debe05867c976acfe,0ec6dd9876c269c0832e0a64ab20c015c6c839d266e108c88b30aa28c77391f9,True,True,78.3896965075188,57.316351630686974,0.8552884861516408,1.7650707224962705,3.5329023042814662,0.5749229041550741
div2k_validation,0803.png,0803_5b5318eeb6b7__clean_0,clean,0,,0.0,22,4843,768,512,393216,5b5318eeb6b7db9790b9df892da3e00c5fd8f71b77253a49ea3e215a0329d2d0,opencv_444,f6673e301575d77826e2e2a0bfc4fc8a81f76c42e16d7de3c38d58c4390d5b21,073abd496b427fca6c11302768c3f76f99365467e84cfc3debe05867c976acfe,0ec6dd9876c269c0832e0a64ab20c015c6c839d266e108c88b30aa28c77391f9,True,True,61.5840732703981,51.27072381800005,0.1716351814877387,0.16490511530778013,2.334366031146737,0.9328668957521993
div2k_validation,0803.png,0803_5b5318eeb6b7__clean_0,clean,0,,0.0,27,3528,768,512,393216,5b5318eeb6b7db9790b9df892da3e00c5fd8f71b77253a49ea3e215a0329d2d0,opencv_444,f6673e301575d77826e2e2a0bfc4fc8a81f76c42e16d7de3c38d58c4390d5b21,073abd496b427fca6c11302768c3f76f99365467e84cfc3debe05867c976acfe,0ec6dd9876c269c0832e0a64ab20c015c6c839d266e108c88b30aa28c77391f9,True,True,61.5840732703981,51.27072381800005,0.1716351814877387,0.16490511530778013,2.334366031146737,0.9328668957521993
div2k_validation,0803.png,0803_5b5318eeb6b7__clean_0,clean,0,,0.0,32,2729,768,512,393216,5b5318eeb6b7db9790b9df892da3e00c5fd8f71b77253a49ea3e215a0329d2d0,opencv_444,f6673e301575d77826e2e2a0bfc4fc8a81f76c42e16d7de3c38d58c4390d5b21,073abd496b427fca6c11302768c3f76f99365467e84cfc3debe05867c976acfe,0ec6dd9876c269c0832e0a64ab20c015c6c839d266e108c88b30aa28c77391f9,True,True,61.5840732703981,51.27072381800005,0.1716351814877387,0.16490511530778013,2.334366031146737,0.9328668957521993
div2k_validation,0803.png,0803_5b5318eeb6b7__clean_0,clean,0,,0.0,37,1857,768,512,393216,5b5318eeb6b7db9790b9df892da3e00c5fd8f71b77253a49ea3e215a0329d2d0,opencv_444,f6673e301575d77826e2e2a0bfc4fc8a81f76c42e16d7de3c38d58c4390d5b21,073abd496b427fca6c11302768c3f76f99365467e84cfc3debe05867c976acfe,0ec6dd9876c269c0832e0a64ab20c015c6c839d266e108c88b30aa28c77391f9,True,True,61.5840732703981,51.27072381800005,0.1716351814877387,0.16490511530778013,2.334366031146737,0.9328668957521993
div2k_validation,0807.png,0807_dbe8c8f6ecfa__awgn_30_seed-20260811,awgn,30,20260811,27.41257256856168,22,4889,768,512,393216,22aa8f876860c615af3d3a07855e73c221ec377adbd5de81b474c2051b39c5a1,opencv_444,f6673e301575d77826e2e2a0bfc4fc8a81f76c42e16d7de3c38d58c4390d5b21,073abd496b427fca6c11302768c3f76f99365467e84cfc3debe05867c976acfe,0ec6dd9876c269c0832e0a64ab20c015c6c839d266e108c88b30aa28c77391f9,True,True,112.84544141765011,48.25258437885228,0.8760635847028106,2.367520915151861,3.4398783662143257,0.5430027588717898
div2k_validation,0807.png,0807_dbe8c8f6ecfa__awgn_30_seed-20260811,awgn,30,20260811,27.41257256856168,27,4997,768,512,393216,22aa8f876860c615af3d3a07855e73c221ec377adbd5de81b474c2051b39c5a1,opencv_444,f6673e301575d77826e2e2a0bfc4fc8a81f76c42e16d7de3c38d58c4390d5b21,073abd496b427fca6c11302768c3f76f99365467e84cfc3debe05867c976acfe,0ec6dd9876c269c0832e0a64ab20c015c6c839d266e108c88b30aa28c77391f9,True,True,112.84544141765011,48.25258437885228,0.8760635847028106,2.367520915151861,3.4398783662143257,0.5430027588717898
div2k_validation,0807.png,0807_dbe8c8f6ecfa__awgn_30_seed-20260811,awgn,30,20260811,27.41257256856168,32,4180,768,512,393216,22aa8f876860c615af3d3a07855e73c221ec377adbd5de81b474c2051b39c5a1,opencv_444,f6673e301575d77826e2e2a0bfc4fc8a81f76c42e16d7de3c38d58c4390d5b21,073abd496b427fca6c11302768c3f76f99365467e84cfc3debe05867c976acfe,0ec6dd9876c269c0832e0a64ab20c015c6c839d266e108c88b30aa28c77391f9,True,True,112.84544141765011,48.25258437885228,0.8760635847028106,2.367520915151861,3.4398783662143257,0.5430027588717898
div2k_validation,0807.png,0807_dbe8c8f6ecfa__awgn_30_seed-20260811,awgn,30,20260811,27.41257256856168,37,3880,768,512,393216,22aa8f876860c615af3d3a07855e73c221ec377adbd5de81b474c2051b39c5a1,opencv_444,f6673e301575d77826e2e2a0bfc4fc8a81f76c42e16d7de3c38d58c4390d5b21,073abd496b427fca6c11302768c3f76f99365467e84cfc3debe05867c976acfe,0ec6dd9876c269c0832e0a64ab20c015c6c839d266e108c88b30aa28c77391f9,True,True,112.84544141765011,48.25258437885228,0.8760635847028106,2.367520915151861,3.4398783662143257,0.5430027588717898
div2k_validation,0807.png,0807_dbe8c8f6ecfa__awgn_30_seed-20260812,awgn,30,20260812,27.375216966579192,22,5047,768,512,393216,8c862d6e1782b657a501e92ca34294ae2007a8113f9e2eda9976b103be2712c0,opencv_444,f6673e301575d77826e2e2a0bfc4fc8a81f76c42e16d7de3c38d58c4390d5b21,073abd496b427fca6c11302768c3f76f99365467e84cfc3debe05867c976acfe,0ec6dd9876c269c0832e0a64ab20c015c6c839d266e108c88b30aa28c77391f9,True,True,113.14655811169722,48.28196686475121,0.8751599856652844,2.3697906874555628,3.4383786939016385,0.5427831436734998
div2k_validation,0807.png,0807_dbe8c8f6ecfa__awgn_30_seed-20260812,awgn,30,20260812,27.375216966579192,27,5049,768,512,393216,8c862d6e1782b657a501e92ca34294ae2007a8113f9e2eda9976b103be2712c0,opencv_444,f6673e301575d77826e2e2a0bfc4fc8a81f76c42e16d7de3c38d58c4390d5b21,073abd496b427fca6c11302768c3f76f99365467e84cfc3debe05867c976acfe,0ec6dd9876c269c0832e0a64ab20c015c6c839d266e108c88b30aa28c77391f9,True,True,113.14655811169722,48.28196686475121,0.8751599856652844,2.3697906874555628,3.4383786939016385,0.5427831436734998
div2k_validation,0807.png,0807_dbe8c8f6ecfa__awgn_30_seed-20260812,awgn,30,20260812,27.375216966579192,32,4122,768,512,393216,8c862d6e1782b657a501e92ca34294ae2007a8113f9e2eda9976b103be2712c0,opencv_444,f6673e301575d77826e2e2a0bfc4fc8a81f76c42e16d7de3c38d58c4390d5b21,073abd496b427fca6c11302768c3f76f99365467e84cfc3debe05867c976acfe,0ec6dd9876c269c0832e0a64ab20c015c6c839d266e108c88b30aa28c77391f9,True,True,113.14655811169722,48.28196686475121,0.8751599856652844,2.3697906874555628,3.4383786939016385,0.5427831436734998
div2k_validation,0807.png,0807_dbe8c8f6ecfa__awgn_30_seed-20260812,awgn,30,20260812,27.375216966579192,37,4061,768,512,393216,8c862d6e1782b657a501e92ca34294ae2007a8113f9e2eda9976b103be2712c0,opencv_444,f6673e301575d77826e2e2a0bfc4fc8a81f76c42e16d7de3c38d58c4390d5b21,073abd496b427fca6c11302768c3f76f99365467e84cfc3debe05867c976acfe,0ec6dd9876c269c0832e0a64ab20c015c6c839d266e108c88b30aa28c77391f9,True,True,113.14655811169722,48.28196686475121,0.8751599856652844,2.3697906874555628,3.4383786939016385,0.5427831436734998
div2k_validation,0807.png,0807_dbe8c8f6ecfa__awgn_30_seed-20260813,awgn,30,20260813,27.353101869899703,22,5121,768,512,393216,58e7517b6dbedcdc097d596aa9ae25c52cc4a3ab9d6602a182d540f447ee1a5e,opencv_444,f6673e301575d77826e2e2a0bfc4fc8a81f76c42e16d7de3c38d58c4390d5b21,073abd496b427fca6c11302768c3f76f99365467e84cfc3debe05867c976acfe,0ec6dd9876c269c0832e0a64ab20c015c6c839d266e108c88b30aa28c77391f9,True,True,113.11387635318842,48.268821486639105,0.8743818153893411,2.3612232626200393,3.4362639922194766,0.5438726929652276
div2k_validation,0807.png,0807_dbe8c8f6ecfa__awgn_30_seed-20260813,awgn,30,20260813,27.353101869899703,27,4880,768,512,393216,58e7517b6dbedcdc097d596aa9ae25c52cc4a3ab9d6602a182d540f447ee1a5e,opencv_444,f6673e301575d77826e2e2a0bfc4fc8a81f76c42e16d7de3c38d58c4390d5b21,073abd496b427fca6c11302768c3f76f99365467e84cfc3debe05867c976acfe,0ec6dd9876c269c0832e0a64ab20c015c6c839d266e108c88b30aa28c77391f9,True,True,113.11387635318842,48.268821486639105,0.8743818153893411,2.3612232626200393,3.4362639922194766,0.5438726929652276
div2k_validation,0807.png,0807_dbe8c8f6ecfa__awgn_30_seed-20260813,awgn,30,20260813,27.353101869899703,32,4003,768,512,393216,58e7517b6dbedcdc097d596aa9ae25c52cc4a3ab9d6602a182d540f447ee1a5e,opencv_444,f6673e301575d77826e2e2a0bfc4fc8a81f76c42e16d7de3c38d58c4390d5b21,073abd496b427fca6c11302768c3f76f99365467e84cfc3debe05867c976acfe,0ec6dd9876c269c0832e0a64ab20c015c6c839d266e108c88b30aa28c77391f9,True,True,113.11387635318842,48.268821486639105,0.8743818153893411,2.3612232626200393,3.4362639922194766,0.5438726929652276
div2k_validation,0807.png,0807_dbe8c8f6ecfa__awgn_30_seed-20260813,awgn,30,20260813,27.353101869899703,37,3961,768,512,393216,58e7517b6dbedcdc097d596aa9ae25c52cc4a3ab9d6602a182d540f447ee1a5e,opencv_444,f6673e301575d77826e2e2a0bfc4fc8a81f76c42e16d7de3c38d58c4390d5b21,073abd496b427fca6c11302768c3f76f99365467e84cfc3debe05867c976acfe,0ec6dd9876c269c0832e0a64ab20c015c6c839d266e108c88b30aa28c77391f9,True,True,113.11387635318842,48.268821486639105,0.8743818153893411,2.3612232626200393,3.4362639922194766,0.5438726929652276
div2k_validation,0807.png,0807_dbe8c8f6ecfa__clean_0,clean,0,,0.0,22,8167,768,512,393216,dbe8c8f6ecfa716d602d2974b2af96bb5982c163bbb342de4bbe17512e1781b2,opencv_444,f6673e301575d77826e2e2a0bfc4fc8a81f76c42e16d7de3c38d58c4390d5b21,073abd496b427fca6c11302768c3f76f99365467e84cfc3debe05867c976acfe,0ec6dd9876c269c0832e0a64ab20c015c6c839d266e108c88b30aa28c77391f9,True,True,117.83508287761919,40.85271135368715,0.41136794143244765,0.9555334594092131,2.6249486896469887,0.7917367888246878
div2k_validation,0807.png,0807_dbe8c8f6ecfa__clean_0,clean,0,,0.0,27,7004,768,512,393216,dbe8c8f6ecfa716d602d2974b2af96bb5982c163bbb342de4bbe17512e1781b2,opencv_444,f6673e301575d77826e2e2a0bfc4fc8a81f76c42e16d7de3c38d58c4390d5b21,073abd496b427fca6c11302768c3f76f99365467e84cfc3debe05867c976acfe,0ec6dd9876c269c0832e0a64ab20c015c6c839d266e108c88b30aa28c77391f9,True,True,117.83508287761919,40.85271135368715,0.41136794143244765,0.9555334594092131,2.6249486896469887,0.7917367888246878
div2k_validation,0807.png,0807_dbe8c8f6ecfa__clean_0,clean,0,,0.0,32,5625,768,512,393216,dbe8c8f6ecfa716d602d2974b2af96bb5982c163bbb342de4bbe17512e1781b2,opencv_444,f6673e301575d77826e2e2a0bfc4fc8a81f76c42e16d7de3c38d58c4390d5b21,073abd496b427fca6c11302768c3f76f99365467e84cfc3debe05867c976acfe,0ec6dd9876c269c0832e0a64ab20c015c6c839d266e108c88b30aa28c77391f9,True,True,117.83508287761919,40.85271135368715,0.41136794143244765,0.9555334594092131,2.6249486896469887,0.7917367888246878
div2k_validation,0807.png,0807_dbe8c8f6ecfa__clean_0,clean,0,,0.0,37,4462,768,512,393216,dbe8c8f6ecfa716d602d2974b2af96bb5982c163bbb342de4bbe17512e1781b2,opencv_444,f6673e301575d77826e2e2a0bfc4fc8a81f76c42e16d7de3c38d58c4390d5b21,073abd496b427fca6c11302768c3f76f99365467e84cfc3debe05867c976acfe,0ec6dd9876c269c0832e0a64ab20c015c6c839d266e108c88b30aa28c77391f9,True,True,117.83508287761919,40.85271135368715,0.41136794143244765,0.9555334594092131,2.6249486896469887,0.7917367888246878
div2k_validation,0809.png,0809_08fdba2dcb46__awgn_30_seed-20260811,awgn,30,20260811,29.308540038796355,22,3828,768,512,393216,21e0d718f412e3785c9c305e35c8c00ea9bd5fa38b077c3dee321640b34430b0,opencv_444,f6673e301575d77826e2e2a0bfc4fc8a81f76c42e16d7de3c38d58c4390d5b21,073abd496b427fca6c11302768c3f76f99365467e84cfc3debe05867c976acfe,0ec6dd9876c269c0832e0a64ab20c015c6c839d266e108c88b30aa28c77391f9,True,True,75.60972241956183,58.76640276333486,0.8753186914452465,1.852749191319465,3.576503956098531,0.5631633733961983
div2k_validation,0809.png,0809_08fdba2dcb46__awgn_30_seed-20260811,awgn,30,20260811,29.308540038796355,27,4200,768,512,393216,21e0d718f412e3785c9c305e35c8c00ea9bd5fa38b077c3dee321640b34430b0,opencv_444,f6673e301575d77826e2e2a0bfc4fc8a81f76c42e16d7de3c38d58c4390d5b21,073abd496b427fca6c11302768c3f76f99365467e84cfc3debe05867c976acfe,0ec6dd9876c269c0832e0a64ab20c015c6c839d266e108c88b30aa28c77391f9,True,True,75.60972241956183,58.76640276333486,0.8753186914452465,1.852749191319465,3.576503956098531,0.5631633733961983
div2k_validation,0809.png,0809_08fdba2dcb46__awgn_30_seed-20260811,awgn,30,20260811,29.308540038796355,32,3043,768,512,393216,21e0d718f412e3785c9c305e35c8c00ea9bd5fa38b077c3dee321640b34430b0,opencv_444,f6673e301575d77826e2e2a0bfc4fc8a81f76c42e16d7de3c38d58c4390d5b21,073abd496b427fca6c11302768c3f76f99365467e84cfc3debe05867c976acfe,0ec6dd9876c269c0832e0a64ab20c015c6c839d266e108c88b30aa28c77391f9,True,True,75.60972241956183,58.76640276333486,0.8753186914452465,1.852749191319465,3.576503956098531,0.5631633733961983
div2k_validation,0809.png,0809_08fdba2dcb46__awgn_30_seed-20260811,awgn,30,20260811,29.308540038796355,37,3253,768,512,393216,21e0d718f412e3785c9c305e35c8c00ea9bd5fa38b077c3dee321640b34430b0,opencv_444,f6673e301575d77826e2e2a0bfc4fc8a81f76c42e16d7de3c38d58c4390d5b21,073abd496b427fca6c11302768c3f76f99365467e84cfc3debe05867c976acfe,0ec6dd9876c269c0832e0a64ab20c015c6c839d266e108c88b30aa28c77391f9,True,True,75.60972241956183,58.76640276333486,0.8753186914452465,1.852749191319465,3.576503956098531,0.5631633733961983
div2k_validation,0809.png,0809_08fdba2dcb46__awgn_30_seed-20260812,awgn,30,20260812,29.347435711298118,22,3718,768,512,393216,80fe68649d48a066db0486b38a419c37b43e7050dc4afedd88c040d2824f9c29,opencv_444,f6673e301575d77826e2e2a0bfc4fc8a81f76c42e16d7de3c38d58c4390d5b21,073abd496b427fca6c11302768c3f76f99365467e84cfc3debe05867c976acfe,0ec6dd9876c269c0832e0a64ab20c015c6c839d266e108c88b30aa28c77391f9,True,True,75.65077981154339,58.76415055354683,0.8747785798392465,1.8549700636976574,3.577657313718892,0.5633518222553769
div2k_validation,0809.png,0809_08fdba2dcb46__awgn_30_seed-20260812,awgn,30,20260812,29.347435711298118,27,3801,768,512,393216,80fe68649d48a066db0486b38a419c37b43e7050dc4afedd88c040d2824f9c29,opencv_444,f6673e301575d77826e2e2a0bfc4fc8a81f76c42e16d7de3c38d58c4390d5b21,073abd496b427fca6c11302768c3f76f99365467e84cfc3debe05867c976acfe,0ec6dd9876c269c0832e0a64ab20c015c6c839d266e108c88b30aa28c77391f9,True,True,75.65077981154339,58.76415055354683,0.8747785798392465,1.8549700636976574,3.577657313718892,0.5633518222553769
div2k_validation,0809.png,0809_08fdba2dcb46__awgn_30_seed-20260812,awgn,30,20260812,29.347435711298118,32,3270,768,512,393216,80fe68649d48a066db0486b38a419c37b43e7050dc4afedd88c040d2824f9c29,opencv_444,f6673e301575d77826e2e2a0bfc4fc8a81f76c42e16d7de3c38d58c4390d5b21,073abd496b427fca6c11302768c3f76f99365467e84cfc3debe05867c976acfe,0ec6dd9876c269c0832e0a64ab20c015c6c839d266e108c88b30aa28c77391f9,True,True,75.65077981154339,58.76415055354683,0.8747785798392465,1.8549700636976574,3.577657313718892,0.5633518222553769
div2k_validation,0809.png,0809_08fdba2dcb46__awgn_30_seed-20260812,awgn,30,20260812,29.347435711298118,37,3191,768,512,393216,80fe68649d48a066db0486b38a419c37b43e7050dc4afedd88c040d2824f9c29,opencv_444,f6673e301575d77826e2e2a0bfc4fc8a81f76c42e16d7de3c38d58c4390d5b21,073abd496b427fca6c11302768c3f76f99365467e84cfc3debe05867c976acfe,0ec6dd9876c269c0832e0a64ab20c015c6c839d266e108c88b30aa28c77391f9,True,True,75.65077981154339,58.76415055354683,0.8747785798392465,1.8549700636976574,3.577657313718892,0.5633518222553769
div2k_validation,0809.png,0809_08fdba2dcb46__awgn_30_seed-20260813,awgn,30,20260813,29.33204425522418,22,3833,768,512,393216,6db3c8aa7634e3430fd80701d88e218e8db0a1ecadd280feb59c6e44cb42a957,opencv_444,f6673e301575d77826e2e2a0bfc4fc8a81f76c42e16d7de3c38d58c4390d5b21,073abd496b427fca6c11302768c3f76f99365467e84cfc3debe05867c976acfe,0ec6dd9876c269c0832e0a64ab20c015c6c839d266e108c88b30aa28c77391f9,True,True,75.55117909264439,58.74785394527352,0.87524189832591,1.855764627895661,3.57797279616967,0.5630455605034121
div2k_validation,0809.png,0809_08fdba2dcb46__awgn_30_seed-20260813,awgn,30,20260813,29.33204425522418,27,3903,768,512,393216,6db3c8aa7634e3430fd80701d88e218e8db0a1ecadd280feb59c6e44cb42a957,opencv_444,f6673e301575d77826e2e2a0bfc4fc8a81f76c42e16d7de3c38d58c4390d5b21,073abd496b427fca6c11302768c3f76f99365467e84cfc3debe05867c976acfe,0ec6dd9876c269c0832e0a64ab20c015c6c839d266e108c88b30aa28c77391f9,True,True,75.55117909264439,58.74785394527352,0.87524189832591,1.855764627895661,3.57797279616967,0.5630455605034121
div2k_validation,0809.png,0809_08fdba2dcb46__awgn_30_seed-20260813,awgn,30,20260813,29.33204425522418,32,2933,768,512,393216,6db3c8aa7634e3430fd80701d88e218e8db0a1ecadd280feb59c6e44cb42a957,opencv_444,f6673e301575d77826e2e2a0bfc4fc8a81f76c42e16d7de3c38d58c4390d5b21,073abd496b427fca6c11302768c3f76f99365467e84cfc3debe05867c976acfe,0ec6dd9876c269c0832e0a64ab20c015c6c839d266e108c88b30aa28c77391f9,True,True,75.55117909264439,58.74785394527352,0.87524189832591,1.855764627895661,3.57797279616967,0.5630455605034121
div2k_validation,0809.png,0809_08fdba2dcb46__awgn_30_seed-20260813,awgn,30,20260813,29.33204425522418,37,3142,768,512,393216,6db3c8aa7634e3430fd80701d88e218e8db0a1ecadd280feb59c6e44cb42a957,opencv_444,f6673e301575d77826e2e2a0bfc4fc8a81f76c42e16d7de3c38d58c4390d5b21,073abd496b427fca6c11302768c3f76f99365467e84cfc3debe05867c976acfe,0ec6dd9876c269c0832e0a64ab20c015c6c839d266e108c88b30aa28c77391f9,True,True,75.55117909264439,58.74785394527352,0.87524189832591,1.855764627895661,3.57797279616967,0.5630455605034121
div2k_validation,0809.png,0809_08fdba2dcb46__clean_0,clean,0,,0.0,22,2541,768,512,393216,08fdba2dcb46de5c785d11fb3ed05ae40e7df71730aed624446d0225cf795a77,opencv_444,f6673e301575d77826e2e2a0bfc4fc8a81f76c42e16d7de3c38d58c4390d5b21,073abd496b427fca6c11302768c3f76f99365467e84cfc3debe05867c976acfe,0ec6dd9876c269c0832e0a64ab20c015c6c839d266e108c88b30aa28c77391f9,True,True,45.31938810061432,51.587863110817395,0.34386934930630214,0.1955906412181943,2.4377000507916993,0.9054672361996277
div2k_validation,0809.png,0809_08fdba2dcb46__clean_0,clean,0,,0.0,27,2083,768,512,393216,08fdba2dcb46de5c785d11fb3ed05ae40e7df71730aed624446d0225cf795a77,opencv_444,f6673e301575d77826e2e2a0bfc4fc8a81f76c42e16d7de3c38d58c4390d5b21,073abd496b427fca6c11302768c3f76f99365467e84cfc3debe05867c976acfe,0ec6dd9876c269c0832e0a64ab20c015c6c839d266e108c88b30aa28c77391f9,True,True,45.31938810061432,51.587863110817395,0.34386934930630214,0.1955906412181943,2.4377000507916993,0.9054672361996277
div2k_validation,0809.png,0809_08fdba2dcb46__clean_0,clean,0,,0.0,32,1770,768,512,393216,08fdba2dcb46de5c785d11fb3ed05ae40e7df71730aed624446d0225cf795a77,opencv_444,f6673e301575d77826e2e2a0bfc4fc8a81f76c42e16d7de3c38d58c4390d5b21,073abd496b427fca6c11302768c3f76f99365467e84cfc3debe05867c976acfe,0ec6dd9876c269c0832e0a64ab20c015c6c839d266e108c88b30aa28c77391f9,True,True,45.31938810061432,51.587863110817395,0.34386934930630214,0.1955906412181943,2.4377000507916993,0.9054672361996277
div2k_validation,0809.png,0809_08fdba2dcb46__clean_0,clean,0,,0.0,37,1349,768,512,393216,08fdba2dcb46de5c785d11fb3ed05ae40e7df71730aed624446d0225cf795a77,opencv_444,f6673e301575d77826e2e2a0bfc4fc8a81f76c42e16d7de3c38d58c4390d5b21,073abd496b427fca6c11302768c3f76f99365467e84cfc3debe05867c976acfe,0ec6dd9876c269c0832e0a64ab20c015c6c839d266e108c88b30aa28c77391f9,True,True,45.31938810061432,51.587863110817395,0.34386934930630214,0.1955906412181943,2.4377000507916993,0.9054672361996277
div2k_validation,0810.png,0810_7151f31d3474__awgn_30_seed-20260811,awgn,30,20260811,28.912470737590347,22,4697,768,512,393216,3bb4dbf02d6935d34afc0e8aced23f4705a7214b709fc563fdab12b60ecdb95b,opencv_444,f6673e301575d77826e2e2a0bfc4fc8a81f76c42e16d7de3c38d58c4390d5b21,073abd496b427fca6c11302768c3f76f99365467e84cfc3debe05867c976acfe,0ec6dd9876c269c0832e0a64ab20c015c6c839d266e108c88b30aa28c77391f9,True,True,108.30879157339653,56.66113899863463,0.9041749859212614,2.235797314095202,3.541410594811352,0.5482050080832335
div2k_validation,0810.png,0810_7151f31d3474__awgn_30_seed-20260811,awgn,30,20260811,28.912470737590347,27,4920,768,512,393216,3bb4dbf02d6935d34afc0e8aced23f4705a7214b709fc563fdab12b60ecdb95b,opencv_444,f6673e301575d77826e2e2a0bfc4fc8a81f76c42e16d7de3c38d58c4390d5b21,073abd496b427fca6c11302768c3f76f99365467e84cfc3debe05867c976acfe,0ec6dd9876c269c0832e0a64ab20c015c6c839d266e108c88b30aa28c77391f9,True,True,108.30879157339653,56.66113899863463,0.9041749859212614,2.235797314095202,3.541410594811352,0.5482050080832335
div2k_validation,0810.png,0810_7151f31d3474__awgn_30_seed-20260811,awgn,30,20260811,28.912470737590347,32,3898,768,512,393216,3bb4dbf02d6935d34afc0e8aced23f4705a7214b709fc563fdab12b60ecdb95b,opencv_444,f6673e301575d77826e2e2a0bfc4fc8a81f76c42e16d7de3c38d58c4390d5b21,073abd496b427fca6c11302768c3f76f99365467e84cfc3debe05867c976acfe,0ec6dd9876c269c0832e0a64ab20c015c6c839d266e108c88b30aa28c77391f9,True,True,108.30879157339653,56.66113899863463,0.9041749859212614,2.235797314095202,3.541410594811352,0.5482050080832335
div2k_validation,0810.png,0810_7151f31d3474__awgn_30_seed-20260811,awgn,30,20260811,28.912470737590347,37,3856,768,512,393216,3bb4dbf02d6935d34afc0e8aced23f4705a7214b709fc563fdab12b60ecdb95b,opencv_444,f6673e301575d77826e2e2a0bfc4fc8a81f76c42e16d7de3c38d58c4390d5b21,073abd496b427fca6c11302768c3f76f99365467e84cfc3debe05867c976acfe,0ec6dd9876c269c0832e0a64ab20c015c6c839d266e108c88b30aa28c77391f9,True,True,108.30879157339653,56.66113899863463,0.9041749859212614,2.235797314095202,3.541410594811352,0.5482050080832335
div2k_validation,0810.png,0810_7151f31d3474__awgn_30_seed-20260812,awgn,30,20260812,28.91826010352913,22,4681,768,512,393216,ec2a17c8872af62bb915029430ba2e64c4c6bfc1b6d99a8acefafae55b34a17c,opencv_444,f6673e301575d77826e2e2a0bfc4fc8a81f76c42e16d7de3c38d58c4390d5b21,073abd496b427fca6c11302768c3f76f99365467e84cfc3debe05867c976acfe,0ec6dd9876c269c0832e0a64ab20c015c6c839d266e108c88b30aa28c77391f9,True,True,107.83597514527354,56.59712571069906,0.9045154354169866,2.2348093137616827,3.5407089867066923,0.5475098272471619
div2k_validation,0810.png,0810_7151f31d3474__awgn_30_seed-20260812,awgn,30,20260812,28.91826010352913,27,4771,768,512,393216,ec2a17c8872af62bb915029430ba2e64c4c6bfc1b6d99a8acefafae55b34a17c,opencv_444,f6673e301575d77826e2e2a0bfc4fc8a81f76c42e16d7de3c38d58c4390d5b21,073abd496b427fca6c11302768c3f76f99365467e84cfc3debe05867c976acfe,0ec6dd9876c269c0832e0a64ab20c015c6c839d266e108c88b30aa28c77391f9,True,True,107.83597514527354,56.59712571069906,0.9045154354169866,2.2348093137616827,3.5407089867066923,0.5475098272471619
div2k_validation,0810.png,0810_7151f31d3474__awgn_30_seed-20260812,awgn,30,20260812,28.91826010352913,32,4055,768,512,393216,ec2a17c8872af62bb915029430ba2e64c4c6bfc1b6d99a8acefafae55b34a17c,opencv_444,f6673e301575d77826e2e2a0bfc4fc8a81f76c42e16d7de3c38d58c4390d5b21,073abd496b427fca6c11302768c3f76f99365467e84cfc3debe05867c976acfe,0ec6dd9876c269c0832e0a64ab20c015c6c839d266e108c88b30aa28c77391f9,True,True,107.83597514527354,56.59712571069906,0.9045154354169866,2.2348093137616827,3.5407089867066923,0.5475098272471619
div2k_validation,0810.png,0810_7151f31d3474__awgn_30_seed-20260812,awgn,30,20260812,28.91826010352913,37,3503,768,512,393216,ec2a17c8872af62bb915029430ba2e64c4c6bfc1b6d99a8acefafae55b34a17c,opencv_444,f6673e301575d77826e2e2a0bfc4fc8a81f76c42e16d7de3c38d58c4390d5b21,073abd496b427fca6c11302768c3f76f99365467e84cfc3debe05867c976acfe,0ec6dd9876c269c0832e0a64ab20c015c6c839d266e108c88b30aa28c77391f9,True,True,107.83597514527354,56.59712571069906,0.9045154354169866,2.2348093137616827,3.5407089867066923,0.5475098272471619
div2k_validation,0810.png,0810_7151f31d3474__awgn_30_seed-20260813,awgn,30,20260813,28.82731983194126,22,4511,768,512,393216,72a2a5bb6280cf7198661f7f4aacbd708f2bbc6135caa65db621e05c446cd81d,opencv_444,f6673e301575d77826e2e2a0bfc4fc8a81f76c42e16d7de3c38d58c4390d5b21,073abd496b427fca6c11302768c3f76f99365467e84cfc3debe05867c976acfe,0ec6dd9876c269c0832e0a64ab20c015c6c839d266e108c88b30aa28c77391f9,True,True,108.07787676365356,56.63204038304619,0.9040700353248349,2.228215357265246,3.5408957194170543,0.547757419285938
div2k_validation,0810.png,0810_7151f31d3474__awgn_30_seed-20260813,awgn,30,20260813,28.82731983194126,27,4759,768,512,393216,72a2a5bb6280cf7198661f7f4aacbd708f2bbc6135caa65db621e05c446cd81d,opencv_444,f6673e301575d77826e2e2a0bfc4fc8a81f76c42e16d7de3c38d58c4390d5b21,073abd496b427fca6c11302768c3f76f99365467e84cfc3debe05867c976acfe,0ec6dd9876c269c0832e0a64ab20c015c6c839d266e108c88b30aa28c77391f9,True,True,108.07787676365356,56.63204038304619,0.9040700353248349,2.228215357265246,3.5408957194170543,0.547757419285938
div2k_validation,0810.png,0810_7151f31d3474__awgn_30_seed-20260813,awgn,30,20260813,28.82731983194126,32,3781,768,512,393216,72a2a5bb6280cf7198661f7f4aacbd708f2bbc6135caa65db621e05c446cd81d,opencv_444,f6673e301575d77826e2e2a0bfc4fc8a81f76c42e16d7de3c38d58c4390d5b21,073abd496b427fca6c11302768c3f76f99365467e84cfc3debe05867c976acfe,0ec6dd9876c269c0832e0a64ab20c015c6c839d266e108c88b30aa28c77391f9,True,True,108.07787676365356,56.63204038304619,0.9040700353248349,2.228215357265246,3.5408957194170543,0.547757419285938
div2k_validation,0810.png,0810_7151f31d3474__awgn_30_seed-20260813,awgn,30,20260813,28.82731983194126,37,3729,768,512,393216,72a2a5bb6280cf7198661f7f4aacbd708f2bbc6135caa65db621e05c446cd81d,opencv_444,f6673e301575d77826e2e2a0bfc4fc8a81f76c42e16d7de3c38d58c4390d5b21,073abd496b427fca6c11302768c3f76f99365467e84cfc3debe05867c976acfe,0ec6dd9876c269c0832e0a64ab20c015c6c839d266e108c88b30aa28c77391f9,True,True,108.07787676365356,56.63204038304619,0.9040700353248349,2.228215357265246,3.5408957194170543,0.547757419285938
div2k_validation,0810.png,0810_7151f31d3474__clean_0,clean,0,,0.0,22,2615,768,512,393216,7151f31d34745faa82afc926c3db20794ecb15ef84a91804dc30ca1d402ac3fe,opencv_444,f6673e301575d77826e2e2a0bfc4fc8a81f76c42e16d7de3c38d58c4390d5b21,073abd496b427fca6c11302768c3f76f99365467e84cfc3debe05867c976acfe,0ec6dd9876c269c0832e0a64ab20c015c6c839d266e108c88b30aa28c77391f9,True,True,97.82584223641162,50.11864106255082,0.6893078380177136,0.7221853528616365,2.9232747303592137,0.7583789800867315
div2k_validation,0810.png,0810_7151f31d3474__clean_0,clean,0,,0.0,27,2104,768,512,393216,7151f31d34745faa82afc926c3db20794ecb15ef84a91804dc30ca1d402ac3fe,opencv_444,f6673e301575d77826e2e2a0bfc4fc8a81f76c42e16d7de3c38d58c4390d5b21,073abd496b427fca6c11302768c3f76f99365467e84cfc3debe05867c976acfe,0ec6dd9876c269c0832e0a64ab20c015c6c839d266e108c88b30aa28c77391f9,True,True,97.82584223641162,50.11864106255082,0.6893078380177136,0.7221853528616365,2.9232747303592137,0.7583789800867315
div2k_validation,0810.png,0810_7151f31d3474__clean_0,clean,0,,0.0,32,2024,768,512,393216,7151f31d34745faa82afc926c3db20794ecb15ef84a91804dc30ca1d402ac3fe,opencv_444,f6673e301575d77826e2e2a0bfc4fc8a81f76c42e16d7de3c38d58c4390d5b21,073abd496b427fca6c11302768c3f76f99365467e84cfc3debe05867c976acfe,0ec6dd9876c269c0832e0a64ab20c015c6c839d266e108c88b30aa28c77391f9,True,True,97.82584223641162,50.11864106255082,0.6893078380177136,0.7221853528616365,2.9232747303592137,0.7583789800867315
div2k_validation,0810.png,0810_7151f31d3474__clean_0,clean,0,,0.0,37,2156,768,512,393216,7151f31d34745faa82afc926c3db20794ecb15ef84a91804dc30ca1d402ac3fe,opencv_444,f6673e301575d77826e2e2a0bfc4fc8a81f76c42e16d7de3c38d58c4390d5b21,073abd496b427fca6c11302768c3f76f99365467e84cfc3debe05867c976acfe,0ec6dd9876c269c0832e0a64ab20c015c6c839d266e108c88b30aa28c77391f9,True,True,97.82584223641162,50.11864106255082,0.6893078380177136,0.7221853528616365,2.9232747303592137,0.7583789800867315
div2k_validation,0815.png,0815_2d49ca420a4a__awgn_30_seed-20260811,awgn,30,20260811,28.167239918791136,22,3634,768,512,393216,eaf3b520bee6de70d3160596f2aea76a482286ccbcee40ca34330c136192b480,opencv_444,f6673e301575d77826e2e2a0bfc4fc8a81f76c42e16d7de3c38d58c4390d5b21,073abd496b427fca6c11302768c3f76f99365467e84cfc3debe05867c976acfe,0ec6dd9876c269c0832e0a64ab20c015c6c839d266e108c88b30aa28c77391f9,True,True,72.71344480533757,70.09407175225681,0.8541570675267496,1.6987874195515371,3.6003465555847267,0.5824271228591029
div2k_validation,0815.png,0815_2d49ca420a4a__awgn_30_seed-20260811,awgn,30,20260811,28.167239918791136,27,3822,768,512,393216,eaf3b520bee6de70d3160596f2aea76a482286ccbcee40ca34330c136192b480,opencv_444,f6673e301575d77826e2e2a0bfc4fc8a81f76c42e16d7de3c38d58c4390d5b21,073abd496b427fca6c11302768c3f76f99365467e84cfc3debe05867c976acfe,0ec6dd9876c269c0832e0a64ab20c015c6c839d266e108c88b30aa28c77391f9,True,True,72.71344480533757,70.09407175225681,0.8541570675267496,1.6987874195515371,3.6003465555847267,0.5824271228591029
div2k_validation,0815.png,0815_2d49ca420a4a__awgn_30_seed-20260811,awgn,30,20260811,28.167239918791136,32,2818,768,512,393216,eaf3b520bee6de70d3160596f2aea76a482286ccbcee40ca34330c136192b480,opencv_444,f6673e301575d77826e2e2a0bfc4fc8a81f76c42e16d7de3c38d58c4390d5b21,073abd496b427fca6c11302768c3f76f99365467e84cfc3debe05867c976acfe,0ec6dd9876c269c0832e0a64ab20c015c6c839d266e108c88b30aa28c77391f9,True,True,72.71344480533757,70.09407175225681,0.8541570675267496,1.6987874195515371,3.6003465555847267,0.5824271228591029
div2k_validation,0815.png,0815_2d49ca420a4a__awgn_30_seed-20260811,awgn,30,20260811,28.167239918791136,37,2842,768,512,393216,eaf3b520bee6de70d3160596f2aea76a482286ccbcee40ca34330c136192b480,opencv_444,f6673e301575d77826e2e2a0bfc4fc8a81f76c42e16d7de3c38d58c4390d5b21,073abd496b427fca6c11302768c3f76f99365467e84cfc3debe05867c976acfe,0ec6dd9876c269c0832e0a64ab20c015c6c839d266e108c88b30aa28c77391f9,True,True,72.71344480533757,70.09407175225681,0.8541570675267496,1.6987874195515371,3.6003465555847267,0.5824271228591029
div2k_validation,0815.png,0815_2d49ca420a4a__awgn_30_seed-20260812,awgn,30,20260812,28.142848521289608,22,3645,768,512,393216,1fe2cd1e02c272847c764d8525667b6e97f35c328913b9bd8fb78accf1eabdae,opencv_444,f6673e301575d77826e2e2a0bfc4fc8a81f76c42e16d7de3c38d58c4390d5b21,073abd496b427fca6c11302768c3f76f99365467e84cfc3debe05867c976acfe,0ec6dd9876c269c0832e0a64ab20c015c6c839d266e108c88b30aa28c77391f9,True,True,72.53514661894938,70.12703578479329,0.853517124865612,1.697148228884016,3.599167414399469,0.5824020389248303
div2k_validation,0815.png,0815_2d49ca420a4a__awgn_30_seed-20260812,awgn,30,20260812,28.142848521289608,27,3408,768,512,393216,1fe2cd1e02c272847c764d8525667b6e97f35c328913b9bd8fb78accf1eabdae,opencv_444,f6673e301575d77826e2e2a0bfc4fc8a81f76c42e16d7de3c38d58c4390d5b21,073abd496b427fca6c11302768c3f76f99365467e84cfc3debe05867c976acfe,0ec6dd9876c269c0832e0a64ab20c015c6c839d266e108c88b30aa28c77391f9,True,True,72.53514661894938,70.12703578479329,0.853517124865612,1.697148228884016,3.599167414399469,0.5824020389248303
div2k_validation,0815.png,0815_2d49ca420a4a__awgn_30_seed-20260812,awgn,30,20260812,28.142848521289608,32,2604,768,512,393216,1fe2cd1e02c272847c764d8525667b6e97f35c328913b9bd8fb78accf1eabdae,opencv_444,f6673e301575d77826e2e2a0bfc4fc8a81f76c42e16d7de3c38d58c4390d5b21,073abd496b427fca6c11302768c3f76f99365467e84cfc3debe05867c976acfe,0ec6dd9876c269c0832e0a64ab20c015c6c839d266e108c88b30aa28c77391f9,True,True,72.53514661894938,70.12703578479329,0.853517124865612,1.697148228884016,3.599167414399469,0.5824020389248303
div2k_validation,0815.png,0815_2d49ca420a4a__awgn_30_seed-20260812,awgn,30,20260812,28.142848521289608,37,2814,768,512,393216,1fe2cd1e02c272847c764d8525667b6e97f35c328913b9bd8fb78accf1eabdae,opencv_444,f6673e301575d77826e2e2a0bfc4fc8a81f76c42e16d7de3c38d58c4390d5b21,073abd496b427fca6c11302768c3f76f99365467e84cfc3debe05867c976acfe,0ec6dd9876c269c0832e0a64ab20c015c6c839d266e108c88b30aa28c77391f9,True,True,72.53514661894938,70.12703578479329,0.853517124865612,1.697148228884016,3.599167414399469,0.5824020389248303
div2k_validation,0815.png,0815_2d49ca420a4a__awgn_30_seed-20260813,awgn,30,20260813,28.099937020770867,22,3846,768,512,393216,e3432921f7b5f7ea9902c26c69b2609268bd4fde4896d6197d187aef0b31bd40,opencv_444,f6673e301575d77826e2e2a0bfc4fc8a81f76c42e16d7de3c38d58c4390d5b21,073abd496b427fca6c11302768c3f76f99365467e84cfc3debe05867c976acfe,0ec6dd9876c269c0832e0a64ab20c015c6c839d266e108c88b30aa28c77391f9,True,True,72.40456766635523,70.1021957547766,0.8528490247273844,1.6946939296878125,3.5985737573353767,0.5827844412127231
div2k_validation,0815.png,0815_2d49ca420a4a__awgn_30_seed-20260813,awgn,30,20260813,28.099937020770867,27,3758,768,512,393216,e3432921f7b5f7ea9902c26c69b2609268bd4fde4896d6197d187aef0b31bd40,opencv_444,f6673e301575d77826e2e2a0bfc4fc8a81f76c42e16d7de3c38d58c4390d5b21,073abd496b427fca6c11302768c3f76f99365467e84cfc3debe05867c976acfe,0ec6dd9876c269c0832e0a64ab20c015c6c839d266e108c88b30aa28c77391f9,True,True,72.40456766635523,70.1021957547766,0.8528490247273844,1.6946939296878125,3.5985737573353767,0.5827844412127231
div2k_validation,0815.png,0815_2d49ca420a4a__awgn_30_seed-20260813,awgn,30,20260813,28.099937020770867,32,2681,768,512,393216,e3432921f7b5f7ea9902c26c69b2609268bd4fde4896d6197d187aef0b31bd40,opencv_444,f6673e301575d77826e2e2a0bfc4fc8a81f76c42e16d7de3c38d58c4390d5b21,073abd496b427fca6c11302768c3f76f99365467e84cfc3debe05867c976acfe,0ec6dd9876c269c0832e0a64ab20c015c6c839d266e108c88b30aa28c77391f9,True,True,72.40456766635523,70.1021957547766,0.8528490247273844,1.6946939296878125,3.5985737573353767,0.5827844412127231
div2k_validation,0815.png,0815_2d49ca420a4a__awgn_30_seed-20260813,awgn,30,20260813,28.099937020770867,37,2771,768,512,393216,e3432921f7b5f7ea9902c26c69b2609268bd4fde4896d6197d187aef0b31bd40,opencv_444,f6673e301575d77826e2e2a0bfc4fc8a81f76c42e16d7de3c38d58c4390d5b21,073abd496b427fca6c11302768c3f76f99365467e84cfc3debe05867c976acfe,0ec6dd9876c269c0832e0a64ab20c015c6c839d266e108c88b30aa28c77391f9,True,True,72.40456766635523,70.1021957547766,0.8528490247273844,1.6946939296878125,3.5985737573353767,0.5827844412127231
div2k_validation,0815.png,0815_2d49ca420a4a__clean_0,clean,0,,0.0,22,2900,768,512,393216,2d49ca420a4a15eeea73f4fe62d4e96baf7281955fbe4b530bd4b9ffcb638af8,opencv_444,f6673e301575d77826e2e2a0bfc4fc8a81f76c42e16d7de3c38d58c4390d5b21,073abd496b427fca6c11302768c3f76f99365467e84cfc3debe05867c976acfe,0ec6dd9876c269c0832e0a64ab20c015c6c839d266e108c88b30aa28c77391f9,True,True,46.460948592516694,66.07667168305403,0.22912763016433726,0.19485800277890647,2.5513424605951367,0.9097830114335889
div2k_validation,0815.png,0815_2d49ca420a4a__clean_0,clean,0,,0.0,27,2128,768,512,393216,2d49ca420a4a15eeea73f4fe62d4e96baf7281955fbe4b530bd4b9ffcb638af8,opencv_444,f6673e301575d77826e2e2a0bfc4fc8a81f76c42e16d7de3c38d58c4390d5b21,073abd496b427fca6c11302768c3f76f99365467e84cfc3debe05867c976acfe,0ec6dd9876c269c0832e0a64ab20c015c6c839d266e108c88b30aa28c77391f9,True,True,46.460948592516694,66.07667168305403,0.22912763016433726,0.19485800277890647,2.5513424605951367,0.9097830114335889
div2k_validation,0815.png,0815_2d49ca420a4a__clean_0,clean,0,,0.0,32,1474,768,512,393216,2d49ca420a4a15eeea73f4fe62d4e96baf7281955fbe4b530bd4b9ffcb638af8,opencv_444,f6673e301575d77826e2e2a0bfc4fc8a81f76c42e16d7de3c38d58c4390d5b21,073abd496b427fca6c11302768c3f76f99365467e84cfc3debe05867c976acfe,0ec6dd9876c269c0832e0a64ab20c015c6c839d266e108c88b30aa28c77391f9,True,True,46.460948592516694,66.07667168305403,0.22912763016433726,0.19485800277890647,2.5513424605951367,0.9097830114335889
div2k_validation,0815.png,0815_2d49ca420a4a__clean_0,clean,0,,0.0,37,1001,768,512,393216,2d49ca420a4a15eeea73f4fe62d4e96baf7281955fbe4b530bd4b9ffcb638af8,opencv_444,f6673e301575d77826e2e2a0bfc4fc8a81f76c42e16d7de3c38d58c4390d5b21,073abd496b427fca6c11302768c3f76f99365467e84cfc3debe05867c976acfe,0ec6dd9876c269c0832e0a64ab20c015c6c839d266e108c88b30aa28c77391f9,True,True,46.460948592516694,66.07667168305403,0.22912763016433726,0.19485800277890647,2.5513424605951367,0.9097830114335889
div2k_validation,0819.png,0819_103459e6c000__awgn_30_seed-20260811,awgn,30,20260811,28.101703676320387,22,4788,768,512,393216,24ed42140fcb00edc8f3c78d6385080c93cd44ed820cf225a3ce4de7939b3070,opencv_444,f6673e301575d77826e2e2a0bfc4fc8a81f76c42e16d7de3c38d58c4390d5b21,073abd496b427fca6c11302768c3f76f99365467e84cfc3debe05867c976acfe,0ec6dd9876c269c0832e0a64ab20c015c6c839d266e108c88b30aa28c77391f9,True,True,86.55591042213894,52.304382673398294,0.8628218911585522,1.6933907521130627,3.197061084028225,0.593224936969633
div2k_validation,0819.png,0819_103459e6c000__awgn_30_seed-20260811,awgn,30,20260811,28.101703676320387,27,4695,768,512,393216,24ed42140fcb00edc8f3c78d6385080c93cd44ed820cf225a3ce4de7939b3070,opencv_444,f6673e301575d77826e2e2a0bfc4fc8a81f76c42e16d7de3c38d58c4390d5b21,073abd496b427fca6c11302768c3f76f99365467e84cfc3debe05867c976acfe,0ec6dd9876c269c0832e0a64ab20c015c6c839d266e108c88b30aa28c77391f9,True,True,86.55591042213894,52.304382673398294,0.8628218911585522,1.6933907521130627,3.197061084028225,0.593224936969633
div2k_validation,0819.png,0819_103459e6c000__awgn_30_seed-20260811,awgn,30,20260811,28.101703676320387,32,3800,768,512,393216,24ed42140fcb00edc8f3c78d6385080c93cd44ed820cf225a3ce4de7939b3070,opencv_444,f6673e301575d77826e2e2a0bfc4fc8a81f76c42e16d7de3c38d58c4390d5b21,073abd496b427fca6c11302768c3f76f99365467e84cfc3debe05867c976acfe,0ec6dd9876c269c0832e0a64ab20c015c6c839d266e108c88b30aa28c77391f9,True,True,86.55591042213894,52.304382673398294,0.8628218911585522,1.6933907521130627,3.197061084028225,0.593224936969633
div2k_validation,0819.png,0819_103459e6c000__awgn_30_seed-20260811,awgn,30,20260811,28.101703676320387,37,3918,768,512,393216,24ed42140fcb00edc8f3c78d6385080c93cd44ed820cf225a3ce4de7939b3070,opencv_444,f6673e301575d77826e2e2a0bfc4fc8a81f76c42e16d7de3c38d58c4390d5b21,073abd496b427fca6c11302768c3f76f99365467e84cfc3debe05867c976acfe,0ec6dd9876c269c0832e0a64ab20c015c6c839d266e108c88b30aa28c77391f9,True,True,86.55591042213894,52.304382673398294,0.8628218911585522,1.6933907521130627,3.197061084028225,0.593224936969633
div2k_validation,0819.png,0819_103459e6c000__awgn_30_seed-20260812,awgn,30,20260812,28.04754357918014,22,5002,768,512,393216,a6047705120ce76218705a8d65fdbd6c8ab6bc3659c791423bcda629e8e89381,opencv_444,f6673e301575d77826e2e2a0bfc4fc8a81f76c42e16d7de3c38d58c4390d5b21,073abd496b427fca6c11302768c3f76f99365467e84cfc3debe05867c976acfe,0ec6dd9876c269c0832e0a64ab20c015c6c839d266e108c88b30aa28c77391f9,True,True,86.64437616760799,52.293813325415385,0.8615189679004761,1.6823673034571989,3.193875047719428,0.5944481895760936
div2k_validation,0819.png,0819_103459e6c000__awgn_30_seed-20260812,awgn,30,20260812,28.04754357918014,27,4627,768,512,393216,a6047705120ce76218705a8d65fdbd6c8ab6bc3659c791423bcda629e8e89381,opencv_444,f6673e301575d77826e2e2a0bfc4fc8a81f76c42e16d7de3c38d58c4390d5b21,073abd496b427fca6c11302768c3f76f99365467e84cfc3debe05867c976acfe,0ec6dd9876c269c0832e0a64ab20c015c6c839d266e108c88b30aa28c77391f9,True,True,86.64437616760799,52.293813325415385,0.8615189679004761,1.6823673034571989,3.193875047719428,0.5944481895760936
div2k_validation,0819.png,0819_103459e6c000__awgn_30_seed-20260812,awgn,30,20260812,28.04754357918014,32,3686,768,512,393216,a6047705120ce76218705a8d65fdbd6c8ab6bc3659c791423bcda629e8e89381,opencv_444,f6673e301575d77826e2e2a0bfc4fc8a81f76c42e16d7de3c38d58c4390d5b21,073abd496b427fca6c11302768c3f76f99365467e84cfc3debe05867c976acfe,0ec6dd9876c269c0832e0a64ab20c015c6c839d266e108c88b30aa28c77391f9,True,True,86.64437616760799,52.293813325415385,0.8615189679004761,1.6823673034571989,3.193875047719428,0.5944481895760936
div2k_validation,0819.png,0819_103459e6c000__awgn_30_seed-20260812,awgn,30,20260812,28.04754357918014,37,3856,768,512,393216,a6047705120ce76218705a8d65fdbd6c8ab6bc3659c791423bcda629e8e89381,opencv_444,f6673e301575d77826e2e2a0bfc4fc8a81f76c42e16d7de3c38d58c4390d5b21,073abd496b427fca6c11302768c3f76f99365467e84cfc3debe05867c976acfe,0ec6dd9876c269c0832e0a64ab20c015c6c839d266e108c88b30aa28c77391f9,True,True,86.64437616760799,52.293813325415385,0.8615189679004761,1.6823673034571989,3.193875047719428,0.5944481895760936
div2k_validation,0819.png,0819_103459e6c000__awgn_30_seed-20260813,awgn,30,20260813,28.069971756530766,22,4869,768,512,393216,dc2e2be02e6ea87ef6a51cb9e1a6270d108d6db1832f93d4abbccae0602c0fa9,opencv_444,f6673e301575d77826e2e2a0bfc4fc8a81f76c42e16d7de3c38d58c4390d5b21,073abd496b427fca6c11302768c3f76f99365467e84cfc3debe05867c976acfe,0ec6dd9876c269c0832e0a64ab20c015c6c839d266e108c88b30aa28c77391f9,True,True,86.78631027965699,52.3770347023155,0.8627195003327702,1.6889781154241625,3.1964926438604806,0.5939801710112526
div2k_validation,0819.png,0819_103459e6c000__awgn_30_seed-20260813,awgn,30,20260813,28.069971756530766,27,4609,768,512,393216,dc2e2be02e6ea87ef6a51cb9e1a6270d108d6db1832f93d4abbccae0602c0fa9,opencv_444,f6673e301575d77826e2e2a0bfc4fc8a81f76c42e16d7de3c38d58c4390d5b21,073abd496b427fca6c11302768c3f76f99365467e84cfc3debe05867c976acfe,0ec6dd9876c269c0832e0a64ab20c015c6c839d266e108c88b30aa28c77391f9,True,True,86.78631027965699,52.3770347023155,0.8627195003327702,1.6889781154241625,3.1964926438604806,0.5939801710112526
div2k_validation,0819.png,0819_103459e6c000__awgn_30_seed-20260813,awgn,30,20260813,28.069971756530766,32,3861,768,512,393216,dc2e2be02e6ea87ef6a51cb9e1a6270d108d6db1832f93d4abbccae0602c0fa9,opencv_444,f6673e301575d77826e2e2a0bfc4fc8a81f76c42e16d7de3c38d58c4390d5b21,073abd496b427fca6c11302768c3f76f99365467e84cfc3debe05867c976acfe,0ec6dd9876c269c0832e0a64ab20c015c6c839d266e108c88b30aa28c77391f9,True,True,86.78631027965699,52.3770347023155,0.8627195003327702,1.6889781154241625,3.1964926438604806,0.5939801710112526
div2k_validation,0819.png,0819_103459e6c000__awgn_30_seed-20260813,awgn,30,20260813,28.069971756530766,37,3770,768,512,393216,dc2e2be02e6ea87ef6a51cb9e1a6270d108d6db1832f93d4abbccae0602c0fa9,opencv_444,f6673e301575d77826e2e2a0bfc4fc8a81f76c42e16d7de3c38d58c4390d5b21,073abd496b427fca6c11302768c3f76f99365467e84cfc3debe05867c976acfe,0ec6dd9876c269c0832e0a64ab20c015c6c839d266e108c88b30aa28c77391f9,True,True,86.78631027965699,52.3770347023155,0.8627195003327702,1.6889781154241625,3.1964926438604806,0.5939801710112526
div2k_validation,0819.png,0819_103459e6c000__clean_0,clean,0,,0.0,22,8280,768,512,393216,103459e6c000177270c09f63c631abe6dbbd1dd3f53ed9254217785f818c13ad,opencv_444,f6673e301575d77826e2e2a0bfc4fc8a81f76c42e16d7de3c38d58c4390d5b21,073abd496b427fca6c11302768c3f76f99365467e84cfc3debe05867c976acfe,0ec6dd9876c269c0832e0a64ab20c015c6c839d266e108c88b30aa28c77391f9,True,True,75.577542537301,45.66437507237467,0.3408718578815338,0.29315340645733035,2.331575662653468,0.8885934323869804
div2k_validation,0819.png,0819_103459e6c000__clean_0,clean,0,,0.0,27,6871,768,512,393216,103459e6c000177270c09f63c631abe6dbbd1dd3f53ed9254217785f818c13ad,opencv_444,f6673e301575d77826e2e2a0bfc4fc8a81f76c42e16d7de3c38d58c4390d5b21,073abd496b427fca6c11302768c3f76f99365467e84cfc3debe05867c976acfe,0ec6dd9876c269c0832e0a64ab20c015c6c839d266e108c88b30aa28c77391f9,True,True,75.577542537301,45.66437507237467,0.3408718578815338,0.29315340645733035,2.331575662653468,0.8885934323869804
div2k_validation,0819.png,0819_103459e6c000__clean_0,clean,0,,0.0,32,5094,768,512,393216,103459e6c000177270c09f63c631abe6dbbd1dd3f53ed9254217785f818c13ad,opencv_444,f6673e301575d77826e2e2a0bfc4fc8a81f76c42e16d7de3c38d58c4390d5b21,073abd496b427fca6c11302768c3f76f99365467e84cfc3debe05867c976acfe,0ec6dd9876c269c0832e0a64ab20c015c6c839d266e108c88b30aa28c77391f9,True,True,75.577542537301,45.66437507237467,0.3408718578815338,0.29315340645733035,2.331575662653468,0.8885934323869804
div2k_validation,0819.png,0819_103459e6c000__clean_0,clean,0,,0.0,37,3224,768,512,393216,103459e6c000177270c09f63c631abe6dbbd1dd3f53ed9254217785f818c13ad,opencv_444,f6673e301575d77826e2e2a0bfc4fc8a81f76c42e16d7de3c38d58c4390d5b21,073abd496b427fca6c11302768c3f76f99365467e84cfc3debe05867c976acfe,0ec6dd9876c269c0832e0a64ab20c015c6c839d266e108c88b30aa28c77391f9,True,True,75.577542537301,45.66437507237467,0.3408718578815338,0.29315340645733035,2.331575662653468,0.8885934323869804
div2k_validation,0820.png,0820_179015d765bb__awgn_30_seed-20260811,awgn,30,20260811,28.220020872487314,22,5469,768,512,393216,be2a6e98a98a0d77ba2523e2bedc0b2401b241cb39dc60fd4ba3d87d259d395c,opencv_444,f6673e301575d77826e2e2a0bfc4fc8a81f76c42e16d7de3c38d58c4390d5b21,073abd496b427fca6c11302768c3f76f99365467e84cfc3debe05867c976acfe,0ec6dd9876c269c0832e0a64ab20c015c6c839d266e108c88b30aa28c77391f9,True,True,112.11368430430205,64.6902776662219,0.8645830133620027,1.9186081777578676,3.519779497735308,0.586387964666076
div2k_validation,0820.png,0820_179015d765bb__awgn_30_seed-20260811,awgn,30,20260811,28.220020872487314,27,5039,768,512,393216,be2a6e98a98a0d77ba2523e2bedc0b2401b241cb39dc60fd4ba3d87d259d395c,opencv_444,f6673e301575d77826e2e2a0bfc4fc8a81f76c42e16d7de3c38d58c4390d5b21,073abd496b427fca6c11302768c3f76f99365467e84cfc3debe05867c976acfe,0ec6dd9876c269c0832e0a64ab20c015c6c839d266e108c88b30aa28c77391f9,True,True,112.11368430430205,64.6902776662219,0.8645830133620027,1.9186081777578676,3.519779497735308,0.586387964666076
div2k_validation,0820.png,0820_179015d765bb__awgn_30_seed-20260811,awgn,30,20260811,28.220020872487314,32,4534,768,512,393216,be2a6e98a98a0d77ba2523e2bedc0b2401b241cb39dc60fd4ba3d87d259d395c,opencv_444,f6673e301575d77826e2e2a0bfc4fc8a81f76c42e16d7de3c38d58c4390d5b21,073abd496b427fca6c11302768c3f76f99365467e84cfc3debe05867c976acfe,0ec6dd9876c269c0832e0a64ab20c015c6c839d266e108c88b30aa28c77391f9,True,True,112.11368430430205,64.6902776662219,0.8645830133620027,1.9186081777578676,3.519779497735308,0.586387964666076
div2k_validation,0820.png,0820_179015d765bb__awgn_30_seed-20260811,awgn,30,20260811,28.220020872487314,37,4349,768,512,393216,be2a6e98a98a0d77ba2523e2bedc0b2401b241cb39dc60fd4ba3d87d259d395c,opencv_444,f6673e301575d77826e2e2a0bfc4fc8a81f76c42e16d7de3c38d58c4390d5b21,073abd496b427fca6c11302768c3f76f99365467e84cfc3debe05867c976acfe,0ec6dd9876c269c0832e0a64ab20c015c6c839d266e108c88b30aa28c77391f9,True,True,112.11368430430205,64.6902776662219,0.8645830133620027,1.9186081777578676,3.519779497735308,0.586387964666076
div2k_validation,0820.png,0820_179015d765bb__awgn_30_seed-20260812,awgn,30,20260812,28.137330377249075,22,5403,768,512,393216,7f51947e38cdb773a5a924d5e488c8ba62db62d368febf60f3d9a9b52b9f7005,opencv_444,f6673e301575d77826e2e2a0bfc4fc8a81f76c42e16d7de3c38d58c4390d5b21,073abd496b427fca6c11302768c3f76f99365467e84cfc3debe05867c976acfe,0ec6dd9876c269c0832e0a64ab20c015c6c839d266e108c88b30aa28c77391f9,True,True,112.32188421165236,64.74538178723068,0.8633005682690831,1.9163009595577807,3.518501007389312,0.5865562363372179
div2k_validation,0820.png,0820_179015d765bb__awgn_30_seed-20260812,awgn,30,20260812,28.137330377249075,27,5071,768,512,393216,7f51947e38cdb773a5a924d5e488c8ba62db62d368febf60f3d9a9b52b9f7005,opencv_444,f6673e301575d77826e2e2a0bfc4fc8a81f76c42e16d7de3c38d58c4390d5b21,073abd496b427fca6c11302768c3f76f99365467e84cfc3debe05867c976acfe,0ec6dd9876c269c0832e0a64ab20c015c6c839d266e108c88b30aa28c77391f9,True,True,112.32188421165236,64.74538178723068,0.8633005682690831,1.9163009595577807,3.518501007389312,0.5865562363372179
div2k_validation,0820.png,0820_179015d765bb__awgn_30_seed-20260812,awgn,30,20260812,28.137330377249075,32,4319,768,512,393216,7f51947e38cdb773a5a924d5e488c8ba62db62d368febf60f3d9a9b52b9f7005,opencv_444,f6673e301575d77826e2e2a0bfc4fc8a81f76c42e16d7de3c38d58c4390d5b21,073abd496b427fca6c11302768c3f76f99365467e84cfc3debe05867c976acfe,0ec6dd9876c269c0832e0a64ab20c015c6c839d266e108c88b30aa28c77391f9,True,True,112.32188421165236,64.74538178723068,0.8633005682690831,1.9163009595577807,3.518501007389312,0.5865562363372179
div2k_validation,0820.png,0820_179015d765bb__awgn_30_seed-20260812,awgn,30,20260812,28.137330377249075,37,4386,768,512,393216,7f51947e38cdb773a5a924d5e488c8ba62db62d368febf60f3d9a9b52b9f7005,opencv_444,f6673e301575d77826e2e2a0bfc4fc8a81f76c42e16d7de3c38d58c4390d5b21,073abd496b427fca6c11302768c3f76f99365467e84cfc3debe05867c976acfe,0ec6dd9876c269c0832e0a64ab20c015c6c839d266e108c88b30aa28c77391f9,True,True,112.32188421165236,64.74538178723068,0.8633005682690831,1.9163009595577807,3.518501007389312,0.5865562363372179
div2k_validation,0820.png,0820_179015d765bb__awgn_30_seed-20260813,awgn,30,20260813,28.206003503266857,22,5367,768,512,393216,f9ff73486f5f2380ad6e93f7daa745a522206363f87b19c821c1c9af74d8c9f7,opencv_444,f6673e301575d77826e2e2a0bfc4fc8a81f76c42e16d7de3c38d58c4390d5b21,073abd496b427fca6c11302768c3f76f99365467e84cfc3debe05867c976acfe,0ec6dd9876c269c0832e0a64ab20c015c6c839d266e108c88b30aa28c77391f9,True,True,112.27657749894334,64.69871235280924,0.8645113397839553,1.9216435374180034,3.523152466724304,0.5853056902548449
div2k_validation,0820.png,0820_179015d765bb__awgn_30_seed-20260813,awgn,30,20260813,28.206003503266857,27,4736,768,512,393216,f9ff73486f5f2380ad6e93f7daa745a522206363f87b19c821c1c9af74d8c9f7,opencv_444,f6673e301575d77826e2e2a0bfc4fc8a81f76c42e16d7de3c38d58c4390d5b21,073abd496b427fca6c11302768c3f76f99365467e84cfc3debe05867c976acfe,0ec6dd9876c269c0832e0a64ab20c015c6c839d266e108c88b30aa28c77391f9,True,True,112.27657749894334,64.69871235280924,0.8645113397839553,1.9216435374180034,3.523152466724304,0.5853056902548449
div2k_validation,0820.png,0820_179015d765bb__awgn_30_seed-20260813,awgn,30,20260813,28.206003503266857,32,4234,768,512,393216,f9ff73486f5f2380ad6e93f7daa745a522206363f87b19c821c1c9af74d8c9f7,opencv_444,f6673e301575d77826e2e2a0bfc4fc8a81f76c42e16d7de3c38d58c4390d5b21,073abd496b427fca6c11302768c3f76f99365467e84cfc3debe05867c976acfe,0ec6dd9876c269c0832e0a64ab20c015c6c839d266e108c88b30aa28c77391f9,True,True,112.27657749894334,64.69871235280924,0.8645113397839553,1.9216435374180034,3.523152466724304,0.5853056902548449
div2k_validation,0820.png,0820_179015d765bb__awgn_30_seed-20260813,awgn,30,20260813,28.206003503266857,37,4143,768,512,393216,f9ff73486f5f2380ad6e93f7daa745a522206363f87b19c821c1c9af74d8c9f7,opencv_444,f6673e301575d77826e2e2a0bfc4fc8a81f76c42e16d7de3c38d58c4390d5b21,073abd496b427fca6c11302768c3f76f99365467e84cfc3debe05867c976acfe,0ec6dd9876c269c0832e0a64ab20c015c6c839d266e108c88b30aa28c77391f9,True,True,112.27657749894334,64.69871235280924,0.8645113397839553,1.9216435374180034,3.523152466724304,0.5853056902548449
div2k_validation,0820.png,0820_179015d765bb__clean_0,clean,0,,0.0,22,7641,768,512,393216,179015d765bb51921d0e858b6e29d2c2c56f4558cf09858541c51e8db82963bc,opencv_444,f6673e301575d77826e2e2a0bfc4fc8a81f76c42e16d7de3c38d58c4390d5b21,073abd496b427fca6c11302768c3f76f99365467e84cfc3debe05867c976acfe,0ec6dd9876c269c0832e0a64ab20c015c6c839d266e108c88b30aa28c77391f9,True,True,116.90079230243884,60.9221616020543,0.37360108534275327,0.49599617398052814,2.694965194310761,0.8632241478472508
div2k_validation,0820.png,0820_179015d765bb__clean_0,clean,0,,0.0,27,6395,768,512,393216,179015d765bb51921d0e858b6e29d2c2c56f4558cf09858541c51e8db82963bc,opencv_444,f6673e301575d77826e2e2a0bfc4fc8a81f76c42e16d7de3c38d58c4390d5b21,073abd496b427fca6c11302768c3f76f99365467e84cfc3debe05867c976acfe,0ec6dd9876c269c0832e0a64ab20c015c6c839d266e108c88b30aa28c77391f9,True,True,116.90079230243884,60.9221616020543,0.37360108534275327,0.49599617398052814,2.694965194310761,0.8632241478472508
div2k_validation,0820.png,0820_179015d765bb__clean_0,clean,0,,0.0,32,4992,768,512,393216,179015d765bb51921d0e858b6e29d2c2c56f4558cf09858541c51e8db82963bc,opencv_444,f6673e301575d77826e2e2a0bfc4fc8a81f76c42e16d7de3c38d58c4390d5b21,073abd496b427fca6c11302768c3f76f99365467e84cfc3debe05867c976acfe,0ec6dd9876c269c0832e0a64ab20c015c6c839d266e108c88b30aa28c77391f9,True,True,116.90079230243884,60.9221616020543,0.37360108534275327,0.49599617398052814,2.694965194310761,0.8632241478472508
div2k_validation,0820.png,0820_179015d765bb__clean_0,clean,0,,0.0,37,3715,768,512,393216,179015d765bb51921d0e858b6e29d2c2c56f4558cf09858541c51e8db82963bc,opencv_444,f6673e301575d77826e2e2a0bfc4fc8a81f76c42e16d7de3c38d58c4390d5b21,073abd496b427fca6c11302768c3f76f99365467e84cfc3debe05867c976acfe,0ec6dd9876c269c0832e0a64ab20c015c6c839d266e108c88b30aa28c77391f9,True,True,116.90079230243884,60.9221616020543,0.37360108534275327,0.49599617398052814,2.694965194310761,0.8632241478472508
div2k_validation,0824.png,0824_9cc33d590aa5__awgn_30_seed-20260811,awgn,30,20260811,28.207043060890523,22,6040,768,512,393216,c4c43c4ff69992f49f13d3661d86b3c0c9d7bca130a80597075709d731a4836a,opencv_444,f6673e301575d77826e2e2a0bfc4fc8a81f76c42e16d7de3c38d58c4390d5b21,073abd496b427fca6c11302768c3f76f99365467e84cfc3debe05867c976acfe,0ec6dd9876c269c0832e0a64ab20c015c6c839d266e108c88b30aa28c77391f9,True,True,131.00771110052543,77.64488809165127,0.8831208723698356,2.2261931393290726,3.6416827866538286,0.5581174139170149
div2k_validation,0824.png,0824_9cc33d590aa5__awgn_30_seed-20260811,awgn,30,20260811,28.207043060890523,27,5676,768,512,393216,c4c43c4ff69992f49f13d3661d86b3c0c9d7bca130a80597075709d731a4836a,opencv_444,f6673e301575d77826e2e2a0bfc4fc8a81f76c42e16d7de3c38d58c4390d5b21,073abd496b427fca6c11302768c3f76f99365467e84cfc3debe05867c976acfe,0ec6dd9876c269c0832e0a64ab20c015c6c839d266e108c88b30aa28c77391f9,True,True,131.00771110052543,77.64488809165127,0.8831208723698356,2.2261931393290726,3.6416827866538286,0.5581174139170149
div2k_validation,0824.png,0824_9cc33d590aa5__awgn_30_seed-20260811,awgn,30,20260811,28.207043060890523,32,4804,768,512,393216,c4c43c4ff69992f49f13d3661d86b3c0c9d7bca130a80597075709d731a4836a,opencv_444,f6673e301575d77826e2e2a0bfc4fc8a81f76c42e16d7de3c38d58c4390d5b21,073abd496b427fca6c11302768c3f76f99365467e84cfc3debe05867c976acfe,0ec6dd9876c269c0832e0a64ab20c015c6c839d266e108c88b30aa28c77391f9,True,True,131.00771110052543,77.64488809165127,0.8831208723698356,2.2261931393290726,3.6416827866538286,0.5581174139170149
div2k_validation,0824.png,0824_9cc33d590aa5__awgn_30_seed-20260811,awgn,30,20260811,28.207043060890523,37,4591,768,512,393216,c4c43c4ff69992f49f13d3661d86b3c0c9d7bca130a80597075709d731a4836a,opencv_444,f6673e301575d77826e2e2a0bfc4fc8a81f76c42e16d7de3c38d58c4390d5b21,073abd496b427fca6c11302768c3f76f99365467e84cfc3debe05867c976acfe,0ec6dd9876c269c0832e0a64ab20c015c6c839d266e108c88b30aa28c77391f9,True,True,131.00771110052543,77.64488809165127,0.8831208723698356,2.2261931393290726,3.6416827866538286,0.5581174139170149
div2k_validation,0824.png,0824_9cc33d590aa5__awgn_30_seed-20260812,awgn,30,20260812,28.17457630523758,22,5690,768,512,393216,293ed011394a4922694bef289ed69854311cac9aa76f4f9821bc8cb88f221627,opencv_444,f6673e301575d77826e2e2a0bfc4fc8a81f76c42e16d7de3c38d58c4390d5b21,073abd496b427fca6c11302768c3f76f99365467e84cfc3debe05867c976acfe,0ec6dd9876c269c0832e0a64ab20c015c6c839d266e108c88b30aa28c77391f9,True,True,131.0579920080408,77.71071132010086,0.8830056826908309,2.228356026463463,3.6407625728512896,0.5579022261863442
div2k_validation,0824.png,0824_9cc33d590aa5__awgn_30_seed-20260812,awgn,30,20260812,28.17457630523758,27,5619,768,512,393216,293ed011394a4922694bef289ed69854311cac9aa76f4f9821bc8cb88f221627,opencv_444,f6673e301575d77826e2e2a0bfc4fc8a81f76c42e16d7de3c38d58c4390d5b21,073abd496b427fca6c11302768c3f76f99365467e84cfc3debe05867c976acfe,0ec6dd9876c269c0832e0a64ab20c015c6c839d266e108c88b30aa28c77391f9,True,True,131.0579920080408,77.71071132010086,0.8830056826908309,2.228356026463463,3.6407625728512896,0.5579022261863442
div2k_validation,0824.png,0824_9cc33d590aa5__awgn_30_seed-20260812,awgn,30,20260812,28.17457630523758,32,4875,768,512,393216,293ed011394a4922694bef289ed69854311cac9aa76f4f9821bc8cb88f221627,opencv_444,f6673e301575d77826e2e2a0bfc4fc8a81f76c42e16d7de3c38d58c4390d5b21,073abd496b427fca6c11302768c3f76f99365467e84cfc3debe05867c976acfe,0ec6dd9876c269c0832e0a64ab20c015c6c839d266e108c88b30aa28c77391f9,True,True,131.0579920080408,77.71071132010086,0.8830056826908309,2.228356026463463,3.6407625728512896,0.5579022261863442
div2k_validation,0824.png,0824_9cc33d590aa5__awgn_30_seed-20260812,awgn,30,20260812,28.17457630523758,37,4827,768,512,393216,293ed011394a4922694bef289ed69854311cac9aa76f4f9821bc8cb88f221627,opencv_444,f6673e301575d77826e2e2a0bfc4fc8a81f76c42e16d7de3c38d58c4390d5b21,073abd496b427fca6c11302768c3f76f99365467e84cfc3debe05867c976acfe,0ec6dd9876c269c0832e0a64ab20c015c6c839d266e108c88b30aa28c77391f9,True,True,131.0579920080408,77.71071132010086,0.8830056826908309,2.228356026463463,3.6407625728512896,0.5579022261863442
div2k_validation,0824.png,0824_9cc33d590aa5__awgn_30_seed-20260813,awgn,30,20260813,28.23241122322669,22,5949,768,512,393216,4207a3fbacf4dcf6d92d03b1ec68bf25f20939af9da2815c71682e38610bd13a,opencv_444,f6673e301575d77826e2e2a0bfc4fc8a81f76c42e16d7de3c38d58c4390d5b21,073abd496b427fca6c11302768c3f76f99365467e84cfc3debe05867c976acfe,0ec6dd9876c269c0832e0a64ab20c015c6c839d266e108c88b30aa28c77391f9,True,True,131.0962351658993,77.72551064291153,0.8833589310397788,2.231114288483651,3.641672952222434,0.5579284780152902
div2k_validation,0824.png,0824_9cc33d590aa5__awgn_30_seed-20260813,awgn,30,20260813,28.23241122322669,27,5964,768,512,393216,4207a3fbacf4dcf6d92d03b1ec68bf25f20939af9da2815c71682e38610bd13a,opencv_444,f6673e301575d77826e2e2a0bfc4fc8a81f76c42e16d7de3c38d58c4390d5b21,073abd496b427fca6c11302768c3f76f99365467e84cfc3debe05867c976acfe,0ec6dd9876c269c0832e0a64ab20c015c6c839d266e108c88b30aa28c77391f9,True,True,131.0962351658993,77.72551064291153,0.8833589310397788,2.231114288483651,3.641672952222434,0.5579284780152902
div2k_validation,0824.png,0824_9cc33d590aa5__awgn_30_seed-20260813,awgn,30,20260813,28.23241122322669,32,4885,768,512,393216,4207a3fbacf4dcf6d92d03b1ec68bf25f20939af9da2815c71682e38610bd13a,opencv_444,f6673e301575d77826e2e2a0bfc4fc8a81f76c42e16d7de3c38d58c4390d5b21,073abd496b427fca6c11302768c3f76f99365467e84cfc3debe05867c976acfe,0ec6dd9876c269c0832e0a64ab20c015c6c839d266e108c88b30aa28c77391f9,True,True,131.0962351658993,77.72551064291153,0.8833589310397788,2.231114288483651,3.641672952222434,0.5579284780152902
div2k_validation,0824.png,0824_9cc33d590aa5__awgn_30_seed-20260813,awgn,30,20260813,28.23241122322669,37,4898,768,512,393216,4207a3fbacf4dcf6d92d03b1ec68bf25f20939af9da2815c71682e38610bd13a,opencv_444,f6673e301575d77826e2e2a0bfc4fc8a81f76c42e16d7de3c38d58c4390d5b21,073abd496b427fca6c11302768c3f76f99365467e84cfc3debe05867c976acfe,0ec6dd9876c269c0832e0a64ab20c015c6c839d266e108c88b30aa28c77391f9,True,True,131.0962351658993,77.72551064291153,0.8833589310397788,2.231114288483651,3.641672952222434,0.5579284780152902
div2k_validation,0824.png,0824_9cc33d590aa5__clean_0,clean,0,,0.0,22,7941,768,512,393216,9cc33d590aa50a7e2f3fa2a75a01c7057dc3c00928515d06e76d1357a4fbc927,opencv_444,f6673e301575d77826e2e2a0bfc4fc8a81f76c42e16d7de3c38d58c4390d5b21,073abd496b427fca6c11302768c3f76f99365467e84cfc3debe05867c976acfe,0ec6dd9876c269c0832e0a64ab20c015c6c839d266e108c88b30aa28c77391f9,True,True,141.16074154814604,73.81011569083485,0.41391491322377516,0.8470861801217681,2.847817515918185,0.818806137429152
div2k_validation,0824.png,0824_9cc33d590aa5__clean_0,clean,0,,0.0,27,7240,768,512,393216,9cc33d590aa50a7e2f3fa2a75a01c7057dc3c00928515d06e76d1357a4fbc927,opencv_444,f6673e301575d77826e2e2a0bfc4fc8a81f76c42e16d7de3c38d58c4390d5b21,073abd496b427fca6c11302768c3f76f99365467e84cfc3debe05867c976acfe,0ec6dd9876c269c0832e0a64ab20c015c6c839d266e108c88b30aa28c77391f9,True,True,141.16074154814604,73.81011569083485,0.41391491322377516,0.8470861801217681,2.847817515918185,0.818806137429152
div2k_validation,0824.png,0824_9cc33d590aa5__clean_0,clean,0,,0.0,32,6389,768,512,393216,9cc33d590aa50a7e2f3fa2a75a01c7057dc3c00928515d06e76d1357a4fbc927,opencv_444,f6673e301575d77826e2e2a0bfc4fc8a81f76c42e16d7de3c38d58c4390d5b21,073abd496b427fca6c11302768c3f76f99365467e84cfc3debe05867c976acfe,0ec6dd9876c269c0832e0a64ab20c015c6c839d266e108c88b30aa28c77391f9,True,True,141.16074154814604,73.81011569083485,0.41391491322377516,0.8470861801217681,2.847817515918185,0.818806137429152
div2k_validation,0824.png,0824_9cc33d590aa5__clean_0,clean,0,,0.0,37,5270,768,512,393216,9cc33d590aa50a7e2f3fa2a75a01c7057dc3c00928515d06e76d1357a4fbc927,opencv_444,f6673e301575d77826e2e2a0bfc4fc8a81f76c42e16d7de3c38d58c4390d5b21,073abd496b427fca6c11302768c3f76f99365467e84cfc3debe05867c976acfe,0ec6dd9876c269c0832e0a64ab20c015c6c839d266e108c88b30aa28c77391f9,True,True,141.16074154814604,73.81011569083485,0.41391491322377516,0.8470861801217681,2.847817515918185,0.818806137429152
div2k_validation,0825.png,0825_475c494bec57__awgn_30_seed-20260811,awgn,30,20260811,28.050375309301582,22,6683,768,512,393216,b345117867e6f7ff5b1a477f42bd8f2260911d5754183bffa912999d70525558,opencv_444,f6673e301575d77826e2e2a0bfc4fc8a81f76c42e16d7de3c38d58c4390d5b21,073abd496b427fca6c11302768c3f76f99365467e84cfc3debe05867c976acfe,0ec6dd9876c269c0832e0a64ab20c015c6c839d266e108c88b30aa28c77391f9,True,True,127.24906449516813,73.94244550778328,0.8684533865765628,2.044995719477078,3.629731897848315,0.5827450757361161
div2k_validation,0825.png,0825_475c494bec57__awgn_30_seed-20260811,awgn,30,20260811,28.050375309301582,27,6273,768,512,393216,b345117867e6f7ff5b1a477f42bd8f2260911d5754183bffa912999d70525558,opencv_444,f6673e301575d77826e2e2a0bfc4fc8a81f76c42e16d7de3c38d58c4390d5b21,073abd496b427fca6c11302768c3f76f99365467e84cfc3debe05867c976acfe,0ec6dd9876c269c0832e0a64ab20c015c6c839d266e108c88b30aa28c77391f9,True,True,127.24906449516813,73.94244550778328,0.8684533865765628,2.044995719477078,3.629731897848315,0.5827450757361161
div2k_validation,0825.png,0825_475c494bec57__awgn_30_seed-20260811,awgn,30,20260811,28.050375309301582,32,5270,768,512,393216,b345117867e6f7ff5b1a477f42bd8f2260911d5754183bffa912999d70525558,opencv_444,f6673e301575d77826e2e2a0bfc4fc8a81f76c42e16d7de3c38d58c4390d5b21,073abd496b427fca6c11302768c3f76f99365467e84cfc3debe05867c976acfe,0ec6dd9876c269c0832e0a64ab20c015c6c839d266e108c88b30aa28c77391f9,True,True,127.24906449516813,73.94244550778328,0.8684533865765628,2.044995719477078,3.629731897848315,0.5827450757361161
div2k_validation,0825.png,0825_475c494bec57__awgn_30_seed-20260811,awgn,30,20260811,28.050375309301582,37,5386,768,512,393216,b345117867e6f7ff5b1a477f42bd8f2260911d5754183bffa912999d70525558,opencv_444,f6673e301575d77826e2e2a0bfc4fc8a81f76c42e16d7de3c38d58c4390d5b21,073abd496b427fca6c11302768c3f76f99365467e84cfc3debe05867c976acfe,0ec6dd9876c269c0832e0a64ab20c015c6c839d266e108c88b30aa28c77391f9,True,True,127.24906449516813,73.94244550778328,0.8684533865765628,2.044995719477078,3.629731897848315,0.5827450757361161
div2k_validation,0825.png,0825_475c494bec57__awgn_30_seed-20260812,awgn,30,20260812,27.99193161565236,22,6482,768,512,393216,09ca7357d7cb619b5f4e3a0ee250a0f0b75e8979ac78bb0d6fa0ce9e2d970122,opencv_444,f6673e301575d77826e2e2a0bfc4fc8a81f76c42e16d7de3c38d58c4390d5b21,073abd496b427fca6c11302768c3f76f99365467e84cfc3debe05867c976acfe,0ec6dd9876c269c0832e0a64ab20c015c6c839d266e108c88b30aa28c77391f9,True,True,127.32474014322794,74.02739519661827,0.8684713049710746,2.0406625276218926,3.6283187540899453,0.5836856300757304
div2k_validation,0825.png,0825_475c494bec57__awgn_30_seed-20260812,awgn,30,20260812,27.99193161565236,27,6154,768,512,393216,09ca7357d7cb619b5f4e3a0ee250a0f0b75e8979ac78bb0d6fa0ce9e2d970122,opencv_444,f6673e301575d77826e2e2a0bfc4fc8a81f76c42e16d7de3c38d58c4390d5b21,073abd496b427fca6c11302768c3f76f99365467e84cfc3debe05867c976acfe,0ec6dd9876c269c0832e0a64ab20c015c6c839d266e108c88b30aa28c77391f9,True,True,127.32474014322794,74.02739519661827,0.8684713049710746,2.0406625276218926,3.6283187540899453,0.5836856300757304
div2k_validation,0825.png,0825_475c494bec57__awgn_30_seed-20260812,awgn,30,20260812,27.99193161565236,32,5283,768,512,393216,09ca7357d7cb619b5f4e3a0ee250a0f0b75e8979ac78bb0d6fa0ce9e2d970122,opencv_444,f6673e301575d77826e2e2a0bfc4fc8a81f76c42e16d7de3c38d58c4390d5b21,073abd496b427fca6c11302768c3f76f99365467e84cfc3debe05867c976acfe,0ec6dd9876c269c0832e0a64ab20c015c6c839d266e108c88b30aa28c77391f9,True,True,127.32474014322794,74.02739519661827,0.8684713049710746,2.0406625276218926,3.6283187540899453,0.5836856300757304
div2k_validation,0825.png,0825_475c494bec57__awgn_30_seed-20260812,awgn,30,20260812,27.99193161565236,37,5170,768,512,393216,09ca7357d7cb619b5f4e3a0ee250a0f0b75e8979ac78bb0d6fa0ce9e2d970122,opencv_444,f6673e301575d77826e2e2a0bfc4fc8a81f76c42e16d7de3c38d58c4390d5b21,073abd496b427fca6c11302768c3f76f99365467e84cfc3debe05867c976acfe,0ec6dd9876c269c0832e0a64ab20c015c6c839d266e108c88b30aa28c77391f9,True,True,127.32474014322794,74.02739519661827,0.8684713049710746,2.0406625276218926,3.6283187540899453,0.5836856300757304
div2k_validation,0825.png,0825_475c494bec57__awgn_30_seed-20260813,awgn,30,20260813,27.966648765925004,22,6619,768,512,393216,9cf450e0885fc0ea7d0020e68147ef6ba1132a222b1ae1f67327e1410e2b49db,opencv_444,f6673e301575d77826e2e2a0bfc4fc8a81f76c42e16d7de3c38d58c4390d5b21,073abd496b427fca6c11302768c3f76f99365467e84cfc3debe05867c976acfe,0ec6dd9876c269c0832e0a64ab20c015c6c839d266e108c88b30aa28c77391f9,True,True,127.15209751734454,74.00657634187867,0.8691880407515487,2.04287630840211,3.628713731654436,0.5833565704440435
div2k_validation,0825.png,0825_475c494bec57__awgn_30_seed-20260813,awgn,30,20260813,27.966648765925004,27,6209,768,512,393216,9cf450e0885fc0ea7d0020e68147ef6ba1132a222b1ae1f67327e1410e2b49db,opencv_444,f6673e301575d77826e2e2a0bfc4fc8a81f76c42e16d7de3c38d58c4390d5b21,073abd496b427fca6c11302768c3f76f99365467e84cfc3debe05867c976acfe,0ec6dd9876c269c0832e0a64ab20c015c6c839d266e108c88b30aa28c77391f9,True,True,127.15209751734454,74.00657634187867,0.8691880407515487,2.04287630840211,3.628713731654436,0.5833565704440435
div2k_validation,0825.png,0825_475c494bec57__awgn_30_seed-20260813,awgn,30,20260813,27.966648765925004,32,5235,768,512,393216,9cf450e0885fc0ea7d0020e68147ef6ba1132a222b1ae1f67327e1410e2b49db,opencv_444,f6673e301575d77826e2e2a0bfc4fc8a81f76c42e16d7de3c38d58c4390d5b21,073abd496b427fca6c11302768c3f76f99365467e84cfc3debe05867c976acfe,0ec6dd9876c269c0832e0a64ab20c015c6c839d266e108c88b30aa28c77391f9,True,True,127.15209751734454,74.00657634187867,0.8691880407515487,2.04287630840211,3.628713731654436,0.5833565704440435
div2k_validation,0825.png,0825_475c494bec57__awgn_30_seed-20260813,awgn,30,20260813,27.966648765925004,37,5189,768,512,393216,9cf450e0885fc0ea7d0020e68147ef6ba1132a222b1ae1f67327e1410e2b49db,opencv_444,f6673e301575d77826e2e2a0bfc4fc8a81f76c42e16d7de3c38d58c4390d5b21,073abd496b427fca6c11302768c3f76f99365467e84cfc3debe05867c976acfe,0ec6dd9876c269c0832e0a64ab20c015c6c839d266e108c88b30aa28c77391f9,True,True,127.15209751734454,74.00657634187867,0.8691880407515487,2.04287630840211,3.628713731654436,0.5833565704440435
div2k_validation,0825.png,0825_475c494bec57__clean_0,clean,0,,0.0,22,9377,768,512,393216,475c494bec5708c6a3847b42dc4957ed57532dc04f3b3211562de4911c238a8d,opencv_444,f6673e301575d77826e2e2a0bfc4fc8a81f76c42e16d7de3c38d58c4390d5b21,073abd496b427fca6c11302768c3f76f99365467e84cfc3debe05867c976acfe,0ec6dd9876c269c0832e0a64ab20c015c6c839d266e108c88b30aa28c77391f9,True,True,133.1731659286595,71.46549998285772,0.4619259714329596,0.688512145071439,2.9581747853610976,0.83498688552061
div2k_validation,0825.png,0825_475c494bec57__clean_0,clean,0,,0.0,27,8205,768,512,393216,475c494bec5708c6a3847b42dc4957ed57532dc04f3b3211562de4911c238a8d,opencv_444,f6673e301575d77826e2e2a0bfc4fc8a81f76c42e16d7de3c38d58c4390d5b21,073abd496b427fca6c11302768c3f76f99365467e84cfc3debe05867c976acfe,0ec6dd9876c269c0832e0a64ab20c015c6c839d266e108c88b30aa28c77391f9,True,True,133.1731659286595,71.46549998285772,0.4619259714329596,0.688512145071439,2.9581747853610976,0.83498688552061
div2k_validation,0825.png,0825_475c494bec57__clean_0,clean,0,,0.0,32,6800,768,512,393216,475c494bec5708c6a3847b42dc4957ed57532dc04f3b3211562de4911c238a8d,opencv_444,f6673e301575d77826e2e2a0bfc4fc8a81f76c42e16d7de3c38d58c4390d5b21,073abd496b427fca6c11302768c3f76f99365467e84cfc3debe05867c976acfe,0ec6dd9876c269c0832e0a64ab20c015c6c839d266e108c88b30aa28c77391f9,True,True,133.1731659286595,71.46549998285772,0.4619259714329596,0.688512145071439,2.9581747853610976,0.83498688552061
div2k_validation,0825.png,0825_475c494bec57__clean_0,clean,0,,0.0,37,5206,768,512,393216,475c494bec5708c6a3847b42dc4957ed57532dc04f3b3211562de4911c238a8d,opencv_444,f6673e301575d77826e2e2a0bfc4fc8a81f76c42e16d7de3c38d58c4390d5b21,073abd496b427fca6c11302768c3f76f99365467e84cfc3debe05867c976acfe,0ec6dd9876c269c0832e0a64ab20c015c6c839d266e108c88b30aa28c77391f9,True,True,133.1731659286595,71.46549998285772,0.4619259714329596,0.688512145071439,2.9581747853610976,0.83498688552061
div2k_validation,0827.png,0827_378830cf9b00__awgn_30_seed-20260811,awgn,30,20260811,26.95342122233055,22,4036,768,512,393216,4d0572b0a3bf8b2eb7193544ca0b4bd3295a220572f575421ce118ef7b0ee216,opencv_444,f6673e301575d77826e2e2a0bfc4fc8a81f76c42e16d7de3c38d58c4390d5b21,073abd496b427fca6c11302768c3f76f99365467e84cfc3debe05867c976acfe,0ec6dd9876c269c0832e0a64ab20c015c6c839d266e108c88b30aa28c77391f9,True,True,80.24640225109593,40.63536576419398,0.8286156760354272,1.4124053077115497,2.7039400987452984,0.6328926405847382
div2k_validation,0827.png,0827_378830cf9b00__awgn_30_seed-20260811,awgn,30,20260811,26.95342122233055,27,3580,768,512,393216,4d0572b0a3bf8b2eb7193544ca0b4bd3295a220572f575421ce118ef7b0ee216,opencv_444,f6673e301575d77826e2e2a0bfc4fc8a81f76c42e16d7de3c38d58c4390d5b21,073abd496b427fca6c11302768c3f76f99365467e84cfc3debe05867c976acfe,0ec6dd9876c269c0832e0a64ab20c015c6c839d266e108c88b30aa28c77391f9,True,True,80.24640225109593,40.63536576419398,0.8286156760354272,1.4124053077115497,2.7039400987452984,0.6328926405847382
div2k_validation,0827.png,0827_378830cf9b00__awgn_30_seed-20260811,awgn,30,20260811,26.95342122233055,32,3087,768,512,393216,4d0572b0a3bf8b2eb7193544ca0b4bd3295a220572f575421ce118ef7b0ee216,opencv_444,f6673e301575d77826e2e2a0bfc4fc8a81f76c42e16d7de3c38d58c4390d5b21,073abd496b427fca6c11302768c3f76f99365467e84cfc3debe05867c976acfe,0ec6dd9876c269c0832e0a64ab20c015c6c839d266e108c88b30aa28c77391f9,True,True,80.24640225109593,40.63536576419398,0.8286156760354272,1.4124053077115497,2.7039400987452984,0.6328926405847382
div2k_validation,0827.png,0827_378830cf9b00__awgn_30_seed-20260811,awgn,30,20260811,26.95342122233055,37,3033,768,512,393216,4d0572b0a3bf8b2eb7193544ca0b4bd3295a220572f575421ce118ef7b0ee216,opencv_444,f6673e301575d77826e2e2a0bfc4fc8a81f76c42e16d7de3c38d58c4390d5b21,073abd496b427fca6c11302768c3f76f99365467e84cfc3debe05867c976acfe,0ec6dd9876c269c0832e0a64ab20c015c6c839d266e108c88b30aa28c77391f9,True,True,80.24640225109593,40.63536576419398,0.8286156760354272,1.4124053077115497,2.7039400987452984,0.6328926405847382
div2k_validation,0827.png,0827_378830cf9b00__awgn_30_seed-20260812,awgn,30,20260812,26.997575391999785,22,3785,768,512,393216,b8404d86cbda5102965d318dda42b371d07b3d72e275d1728e07cc18bd160730,opencv_444,f6673e301575d77826e2e2a0bfc4fc8a81f76c42e16d7de3c38d58c4390d5b21,073abd496b427fca6c11302768c3f76f99365467e84cfc3debe05867c976acfe,0ec6dd9876c269c0832e0a64ab20c015c6c839d266e108c88b30aa28c77391f9,True,True,80.23980339318504,40.584768156020594,0.8287564634208775,1.4156253221679282,2.7068958361831177,0.632567903697995
div2k_validation,0827.png,0827_378830cf9b00__awgn_30_seed-20260812,awgn,30,20260812,26.997575391999785,27,3644,768,512,393216,b8404d86cbda5102965d318dda42b371d07b3d72e275d1728e07cc18bd160730,opencv_444,f6673e301575d77826e2e2a0bfc4fc8a81f76c42e16d7de3c38d58c4390d5b21,073abd496b427fca6c11302768c3f76f99365467e84cfc3debe05867c976acfe,0ec6dd9876c269c0832e0a64ab20c015c6c839d266e108c88b30aa28c77391f9,True,True,80.23980339318504,40.584768156020594,0.8287564634208775,1.4156253221679282,2.7068958361831177,0.632567903697995
div2k_validation,0827.png,0827_378830cf9b00__awgn_30_seed-20260812,awgn,30,20260812,26.997575391999785,32,2881,768,512,393216,b8404d86cbda5102965d318dda42b371d07b3d72e275d1728e07cc18bd160730,opencv_444,f6673e301575d77826e2e2a0bfc4fc8a81f76c42e16d7de3c38d58c4390d5b21,073abd496b427fca6c11302768c3f76f99365467e84cfc3debe05867c976acfe,0ec6dd9876c269c0832e0a64ab20c015c6c839d266e108c88b30aa28c77391f9,True,True,80.23980339318504,40.584768156020594,0.8287564634208775,1.4156253221679282,2.7068958361831177,0.632567903697995
div2k_validation,0827.png,0827_378830cf9b00__awgn_30_seed-20260812,awgn,30,20260812,26.997575391999785,37,2933,768,512,393216,b8404d86cbda5102965d318dda42b371d07b3d72e275d1728e07cc18bd160730,opencv_444,f6673e301575d77826e2e2a0bfc4fc8a81f76c42e16d7de3c38d58c4390d5b21,073abd496b427fca6c11302768c3f76f99365467e84cfc3debe05867c976acfe,0ec6dd9876c269c0832e0a64ab20c015c6c839d266e108c88b30aa28c77391f9,True,True,80.23980339318504,40.584768156020594,0.8287564634208775,1.4156253221679282,2.7068958361831177,0.632567903697995
div2k_validation,0827.png,0827_378830cf9b00__awgn_30_seed-20260813,awgn,30,20260813,26.95586390635604,22,3944,768,512,393216,8f49b6c6e81fd4db96c972c62e8e2476c3c25104111f7c00c69cd72d021d72ab,opencv_444,f6673e301575d77826e2e2a0bfc4fc8a81f76c42e16d7de3c38d58c4390d5b21,073abd496b427fca6c11302768c3f76f99365467e84cfc3debe05867c976acfe,0ec6dd9876c269c0832e0a64ab20c015c6c839d266e108c88b30aa28c77391f9,True,True,80.50288599986338,40.610906108361156,0.8288614140173041,1.4077444783822348,2.7043848909367396,0.6336503449265991
div2k_validation,0827.png,0827_378830cf9b00__awgn_30_seed-20260813,awgn,30,20260813,26.95586390635604,27,3545,768,512,393216,8f49b6c6e81fd4db96c972c62e8e2476c3c25104111f7c00c69cd72d021d72ab,opencv_444,f6673e301575d77826e2e2a0bfc4fc8a81f76c42e16d7de3c38d58c4390d5b21,073abd496b427fca6c11302768c3f76f99365467e84cfc3debe05867c976acfe,0ec6dd9876c269c0832e0a64ab20c015c6c839d266e108c88b30aa28c77391f9,True,True,80.50288599986338,40.610906108361156,0.8288614140173041,1.4077444783822348,2.7043848909367396,0.6336503449265991
div2k_validation,0827.png,0827_378830cf9b00__awgn_30_seed-20260813,awgn,30,20260813,26.95586390635604,32,3029,768,512,393216,8f49b6c6e81fd4db96c972c62e8e2476c3c25104111f7c00c69cd72d021d72ab,opencv_444,f6673e301575d77826e2e2a0bfc4fc8a81f76c42e16d7de3c38d58c4390d5b21,073abd496b427fca6c11302768c3f76f99365467e84cfc3debe05867c976acfe,0ec6dd9876c269c0832e0a64ab20c015c6c839d266e108c88b30aa28c77391f9,True,True,80.50288599986338,40.610906108361156,0.8288614140173041,1.4077444783822348,2.7043848909367396,0.6336503449265991
div2k_validation,0827.png,0827_378830cf9b00__awgn_30_seed-20260813,awgn,30,20260813,26.95586390635604,37,2871,768,512,393216,8f49b6c6e81fd4db96c972c62e8e2476c3c25104111f7c00c69cd72d021d72ab,opencv_444,f6673e301575d77826e2e2a0bfc4fc8a81f76c42e16d7de3c38d58c4390d5b21,073abd496b427fca6c11302768c3f76f99365467e84cfc3debe05867c976acfe,0ec6dd9876c269c0832e0a64ab20c015c6c839d266e108c88b30aa28c77391f9,True,True,80.50288599986338,40.610906108361156,0.8288614140173041,1.4077444783822348,2.7043848909367396,0.6336503449265991
div2k_validation,0827.png,0827_378830cf9b00__clean_0,clean,0,,0.0,22,3774,768,512,393216,378830cf9b00885754daef8959496b9a44d53e92812c7ff44f169520b6b41c55,opencv_444,f6673e301575d77826e2e2a0bfc4fc8a81f76c42e16d7de3c38d58c4390d5b21,073abd496b427fca6c11302768c3f76f99365467e84cfc3debe05867c976acfe,0ec6dd9876c269c0832e0a64ab20c015c6c839d266e108c88b30aa28c77391f9,True,True,66.4937141312653,32.33629834992541,0.12800901039266882,0.2103645618388606,1.7632764984687663,0.9237791589920268
div2k_validation,0827.png,0827_378830cf9b00__clean_0,clean,0,,0.0,27,2602,768,512,393216,378830cf9b00885754daef8959496b9a44d53e92812c7ff44f169520b6b41c55,opencv_444,f6673e301575d77826e2e2a0bfc4fc8a81f76c42e16d7de3c38d58c4390d5b21,073abd496b427fca6c11302768c3f76f99365467e84cfc3debe05867c976acfe,0ec6dd9876c269c0832e0a64ab20c015c6c839d266e108c88b30aa28c77391f9,True,True,66.4937141312653,32.33629834992541,0.12800901039266882,0.2103645618388606,1.7632764984687663,0.9237791589920268
div2k_validation,0827.png,0827_378830cf9b00__clean_0,clean,0,,0.0,32,1823,768,512,393216,378830cf9b00885754daef8959496b9a44d53e92812c7ff44f169520b6b41c55,opencv_444,f6673e301575d77826e2e2a0bfc4fc8a81f76c42e16d7de3c38d58c4390d5b21,073abd496b427fca6c11302768c3f76f99365467e84cfc3debe05867c976acfe,0ec6dd9876c269c0832e0a64ab20c015c6c839d266e108c88b30aa28c77391f9,True,True,66.4937141312653,32.33629834992541,0.12800901039266882,0.2103645618388606,1.7632764984687663,0.9237791589920268
div2k_validation,0827.png,0827_378830cf9b00__clean_0,clean,0,,0.0,37,1189,768,512,393216,378830cf9b00885754daef8959496b9a44d53e92812c7ff44f169520b6b41c55,opencv_444,f6673e301575d77826e2e2a0bfc4fc8a81f76c42e16d7de3c38d58c4390d5b21,073abd496b427fca6c11302768c3f76f99365467e84cfc3debe05867c976acfe,0ec6dd9876c269c0832e0a64ab20c015c6c839d266e108c88b30aa28c77391f9,True,True,66.4937141312653,32.33629834992541,0.12800901039266882,0.2103645618388606,1.7632764984687663,0.9237791589920268
div2k_validation,0831.png,0831_e9802403d175__awgn_30_seed-20260811,awgn,30,20260811,28.64152620614263,22,4337,768,512,393216,cbf8067714d26d7998eadf8dbeffcc4b1232a025dffc22ecbaa41741bd18fbb4,opencv_444,f6673e301575d77826e2e2a0bfc4fc8a81f76c42e16d7de3c38d58c4390d5b21,073abd496b427fca6c11302768c3f76f99365467e84cfc3debe05867c976acfe,0ec6dd9876c269c0832e0a64ab20c015c6c839d266e108c88b30aa28c77391f9,True,True,92.78968877989922,60.44218395124205,0.8671402242359084,1.9078151069938376,3.5768778457124712,0.5672024966356759
div2k_validation,0831.png,0831_e9802403d175__awgn_30_seed-20260811,awgn,30,20260811,28.64152620614263,27,4375,768,512,393216,cbf8067714d26d7998eadf8dbeffcc4b1232a025dffc22ecbaa41741bd18fbb4,opencv_444,f6673e301575d77826e2e2a0bfc4fc8a81f76c42e16d7de3c38d58c4390d5b21,073abd496b427fca6c11302768c3f76f99365467e84cfc3debe05867c976acfe,0ec6dd9876c269c0832e0a64ab20c015c6c839d266e108c88b30aa28c77391f9,True,True,92.78968877989922,60.44218395124205,0.8671402242359084,1.9078151069938376,3.5768778457124712,0.5672024966356759
div2k_validation,0831.png,0831_e9802403d175__awgn_30_seed-20260811,awgn,30,20260811,28.64152620614263,32,3415,768,512,393216,cbf8067714d26d7998eadf8dbeffcc4b1232a025dffc22ecbaa41741bd18fbb4,opencv_444,f6673e301575d77826e2e2a0bfc4fc8a81f76c42e16d7de3c38d58c4390d5b21,073abd496b427fca6c11302768c3f76f99365467e84cfc3debe05867c976acfe,0ec6dd9876c269c0832e0a64ab20c015c6c839d266e108c88b30aa28c77391f9,True,True,92.78968877989922,60.44218395124205,0.8671402242359084,1.9078151069938376,3.5768778457124712,0.5672024966356759
div2k_validation,0831.png,0831_e9802403d175__awgn_30_seed-20260811,awgn,30,20260811,28.64152620614263,37,3401,768,512,393216,cbf8067714d26d7998eadf8dbeffcc4b1232a025dffc22ecbaa41741bd18fbb4,opencv_444,f6673e301575d77826e2e2a0bfc4fc8a81f76c42e16d7de3c38d58c4390d5b21,073abd496b427fca6c11302768c3f76f99365467e84cfc3debe05867c976acfe,0ec6dd9876c269c0832e0a64ab20c015c6c839d266e108c88b30aa28c77391f9,True,True,92.78968877989922,60.44218395124205,0.8671402242359084,1.9078151069938376,3.5768778457124712,0.5672024966356759
div2k_validation,0831.png,0831_e9802403d175__awgn_30_seed-20260812,awgn,30,20260812,28.65003589852011,22,4488,768,512,393216,2c19481eea170f94618017ca991ec6d8adbe2b1cae3a583f83568e0354ec4d9a,opencv_444,f6673e301575d77826e2e2a0bfc4fc8a81f76c42e16d7de3c38d58c4390d5b21,073abd496b427fca6c11302768c3f76f99365467e84cfc3debe05867c976acfe,0ec6dd9876c269c0832e0a64ab20c015c6c839d266e108c88b30aa28c77391f9,True,True,92.49190586577757,60.39609139848339,0.8671632621717095,1.899990451985773,3.5754171382227953,0.5679513605019433
div2k_validation,0831.png,0831_e9802403d175__awgn_30_seed-20260812,awgn,30,20260812,28.65003589852011,27,4128,768,512,393216,2c19481eea170f94618017ca991ec6d8adbe2b1cae3a583f83568e0354ec4d9a,opencv_444,f6673e301575d77826e2e2a0bfc4fc8a81f76c42e16d7de3c38d58c4390d5b21,073abd496b427fca6c11302768c3f76f99365467e84cfc3debe05867c976acfe,0ec6dd9876c269c0832e0a64ab20c015c6c839d266e108c88b30aa28c77391f9,True,True,92.49190586577757,60.39609139848339,0.8671632621717095,1.899990451985773,3.5754171382227953,0.5679513605019433
div2k_validation,0831.png,0831_e9802403d175__awgn_30_seed-20260812,awgn,30,20260812,28.65003589852011,32,3538,768,512,393216,2c19481eea170f94618017ca991ec6d8adbe2b1cae3a583f83568e0354ec4d9a,opencv_444,f6673e301575d77826e2e2a0bfc4fc8a81f76c42e16d7de3c38d58c4390d5b21,073abd496b427fca6c11302768c3f76f99365467e84cfc3debe05867c976acfe,0ec6dd9876c269c0832e0a64ab20c015c6c839d266e108c88b30aa28c77391f9,True,True,92.49190586577757,60.39609139848339,0.8671632621717095,1.899990451985773,3.5754171382227953,0.5679513605019433
div2k_validation,0831.png,0831_e9802403d175__awgn_30_seed-20260812,awgn,30,20260812,28.65003589852011,37,3476,768,512,393216,2c19481eea170f94618017ca991ec6d8adbe2b1cae3a583f83568e0354ec4d9a,opencv_444,f6673e301575d77826e2e2a0bfc4fc8a81f76c42e16d7de3c38d58c4390d5b21,073abd496b427fca6c11302768c3f76f99365467e84cfc3debe05867c976acfe,0ec6dd9876c269c0832e0a64ab20c015c6c839d266e108c88b30aa28c77391f9,True,True,92.49190586577757,60.39609139848339,0.8671632621717095,1.899990451985773,3.5754171382227953,0.5679513605019433
div2k_validation,0831.png,0831_e9802403d175__awgn_30_seed-20260813,awgn,30,20260813,28.61366849496204,22,4304,768,512,393216,0a81371fa73f7db0fdc60dc74030eabfdb04ab1c0049b87dd9dd01a80f5a8a75,opencv_444,f6673e301575d77826e2e2a0bfc4fc8a81f76c42e16d7de3c38d58c4390d5b21,073abd496b427fca6c11302768c3f76f99365467e84cfc3debe05867c976acfe,0ec6dd9876c269c0832e0a64ab20c015c6c839d266e108c88b30aa28c77391f9,True,True,92.46061530793165,60.4422805536514,0.866277581528695,1.897646967676725,3.574842536071524,0.5684895810958461
div2k_validation,0831.png,0831_e9802403d175__awgn_30_seed-20260813,awgn,30,20260813,28.61366849496204,27,4283,768,512,393216,0a81371fa73f7db0fdc60dc74030eabfdb04ab1c0049b87dd9dd01a80f5a8a75,opencv_444,f6673e301575d77826e2e2a0bfc4fc8a81f76c42e16d7de3c38d58c4390d5b21,073abd496b427fca6c11302768c3f76f99365467e84cfc3debe05867c976acfe,0ec6dd9876c269c0832e0a64ab20c015c6c839d266e108c88b30aa28c77391f9,True,True,92.46061530793165,60.4422805536514,0.866277581528695,1.897646967676725,3.574842536071524,0.5684895810958461
div2k_validation,0831.png,0831_e9802403d175__awgn_30_seed-20260813,awgn,30,20260813,28.61366849496204,32,3484,768,512,393216,0a81371fa73f7db0fdc60dc74030eabfdb04ab1c0049b87dd9dd01a80f5a8a75,opencv_444,f6673e301575d77826e2e2a0bfc4fc8a81f76c42e16d7de3c38d58c4390d5b21,073abd496b427fca6c11302768c3f76f99365467e84cfc3debe05867c976acfe,0ec6dd9876c269c0832e0a64ab20c015c6c839d266e108c88b30aa28c77391f9,True,True,92.46061530793165,60.4422805536514,0.866277581528695,1.897646967676725,3.574842536071524,0.5684895810958461
div2k_validation,0831.png,0831_e9802403d175__awgn_30_seed-20260813,awgn,30,20260813,28.61366849496204,37,3491,768,512,393216,0a81371fa73f7db0fdc60dc74030eabfdb04ab1c0049b87dd9dd01a80f5a8a75,opencv_444,f6673e301575d77826e2e2a0bfc4fc8a81f76c42e16d7de3c38d58c4390d5b21,073abd496b427fca6c11302768c3f76f99365467e84cfc3debe05867c976acfe,0ec6dd9876c269c0832e0a64ab20c015c6c839d266e108c88b30aa28c77391f9,True,True,92.46061530793165,60.4422805536514,0.866277581528695,1.897646967676725,3.574842536071524,0.5684895810958461
div2k_validation,0831.png,0831_e9802403d175__clean_0,clean,0,,0.0,22,6689,768,512,393216,e9802403d1751bda58fac1a69392e7d3d4fb55569e94c2895994665ca575cc26,opencv_444,f6673e301575d77826e2e2a0bfc4fc8a81f76c42e16d7de3c38d58c4390d5b21,073abd496b427fca6c11302768c3f76f99365467e84cfc3debe05867c976acfe,0ec6dd9876c269c0832e0a64ab20c015c6c839d266e108c88b30aa28c77391f9,True,True,89.9438846018558,55.14301858703364,0.3015205037628628,0.31185227386406067,2.5032802816608153,0.8930726368239091
div2k_validation,0831.png,0831_e9802403d175__clean_0,clean,0,,0.0,27,5485,768,512,393216,e9802403d1751bda58fac1a69392e7d3d4fb55569e94c2895994665ca575cc26,opencv_444,f6673e301575d77826e2e2a0bfc4fc8a81f76c42e16d7de3c38d58c4390d5b21,073abd496b427fca6c11302768c3f76f99365467e84cfc3debe05867c976acfe,0ec6dd9876c269c0832e0a64ab20c015c6c839d266e108c88b30aa28c77391f9,True,True,89.9438846018558,55.14301858703364,0.3015205037628628,0.31185227386406067,2.5032802816608153,0.8930726368239091
div2k_validation,0831.png,0831_e9802403d175__clean_0,clean,0,,0.0,32,4393,768,512,393216,e9802403d1751bda58fac1a69392e7d3d4fb55569e94c2895994665ca575cc26,opencv_444,f6673e301575d77826e2e2a0bfc4fc8a81f76c42e16d7de3c38d58c4390d5b21,073abd496b427fca6c11302768c3f76f99365467e84cfc3debe05867c976acfe,0ec6dd9876c269c0832e0a64ab20c015c6c839d266e108c88b30aa28c77391f9,True,True,89.9438846018558,55.14301858703364,0.3015205037628628,0.31185227386406067,2.5032802816608153,0.8930726368239091
div2k_validation,0831.png,0831_e9802403d175__clean_0,clean,0,,0.0,37,3071,768,512,393216,e9802403d1751bda58fac1a69392e7d3d4fb55569e94c2895994665ca575cc26,opencv_444,f6673e301575d77826e2e2a0bfc4fc8a81f76c42e16d7de3c38d58c4390d5b21,073abd496b427fca6c11302768c3f76f99365467e84cfc3debe05867c976acfe,0ec6dd9876c269c0832e0a64ab20c015c6c839d266e108c88b30aa28c77391f9,True,True,89.9438846018558,55.14301858703364,0.3015205037628628,0.31185227386406067,2.5032802816608153,0.8930726368239091
div2k_validation,0832.png,0832_c9fd9a322335__awgn_30_seed-20260811,awgn,30,20260811,27.40190583629358,22,4379,768,512,393216,bcf921e05b2f10e0180cb41e1ca0b91344e7748f4dc536f6e51176359c43533a,opencv_444,f6673e301575d77826e2e2a0bfc4fc8a81f76c42e16d7de3c38d58c4390d5b21,073abd496b427fca6c11302768c3f76f99365467e84cfc3debe05867c976acfe,0ec6dd9876c269c0832e0a64ab20c015c6c839d266e108c88b30aa28c77391f9,True,True,82.51297112159824,66.98286443851838,0.837062919162443,1.5224074475743499,3.2811348215554035,0.6142954817098547
div2k_validation,0832.png,0832_c9fd9a322335__awgn_30_seed-20260811,awgn,30,20260811,27.40190583629358,27,4096,768,512,393216,bcf921e05b2f10e0180cb41e1ca0b91344e7748f4dc536f6e51176359c43533a,opencv_444,f6673e301575d77826e2e2a0bfc4fc8a81f76c42e16d7de3c38d58c4390d5b21,073abd496b427fca6c11302768c3f76f99365467e84cfc3debe05867c976acfe,0ec6dd9876c269c0832e0a64ab20c015c6c839d266e108c88b30aa28c77391f9,True,True,82.51297112159824,66.98286443851838,0.837062919162443,1.5224074475743499,3.2811348215554035,0.6142954817098547
div2k_validation,0832.png,0832_c9fd9a322335__awgn_30_seed-20260811,awgn,30,20260811,27.40190583629358,32,3248,768,512,393216,bcf921e05b2f10e0180cb41e1ca0b91344e7748f4dc536f6e51176359c43533a,opencv_444,f6673e301575d77826e2e2a0bfc4fc8a81f76c42e16d7de3c38d58c4390d5b21,073abd496b427fca6c11302768c3f76f99365467e84cfc3debe05867c976acfe,0ec6dd9876c269c0832e0a64ab20c015c6c839d266e108c88b30aa28c77391f9,True,True,82.51297112159824,66.98286443851838,0.837062919162443,1.5224074475743499,3.2811348215554035,0.6142954817098547
div2k_validation,0832.png,0832_c9fd9a322335__awgn_30_seed-20260811,awgn,30,20260811,27.40190583629358,37,3215,768,512,393216,bcf921e05b2f10e0180cb41e1ca0b91344e7748f4dc536f6e51176359c43533a,opencv_444,f6673e301575d77826e2e2a0bfc4fc8a81f76c42e16d7de3c38d58c4390d5b21,073abd496b427fca6c11302768c3f76f99365467e84cfc3debe05867c976acfe,0ec6dd9876c269c0832e0a64ab20c015c6c839d266e108c88b30aa28c77391f9,True,True,82.51297112159824,66.98286443851838,0.837062919162443,1.5224074475743499,3.2811348215554035,0.6142954817098547
div2k_validation,0832.png,0832_c9fd9a322335__awgn_30_seed-20260812,awgn,30,20260812,27.354741791845434,22,4348,768,512,393216,b70473e42b34c4781e03f08bd2b18c5a49b4e710cbefe73e8d076fb43e53cc66,opencv_444,f6673e301575d77826e2e2a0bfc4fc8a81f76c42e16d7de3c38d58c4390d5b21,073abd496b427fca6c11302768c3f76f99365467e84cfc3debe05867c976acfe,0ec6dd9876c269c0832e0a64ab20c015c6c839d266e108c88b30aa28c77391f9,True,True,82.22429277944232,66.9059713210198,0.8368248604924998,1.5191634561498935,3.281152409301385,0.6148211031480735
div2k_validation,0832.png,0832_c9fd9a322335__awgn_30_seed-20260812,awgn,30,20260812,27.354741791845434,27,4062,768,512,393216,b70473e42b34c4781e03f08bd2b18c5a49b4e710cbefe73e8d076fb43e53cc66,opencv_444,f6673e301575d77826e2e2a0bfc4fc8a81f76c42e16d7de3c38d58c4390d5b21,073abd496b427fca6c11302768c3f76f99365467e84cfc3debe05867c976acfe,0ec6dd9876c269c0832e0a64ab20c015c6c839d266e108c88b30aa28c77391f9,True,True,82.22429277944232,66.9059713210198,0.8368248604924998,1.5191634561498935,3.281152409301385,0.6148211031480735
div2k_validation,0832.png,0832_c9fd9a322335__awgn_30_seed-20260812,awgn,30,20260812,27.354741791845434,32,3246,768,512,393216,b70473e42b34c4781e03f08bd2b18c5a49b4e710cbefe73e8d076fb43e53cc66,opencv_444,f6673e301575d77826e2e2a0bfc4fc8a81f76c42e16d7de3c38d58c4390d5b21,073abd496b427fca6c11302768c3f76f99365467e84cfc3debe05867c976acfe,0ec6dd9876c269c0832e0a64ab20c015c6c839d266e108c88b30aa28c77391f9,True,True,82.22429277944232,66.9059713210198,0.8368248604924998,1.5191634561498935,3.281152409301385,0.6148211031480735
div2k_validation,0832.png,0832_c9fd9a322335__awgn_30_seed-20260812,awgn,30,20260812,27.354741791845434,37,3240,768,512,393216,b70473e42b34c4781e03f08bd2b18c5a49b4e710cbefe73e8d076fb43e53cc66,opencv_444,f6673e301575d77826e2e2a0bfc4fc8a81f76c42e16d7de3c38d58c4390d5b21,073abd496b427fca6c11302768c3f76f99365467e84cfc3debe05867c976acfe,0ec6dd9876c269c0832e0a64ab20c015c6c839d266e108c88b30aa28c77391f9,True,True,82.22429277944232,66.9059713210198,0.8368248604924998,1.5191634561498935,3.281152409301385,0.6148211031480735
div2k_validation,0832.png,0832_c9fd9a322335__awgn_30_seed-20260813,awgn,30,20260813,27.377876351262994,22,4321,768,512,393216,5469cf6f0ccb87731924cc0920ec40385069b5aa66b36fa149d0ffce92397328,opencv_444,f6673e301575d77826e2e2a0bfc4fc8a81f76c42e16d7de3c38d58c4390d5b21,073abd496b427fca6c11302768c3f76f99365467e84cfc3debe05867c976acfe,0ec6dd9876c269c0832e0a64ab20c015c6c839d266e108c88b30aa28c77391f9,True,True,82.19952034842171,66.94431577561232,0.836374340859059,1.5209547800112806,3.2819520436734573,0.6147215125574024
div2k_validation,0832.png,0832_c9fd9a322335__awgn_30_seed-20260813,awgn,30,20260813,27.377876351262994,27,4064,768,512,393216,5469cf6f0ccb87731924cc0920ec40385069b5aa66b36fa149d0ffce92397328,opencv_444,f6673e301575d77826e2e2a0bfc4fc8a81f76c42e16d7de3c38d58c4390d5b21,073abd496b427fca6c11302768c3f76f99365467e84cfc3debe05867c976acfe,0ec6dd9876c269c0832e0a64ab20c015c6c839d266e108c88b30aa28c77391f9,True,True,82.19952034842171,66.94431577561232,0.836374340859059,1.5209547800112806,3.2819520436734573,0.6147215125574024
div2k_validation,0832.png,0832_c9fd9a322335__awgn_30_seed-20260813,awgn,30,20260813,27.377876351262994,32,3238,768,512,393216,5469cf6f0ccb87731924cc0920ec40385069b5aa66b36fa149d0ffce92397328,opencv_444,f6673e301575d77826e2e2a0bfc4fc8a81f76c42e16d7de3c38d58c4390d5b21,073abd496b427fca6c11302768c3f76f99365467e84cfc3debe05867c976acfe,0ec6dd9876c269c0832e0a64ab20c015c6c839d266e108c88b30aa28c77391f9,True,True,82.19952034842171,66.94431577561232,0.836374340859059,1.5209547800112806,3.2819520436734573,0.6147215125574024
div2k_validation,0832.png,0832_c9fd9a322335__awgn_30_seed-20260813,awgn,30,20260813,27.377876351262994,37,3364,768,512,393216,5469cf6f0ccb87731924cc0920ec40385069b5aa66b36fa149d0ffce92397328,opencv_444,f6673e301575d77826e2e2a0bfc4fc8a81f76c42e16d7de3c38d58c4390d5b21,073abd496b427fca6c11302768c3f76f99365467e84cfc3debe05867c976acfe,0ec6dd9876c269c0832e0a64ab20c015c6c839d266e108c88b30aa28c77391f9,True,True,82.19952034842171,66.94431577561232,0.836374340859059,1.5209547800112806,3.2819520436734573,0.6147215125574024
div2k_validation,0832.png,0832_c9fd9a322335__clean_0,clean,0,,0.0,22,4188,768,512,393216,c9fd9a322335d63d8f34b76b81f02d05e26cfd9ff561893dfdbf94b775f0928e,opencv_444,f6673e301575d77826e2e2a0bfc4fc8a81f76c42e16d7de3c38d58c4390d5b21,073abd496b427fca6c11302768c3f76f99365467e84cfc3debe05867c976acfe,0ec6dd9876c269c0832e0a64ab20c015c6c839d266e108c88b30aa28c77391f9,True,True,70.77403830380656,63.415579928873306,0.15658373009778323,0.17173961181434028,2.2837564103070296,0.9364456618595076
div2k_validation,0832.png,0832_c9fd9a322335__clean_0,clean,0,,0.0,27,3353,768,512,393216,c9fd9a322335d63d8f34b76b81f02d05e26cfd9ff561893dfdbf94b775f0928e,opencv_444,f6673e301575d77826e2e2a0bfc4fc8a81f76c42e16d7de3c38d58c4390d5b21,073abd496b427fca6c11302768c3f76f99365467e84cfc3debe05867c976acfe,0ec6dd9876c269c0832e0a64ab20c015c6c839d266e108c88b30aa28c77391f9,True,True,70.77403830380656,63.415579928873306,0.15658373009778323,0.17173961181434028,2.2837564103070296,0.9364456618595076
div2k_validation,0832.png,0832_c9fd9a322335__clean_0,clean,0,,0.0,32,2582,768,512,393216,c9fd9a322335d63d8f34b76b81f02d05e26cfd9ff561893dfdbf94b775f0928e,opencv_444,f6673e301575d77826e2e2a0bfc4fc8a81f76c42e16d7de3c38d58c4390d5b21,073abd496b427fca6c11302768c3f76f99365467e84cfc3debe05867c976acfe,0ec6dd9876c269c0832e0a64ab20c015c6c839d266e108c88b30aa28c77391f9,True,True,70.77403830380656,63.415579928873306,0.15658373009778323,0.17173961181434028,2.2837564103070296,0.9364456618595076
div2k_validation,0832.png,0832_c9fd9a322335__clean_0,clean,0,,0.0,37,1867,768,512,393216,c9fd9a322335d63d8f34b76b81f02d05e26cfd9ff561893dfdbf94b775f0928e,opencv_444,f6673e301575d77826e2e2a0bfc4fc8a81f76c42e16d7de3c38d58c4390d5b21,073abd496b427fca6c11302768c3f76f99365467e84cfc3debe05867c976acfe,0ec6dd9876c269c0832e0a64ab20c015c6c839d266e108c88b30aa28c77391f9,True,True,70.77403830380656,63.415579928873306,0.15658373009778323,0.17173961181434028,2.2837564103070296,0.9364456618595076
div2k_validation,0833.png,0833_800df5126865__awgn_30_seed-20260811,awgn,30,20260811,27.795263222590975,22,3778,768,512,393216,7abf848d89807978ac3a4db97e89bc504d89c0ec564d68c86b9f9fb94b04094d,opencv_444,f6673e301575d77826e2e2a0bfc4fc8a81f76c42e16d7de3c38d58c4390d5b21,073abd496b427fca6c11302768c3f76f99365467e84cfc3debe05867c976acfe,0ec6dd9876c269c0832e0a64ab20c015c6c839d266e108c88b30aa28c77391f9,True,True,88.51511230636999,71.58124216203801,0.8408718578815338,1.593526046364222,3.2858557675172175,0.6035124133806544
div2k_validation,0833.png,0833_800df5126865__awgn_30_seed-20260811,awgn,30,20260811,27.795263222590975,27,3523,768,512,393216,7abf848d89807978ac3a4db97e89bc504d89c0ec564d68c86b9f9fb94b04094d,opencv_444,f6673e301575d77826e2e2a0bfc4fc8a81f76c42e16d7de3c38d58c4390d5b21,073abd496b427fca6c11302768c3f76f99365467e84cfc3debe05867c976acfe,0ec6dd9876c269c0832e0a64ab20c015c6c839d266e108c88b30aa28c77391f9,True,True,88.51511230636999,71.58124216203801,0.8408718578815338,1.593526046364222,3.2858557675172175,0.6035124133806544
div2k_validation,0833.png,0833_800df5126865__awgn_30_seed-20260811,awgn,30,20260811,27.795263222590975,32,2783,768,512,393216,7abf848d89807978ac3a4db97e89bc504d89c0ec564d68c86b9f9fb94b04094d,opencv_444,f6673e301575d77826e2e2a0bfc4fc8a81f76c42e16d7de3c38d58c4390d5b21,073abd496b427fca6c11302768c3f76f99365467e84cfc3debe05867c976acfe,0ec6dd9876c269c0832e0a64ab20c015c6c839d266e108c88b30aa28c77391f9,True,True,88.51511230636999,71.58124216203801,0.8408718578815338,1.593526046364222,3.2858557675172175,0.6035124133806544
div2k_validation,0833.png,0833_800df5126865__awgn_30_seed-20260811,awgn,30,20260811,27.795263222590975,37,2580,768,512,393216,7abf848d89807978ac3a4db97e89bc504d89c0ec564d68c86b9f9fb94b04094d,opencv_444,f6673e301575d77826e2e2a0bfc4fc8a81f76c42e16d7de3c38d58c4390d5b21,073abd496b427fca6c11302768c3f76f99365467e84cfc3debe05867c976acfe,0ec6dd9876c269c0832e0a64ab20c015c6c839d266e108c88b30aa28c77391f9,True,True,88.51511230636999,71.58124216203801,0.8408718578815338,1.593526046364222,3.2858557675172175,0.6035124133806544
div2k_validation,0833.png,0833_800df5126865__awgn_30_seed-20260812,awgn,30,20260812,27.81633109805885,22,3925,768,512,393216,e4dd7309ac207d41c35fc9e7b2a6b361a77d09dcaeda24600781ffae4f86376f,opencv_444,f6673e301575d77826e2e2a0bfc4fc8a81f76c42e16d7de3c38d58c4390d5b21,073abd496b427fca6c11302768c3f76f99365467e84cfc3debe05867c976acfe,0ec6dd9876c269c0832e0a64ab20c015c6c839d266e108c88b30aa28c77391f9,True,True,88.49039572602057,71.5941946148663,0.8414196487994675,1.5952369565625875,3.286254951450522,0.6036280938449133
div2k_validation,0833.png,0833_800df5126865__awgn_30_seed-20260812,awgn,30,20260812,27.81633109805885,27,3727,768,512,393216,e4dd7309ac207d41c35fc9e7b2a6b361a77d09dcaeda24600781ffae4f86376f,opencv_444,f6673e301575d77826e2e2a0bfc4fc8a81f76c42e16d7de3c38d58c4390d5b21,073abd496b427fca6c11302768c3f76f99365467e84cfc3debe05867c976acfe,0ec6dd9876c269c0832e0a64ab20c015c6c839d266e108c88b30aa28c77391f9,True,True,88.49039572602057,71.5941946148663,0.8414196487994675,1.5952369565625875,3.286254951450522,0.6036280938449133
div2k_validation,0833.png,0833_800df5126865__awgn_30_seed-20260812,awgn,30,20260812,27.81633109805885,32,2747,768,512,393216,e4dd7309ac207d41c35fc9e7b2a6b361a77d09dcaeda24600781ffae4f86376f,opencv_444,f6673e301575d77826e2e2a0bfc4fc8a81f76c42e16d7de3c38d58c4390d5b21,073abd496b427fca6c11302768c3f76f99365467e84cfc3debe05867c976acfe,0ec6dd9876c269c0832e0a64ab20c015c6c839d266e108c88b30aa28c77391f9,True,True,88.49039572602057,71.5941946148663,0.8414196487994675,1.5952369565625875,3.286254951450522,0.6036280938449133
div2k_validation,0833.png,0833_800df5126865__awgn_30_seed-20260812,awgn,30,20260812,27.81633109805885,37,2713,768,512,393216,e4dd7309ac207d41c35fc9e7b2a6b361a77d09dcaeda24600781ffae4f86376f,opencv_444,f6673e301575d77826e2e2a0bfc4fc8a81f76c42e16d7de3c38d58c4390d5b21,073abd496b427fca6c11302768c3f76f99365467e84cfc3debe05867c976acfe,0ec6dd9876c269c0832e0a64ab20c015c6c839d266e108c88b30aa28c77391f9,True,True,88.49039572602057,71.5941946148663,0.8414196487994675,1.5952369565625875,3.286254951450522,0.6036280938449133
div2k_validation,0833.png,0833_800df5126865__awgn_30_seed-20260813,awgn,30,20260813,27.86587192491165,22,3643,768,512,393216,80464b4da9f1b6ab10b20bd244a6e8e9b95986ef78d40d91576440cca08fc3ed,opencv_444,f6673e301575d77826e2e2a0bfc4fc8a81f76c42e16d7de3c38d58c4390d5b21,073abd496b427fca6c11302768c3f76f99365467e84cfc3debe05867c976acfe,0ec6dd9876c269c0832e0a64ab20c015c6c839d266e108c88b30aa28c77391f9,True,True,88.9329158361399,71.5983533425131,0.8422029386166999,1.600914145557699,3.2885315929293903,0.6028050729850714
div2k_validation,0833.png,0833_800df5126865__awgn_30_seed-20260813,awgn,30,20260813,27.86587192491165,27,3355,768,512,393216,80464b4da9f1b6ab10b20bd244a6e8e9b95986ef78d40d91576440cca08fc3ed,opencv_444,f6673e301575d77826e2e2a0bfc4fc8a81f76c42e16d7de3c38d58c4390d5b21,073abd496b427fca6c11302768c3f76f99365467e84cfc3debe05867c976acfe,0ec6dd9876c269c0832e0a64ab20c015c6c839d266e108c88b30aa28c77391f9,True,True,88.9329158361399,71.5983533425131,0.8422029386166999,1.600914145557699,3.2885315929293903,0.6028050729850714
div2k_validation,0833.png,0833_800df5126865__awgn_30_seed-20260813,awgn,30,20260813,27.86587192491165,32,2945,768,512,393216,80464b4da9f1b6ab10b20bd244a6e8e9b95986ef78d40d91576440cca08fc3ed,opencv_444,f6673e301575d77826e2e2a0bfc4fc8a81f76c42e16d7de3c38d58c4390d5b21,073abd496b427fca6c11302768c3f76f99365467e84cfc3debe05867c976acfe,0ec6dd9876c269c0832e0a64ab20c015c6c839d266e108c88b30aa28c77391f9,True,True,88.9329158361399,71.5983533425131,0.8422029386166999,1.600914145557699,3.2885315929293903,0.6028050729850714
div2k_validation,0833.png,0833_800df5126865__awgn_30_seed-20260813,awgn,30,20260813,27.86587192491165,37,2907,768,512,393216,80464b4da9f1b6ab10b20bd244a6e8e9b95986ef78d40d91576440cca08fc3ed,opencv_444,f6673e301575d77826e2e2a0bfc4fc8a81f76c42e16d7de3c38d58c4390d5b21,073abd496b427fca6c11302768c3f76f99365467e84cfc3debe05867c976acfe,0ec6dd9876c269c0832e0a64ab20c015c6c839d266e108c88b30aa28c77391f9,True,True,88.9329158361399,71.5983533425131,0.8422029386166999,1.600914145557699,3.2885315929293903,0.6028050729850714
div2k_validation,0833.png,0833_800df5126865__clean_0,clean,0,,0.0,22,2910,768,512,393216,800df51268656e796f05808f1c1fa6b0643c57fb5ed3bf83f5da01d2e82e4dcd,opencv_444,f6673e301575d77826e2e2a0bfc4fc8a81f76c42e16d7de3c38d58c4390d5b21,073abd496b427fca6c11302768c3f76f99365467e84cfc3debe05867c976acfe,0ec6dd9876c269c0832e0a64ab20c015c6c839d266e108c88b30aa28c77391f9,True,True,80.08168792571095,68.35604191774621,0.1375390365023294,0.19333229138295294,1.9662129407798343,0.9420355554562085
div2k_validation,0833.png,0833_800df5126865__clean_0,clean,0,,0.0,27,1741,768,512,393216,800df51268656e796f05808f1c1fa6b0643c57fb5ed3bf83f5da01d2e82e4dcd,opencv_444,f6673e301575d77826e2e2a0bfc4fc8a81f76c42e16d7de3c38d58c4390d5b21,073abd496b427fca6c11302768c3f76f99365467e84cfc3debe05867c976acfe,0ec6dd9876c269c0832e0a64ab20c015c6c839d266e108c88b30aa28c77391f9,True,True,80.08168792571095,68.35604191774621,0.1375390365023294,0.19333229138295294,1.9662129407798343,0.9420355554562085
div2k_validation,0833.png,0833_800df5126865__clean_0,clean,0,,0.0,32,1178,768,512,393216,800df51268656e796f05808f1c1fa6b0643c57fb5ed3bf83f5da01d2e82e4dcd,opencv_444,f6673e301575d77826e2e2a0bfc4fc8a81f76c42e16d7de3c38d58c4390d5b21,073abd496b427fca6c11302768c3f76f99365467e84cfc3debe05867c976acfe,0ec6dd9876c269c0832e0a64ab20c015c6c839d266e108c88b30aa28c77391f9,True,True,80.08168792571095,68.35604191774621,0.1375390365023294,0.19333229138295294,1.9662129407798343,0.9420355554562085
div2k_validation,0833.png,0833_800df5126865__clean_0,clean,0,,0.0,37,986,768,512,393216,800df51268656e796f05808f1c1fa6b0643c57fb5ed3bf83f5da01d2e82e4dcd,opencv_444,f6673e301575d77826e2e2a0bfc4fc8a81f76c42e16d7de3c38d58c4390d5b21,073abd496b427fca6c11302768c3f76f99365467e84cfc3debe05867c976acfe,0ec6dd9876c269c0832e0a64ab20c015c6c839d266e108c88b30aa28c77391f9,True,True,80.08168792571095,68.35604191774621,0.1375390365023294,0.19333229138295294,1.9662129407798343,0.9420355554562085
div2k_validation,0835.png,0835_c6c719060705__awgn_30_seed-20260811,awgn,30,20260811,29.02769655969707,22,4735,768,512,393216,25ddc9997785f9467beb8e748fd4399fd643ff7a68e4b0f7b96582c8ced4ae3d,opencv_444,f6673e301575d77826e2e2a0bfc4fc8a81f76c42e16d7de3c38d58c4390d5b21,073abd496b427fca6c11302768c3f76f99365467e84cfc3debe05867c976acfe,0ec6dd9876c269c0832e0a64ab20c015c6c839d266e108c88b30aa28c77391f9,True,True,104.42861972823255,63.74911347043558,0.9011237393129575,2.274466667065992,3.705806366125348,0.5422091090705558
div2k_validation,0835.png,0835_c6c719060705__awgn_30_seed-20260811,awgn,30,20260811,29.02769655969707,27,4926,768,512,393216,25ddc9997785f9467beb8e748fd4399fd643ff7a68e4b0f7b96582c8ced4ae3d,opencv_444,f6673e301575d77826e2e2a0bfc4fc8a81f76c42e16d7de3c38d58c4390d5b21,073abd496b427fca6c11302768c3f76f99365467e84cfc3debe05867c976acfe,0ec6dd9876c269c0832e0a64ab20c015c6c839d266e108c88b30aa28c77391f9,True,True,104.42861972823255,63.74911347043558,0.9011237393129575,2.274466667065992,3.705806366125348,0.5422091090705558
div2k_validation,0835.png,0835_c6c719060705__awgn_30_seed-20260811,awgn,30,20260811,29.02769655969707,32,4102,768,512,393216,25ddc9997785f9467beb8e748fd4399fd643ff7a68e4b0f7b96582c8ced4ae3d,opencv_444,f6673e301575d77826e2e2a0bfc4fc8a81f76c42e16d7de3c38d58c4390d5b21,073abd496b427fca6c11302768c3f76f99365467e84cfc3debe05867c976acfe,0ec6dd9876c269c0832e0a64ab20c015c6c839d266e108c88b30aa28c77391f9,True,True,104.42861972823255,63.74911347043558,0.9011237393129575,2.274466667065992,3.705806366125348,0.5422091090705558
div2k_validation,0835.png,0835_c6c719060705__awgn_30_seed-20260811,awgn,30,20260811,29.02769655969707,37,3930,768,512,393216,25ddc9997785f9467beb8e748fd4399fd643ff7a68e4b0f7b96582c8ced4ae3d,opencv_444,f6673e301575d77826e2e2a0bfc4fc8a81f76c42e16d7de3c38d58c4390d5b21,073abd496b427fca6c11302768c3f76f99365467e84cfc3debe05867c976acfe,0ec6dd9876c269c0832e0a64ab20c015c6c839d266e108c88b30aa28c77391f9,True,True,104.42861972823255,63.74911347043558,0.9011237393129575,2.274466667065992,3.705806366125348,0.5422091090705558
div2k_validation,0835.png,0835_c6c719060705__awgn_30_seed-20260812,awgn,30,20260812,29.00866008670586,22,4871,768,512,393216,2213314a8566489c1fb777e32bb6f355f901486e505f99d267d0a3c7d36e1ec5,opencv_444,f6673e301575d77826e2e2a0bfc4fc8a81f76c42e16d7de3c38d58c4390d5b21,073abd496b427fca6c11302768c3f76f99365467e84cfc3debe05867c976acfe,0ec6dd9876c269c0832e0a64ab20c015c6c839d266e108c88b30aa28c77391f9,True,True,104.63936208073667,63.72054111041493,0.9000537551835356,2.2751221542181845,3.7058615062494353,0.5416213389794797
div2k_validation,0835.png,0835_c6c719060705__awgn_30_seed-20260812,awgn,30,20260812,29.00866008670586,27,5010,768,512,393216,2213314a8566489c1fb777e32bb6f355f901486e505f99d267d0a3c7d36e1ec5,opencv_444,f6673e301575d77826e2e2a0bfc4fc8a81f76c42e16d7de3c38d58c4390d5b21,073abd496b427fca6c11302768c3f76f99365467e84cfc3debe05867c976acfe,0ec6dd9876c269c0832e0a64ab20c015c6c839d266e108c88b30aa28c77391f9,True,True,104.63936208073667,63.72054111041493,0.9000537551835356,2.2751221542181845,3.7058615062494353,0.5416213389794797
div2k_validation,0835.png,0835_c6c719060705__awgn_30_seed-20260812,awgn,30,20260812,29.00866008670586,32,4003,768,512,393216,2213314a8566489c1fb777e32bb6f355f901486e505f99d267d0a3c7d36e1ec5,opencv_444,f6673e301575d77826e2e2a0bfc4fc8a81f76c42e16d7de3c38d58c4390d5b21,073abd496b427fca6c11302768c3f76f99365467e84cfc3debe05867c976acfe,0ec6dd9876c269c0832e0a64ab20c015c6c839d266e108c88b30aa28c77391f9,True,True,104.63936208073667,63.72054111041493,0.9000537551835356,2.2751221542181845,3.7058615062494353,0.5416213389794797
div2k_validation,0835.png,0835_c6c719060705__awgn_30_seed-20260812,awgn,30,20260812,29.00866008670586,37,3786,768,512,393216,2213314a8566489c1fb777e32bb6f355f901486e505f99d267d0a3c7d36e1ec5,opencv_444,f6673e301575d77826e2e2a0bfc4fc8a81f76c42e16d7de3c38d58c4390d5b21,073abd496b427fca6c11302768c3f76f99365467e84cfc3debe05867c976acfe,0ec6dd9876c269c0832e0a64ab20c015c6c839d266e108c88b30aa28c77391f9,True,True,104.63936208073667,63.72054111041493,0.9000537551835356,2.2751221542181845,3.7058615062494353,0.5416213389794797
div2k_validation,0835.png,0835_c6c719060705__awgn_30_seed-20260813,awgn,30,20260813,28.99678916256559,22,4798,768,512,393216,aaf4d82671c5665abb9bb6294484f7a09bcf21b8339418f6a0fa005565e15e80,opencv_444,f6673e301575d77826e2e2a0bfc4fc8a81f76c42e16d7de3c38d58c4390d5b21,073abd496b427fca6c11302768c3f76f99365467e84cfc3debe05867c976acfe,0ec6dd9876c269c0832e0a64ab20c015c6c839d266e108c88b30aa28c77391f9,True,True,104.81255294845782,63.71416052676287,0.9005068345876209,2.2726794822194796,3.7055132486040194,0.5418749911785313
div2k_validation,0835.png,0835_c6c719060705__awgn_30_seed-20260813,awgn,30,20260813,28.99678916256559,27,4668,768,512,393216,aaf4d82671c5665abb9bb6294484f7a09bcf21b8339418f6a0fa005565e15e80,opencv_444,f6673e301575d77826e2e2a0bfc4fc8a81f76c42e16d7de3c38d58c4390d5b21,073abd496b427fca6c11302768c3f76f99365467e84cfc3debe05867c976acfe,0ec6dd9876c269c0832e0a64ab20c015c6c839d266e108c88b30aa28c77391f9,True,True,104.81255294845782,63.71416052676287,0.9005068345876209,2.2726794822194796,3.7055132486040194,0.5418749911785313
div2k_validation,0835.png,0835_c6c719060705__awgn_30_seed-20260813,awgn,30,20260813,28.99678916256559,32,3806,768,512,393216,aaf4d82671c5665abb9bb6294484f7a09bcf21b8339418f6a0fa005565e15e80,opencv_444,f6673e301575d77826e2e2a0bfc4fc8a81f76c42e16d7de3c38d58c4390d5b21,073abd496b427fca6c11302768c3f76f99365467e84cfc3debe05867c976acfe,0ec6dd9876c269c0832e0a64ab20c015c6c839d266e108c88b30aa28c77391f9,True,True,104.81255294845782,63.71416052676287,0.9005068345876209,2.2726794822194796,3.7055132486040194,0.5418749911785313
div2k_validation,0835.png,0835_c6c719060705__awgn_30_seed-20260813,awgn,30,20260813,28.99678916256559,37,3911,768,512,393216,aaf4d82671c5665abb9bb6294484f7a09bcf21b8339418f6a0fa005565e15e80,opencv_444,f6673e301575d77826e2e2a0bfc4fc8a81f76c42e16d7de3c38d58c4390d5b21,073abd496b427fca6c11302768c3f76f99365467e84cfc3debe05867c976acfe,0ec6dd9876c269c0832e0a64ab20c015c6c839d266e108c88b30aa28c77391f9,True,True,104.81255294845782,63.71416052676287,0.9005068345876209,2.2726794822194796,3.7055132486040194,0.5418749911785313
div2k_validation,0835.png,0835_c6c719060705__clean_0,clean,0,,0.0,22,8498,768,512,393216,c6c719060705138bc88c80e1856185e942fb3be5356fdc8ccbcfb8b392322fd6,opencv_444,f6673e301575d77826e2e2a0bfc4fc8a81f76c42e16d7de3c38d58c4390d5b21,073abd496b427fca6c11302768c3f76f99365467e84cfc3debe05867c976acfe,0ec6dd9876c269c0832e0a64ab20c015c6c839d266e108c88b30aa28c77391f9,True,True,97.69535284745326,57.96638747964641,0.5975502994931654,0.7651425612101456,3.124152483015944,0.7676509477421634
div2k_validation,0835.png,0835_c6c719060705__clean_0,clean,0,,0.0,27,7464,768,512,393216,c6c719060705138bc88c80e1856185e942fb3be5356fdc8ccbcfb8b392322fd6,opencv_444,f6673e301575d77826e2e2a0bfc4fc8a81f76c42e16d7de3c38d58c4390d5b21,073abd496b427fca6c11302768c3f76f99365467e84cfc3debe05867c976acfe,0ec6dd9876c269c0832e0a64ab20c015c6c839d266e108c88b30aa28c77391f9,True,True,97.69535284745326,57.96638747964641,0.5975502994931654,0.7651425612101456,3.124152483015944,0.7676509477421634
div2k_validation,0835.png,0835_c6c719060705__clean_0,clean,0,,0.0,32,6298,768,512,393216,c6c719060705138bc88c80e1856185e942fb3be5356fdc8ccbcfb8b392322fd6,opencv_444,f6673e301575d77826e2e2a0bfc4fc8a81f76c42e16d7de3c38d58c4390d5b21,073abd496b427fca6c11302768c3f76f99365467e84cfc3debe05867c976acfe,0ec6dd9876c269c0832e0a64ab20c015c6c839d266e108c88b30aa28c77391f9,True,True,97.69535284745326,57.96638747964641,0.5975502994931654,0.7651425612101456,3.124152483015944,0.7676509477421634
div2k_validation,0835.png,0835_c6c719060705__clean_0,clean,0,,0.0,37,4355,768,512,393216,c6c719060705138bc88c80e1856185e942fb3be5356fdc8ccbcfb8b392322fd6,opencv_444,f6673e301575d77826e2e2a0bfc4fc8a81f76c42e16d7de3c38d58c4390d5b21,073abd496b427fca6c11302768c3f76f99365467e84cfc3debe05867c976acfe,0ec6dd9876c269c0832e0a64ab20c015c6c839d266e108c88b30aa28c77391f9,True,True,97.69535284745326,57.96638747964641,0.5975502994931654,0.7651425612101456,3.124152483015944,0.7676509477421634
div2k_validation,0837.png,0837_c3f1b83cecb7__awgn_30_seed-20260811,awgn,30,20260811,27.904866274324327,22,5829,768,512,393216,918061529b1df5d3f1c5d5fda725ba537b58cd241bf463504fc1c385e5962d2a,opencv_444,f6673e301575d77826e2e2a0bfc4fc8a81f76c42e16d7de3c38d58c4390d5b21,073abd496b427fca6c11302768c3f76f99365467e84cfc3debe05867c976acfe,0ec6dd9876c269c0832e0a64ab20c015c6c839d266e108c88b30aa28c77391f9,True,True,111.37539236510938,61.81149746068867,0.8645446168023345,1.9378162457357893,3.4611947801571006,0.5825151799607337
div2k_validation,0837.png,0837_c3f1b83cecb7__awgn_30_seed-20260811,awgn,30,20260811,27.904866274324327,27,5636,768,512,393216,918061529b1df5d3f1c5d5fda725ba537b58cd241bf463504fc1c385e5962d2a,opencv_444,f6673e301575d77826e2e2a0bfc4fc8a81f76c42e16d7de3c38d58c4390d5b21,073abd496b427fca6c11302768c3f76f99365467e84cfc3debe05867c976acfe,0ec6dd9876c269c0832e0a64ab20c015c6c839d266e108c88b30aa28c77391f9,True,True,111.37539236510938,61.81149746068867,0.8645446168023345,1.9378162457357893,3.4611947801571006,0.5825151799607337
div2k_validation,0837.png,0837_c3f1b83cecb7__awgn_30_seed-20260811,awgn,30,20260811,27.904866274324327,32,4782,768,512,393216,918061529b1df5d3f1c5d5fda725ba537b58cd241bf463504fc1c385e5962d2a,opencv_444,f6673e301575d77826e2e2a0bfc4fc8a81f76c42e16d7de3c38d58c4390d5b21,073abd496b427fca6c11302768c3f76f99365467e84cfc3debe05867c976acfe,0ec6dd9876c269c0832e0a64ab20c015c6c839d266e108c88b30aa28c77391f9,True,True,111.37539236510938,61.81149746068867,0.8645446168023345,1.9378162457357893,3.4611947801571006,0.5825151799607337
div2k_validation,0837.png,0837_c3f1b83cecb7__awgn_30_seed-20260811,awgn,30,20260811,27.904866274324327,37,4782,768,512,393216,918061529b1df5d3f1c5d5fda725ba537b58cd241bf463504fc1c385e5962d2a,opencv_444,f6673e301575d77826e2e2a0bfc4fc8a81f76c42e16d7de3c38d58c4390d5b21,073abd496b427fca6c11302768c3f76f99365467e84cfc3debe05867c976acfe,0ec6dd9876c269c0832e0a64ab20c015c6c839d266e108c88b30aa28c77391f9,True,True,111.37539236510938,61.81149746068867,0.8645446168023345,1.9378162457357893,3.4611947801571006,0.5825151799607337
div2k_validation,0837.png,0837_c3f1b83cecb7__awgn_30_seed-20260812,awgn,30,20260812,27.900735239711945,22,6051,768,512,393216,2c21644fcc044bd77c6fda9817662124c5754c8adbb04f3a1a478494507b32e4,opencv_444,f6673e301575d77826e2e2a0bfc4fc8a81f76c42e16d7de3c38d58c4390d5b21,073abd496b427fca6c11302768c3f76f99365467e84cfc3debe05867c976acfe,0ec6dd9876c269c0832e0a64ab20c015c6c839d266e108c88b30aa28c77391f9,True,True,111.43275343561608,61.81066387119271,0.8650104950596427,1.9381802822058827,3.461428070307556,0.5828158513878716
div2k_validation,0837.png,0837_c3f1b83cecb7__awgn_30_seed-20260812,awgn,30,20260812,27.900735239711945,27,5418,768,512,393216,2c21644fcc044bd77c6fda9817662124c5754c8adbb04f3a1a478494507b32e4,opencv_444,f6673e301575d77826e2e2a0bfc4fc8a81f76c42e16d7de3c38d58c4390d5b21,073abd496b427fca6c11302768c3f76f99365467e84cfc3debe05867c976acfe,0ec6dd9876c269c0832e0a64ab20c015c6c839d266e108c88b30aa28c77391f9,True,True,111.43275343561608,61.81066387119271,0.8650104950596427,1.9381802822058827,3.461428070307556,0.5828158513878716
div2k_validation,0837.png,0837_c3f1b83cecb7__awgn_30_seed-20260812,awgn,30,20260812,27.900735239711945,32,4626,768,512,393216,2c21644fcc044bd77c6fda9817662124c5754c8adbb04f3a1a478494507b32e4,opencv_444,f6673e301575d77826e2e2a0bfc4fc8a81f76c42e16d7de3c38d58c4390d5b21,073abd496b427fca6c11302768c3f76f99365467e84cfc3debe05867c976acfe,0ec6dd9876c269c0832e0a64ab20c015c6c839d266e108c88b30aa28c77391f9,True,True,111.43275343561608,61.81066387119271,0.8650104950596427,1.9381802822058827,3.461428070307556,0.5828158513878716
div2k_validation,0837.png,0837_c3f1b83cecb7__awgn_30_seed-20260812,awgn,30,20260812,27.900735239711945,37,4656,768,512,393216,2c21644fcc044bd77c6fda9817662124c5754c8adbb04f3a1a478494507b32e4,opencv_444,f6673e301575d77826e2e2a0bfc4fc8a81f76c42e16d7de3c38d58c4390d5b21,073abd496b427fca6c11302768c3f76f99365467e84cfc3debe05867c976acfe,0ec6dd9876c269c0832e0a64ab20c015c6c839d266e108c88b30aa28c77391f9,True,True,111.43275343561608,61.81066387119271,0.8650104950596427,1.9381802822058827,3.461428070307556,0.5828158513878716
div2k_validation,0837.png,0837_c3f1b83cecb7__awgn_30_seed-20260813,awgn,30,20260813,27.907488172857192,22,6029,768,512,393216,a9f7e70c72315253e3d3bb47ae89dd389f1cbd878dba0ed839091fdcd23de3d2,opencv_444,f6673e301575d77826e2e2a0bfc4fc8a81f76c42e16d7de3c38d58c4390d5b21,073abd496b427fca6c11302768c3f76f99365467e84cfc3debe05867c976acfe,0ec6dd9876c269c0832e0a64ab20c015c6c839d266e108c88b30aa28c77391f9,True,True,111.68538349032386,61.87888945369774,0.8644268673526851,1.9424349905817666,3.4613156434714574,0.5823524982819962
div2k_validation,0837.png,0837_c3f1b83cecb7__awgn_30_seed-20260813,awgn,30,20260813,27.907488172857192,27,5506,768,512,393216,a9f7e70c72315253e3d3bb47ae89dd389f1cbd878dba0ed839091fdcd23de3d2,opencv_444,f6673e301575d77826e2e2a0bfc4fc8a81f76c42e16d7de3c38d58c4390d5b21,073abd496b427fca6c11302768c3f76f99365467e84cfc3debe05867c976acfe,0ec6dd9876c269c0832e0a64ab20c015c6c839d266e108c88b30aa28c77391f9,True,True,111.68538349032386,61.87888945369774,0.8644268673526851,1.9424349905817666,3.4613156434714574,0.5823524982819962
div2k_validation,0837.png,0837_c3f1b83cecb7__awgn_30_seed-20260813,awgn,30,20260813,27.907488172857192,32,4762,768,512,393216,a9f7e70c72315253e3d3bb47ae89dd389f1cbd878dba0ed839091fdcd23de3d2,opencv_444,f6673e301575d77826e2e2a0bfc4fc8a81f76c42e16d7de3c38d58c4390d5b21,073abd496b427fca6c11302768c3f76f99365467e84cfc3debe05867c976acfe,0ec6dd9876c269c0832e0a64ab20c015c6c839d266e108c88b30aa28c77391f9,True,True,111.68538349032386,61.87888945369774,0.8644268673526851,1.9424349905817666,3.4613156434714574,0.5823524982819962
div2k_validation,0837.png,0837_c3f1b83cecb7__awgn_30_seed-20260813,awgn,30,20260813,27.907488172857192,37,4771,768,512,393216,a9f7e70c72315253e3d3bb47ae89dd389f1cbd878dba0ed839091fdcd23de3d2,opencv_444,f6673e301575d77826e2e2a0bfc4fc8a81f76c42e16d7de3c38d58c4390d5b21,073abd496b427fca6c11302768c3f76f99365467e84cfc3debe05867c976acfe,0ec6dd9876c269c0832e0a64ab20c015c6c839d266e108c88b30aa28c77391f9,True,True,111.68538349032386,61.87888945369774,0.8644268673526851,1.9424349905817666,3.4613156434714574,0.5823524982819962
div2k_validation,0837.png,0837_c3f1b83cecb7__clean_0,clean,0,,0.0,22,9011,768,512,393216,c3f1b83cecb7e78c844bc657572f511d1e0d59ef0e97784b272393f87356aca3,opencv_444,f6673e301575d77826e2e2a0bfc4fc8a81f76c42e16d7de3c38d58c4390d5b21,073abd496b427fca6c11302768c3f76f99365467e84cfc3debe05867c976acfe,0ec6dd9876c269c0832e0a64ab20c015c6c839d266e108c88b30aa28c77391f9,True,True,115.83936296050577,57.27549199313855,0.3738954589668766,0.5419381651957935,2.6990584221546845,0.8605308615690536
div2k_validation,0837.png,0837_c3f1b83cecb7__clean_0,clean,0,,0.0,27,7947,768,512,393216,c3f1b83cecb7e78c844bc657572f511d1e0d59ef0e97784b272393f87356aca3,opencv_444,f6673e301575d77826e2e2a0bfc4fc8a81f76c42e16d7de3c38d58c4390d5b21,073abd496b427fca6c11302768c3f76f99365467e84cfc3debe05867c976acfe,0ec6dd9876c269c0832e0a64ab20c015c6c839d266e108c88b30aa28c77391f9,True,True,115.83936296050577,57.27549199313855,0.3738954589668766,0.5419381651957935,2.6990584221546845,0.8605308615690536
div2k_validation,0837.png,0837_c3f1b83cecb7__clean_0,clean,0,,0.0,32,6721,768,512,393216,c3f1b83cecb7e78c844bc657572f511d1e0d59ef0e97784b272393f87356aca3,opencv_444,f6673e301575d77826e2e2a0bfc4fc8a81f76c42e16d7de3c38d58c4390d5b21,073abd496b427fca6c11302768c3f76f99365467e84cfc3debe05867c976acfe,0ec6dd9876c269c0832e0a64ab20c015c6c839d266e108c88b30aa28c77391f9,True,True,115.83936296050577,57.27549199313855,0.3738954589668766,0.5419381651957935,2.6990584221546845,0.8605308615690536
div2k_validation,0837.png,0837_c3f1b83cecb7__clean_0,clean,0,,0.0,37,5239,768,512,393216,c3f1b83cecb7e78c844bc657572f511d1e0d59ef0e97784b272393f87356aca3,opencv_444,f6673e301575d77826e2e2a0bfc4fc8a81f76c42e16d7de3c38d58c4390d5b21,073abd496b427fca6c11302768c3f76f99365467e84cfc3debe05867c976acfe,0ec6dd9876c269c0832e0a64ab20c015c6c839d266e108c88b30aa28c77391f9,True,True,115.83936296050577,57.27549199313855,0.3738954589668766,0.5419381651957935,2.6990584221546845,0.8605308615690536
div2k_validation,0838.png,0838_d77e6c99551e__awgn_30_seed-20260811,awgn,30,20260811,29.186266375440198,22,3145,768,512,393216,1fe8fd9c73ad87681f9cba6281b8d4d3824b7ee5bca53e695ccdb14f4b14d2d4,opencv_444,f6673e301575d77826e2e2a0bfc4fc8a81f76c42e16d7de3c38d58c4390d5b21,073abd496b427fca6c11302768c3f76f99365467e84cfc3debe05867c976acfe,0ec6dd9876c269c0832e0a64ab20c015c6c839d266e108c88b30aa28c77391f9,True,True,67.85386117037561,49.71817567724164,0.8537628628474888,1.8150549440749033,3.381933776075001,0.5679845740112879
div2k_validation,0838.png,0838_d77e6c99551e__awgn_30_seed-20260811,awgn,30,20260811,29.186266375440198,27,3282,768,512,393216,1fe8fd9c73ad87681f9cba6281b8d4d3824b7ee5bca53e695ccdb14f4b14d2d4,opencv_444,f6673e301575d77826e2e2a0bfc4fc8a81f76c42e16d7de3c38d58c4390d5b21,073abd496b427fca6c11302768c3f76f99365467e84cfc3debe05867c976acfe,0ec6dd9876c269c0832e0a64ab20c015c6c839d266e108c88b30aa28c77391f9,True,True,67.85386117037561,49.71817567724164,0.8537628628474888,1.8150549440749033,3.381933776075001,0.5679845740112879
div2k_validation,0838.png,0838_d77e6c99551e__awgn_30_seed-20260811,awgn,30,20260811,29.186266375440198,32,2530,768,512,393216,1fe8fd9c73ad87681f9cba6281b8d4d3824b7ee5bca53e695ccdb14f4b14d2d4,opencv_444,f6673e301575d77826e2e2a0bfc4fc8a81f76c42e16d7de3c38d58c4390d5b21,073abd496b427fca6c11302768c3f76f99365467e84cfc3debe05867c976acfe,0ec6dd9876c269c0832e0a64ab20c015c6c839d266e108c88b30aa28c77391f9,True,True,67.85386117037561,49.71817567724164,0.8537628628474888,1.8150549440749033,3.381933776075001,0.5679845740112879
div2k_validation,0838.png,0838_d77e6c99551e__awgn_30_seed-20260811,awgn,30,20260811,29.186266375440198,37,2413,768,512,393216,1fe8fd9c73ad87681f9cba6281b8d4d3824b7ee5bca53e695ccdb14f4b14d2d4,opencv_444,f6673e301575d77826e2e2a0bfc4fc8a81f76c42e16d7de3c38d58c4390d5b21,073abd496b427fca6c11302768c3f76f99365467e84cfc3debe05867c976acfe,0ec6dd9876c269c0832e0a64ab20c015c6c839d266e108c88b30aa28c77391f9,True,True,67.85386117037561,49.71817567724164,0.8537628628474888,1.8150549440749033,3.381933776075001,0.5679845740112879
div2k_validation,0838.png,0838_d77e6c99551e__awgn_30_seed-20260812,awgn,30,20260812,29.220606497741723,22,3107,768,512,393216,42904a8658a0d806a72809119911b491d9d83936b773cf6b1f016c018068d42b,opencv_444,f6673e301575d77826e2e2a0bfc4fc8a81f76c42e16d7de3c38d58c4390d5b21,073abd496b427fca6c11302768c3f76f99365467e84cfc3debe05867c976acfe,0ec6dd9876c269c0832e0a64ab20c015c6c839d266e108c88b30aa28c77391f9,True,True,67.95024116526844,49.627716137299714,0.855298725234219,1.809295548688044,3.3811187276832273,0.5684271175057565
div2k_validation,0838.png,0838_d77e6c99551e__awgn_30_seed-20260812,awgn,30,20260812,29.220606497741723,27,3253,768,512,393216,42904a8658a0d806a72809119911b491d9d83936b773cf6b1f016c018068d42b,opencv_444,f6673e301575d77826e2e2a0bfc4fc8a81f76c42e16d7de3c38d58c4390d5b21,073abd496b427fca6c11302768c3f76f99365467e84cfc3debe05867c976acfe,0ec6dd9876c269c0832e0a64ab20c015c6c839d266e108c88b30aa28c77391f9,True,True,67.95024116526844,49.627716137299714,0.855298725234219,1.809295548688044,3.3811187276832273,0.5684271175057565
div2k_validation,0838.png,0838_d77e6c99551e__awgn_30_seed-20260812,awgn,30,20260812,29.220606497741723,32,2623,768,512,393216,42904a8658a0d806a72809119911b491d9d83936b773cf6b1f016c018068d42b,opencv_444,f6673e301575d77826e2e2a0bfc4fc8a81f76c42e16d7de3c38d58c4390d5b21,073abd496b427fca6c11302768c3f76f99365467e84cfc3debe05867c976acfe,0ec6dd9876c269c0832e0a64ab20c015c6c839d266e108c88b30aa28c77391f9,True,True,67.95024116526844,49.627716137299714,0.855298725234219,1.809295548688044,3.3811187276832273,0.5684271175057565
div2k_validation,0838.png,0838_d77e6c99551e__awgn_30_seed-20260812,awgn,30,20260812,29.220606497741723,37,2524,768,512,393216,42904a8658a0d806a72809119911b491d9d83936b773cf6b1f016c018068d42b,opencv_444,f6673e301575d77826e2e2a0bfc4fc8a81f76c42e16d7de3c38d58c4390d5b21,073abd496b427fca6c11302768c3f76f99365467e84cfc3debe05867c976acfe,0ec6dd9876c269c0832e0a64ab20c015c6c839d266e108c88b30aa28c77391f9,True,True,67.95024116526844,49.627716137299714,0.855298725234219,1.809295548688044,3.3811187276832273,0.5684271175057565
div2k_validation,0838.png,0838_d77e6c99551e__awgn_30_seed-20260813,awgn,30,20260813,29.1677918426011,22,3393,768,512,393216,cf3dd2fd134e50c1c49f293973dd9e6736202e18a7bc3dbabb93c81c9882d6ee,opencv_444,f6673e301575d77826e2e2a0bfc4fc8a81f76c42e16d7de3c38d58c4390d5b21,073abd496b427fca6c11302768c3f76f99365467e84cfc3debe05867c976acfe,0ec6dd9876c269c0832e0a64ab20c015c6c839d266e108c88b30aa28c77391f9,True,True,68.0097823427515,49.72221237694216,0.8530922029386167,1.8080869841678693,3.3823690079838906,0.5686267355648501
div2k_validation,0838.png,0838_d77e6c99551e__awgn_30_seed-20260813,awgn,30,20260813,29.1677918426011,27,3400,768,512,393216,cf3dd2fd134e50c1c49f293973dd9e6736202e18a7bc3dbabb93c81c9882d6ee,opencv_444,f6673e301575d77826e2e2a0bfc4fc8a81f76c42e16d7de3c38d58c4390d5b21,073abd496b427fca6c11302768c3f76f99365467e84cfc3debe05867c976acfe,0ec6dd9876c269c0832e0a64ab20c015c6c839d266e108c88b30aa28c77391f9,True,True,68.0097823427515,49.72221237694216,0.8530922029386167,1.8080869841678693,3.3823690079838906,0.5686267355648501
div2k_validation,0838.png,0838_d77e6c99551e__awgn_30_seed-20260813,awgn,30,20260813,29.1677918426011,32,2515,768,512,393216,cf3dd2fd134e50c1c49f293973dd9e6736202e18a7bc3dbabb93c81c9882d6ee,opencv_444,f6673e301575d77826e2e2a0bfc4fc8a81f76c42e16d7de3c38d58c4390d5b21,073abd496b427fca6c11302768c3f76f99365467e84cfc3debe05867c976acfe,0ec6dd9876c269c0832e0a64ab20c015c6c839d266e108c88b30aa28c77391f9,True,True,68.0097823427515,49.72221237694216,0.8530922029386167,1.8080869841678693,3.3823690079838906,0.5686267355648501
div2k_validation,0838.png,0838_d77e6c99551e__awgn_30_seed-20260813,awgn,30,20260813,29.1677918426011,37,2751,768,512,393216,cf3dd2fd134e50c1c49f293973dd9e6736202e18a7bc3dbabb93c81c9882d6ee,opencv_444,f6673e301575d77826e2e2a0bfc4fc8a81f76c42e16d7de3c38d58c4390d5b21,073abd496b427fca6c11302768c3f76f99365467e84cfc3debe05867c976acfe,0ec6dd9876c269c0832e0a64ab20c015c6c839d266e108c88b30aa28c77391f9,True,True,68.0097823427515,49.72221237694216,0.8530922029386167,1.8080869841678693,3.3823690079838906,0.5686267355648501
div2k_validation,0838.png,0838_d77e6c99551e__clean_0,clean,0,,0.0,22,2521,768,512,393216,d77e6c99551e76353b747ce72c3a87e868ff6107c77950b6a55ab6f610435ead,opencv_444,f6673e301575d77826e2e2a0bfc4fc8a81f76c42e16d7de3c38d58c4390d5b21,073abd496b427fca6c11302768c3f76f99365467e84cfc3debe05867c976acfe,0ec6dd9876c269c0832e0a64ab20c015c6c839d266e108c88b30aa28c77391f9,True,True,18.734928787407632,41.12670705406755,0.04443761838939231,0.11531496017031012,1.9826122073548316,0.9425070288753093
div2k_validation,0838.png,0838_d77e6c99551e__clean_0,clean,0,,0.0,27,1414,768,512,393216,d77e6c99551e76353b747ce72c3a87e868ff6107c77950b6a55ab6f610435ead,opencv_444,f6673e301575d77826e2e2a0bfc4fc8a81f76c42e16d7de3c38d58c4390d5b21,073abd496b427fca6c11302768c3f76f99365467e84cfc3debe05867c976acfe,0ec6dd9876c269c0832e0a64ab20c015c6c839d266e108c88b30aa28c77391f9,True,True,18.734928787407632,41.12670705406755,0.04443761838939231,0.11531496017031012,1.9826122073548316,0.9425070288753093
div2k_validation,0838.png,0838_d77e6c99551e__clean_0,clean,0,,0.0,32,865,768,512,393216,d77e6c99551e76353b747ce72c3a87e868ff6107c77950b6a55ab6f610435ead,opencv_444,f6673e301575d77826e2e2a0bfc4fc8a81f76c42e16d7de3c38d58c4390d5b21,073abd496b427fca6c11302768c3f76f99365467e84cfc3debe05867c976acfe,0ec6dd9876c269c0832e0a64ab20c015c6c839d266e108c88b30aa28c77391f9,True,True,18.734928787407632,41.12670705406755,0.04443761838939231,0.11531496017031012,1.9826122073548316,0.9425070288753093
div2k_validation,0838.png,0838_d77e6c99551e__clean_0,clean,0,,0.0,37,515,768,512,393216,d77e6c99551e76353b747ce72c3a87e868ff6107c77950b6a55ab6f610435ead,opencv_444,f6673e301575d77826e2e2a0bfc4fc8a81f76c42e16d7de3c38d58c4390d5b21,073abd496b427fca6c11302768c3f76f99365467e84cfc3debe05867c976acfe,0ec6dd9876c269c0832e0a64ab20c015c6c839d266e108c88b30aa28c77391f9,True,True,18.734928787407632,41.12670705406755,0.04443761838939231,0.11531496017031012,1.9826122073548316,0.9425070288753093
div2k_validation,0839.png,0839_ab39762643b7__awgn_30_seed-20260811,awgn,30,20260811,28.208293950453914,22,4165,768,512,393216,d4295f898966739b012ccc0d5841d71e73597c3936540e065b3c64e69e4bb057,opencv_444,f6673e301575d77826e2e2a0bfc4fc8a81f76c42e16d7de3c38d58c4390d5b21,073abd496b427fca6c11302768c3f76f99365467e84cfc3debe05867c976acfe,0ec6dd9876c269c0832e0a64ab20c015c6c839d266e108c88b30aa28c77391f9,True,True,74.7915663082722,54.464635259672555,0.8482619157323504,1.698472856497425,3.3259762296481328,0.5917225375944017
div2k_validation,0839.png,0839_ab39762643b7__awgn_30_seed-20260811,awgn,30,20260811,28.208293950453914,27,4241,768,512,393216,d4295f898966739b012ccc0d5841d71e73597c3936540e065b3c64e69e4bb057,opencv_444,f6673e301575d77826e2e2a0bfc4fc8a81f76c42e16d7de3c38d58c4390d5b21,073abd496b427fca6c11302768c3f76f99365467e84cfc3debe05867c976acfe,0ec6dd9876c269c0832e0a64ab20c015c6c839d266e108c88b30aa28c77391f9,True,True,74.7915663082722,54.464635259672555,0.8482619157323504,1.698472856497425,3.3259762296481328,0.5917225375944017
div2k_validation,0839.png,0839_ab39762643b7__awgn_30_seed-20260811,awgn,30,20260811,28.208293950453914,32,3358,768,512,393216,d4295f898966739b012ccc0d5841d71e73597c3936540e065b3c64e69e4bb057,opencv_444,f6673e301575d77826e2e2a0bfc4fc8a81f76c42e16d7de3c38d58c4390d5b21,073abd496b427fca6c11302768c3f76f99365467e84cfc3debe05867c976acfe,0ec6dd9876c269c0832e0a64ab20c015c6c839d266e108c88b30aa28c77391f9,True,True,74.7915663082722,54.464635259672555,0.8482619157323504,1.698472856497425,3.3259762296481328,0.5917225375944017
div2k_validation,0839.png,0839_ab39762643b7__awgn_30_seed-20260811,awgn,30,20260811,28.208293950453914,37,3176,768,512,393216,d4295f898966739b012ccc0d5841d71e73597c3936540e065b3c64e69e4bb057,opencv_444,f6673e301575d77826e2e2a0bfc4fc8a81f76c42e16d7de3c38d58c4390d5b21,073abd496b427fca6c11302768c3f76f99365467e84cfc3debe05867c976acfe,0ec6dd9876c269c0832e0a64ab20c015c6c839d266e108c88b30aa28c77391f9,True,True,74.7915663082722,54.464635259672555,0.8482619157323504,1.698472856497425,3.3259762296481328,0.5917225375944017
div2k_validation,0839.png,0839_ab39762643b7__awgn_30_seed-20260812,awgn,30,20260812,28.222114551101843,22,4077,768,512,393216,f881267139d1f5fb256c1a2210d441f84bfa9538cd6656f6de0994b7af9b588f,opencv_444,f6673e301575d77826e2e2a0bfc4fc8a81f76c42e16d7de3c38d58c4390d5b21,073abd496b427fca6c11302768c3f76f99365467e84cfc3debe05867c976acfe,0ec6dd9876c269c0832e0a64ab20c015c6c839d266e108c88b30aa28c77391f9,True,True,74.97783120428399,54.48606628333778,0.8474427891260943,1.6998831522090123,3.3274055960773414,0.5916705631769774
div2k_validation,0839.png,0839_ab39762643b7__awgn_30_seed-20260812,awgn,30,20260812,28.222114551101843,27,4342,768,512,393216,f881267139d1f5fb256c1a2210d441f84bfa9538cd6656f6de0994b7af9b588f,opencv_444,f6673e301575d77826e2e2a0bfc4fc8a81f76c42e16d7de3c38d58c4390d5b21,073abd496b427fca6c11302768c3f76f99365467e84cfc3debe05867c976acfe,0ec6dd9876c269c0832e0a64ab20c015c6c839d266e108c88b30aa28c77391f9,True,True,74.97783120428399,54.48606628333778,0.8474427891260943,1.6998831522090123,3.3274055960773414,0.5916705631769774
div2k_validation,0839.png,0839_ab39762643b7__awgn_30_seed-20260812,awgn,30,20260812,28.222114551101843,32,3173,768,512,393216,f881267139d1f5fb256c1a2210d441f84bfa9538cd6656f6de0994b7af9b588f,opencv_444,f6673e301575d77826e2e2a0bfc4fc8a81f76c42e16d7de3c38d58c4390d5b21,073abd496b427fca6c11302768c3f76f99365467e84cfc3debe05867c976acfe,0ec6dd9876c269c0832e0a64ab20c015c6c839d266e108c88b30aa28c77391f9,True,True,74.97783120428399,54.48606628333778,0.8474427891260943,1.6998831522090123,3.3274055960773414,0.5916705631769774
div2k_validation,0839.png,0839_ab39762643b7__awgn_30_seed-20260812,awgn,30,20260812,28.222114551101843,37,3141,768,512,393216,f881267139d1f5fb256c1a2210d441f84bfa9538cd6656f6de0994b7af9b588f,opencv_444,f6673e301575d77826e2e2a0bfc4fc8a81f76c42e16d7de3c38d58c4390d5b21,073abd496b427fca6c11302768c3f76f99365467e84cfc3debe05867c976acfe,0ec6dd9876c269c0832e0a64ab20c015c6c839d266e108c88b30aa28c77391f9,True,True,74.97783120428399,54.48606628333778,0.8474427891260943,1.6998831522090123,3.3274055960773414,0.5916705631769774
div2k_validation,0839.png,0839_ab39762643b7__awgn_30_seed-20260813,awgn,30,20260813,28.2234004551534,22,4457,768,512,393216,62d867eba4320466a352bc74fbe19bcdf30032a71d3e09dac1bc108eff9615e1,opencv_444,f6673e301575d77826e2e2a0bfc4fc8a81f76c42e16d7de3c38d58c4390d5b21,073abd496b427fca6c11302768c3f76f99365467e84cfc3debe05867c976acfe,0ec6dd9876c269c0832e0a64ab20c015c6c839d266e108c88b30aa28c77391f9,True,True,74.63031451418506,54.446735414647186,0.8490682434853837,1.6950829455923135,3.3258717210479976,0.5918211023388001
div2k_validation,0839.png,0839_ab39762643b7__awgn_30_seed-20260813,awgn,30,20260813,28.2234004551534,27,4128,768,512,393216,62d867eba4320466a352bc74fbe19bcdf30032a71d3e09dac1bc108eff9615e1,opencv_444,f6673e301575d77826e2e2a0bfc4fc8a81f76c42e16d7de3c38d58c4390d5b21,073abd496b427fca6c11302768c3f76f99365467e84cfc3debe05867c976acfe,0ec6dd9876c269c0832e0a64ab20c015c6c839d266e108c88b30aa28c77391f9,True,True,74.63031451418506,54.446735414647186,0.8490682434853837,1.6950829455923135,3.3258717210479976,0.5918211023388001
div2k_validation,0839.png,0839_ab39762643b7__awgn_30_seed-20260813,awgn,30,20260813,28.2234004551534,32,3161,768,512,393216,62d867eba4320466a352bc74fbe19bcdf30032a71d3e09dac1bc108eff9615e1,opencv_444,f6673e301575d77826e2e2a0bfc4fc8a81f76c42e16d7de3c38d58c4390d5b21,073abd496b427fca6c11302768c3f76f99365467e84cfc3debe05867c976acfe,0ec6dd9876c269c0832e0a64ab20c015c6c839d266e108c88b30aa28c77391f9,True,True,74.63031451418506,54.446735414647186,0.8490682434853837,1.6950829455923135,3.3258717210479976,0.5918211023388001
div2k_validation,0839.png,0839_ab39762643b7__awgn_30_seed-20260813,awgn,30,20260813,28.2234004551534,37,3277,768,512,393216,62d867eba4320466a352bc74fbe19bcdf30032a71d3e09dac1bc108eff9615e1,opencv_444,f6673e301575d77826e2e2a0bfc4fc8a81f76c42e16d7de3c38d58c4390d5b21,073abd496b427fca6c11302768c3f76f99365467e84cfc3debe05867c976acfe,0ec6dd9876c269c0832e0a64ab20c015c6c839d266e108c88b30aa28c77391f9,True,True,74.63031451418506,54.446735414647186,0.8490682434853837,1.6950829455923135,3.3258717210479976,0.5918211023388001
div2k_validation,0839.png,0839_ab39762643b7__clean_0,clean,0,,0.0,22,7019,768,512,393216,ab39762643b74ec487ae64836a4ba304b8d07d2ea4848c767c3a1f6953d26789,opencv_444,f6673e301575d77826e2e2a0bfc4fc8a81f76c42e16d7de3c38d58c4390d5b21,073abd496b427fca6c11302768c3f76f99365467e84cfc3debe05867c976acfe,0ec6dd9876c269c0832e0a64ab20c015c6c839d266e108c88b30aa28c77391f9,True,True,48.93564208050315,48.638558265798835,0.2664439666205908,0.24057428126669061,2.3983188572933503,0.8908278869325637
div2k_validation,0839.png,0839_ab39762643b7__clean_0,clean,0,,0.0,27,6005,768,512,393216,ab39762643b74ec487ae64836a4ba304b8d07d2ea4848c767c3a1f6953d26789,opencv_444,f6673e301575d77826e2e2a0bfc4fc8a81f76c42e16d7de3c38d58c4390d5b21,073abd496b427fca6c11302768c3f76f99365467e84cfc3debe05867c976acfe,0ec6dd9876c269c0832e0a64ab20c015c6c839d266e108c88b30aa28c77391f9,True,True,48.93564208050315,48.638558265798835,0.2664439666205908,0.24057428126669061,2.3983188572933503,0.8908278869325637
div2k_validation,0839.png,0839_ab39762643b7__clean_0,clean,0,,0.0,32,3507,768,512,393216,ab39762643b74ec487ae64836a4ba304b8d07d2ea4848c767c3a1f6953d26789,opencv_444,f6673e301575d77826e2e2a0bfc4fc8a81f76c42e16d7de3c38d58c4390d5b21,073abd496b427fca6c11302768c3f76f99365467e84cfc3debe05867c976acfe,0ec6dd9876c269c0832e0a64ab20c015c6c839d266e108c88b30aa28c77391f9,True,True,48.93564208050315,48.638558265798835,0.2664439666205908,0.24057428126669061,2.3983188572933503,0.8908278869325637
div2k_validation,0839.png,0839_ab39762643b7__clean_0,clean,0,,0.0,37,1691,768,512,393216,ab39762643b74ec487ae64836a4ba304b8d07d2ea4848c767c3a1f6953d26789,opencv_444,f6673e301575d77826e2e2a0bfc4fc8a81f76c42e16d7de3c38d58c4390d5b21,073abd496b427fca6c11302768c3f76f99365467e84cfc3debe05867c976acfe,0ec6dd9876c269c0832e0a64ab20c015c6c839d266e108c88b30aa28c77391f9,True,True,48.93564208050315,48.638558265798835,0.2664439666205908,0.24057428126669061,2.3983188572933503,0.8908278869325637
div2k_validation,0843.png,0843_4bd8556cb805__awgn_30_seed-20260811,awgn,30,20260811,28.270240711887126,22,4204,768,512,393216,a4688de41bb20a40944fcc34dcaba793cb00ea8c7e1ce0e0dd197438d2d5f686,opencv_444,f6673e301575d77826e2e2a0bfc4fc8a81f76c42e16d7de3c38d58c4390d5b21,073abd496b427fca6c11302768c3f76f99365467e84cfc3debe05867c976acfe,0ec6dd9876c269c0832e0a64ab20c015c6c839d266e108c88b30aa28c77391f9,True,True,82.94698413682487,69.0160023312364,0.8475477397225208,1.683684568715364,3.510069395833285,0.5943024597748993
div2k_validation,0843.png,0843_4bd8556cb805__awgn_30_seed-20260811,awgn,30,20260811,28.270240711887126,27,3871,768,512,393216,a4688de41bb20a40944fcc34dcaba793cb00ea8c7e1ce0e0dd197438d2d5f686,opencv_444,f6673e301575d77826e2e2a0bfc4fc8a81f76c42e16d7de3c38d58c4390d5b21,073abd496b427fca6c11302768c3f76f99365467e84cfc3debe05867c976acfe,0ec6dd9876c269c0832e0a64ab20c015c6c839d266e108c88b30aa28c77391f9,True,True,82.94698413682487,69.0160023312364,0.8475477397225208,1.683684568715364,3.510069395833285,0.5943024597748993
div2k_validation,0843.png,0843_4bd8556cb805__awgn_30_seed-20260811,awgn,30,20260811,28.270240711887126,32,3295,768,512,393216,a4688de41bb20a40944fcc34dcaba793cb00ea8c7e1ce0e0dd197438d2d5f686,opencv_444,f6673e301575d77826e2e2a0bfc4fc8a81f76c42e16d7de3c38d58c4390d5b21,073abd496b427fca6c11302768c3f76f99365467e84cfc3debe05867c976acfe,0ec6dd9876c269c0832e0a64ab20c015c6c839d266e108c88b30aa28c77391f9,True,True,82.94698413682487,69.0160023312364,0.8475477397225208,1.683684568715364,3.510069395833285,0.5943024597748993
div2k_validation,0843.png,0843_4bd8556cb805__awgn_30_seed-20260811,awgn,30,20260811,28.270240711887126,37,3195,768,512,393216,a4688de41bb20a40944fcc34dcaba793cb00ea8c7e1ce0e0dd197438d2d5f686,opencv_444,f6673e301575d77826e2e2a0bfc4fc8a81f76c42e16d7de3c38d58c4390d5b21,073abd496b427fca6c11302768c3f76f99365467e84cfc3debe05867c976acfe,0ec6dd9876c269c0832e0a64ab20c015c6c839d266e108c88b30aa28c77391f9,True,True,82.94698413682487,69.0160023312364,0.8475477397225208,1.683684568715364,3.510069395833285,0.5943024597748993
div2k_validation,0843.png,0843_4bd8556cb805__awgn_30_seed-20260812,awgn,30,20260812,28.32665854724682,22,4318,768,512,393216,53550bee53696cd666113a5aecdc0042c3355f4ddfeb9bac6e8c87d869d71df0,opencv_444,f6673e301575d77826e2e2a0bfc4fc8a81f76c42e16d7de3c38d58c4390d5b21,073abd496b427fca6c11302768c3f76f99365467e84cfc3debe05867c976acfe,0ec6dd9876c269c0832e0a64ab20c015c6c839d266e108c88b30aa28c77391f9,True,True,82.9842048726422,68.97358847497838,0.8471637741258383,1.686835025961602,3.511988051892497,0.5935731582882524
div2k_validation,0843.png,0843_4bd8556cb805__awgn_30_seed-20260812,awgn,30,20260812,28.32665854724682,27,4136,768,512,393216,53550bee53696cd666113a5aecdc0042c3355f4ddfeb9bac6e8c87d869d71df0,opencv_444,f6673e301575d77826e2e2a0bfc4fc8a81f76c42e16d7de3c38d58c4390d5b21,073abd496b427fca6c11302768c3f76f99365467e84cfc3debe05867c976acfe,0ec6dd9876c269c0832e0a64ab20c015c6c839d266e108c88b30aa28c77391f9,True,True,82.9842048726422,68.97358847497838,0.8471637741258383,1.686835025961602,3.511988051892497,0.5935731582882524
div2k_validation,0843.png,0843_4bd8556cb805__awgn_30_seed-20260812,awgn,30,20260812,28.32665854724682,32,3134,768,512,393216,53550bee53696cd666113a5aecdc0042c3355f4ddfeb9bac6e8c87d869d71df0,opencv_444,f6673e301575d77826e2e2a0bfc4fc8a81f76c42e16d7de3c38d58c4390d5b21,073abd496b427fca6c11302768c3f76f99365467e84cfc3debe05867c976acfe,0ec6dd9876c269c0832e0a64ab20c015c6c839d266e108c88b30aa28c77391f9,True,True,82.9842048726422,68.97358847497838,0.8471637741258383,1.686835025961602,3.511988051892497,0.5935731582882524
div2k_validation,0843.png,0843_4bd8556cb805__awgn_30_seed-20260812,awgn,30,20260812,28.32665854724682,37,3164,768,512,393216,53550bee53696cd666113a5aecdc0042c3355f4ddfeb9bac6e8c87d869d71df0,opencv_444,f6673e301575d77826e2e2a0bfc4fc8a81f76c42e16d7de3c38d58c4390d5b21,073abd496b427fca6c11302768c3f76f99365467e84cfc3debe05867c976acfe,0ec6dd9876c269c0832e0a64ab20c015c6c839d266e108c88b30aa28c77391f9,True,True,82.9842048726422,68.97358847497838,0.8471637741258383,1.686835025961602,3.511988051892497,0.5935731582882524
div2k_validation,0843.png,0843_4bd8556cb805__awgn_30_seed-20260813,awgn,30,20260813,28.311251558760254,22,4382,768,512,393216,891037824e59ef3c9470ccc2569dc0879848409f3da57044a449fb4cd8217bb4,opencv_444,f6673e301575d77826e2e2a0bfc4fc8a81f76c42e16d7de3c38d58c4390d5b21,073abd496b427fca6c11302768c3f76f99365467e84cfc3debe05867c976acfe,0ec6dd9876c269c0832e0a64ab20c015c6c839d266e108c88b30aa28c77391f9,True,True,83.149128704731,68.99500538541649,0.8485178927968055,1.6886306532855302,3.512622151303259,0.5936528207179221
div2k_validation,0843.png,0843_4bd8556cb805__awgn_30_seed-20260813,awgn,30,20260813,28.311251558760254,27,3846,768,512,393216,891037824e59ef3c9470ccc2569dc0879848409f3da57044a449fb4cd8217bb4,opencv_444,f6673e301575d77826e2e2a0bfc4fc8a81f76c42e16d7de3c38d58c4390d5b21,073abd496b427fca6c11302768c3f76f99365467e84cfc3debe05867c976acfe,0ec6dd9876c269c0832e0a64ab20c015c6c839d266e108c88b30aa28c77391f9,True,True,83.149128704731,68.99500538541649,0.8485178927968055,1.6886306532855302,3.512622151303259,0.5936528207179221
div2k_validation,0843.png,0843_4bd8556cb805__awgn_30_seed-20260813,awgn,30,20260813,28.311251558760254,32,3229,768,512,393216,891037824e59ef3c9470ccc2569dc0879848409f3da57044a449fb4cd8217bb4,opencv_444,f6673e301575d77826e2e2a0bfc4fc8a81f76c42e16d7de3c38d58c4390d5b21,073abd496b427fca6c11302768c3f76f99365467e84cfc3debe05867c976acfe,0ec6dd9876c269c0832e0a64ab20c015c6c839d266e108c88b30aa28c77391f9,True,True,83.149128704731,68.99500538541649,0.8485178927968055,1.6886306532855302,3.512622151303259,0.5936528207179221
div2k_validation,0843.png,0843_4bd8556cb805__awgn_30_seed-20260813,awgn,30,20260813,28.311251558760254,37,3064,768,512,393216,891037824e59ef3c9470ccc2569dc0879848409f3da57044a449fb4cd8217bb4,opencv_444,f6673e301575d77826e2e2a0bfc4fc8a81f76c42e16d7de3c38d58c4390d5b21,073abd496b427fca6c11302768c3f76f99365467e84cfc3debe05867c976acfe,0ec6dd9876c269c0832e0a64ab20c015c6c839d266e108c88b30aa28c77391f9,True,True,83.149128704731,68.99500538541649,0.8485178927968055,1.6886306532855302,3.512622151303259,0.5936528207179221
div2k_validation,0843.png,0843_4bd8556cb805__clean_0,clean,0,,0.0,22,4811,768,512,393216,4bd8556cb805429da30df8386db6da467cf1ffed25f67b7d819c69d26c064cef,opencv_444,f6673e301575d77826e2e2a0bfc4fc8a81f76c42e16d7de3c38d58c4390d5b21,073abd496b427fca6c11302768c3f76f99365467e84cfc3debe05867c976acfe,0ec6dd9876c269c0832e0a64ab20c015c6c839d266e108c88b30aa28c77391f9,True,True,66.78020351487282,64.51762292419004,0.1387318896226898,0.20653397396097778,2.4108888391054055,0.9282091030933661
div2k_validation,0843.png,0843_4bd8556cb805__clean_0,clean,0,,0.0,27,3416,768,512,393216,4bd8556cb805429da30df8386db6da467cf1ffed25f67b7d819c69d26c064cef,opencv_444,f6673e301575d77826e2e2a0bfc4fc8a81f76c42e16d7de3c38d58c4390d5b21,073abd496b427fca6c11302768c3f76f99365467e84cfc3debe05867c976acfe,0ec6dd9876c269c0832e0a64ab20c015c6c839d266e108c88b30aa28c77391f9,True,True,66.78020351487282,64.51762292419004,0.1387318896226898,0.20653397396097778,2.4108888391054055,0.9282091030933661
div2k_validation,0843.png,0843_4bd8556cb805__clean_0,clean,0,,0.0,32,2267,768,512,393216,4bd8556cb805429da30df8386db6da467cf1ffed25f67b7d819c69d26c064cef,opencv_444,f6673e301575d77826e2e2a0bfc4fc8a81f76c42e16d7de3c38d58c4390d5b21,073abd496b427fca6c11302768c3f76f99365467e84cfc3debe05867c976acfe,0ec6dd9876c269c0832e0a64ab20c015c6c839d266e108c88b30aa28c77391f9,True,True,66.78020351487282,64.51762292419004,0.1387318896226898,0.20653397396097778,2.4108888391054055,0.9282091030933661
div2k_validation,0843.png,0843_4bd8556cb805__clean_0,clean,0,,0.0,37,1569,768,512,393216,4bd8556cb805429da30df8386db6da467cf1ffed25f67b7d819c69d26c064cef,opencv_444,f6673e301575d77826e2e2a0bfc4fc8a81f76c42e16d7de3c38d58c4390d5b21,073abd496b427fca6c11302768c3f76f99365467e84cfc3debe05867c976acfe,0ec6dd9876c269c0832e0a64ab20c015c6c839d266e108c88b30aa28c77391f9,True,True,66.78020351487282,64.51762292419004,0.1387318896226898,0.20653397396097778,2.4108888391054055,0.9282091030933661
div2k_validation,0845.png,0845_d1feaec5f465__awgn_30_seed-20260811,awgn,30,20260811,23.45483674120976,22,7915,768,512,393216,bf09fb4affdb232465eb0b8e1bbc223a73dee69e34cbd835cbb6339bc1d6002e,opencv_444,f6673e301575d77826e2e2a0bfc4fc8a81f76c42e16d7de3c38d58c4390d5b21,073abd496b427fca6c11302768c3f76f99365467e84cfc3debe05867c976acfe,0ec6dd9876c269c0832e0a64ab20c015c6c839d266e108c88b30aa28c77391f9,True,True,91.83998251017142,39.85490515389423,0.7392131265038653,1.0170041295566423,1.9343881519780042,0.741571795973031
div2k_validation,0845.png,0845_d1feaec5f465__awgn_30_seed-20260811,awgn,30,20260811,23.45483674120976,27,4484,768,512,393216,bf09fb4affdb232465eb0b8e1bbc223a73dee69e34cbd835cbb6339bc1d6002e,opencv_444,f6673e301575d77826e2e2a0bfc4fc8a81f76c42e16d7de3c38d58c4390d5b21,073abd496b427fca6c11302768c3f76f99365467e84cfc3debe05867c976acfe,0ec6dd9876c269c0832e0a64ab20c015c6c839d266e108c88b30aa28c77391f9,True,True,91.83998251017142,39.85490515389423,0.7392131265038653,1.0170041295566423,1.9343881519780042,0.741571795973031
div2k_validation,0845.png,0845_d1feaec5f465__awgn_30_seed-20260811,awgn,30,20260811,23.45483674120976,32,4166,768,512,393216,bf09fb4affdb232465eb0b8e1bbc223a73dee69e34cbd835cbb6339bc1d6002e,opencv_444,f6673e301575d77826e2e2a0bfc4fc8a81f76c42e16d7de3c38d58c4390d5b21,073abd496b427fca6c11302768c3f76f99365467e84cfc3debe05867c976acfe,0ec6dd9876c269c0832e0a64ab20c015c6c839d266e108c88b30aa28c77391f9,True,True,91.83998251017142,39.85490515389423,0.7392131265038653,1.0170041295566423,1.9343881519780042,0.741571795973031
div2k_validation,0845.png,0845_d1feaec5f465__awgn_30_seed-20260811,awgn,30,20260811,23.45483674120976,37,2706,768,512,393216,bf09fb4affdb232465eb0b8e1bbc223a73dee69e34cbd835cbb6339bc1d6002e,opencv_444,f6673e301575d77826e2e2a0bfc4fc8a81f76c42e16d7de3c38d58c4390d5b21,073abd496b427fca6c11302768c3f76f99365467e84cfc3debe05867c976acfe,0ec6dd9876c269c0832e0a64ab20c015c6c839d266e108c88b30aa28c77391f9,True,True,91.83998251017142,39.85490515389423,0.7392131265038653,1.0170041295566423,1.9343881519780042,0.741571795973031
div2k_validation,0845.png,0845_d1feaec5f465__awgn_30_seed-20260812,awgn,30,20260812,23.43670387102709,22,7925,768,512,393216,86878d5b7c84a4bb5e29313243a0b667fc6fdb9c8cc568196e49c34d84ced000,opencv_444,f6673e301575d77826e2e2a0bfc4fc8a81f76c42e16d7de3c38d58c4390d5b21,073abd496b427fca6c11302768c3f76f99365467e84cfc3debe05867c976acfe,0ec6dd9876c269c0832e0a64ab20c015c6c839d266e108c88b30aa28c77391f9,True,True,91.85982265395016,39.84468526130252,0.740472533660984,1.0128152264094208,1.9361965728129102,0.7415139181231943
div2k_validation,0845.png,0845_d1feaec5f465__awgn_30_seed-20260812,awgn,30,20260812,23.43670387102709,27,4790,768,512,393216,86878d5b7c84a4bb5e29313243a0b667fc6fdb9c8cc568196e49c34d84ced000,opencv_444,f6673e301575d77826e2e2a0bfc4fc8a81f76c42e16d7de3c38d58c4390d5b21,073abd496b427fca6c11302768c3f76f99365467e84cfc3debe05867c976acfe,0ec6dd9876c269c0832e0a64ab20c015c6c839d266e108c88b30aa28c77391f9,True,True,91.85982265395016,39.84468526130252,0.740472533660984,1.0128152264094208,1.9361965728129102,0.7415139181231943
div2k_validation,0845.png,0845_d1feaec5f465__awgn_30_seed-20260812,awgn,30,20260812,23.43670387102709,32,3927,768,512,393216,86878d5b7c84a4bb5e29313243a0b667fc6fdb9c8cc568196e49c34d84ced000,opencv_444,f6673e301575d77826e2e2a0bfc4fc8a81f76c42e16d7de3c38d58c4390d5b21,073abd496b427fca6c11302768c3f76f99365467e84cfc3debe05867c976acfe,0ec6dd9876c269c0832e0a64ab20c015c6c839d266e108c88b30aa28c77391f9,True,True,91.85982265395016,39.84468526130252,0.740472533660984,1.0128152264094208,1.9361965728129102,0.7415139181231943
div2k_validation,0845.png,0845_d1feaec5f465__awgn_30_seed-20260812,awgn,30,20260812,23.43670387102709,37,2672,768,512,393216,86878d5b7c84a4bb5e29313243a0b667fc6fdb9c8cc568196e49c34d84ced000,opencv_444,f6673e301575d77826e2e2a0bfc4fc8a81f76c42e16d7de3c38d58c4390d5b21,073abd496b427fca6c11302768c3f76f99365467e84cfc3debe05867c976acfe,0ec6dd9876c269c0832e0a64ab20c015c6c839d266e108c88b30aa28c77391f9,True,True,91.85982265395016,39.84468526130252,0.740472533660984,1.0128152264094208,1.9361965728129102,0.7415139181231943
div2k_validation,0845.png,0845_d1feaec5f465__awgn_30_seed-20260813,awgn,30,20260813,23.382949048684576,22,7767,768,512,393216,7f48744619cf9c3a3d72bb14de285f823ad4b74c999849203ffaf7b64b3d1f27,opencv_444,f6673e301575d77826e2e2a0bfc4fc8a81f76c42e16d7de3c38d58c4390d5b21,073abd496b427fca6c11302768c3f76f99365467e84cfc3debe05867c976acfe,0ec6dd9876c269c0832e0a64ab20c015c6c839d266e108c88b30aa28c77391f9,True,True,91.77180419403028,39.866301323586356,0.7391721701735524,1.0060139026515529,1.931470485530954,0.7425204827688614
div2k_validation,0845.png,0845_d1feaec5f465__awgn_30_seed-20260813,awgn,30,20260813,23.382949048684576,27,4523,768,512,393216,7f48744619cf9c3a3d72bb14de285f823ad4b74c999849203ffaf7b64b3d1f27,opencv_444,f6673e301575d77826e2e2a0bfc4fc8a81f76c42e16d7de3c38d58c4390d5b21,073abd496b427fca6c11302768c3f76f99365467e84cfc3debe05867c976acfe,0ec6dd9876c269c0832e0a64ab20c015c6c839d266e108c88b30aa28c77391f9,True,True,91.77180419403028,39.866301323586356,0.7391721701735524,1.0060139026515529,1.931470485530954,0.7425204827688614
div2k_validation,0845.png,0845_d1feaec5f465__awgn_30_seed-20260813,awgn,30,20260813,23.382949048684576,32,4177,768,512,393216,7f48744619cf9c3a3d72bb14de285f823ad4b74c999849203ffaf7b64b3d1f27,opencv_444,f6673e301575d77826e2e2a0bfc4fc8a81f76c42e16d7de3c38d58c4390d5b21,073abd496b427fca6c11302768c3f76f99365467e84cfc3debe05867c976acfe,0ec6dd9876c269c0832e0a64ab20c015c6c839d266e108c88b30aa28c77391f9,True,True,91.77180419403028,39.866301323586356,0.7391721701735524,1.0060139026515529,1.931470485530954,0.7425204827688614
div2k_validation,0845.png,0845_d1feaec5f465__awgn_30_seed-20260813,awgn,30,20260813,23.382949048684576,37,2776,768,512,393216,7f48744619cf9c3a3d72bb14de285f823ad4b74c999849203ffaf7b64b3d1f27,opencv_444,f6673e301575d77826e2e2a0bfc4fc8a81f76c42e16d7de3c38d58c4390d5b21,073abd496b427fca6c11302768c3f76f99365467e84cfc3debe05867c976acfe,0ec6dd9876c269c0832e0a64ab20c015c6c839d266e108c88b30aa28c77391f9,True,True,91.77180419403028,39.866301323586356,0.7391721701735524,1.0060139026515529,1.931470485530954,0.7425204827688614
div2k_validation,0845.png,0845_d1feaec5f465__clean_0,clean,0,,0.0,22,3075,768,512,393216,d1feaec5f465a16d17d1dcdf254e9c071b17aa363efc2dc7cee188853edcc983,opencv_444,f6673e301575d77826e2e2a0bfc4fc8a81f76c42e16d7de3c38d58c4390d5b21,073abd496b427fca6c11302768c3f76f99365467e84cfc3debe05867c976acfe,0ec6dd9876c269c0832e0a64ab20c015c6c839d266e108c88b30aa28c77391f9,True,True,89.82924081804904,35.13541984862292,0.1237188347924026,0.32445458622548606,0.9293042641202569,0.9398091681501108
div2k_validation,0845.png,0845_d1feaec5f465__clean_0,clean,0,,0.0,27,1758,768,512,393216,d1feaec5f465a16d17d1dcdf254e9c071b17aa363efc2dc7cee188853edcc983,opencv_444,f6673e301575d77826e2e2a0bfc4fc8a81f76c42e16d7de3c38d58c4390d5b21,073abd496b427fca6c11302768c3f76f99365467e84cfc3debe05867c976acfe,0ec6dd9876c269c0832e0a64ab20c015c6c839d266e108c88b30aa28c77391f9,True,True,89.82924081804904,35.13541984862292,0.1237188347924026,0.32445458622548606,0.9293042641202569,0.9398091681501108
div2k_validation,0845.png,0845_d1feaec5f465__clean_0,clean,0,,0.0,32,1497,768,512,393216,d1feaec5f465a16d17d1dcdf254e9c071b17aa363efc2dc7cee188853edcc983,opencv_444,f6673e301575d77826e2e2a0bfc4fc8a81f76c42e16d7de3c38d58c4390d5b21,073abd496b427fca6c11302768c3f76f99365467e84cfc3debe05867c976acfe,0ec6dd9876c269c0832e0a64ab20c015c6c839d266e108c88b30aa28c77391f9,True,True,89.82924081804904,35.13541984862292,0.1237188347924026,0.32445458622548606,0.9293042641202569,0.9398091681501108
div2k_validation,0845.png,0845_d1feaec5f465__clean_0,clean,0,,0.0,37,952,768,512,393216,d1feaec5f465a16d17d1dcdf254e9c071b17aa363efc2dc7cee188853edcc983,opencv_444,f6673e301575d77826e2e2a0bfc4fc8a81f76c42e16d7de3c38d58c4390d5b21,073abd496b427fca6c11302768c3f76f99365467e84cfc3debe05867c976acfe,0ec6dd9876c269c0832e0a64ab20c015c6c839d266e108c88b30aa28c77391f9,True,True,89.82924081804904,35.13541984862292,0.1237188347924026,0.32445458622548606,0.9293042641202569,0.9398091681501108
div2k_validation,0848.png,0848_94d1ced916cd__awgn_30_seed-20260811,awgn,30,20260811,26.90975327969198,22,6647,768,512,393216,f766452656baab56d0f2a45e7556bac55c715300ac9de0396becd3eb345d2dc9,opencv_444,f6673e301575d77826e2e2a0bfc4fc8a81f76c42e16d7de3c38d58c4390d5b21,073abd496b427fca6c11302768c3f76f99365467e84cfc3debe05867c976acfe,0ec6dd9876c269c0832e0a64ab20c015c6c839d266e108c88b30aa28c77391f9,True,True,122.07022020154358,81.1186246972698,0.8473967132544924,1.9477153499165947,3.522217680393301,0.6025970161539097
div2k_validation,0848.png,0848_94d1ced916cd__awgn_30_seed-20260811,awgn,30,20260811,26.90975327969198,27,6061,768,512,393216,f766452656baab56d0f2a45e7556bac55c715300ac9de0396becd3eb345d2dc9,opencv_444,f6673e301575d77826e2e2a0bfc4fc8a81f76c42e16d7de3c38d58c4390d5b21,073abd496b427fca6c11302768c3f76f99365467e84cfc3debe05867c976acfe,0ec6dd9876c269c0832e0a64ab20c015c6c839d266e108c88b30aa28c77391f9,True,True,122.07022020154358,81.1186246972698,0.8473967132544924,1.9477153499165947,3.522217680393301,0.6025970161539097
div2k_validation,0848.png,0848_94d1ced916cd__awgn_30_seed-20260811,awgn,30,20260811,26.90975327969198,32,5230,768,512,393216,f766452656baab56d0f2a45e7556bac55c715300ac9de0396becd3eb345d2dc9,opencv_444,f6673e301575d77826e2e2a0bfc4fc8a81f76c42e16d7de3c38d58c4390d5b21,073abd496b427fca6c11302768c3f76f99365467e84cfc3debe05867c976acfe,0ec6dd9876c269c0832e0a64ab20c015c6c839d266e108c88b30aa28c77391f9,True,True,122.07022020154358,81.1186246972698,0.8473967132544924,1.9477153499165947,3.522217680393301,0.6025970161539097
div2k_validation,0848.png,0848_94d1ced916cd__awgn_30_seed-20260811,awgn,30,20260811,26.90975327969198,37,5206,768,512,393216,f766452656baab56d0f2a45e7556bac55c715300ac9de0396becd3eb345d2dc9,opencv_444,f6673e301575d77826e2e2a0bfc4fc8a81f76c42e16d7de3c38d58c4390d5b21,073abd496b427fca6c11302768c3f76f99365467e84cfc3debe05867c976acfe,0ec6dd9876c269c0832e0a64ab20c015c6c839d266e108c88b30aa28c77391f9,True,True,122.07022020154358,81.1186246972698,0.8473967132544924,1.9477153499165947,3.522217680393301,0.6025970161539097
div2k_validation,0848.png,0848_94d1ced916cd__awgn_30_seed-20260812,awgn,30,20260812,26.827662166808828,22,6774,768,512,393216,42c4f10c7286a72f1c141f07408b13cbccf7d0e08a74f393dd4e08ba25f816ba,opencv_444,f6673e301575d77826e2e2a0bfc4fc8a81f76c42e16d7de3c38d58c4390d5b21,073abd496b427fca6c11302768c3f76f99365467e84cfc3debe05867c976acfe,0ec6dd9876c269c0832e0a64ab20c015c6c839d266e108c88b30aa28c77391f9,True,True,121.83364344284246,81.08710077276528,0.8468002866943122,1.9401789210044438,3.5210259830834456,0.6031796302482745
div2k_validation,0848.png,0848_94d1ced916cd__awgn_30_seed-20260812,awgn,30,20260812,26.827662166808828,27,6348,768,512,393216,42c4f10c7286a72f1c141f07408b13cbccf7d0e08a74f393dd4e08ba25f816ba,opencv_444,f6673e301575d77826e2e2a0bfc4fc8a81f76c42e16d7de3c38d58c4390d5b21,073abd496b427fca6c11302768c3f76f99365467e84cfc3debe05867c976acfe,0ec6dd9876c269c0832e0a64ab20c015c6c839d266e108c88b30aa28c77391f9,True,True,121.83364344284246,81.08710077276528,0.8468002866943122,1.9401789210044438,3.5210259830834456,0.6031796302482745
div2k_validation,0848.png,0848_94d1ced916cd__awgn_30_seed-20260812,awgn,30,20260812,26.827662166808828,32,5203,768,512,393216,42c4f10c7286a72f1c141f07408b13cbccf7d0e08a74f393dd4e08ba25f816ba,opencv_444,f6673e301575d77826e2e2a0bfc4fc8a81f76c42e16d7de3c38d58c4390d5b21,073abd496b427fca6c11302768c3f76f99365467e84cfc3debe05867c976acfe,0ec6dd9876c269c0832e0a64ab20c015c6c839d266e108c88b30aa28c77391f9,True,True,121.83364344284246,81.08710077276528,0.8468002866943122,1.9401789210044438,3.5210259830834456,0.6031796302482745
div2k_validation,0848.png,0848_94d1ced916cd__awgn_30_seed-20260812,awgn,30,20260812,26.827662166808828,37,5344,768,512,393216,42c4f10c7286a72f1c141f07408b13cbccf7d0e08a74f393dd4e08ba25f816ba,opencv_444,f6673e301575d77826e2e2a0bfc4fc8a81f76c42e16d7de3c38d58c4390d5b21,073abd496b427fca6c11302768c3f76f99365467e84cfc3debe05867c976acfe,0ec6dd9876c269c0832e0a64ab20c015c6c839d266e108c88b30aa28c77391f9,True,True,121.83364344284246,81.08710077276528,0.8468002866943122,1.9401789210044438,3.5210259830834456,0.6031796302482745
div2k_validation,0848.png,0848_94d1ced916cd__awgn_30_seed-20260813,awgn,30,20260813,26.87618850327445,22,6640,768,512,393216,0232434ceaf41b3766f1478dc3b98db7c154d666d7c99d3029acf363eb97acc3,opencv_444,f6673e301575d77826e2e2a0bfc4fc8a81f76c42e16d7de3c38d58c4390d5b21,073abd496b427fca6c11302768c3f76f99365467e84cfc3debe05867c976acfe,0ec6dd9876c269c0832e0a64ab20c015c6c839d266e108c88b30aa28c77391f9,True,True,121.65035672696858,81.11129211796326,0.8485793272922746,1.943420378024588,3.522605349823714,0.6024324151867614
div2k_validation,0848.png,0848_94d1ced916cd__awgn_30_seed-20260813,awgn,30,20260813,26.87618850327445,27,6258,768,512,393216,0232434ceaf41b3766f1478dc3b98db7c154d666d7c99d3029acf363eb97acc3,opencv_444,f6673e301575d77826e2e2a0bfc4fc8a81f76c42e16d7de3c38d58c4390d5b21,073abd496b427fca6c11302768c3f76f99365467e84cfc3debe05867c976acfe,0ec6dd9876c269c0832e0a64ab20c015c6c839d266e108c88b30aa28c77391f9,True,True,121.65035672696858,81.11129211796326,0.8485793272922746,1.943420378024588,3.522605349823714,0.6024324151867614
div2k_validation,0848.png,0848_94d1ced916cd__awgn_30_seed-20260813,awgn,30,20260813,26.87618850327445,32,5345,768,512,393216,0232434ceaf41b3766f1478dc3b98db7c154d666d7c99d3029acf363eb97acc3,opencv_444,f6673e301575d77826e2e2a0bfc4fc8a81f76c42e16d7de3c38d58c4390d5b21,073abd496b427fca6c11302768c3f76f99365467e84cfc3debe05867c976acfe,0ec6dd9876c269c0832e0a64ab20c015c6c839d266e108c88b30aa28c77391f9,True,True,121.65035672696858,81.11129211796326,0.8485793272922746,1.943420378024588,3.522605349823714,0.6024324151867614
div2k_validation,0848.png,0848_94d1ced916cd__awgn_30_seed-20260813,awgn,30,20260813,26.87618850327445,37,5148,768,512,393216,0232434ceaf41b3766f1478dc3b98db7c154d666d7c99d3029acf363eb97acc3,opencv_444,f6673e301575d77826e2e2a0bfc4fc8a81f76c42e16d7de3c38d58c4390d5b21,073abd496b427fca6c11302768c3f76f99365467e84cfc3debe05867c976acfe,0ec6dd9876c269c0832e0a64ab20c015c6c839d266e108c88b30aa28c77391f9,True,True,121.65035672696858,81.11129211796326,0.8485793272922746,1.943420378024588,3.522605349823714,0.6024324151867614
div2k_validation,0848.png,0848_94d1ced916cd__clean_0,clean,0,,0.0,22,8666,768,512,393216,94d1ced916cd17591becabb0b3ad9d468714e44daad51fc912731c6c25150b81,opencv_444,f6673e301575d77826e2e2a0bfc4fc8a81f76c42e16d7de3c38d58c4390d5b21,073abd496b427fca6c11302768c3f76f99365467e84cfc3debe05867c976acfe,0ec6dd9876c269c0832e0a64ab20c015c6c839d266e108c88b30aa28c77391f9,True,True,127.17155251942846,80.0098130595872,0.38518404750934315,0.782120600064817,2.949848139514243,0.8261803717916162
div2k_validation,0848.png,0848_94d1ced916cd__clean_0,clean,0,,0.0,27,7715,768,512,393216,94d1ced916cd17591becabb0b3ad9d468714e44daad51fc912731c6c25150b81,opencv_444,f6673e301575d77826e2e2a0bfc4fc8a81f76c42e16d7de3c38d58c4390d5b21,073abd496b427fca6c11302768c3f76f99365467e84cfc3debe05867c976acfe,0ec6dd9876c269c0832e0a64ab20c015c6c839d266e108c88b30aa28c77391f9,True,True,127.17155251942846,80.0098130595872,0.38518404750934315,0.782120600064817,2.949848139514243,0.8261803717916162
div2k_validation,0848.png,0848_94d1ced916cd__clean_0,clean,0,,0.0,32,6652,768,512,393216,94d1ced916cd17591becabb0b3ad9d468714e44daad51fc912731c6c25150b81,opencv_444,f6673e301575d77826e2e2a0bfc4fc8a81f76c42e16d7de3c38d58c4390d5b21,073abd496b427fca6c11302768c3f76f99365467e84cfc3debe05867c976acfe,0ec6dd9876c269c0832e0a64ab20c015c6c839d266e108c88b30aa28c77391f9,True,True,127.17155251942846,80.0098130595872,0.38518404750934315,0.782120600064817,2.949848139514243,0.8261803717916162
div2k_validation,0848.png,0848_94d1ced916cd__clean_0,clean,0,,0.0,37,4883,768,512,393216,94d1ced916cd17591becabb0b3ad9d468714e44daad51fc912731c6c25150b81,opencv_444,f6673e301575d77826e2e2a0bfc4fc8a81f76c42e16d7de3c38d58c4390d5b21,073abd496b427fca6c11302768c3f76f99365467e84cfc3debe05867c976acfe,0ec6dd9876c269c0832e0a64ab20c015c6c839d266e108c88b30aa28c77391f9,True,True,127.17155251942846,80.0098130595872,0.38518404750934315,0.782120600064817,2.949848139514243,0.8261803717916162
div2k_validation,0850.png,0850_19c99b385e12__awgn_30_seed-20260811,awgn,30,20260811,28.794888380094527,22,4730,768,512,393216,1c3af0d4c3e7c214cf813b3d650627a39b51946753d6e7bd3e0ad5bbfd26e3e1,opencv_444,f6673e301575d77826e2e2a0bfc4fc8a81f76c42e16d7de3c38d58c4390d5b21,073abd496b427fca6c11302768c3f76f99365467e84cfc3debe05867c976acfe,0ec6dd9876c269c0832e0a64ab20c015c6c839d266e108c88b30aa28c77391f9,True,True,96.65797593477578,57.42174195245725,0.864951620334818,1.9736362605024587,3.5299795034662944,0.5684130863145574
div2k_validation,0850.png,0850_19c99b385e12__awgn_30_seed-20260811,awgn,30,20260811,28.794888380094527,27,4784,768,512,393216,1c3af0d4c3e7c214cf813b3d650627a39b51946753d6e7bd3e0ad5bbfd26e3e1,opencv_444,f6673e301575d77826e2e2a0bfc4fc8a81f76c42e16d7de3c38d58c4390d5b21,073abd496b427fca6c11302768c3f76f99365467e84cfc3debe05867c976acfe,0ec6dd9876c269c0832e0a64ab20c015c6c839d266e108c88b30aa28c77391f9,True,True,96.65797593477578,57.42174195245725,0.864951620334818,1.9736362605024587,3.5299795034662944,0.5684130863145574
div2k_validation,0850.png,0850_19c99b385e12__awgn_30_seed-20260811,awgn,30,20260811,28.794888380094527,32,4097,768,512,393216,1c3af0d4c3e7c214cf813b3d650627a39b51946753d6e7bd3e0ad5bbfd26e3e1,opencv_444,f6673e301575d77826e2e2a0bfc4fc8a81f76c42e16d7de3c38d58c4390d5b21,073abd496b427fca6c11302768c3f76f99365467e84cfc3debe05867c976acfe,0ec6dd9876c269c0832e0a64ab20c015c6c839d266e108c88b30aa28c77391f9,True,True,96.65797593477578,57.42174195245725,0.864951620334818,1.9736362605024587,3.5299795034662944,0.5684130863145574
div2k_validation,0850.png,0850_19c99b385e12__awgn_30_seed-20260811,awgn,30,20260811,28.794888380094527,37,4016,768,512,393216,1c3af0d4c3e7c214cf813b3d650627a39b51946753d6e7bd3e0ad5bbfd26e3e1,opencv_444,f6673e301575d77826e2e2a0bfc4fc8a81f76c42e16d7de3c38d58c4390d5b21,073abd496b427fca6c11302768c3f76f99365467e84cfc3debe05867c976acfe,0ec6dd9876c269c0832e0a64ab20c015c6c839d266e108c88b30aa28c77391f9,True,True,96.65797593477578,57.42174195245725,0.864951620334818,1.9736362605024587,3.5299795034662944,0.5684130863145574
div2k_validation,0850.png,0850_19c99b385e12__awgn_30_seed-20260812,awgn,30,20260812,28.791686599511085,22,5168,768,512,393216,af54f5f8878c764fd5fcf44a10b71afd9c1bba85bc02659cc79a103fbb963d34,opencv_444,f6673e301575d77826e2e2a0bfc4fc8a81f76c42e16d7de3c38d58c4390d5b21,073abd496b427fca6c11302768c3f76f99365467e84cfc3debe05867c976acfe,0ec6dd9876c269c0832e0a64ab20c015c6c839d266e108c88b30aa28c77391f9,True,True,96.86857525389273,57.29590384390271,0.8655250089591973,1.9707632289609576,3.5275929116892355,0.5686908118020649
div2k_validation,0850.png,0850_19c99b385e12__awgn_30_seed-20260812,awgn,30,20260812,28.791686599511085,27,4805,768,512,393216,af54f5f8878c764fd5fcf44a10b71afd9c1bba85bc02659cc79a103fbb963d34,opencv_444,f6673e301575d77826e2e2a0bfc4fc8a81f76c42e16d7de3c38d58c4390d5b21,073abd496b427fca6c11302768c3f76f99365467e84cfc3debe05867c976acfe,0ec6dd9876c269c0832e0a64ab20c015c6c839d266e108c88b30aa28c77391f9,True,True,96.86857525389273,57.29590384390271,0.8655250089591973,1.9707632289609576,3.5275929116892355,0.5686908118020649
div2k_validation,0850.png,0850_19c99b385e12__awgn_30_seed-20260812,awgn,30,20260812,28.791686599511085,32,3984,768,512,393216,af54f5f8878c764fd5fcf44a10b71afd9c1bba85bc02659cc79a103fbb963d34,opencv_444,f6673e301575d77826e2e2a0bfc4fc8a81f76c42e16d7de3c38d58c4390d5b21,073abd496b427fca6c11302768c3f76f99365467e84cfc3debe05867c976acfe,0ec6dd9876c269c0832e0a64ab20c015c6c839d266e108c88b30aa28c77391f9,True,True,96.86857525389273,57.29590384390271,0.8655250089591973,1.9707632289609576,3.5275929116892355,0.5686908118020649
div2k_validation,0850.png,0850_19c99b385e12__awgn_30_seed-20260812,awgn,30,20260812,28.791686599511085,37,4010,768,512,393216,af54f5f8878c764fd5fcf44a10b71afd9c1bba85bc02659cc79a103fbb963d34,opencv_444,f6673e301575d77826e2e2a0bfc4fc8a81f76c42e16d7de3c38d58c4390d5b21,073abd496b427fca6c11302768c3f76f99365467e84cfc3debe05867c976acfe,0ec6dd9876c269c0832e0a64ab20c015c6c839d266e108c88b30aa28c77391f9,True,True,96.86857525389273,57.29590384390271,0.8655250089591973,1.9707632289609576,3.5275929116892355,0.5686908118020649
div2k_validation,0850.png,0850_19c99b385e12__awgn_30_seed-20260813,awgn,30,20260813,28.707649861372335,22,4704,768,512,393216,0b053476f642192df24f552f95fe8d459be393bdb3046eff830b144a047dbd08,opencv_444,f6673e301575d77826e2e2a0bfc4fc8a81f76c42e16d7de3c38d58c4390d5b21,073abd496b427fca6c11302768c3f76f99365467e84cfc3debe05867c976acfe,0ec6dd9876c269c0832e0a64ab20c015c6c839d266e108c88b30aa28c77391f9,True,True,96.7185933822308,57.30478573543595,0.8635898223519173,1.9656595229636977,3.526306801852659,0.5695047686586132
div2k_validation,0850.png,0850_19c99b385e12__awgn_30_seed-20260813,awgn,30,20260813,28.707649861372335,27,4785,768,512,393216,0b053476f642192df24f552f95fe8d459be393bdb3046eff830b144a047dbd08,opencv_444,f6673e301575d77826e2e2a0bfc4fc8a81f76c42e16d7de3c38d58c4390d5b21,073abd496b427fca6c11302768c3f76f99365467e84cfc3debe05867c976acfe,0ec6dd9876c269c0832e0a64ab20c015c6c839d266e108c88b30aa28c77391f9,True,True,96.7185933822308,57.30478573543595,0.8635898223519173,1.9656595229636977,3.526306801852659,0.5695047686586132
div2k_validation,0850.png,0850_19c99b385e12__awgn_30_seed-20260813,awgn,30,20260813,28.707649861372335,32,4039,768,512,393216,0b053476f642192df24f552f95fe8d459be393bdb3046eff830b144a047dbd08,opencv_444,f6673e301575d77826e2e2a0bfc4fc8a81f76c42e16d7de3c38d58c4390d5b21,073abd496b427fca6c11302768c3f76f99365467e84cfc3debe05867c976acfe,0ec6dd9876c269c0832e0a64ab20c015c6c839d266e108c88b30aa28c77391f9,True,True,96.7185933822308,57.30478573543595,0.8635898223519173,1.9656595229636977,3.526306801852659,0.5695047686586132
div2k_validation,0850.png,0850_19c99b385e12__awgn_30_seed-20260813,awgn,30,20260813,28.707649861372335,37,4044,768,512,393216,0b053476f642192df24f552f95fe8d459be393bdb3046eff830b144a047dbd08,opencv_444,f6673e301575d77826e2e2a0bfc4fc8a81f76c42e16d7de3c38d58c4390d5b21,073abd496b427fca6c11302768c3f76f99365467e84cfc3debe05867c976acfe,0ec6dd9876c269c0832e0a64ab20c015c6c839d266e108c88b30aa28c77391f9,True,True,96.7185933822308,57.30478573543595,0.8635898223519173,1.9656595229636977,3.526306801852659,0.5695047686586132
div2k_validation,0850.png,0850_19c99b385e12__clean_0,clean,0,,0.0,22,8288,768,512,393216,19c99b385e129c21dae2d61e1894f9bc938f7f58ee02be4bb1605db4ff989e7a,opencv_444,f6673e301575d77826e2e2a0bfc4fc8a81f76c42e16d7de3c38d58c4390d5b21,073abd496b427fca6c11302768c3f76f99365467e84cfc3debe05867c976acfe,0ec6dd9876c269c0832e0a64ab20c015c6c839d266e108c88b30aa28c77391f9,True,True,93.63643865880357,51.09894395617777,0.25149490605641733,0.39568529056753166,2.5095080009666026,0.8904514052286693
div2k_validation,0850.png,0850_19c99b385e12__clean_0,clean,0,,0.0,27,6833,768,512,393216,19c99b385e129c21dae2d61e1894f9bc938f7f58ee02be4bb1605db4ff989e7a,opencv_444,f6673e301575d77826e2e2a0bfc4fc8a81f76c42e16d7de3c38d58c4390d5b21,073abd496b427fca6c11302768c3f76f99365467e84cfc3debe05867c976acfe,0ec6dd9876c269c0832e0a64ab20c015c6c839d266e108c88b30aa28c77391f9,True,True,93.63643865880357,51.09894395617777,0.25149490605641733,0.39568529056753166,2.5095080009666026,0.8904514052286693
div2k_validation,0850.png,0850_19c99b385e12__clean_0,clean,0,,0.0,32,5013,768,512,393216,19c99b385e129c21dae2d61e1894f9bc938f7f58ee02be4bb1605db4ff989e7a,opencv_444,f6673e301575d77826e2e2a0bfc4fc8a81f76c42e16d7de3c38d58c4390d5b21,073abd496b427fca6c11302768c3f76f99365467e84cfc3debe05867c976acfe,0ec6dd9876c269c0832e0a64ab20c015c6c839d266e108c88b30aa28c77391f9,True,True,93.63643865880357,51.09894395617777,0.25149490605641733,0.39568529056753166,2.5095080009666026,0.8904514052286693
div2k_validation,0850.png,0850_19c99b385e12__clean_0,clean,0,,0.0,37,3558,768,512,393216,19c99b385e129c21dae2d61e1894f9bc938f7f58ee02be4bb1605db4ff989e7a,opencv_444,f6673e301575d77826e2e2a0bfc4fc8a81f76c42e16d7de3c38d58c4390d5b21,073abd496b427fca6c11302768c3f76f99365467e84cfc3debe05867c976acfe,0ec6dd9876c269c0832e0a64ab20c015c6c839d266e108c88b30aa28c77391f9,True,True,93.63643865880357,51.09894395617777,0.25149490605641733,0.39568529056753166,2.5095080009666026,0.8904514052286693
div2k_validation,0852.png,0852_546d7a54b41b__awgn_30_seed-20260811,awgn,30,20260811,24.414096249976673,22,7146,768,512,393216,8cb87596a9828c1a14faa53b2eb3332bcb4c6a2525dfa00fe6575a3882277b68,opencv_444,f6673e301575d77826e2e2a0bfc4fc8a81f76c42e16d7de3c38d58c4390d5b21,073abd496b427fca6c11302768c3f76f99365467e84cfc3debe05867c976acfe,0ec6dd9876c269c0832e0a64ab20c015c6c839d266e108c88b30aa28c77391f9,True,True,82.83014538462403,36.03631537001554,0.7739773716275021,1.1246279338327438,2.223470830614189,0.70306132292473
div2k_validation,0852.png,0852_546d7a54b41b__awgn_30_seed-20260811,awgn,30,20260811,24.414096249976673,27,5671,768,512,393216,8cb87596a9828c1a14faa53b2eb3332bcb4c6a2525dfa00fe6575a3882277b68,opencv_444,f6673e301575d77826e2e2a0bfc4fc8a81f76c42e16d7de3c38d58c4390d5b21,073abd496b427fca6c11302768c3f76f99365467e84cfc3debe05867c976acfe,0ec6dd9876c269c0832e0a64ab20c015c6c839d266e108c88b30aa28c77391f9,True,True,82.83014538462403,36.03631537001554,0.7739773716275021,1.1246279338327438,2.223470830614189,0.70306132292473
div2k_validation,0852.png,0852_546d7a54b41b__awgn_30_seed-20260811,awgn,30,20260811,24.414096249976673,32,4541,768,512,393216,8cb87596a9828c1a14faa53b2eb3332bcb4c6a2525dfa00fe6575a3882277b68,opencv_444,f6673e301575d77826e2e2a0bfc4fc8a81f76c42e16d7de3c38d58c4390d5b21,073abd496b427fca6c11302768c3f76f99365467e84cfc3debe05867c976acfe,0ec6dd9876c269c0832e0a64ab20c015c6c839d266e108c88b30aa28c77391f9,True,True,82.83014538462403,36.03631537001554,0.7739773716275021,1.1246279338327438,2.223470830614189,0.70306132292473
div2k_validation,0852.png,0852_546d7a54b41b__awgn_30_seed-20260811,awgn,30,20260811,24.414096249976673,37,3843,768,512,393216,8cb87596a9828c1a14faa53b2eb3332bcb4c6a2525dfa00fe6575a3882277b68,opencv_444,f6673e301575d77826e2e2a0bfc4fc8a81f76c42e16d7de3c38d58c4390d5b21,073abd496b427fca6c11302768c3f76f99365467e84cfc3debe05867c976acfe,0ec6dd9876c269c0832e0a64ab20c015c6c839d266e108c88b30aa28c77391f9,True,True,82.83014538462403,36.03631537001554,0.7739773716275021,1.1246279338327438,2.223470830614189,0.70306132292473
div2k_validation,0852.png,0852_546d7a54b41b__awgn_30_seed-20260812,awgn,30,20260812,24.39606023781203,22,6995,768,512,393216,a356ddffac2592b3fb791cf9c6953c0176330bc30d2de93cde82186b74d93295,opencv_444,f6673e301575d77826e2e2a0bfc4fc8a81f76c42e16d7de3c38d58c4390d5b21,073abd496b427fca6c11302768c3f76f99365467e84cfc3debe05867c976acfe,0ec6dd9876c269c0832e0a64ab20c015c6c839d266e108c88b30aa28c77391f9,True,True,83.46126297656427,36.12984648780117,0.7729304254338811,1.1267224294251745,2.223691835484334,0.7036443692414901
div2k_validation,0852.png,0852_546d7a54b41b__awgn_30_seed-20260812,awgn,30,20260812,24.39606023781203,27,5393,768,512,393216,a356ddffac2592b3fb791cf9c6953c0176330bc30d2de93cde82186b74d93295,opencv_444,f6673e301575d77826e2e2a0bfc4fc8a81f76c42e16d7de3c38d58c4390d5b21,073abd496b427fca6c11302768c3f76f99365467e84cfc3debe05867c976acfe,0ec6dd9876c269c0832e0a64ab20c015c6c839d266e108c88b30aa28c77391f9,True,True,83.46126297656427,36.12984648780117,0.7729304254338811,1.1267224294251745,2.223691835484334,0.7036443692414901
div2k_validation,0852.png,0852_546d7a54b41b__awgn_30_seed-20260812,awgn,30,20260812,24.39606023781203,32,4515,768,512,393216,a356ddffac2592b3fb791cf9c6953c0176330bc30d2de93cde82186b74d93295,opencv_444,f6673e301575d77826e2e2a0bfc4fc8a81f76c42e16d7de3c38d58c4390d5b21,073abd496b427fca6c11302768c3f76f99365467e84cfc3debe05867c976acfe,0ec6dd9876c269c0832e0a64ab20c015c6c839d266e108c88b30aa28c77391f9,True,True,83.46126297656427,36.12984648780117,0.7729304254338811,1.1267224294251745,2.223691835484334,0.7036443692414901
div2k_validation,0852.png,0852_546d7a54b41b__awgn_30_seed-20260812,awgn,30,20260812,24.39606023781203,37,3742,768,512,393216,a356ddffac2592b3fb791cf9c6953c0176330bc30d2de93cde82186b74d93295,opencv_444,f6673e301575d77826e2e2a0bfc4fc8a81f76c42e16d7de3c38d58c4390d5b21,073abd496b427fca6c11302768c3f76f99365467e84cfc3debe05867c976acfe,0ec6dd9876c269c0832e0a64ab20c015c6c839d266e108c88b30aa28c77391f9,True,True,83.46126297656427,36.12984648780117,0.7729304254338811,1.1267224294251745,2.223691835484334,0.7036443692414901
div2k_validation,0852.png,0852_546d7a54b41b__awgn_30_seed-20260813,awgn,30,20260813,24.398182231126732,22,6934,768,512,393216,8c70bc315fd51c5d66bd74b106161ed364cf5ab4bf75c5b93d2a683934a52f32,opencv_444,f6673e301575d77826e2e2a0bfc4fc8a81f76c42e16d7de3c38d58c4390d5b21,073abd496b427fca6c11302768c3f76f99365467e84cfc3debe05867c976acfe,0ec6dd9876c269c0832e0a64ab20c015c6c839d266e108c88b30aa28c77391f9,True,True,83.21226151813433,36.062025511469486,0.7731224082322224,1.1288378077948698,2.2244198146086624,0.7029685722290882
div2k_validation,0852.png,0852_546d7a54b41b__awgn_30_seed-20260813,awgn,30,20260813,24.398182231126732,27,5421,768,512,393216,8c70bc315fd51c5d66bd74b106161ed364cf5ab4bf75c5b93d2a683934a52f32,opencv_444,f6673e301575d77826e2e2a0bfc4fc8a81f76c42e16d7de3c38d58c4390d5b21,073abd496b427fca6c11302768c3f76f99365467e84cfc3debe05867c976acfe,0ec6dd9876c269c0832e0a64ab20c015c6c839d266e108c88b30aa28c77391f9,True,True,83.21226151813433,36.062025511469486,0.7731224082322224,1.1288378077948698,2.2244198146086624,0.7029685722290882
div2k_validation,0852.png,0852_546d7a54b41b__awgn_30_seed-20260813,awgn,30,20260813,24.398182231126732,32,4545,768,512,393216,8c70bc315fd51c5d66bd74b106161ed364cf5ab4bf75c5b93d2a683934a52f32,opencv_444,f6673e301575d77826e2e2a0bfc4fc8a81f76c42e16d7de3c38d58c4390d5b21,073abd496b427fca6c11302768c3f76f99365467e84cfc3debe05867c976acfe,0ec6dd9876c269c0832e0a64ab20c015c6c839d266e108c88b30aa28c77391f9,True,True,83.21226151813433,36.062025511469486,0.7731224082322224,1.1288378077948698,2.2244198146086624,0.7029685722290882
div2k_validation,0852.png,0852_546d7a54b41b__awgn_30_seed-20260813,awgn,30,20260813,24.398182231126732,37,3797,768,512,393216,8c70bc315fd51c5d66bd74b106161ed364cf5ab4bf75c5b93d2a683934a52f32,opencv_444,f6673e301575d77826e2e2a0bfc4fc8a81f76c42e16d7de3c38d58c4390d5b21,073abd496b427fca6c11302768c3f76f99365467e84cfc3debe05867c976acfe,0ec6dd9876c269c0832e0a64ab20c015c6c839d266e108c88b30aa28c77391f9,True,True,83.21226151813433,36.062025511469486,0.7731224082322224,1.1288378077948698,2.2244198146086624,0.7029685722290882
div2k_validation,0852.png,0852_546d7a54b41b__clean_0,clean,0,,0.0,22,6191,768,512,393216,546d7a54b41b3503e8fac4b311ea38ed602bc6cf83074f8648915f3b0b1600b7,opencv_444,f6673e301575d77826e2e2a0bfc4fc8a81f76c42e16d7de3c38d58c4390d5b21,073abd496b427fca6c11302768c3f76f99365467e84cfc3debe05867c976acfe,0ec6dd9876c269c0832e0a64ab20c015c6c839d266e108c88b30aa28c77391f9,True,True,80.80941080434124,30.56619311555455,0.2967542108227103,0.31168804670709727,1.4824040795823996,0.8997671495042889
div2k_validation,0852.png,0852_546d7a54b41b__clean_0,clean,0,,0.0,27,5321,768,512,393216,546d7a54b41b3503e8fac4b311ea38ed602bc6cf83074f8648915f3b0b1600b7,opencv_444,f6673e301575d77826e2e2a0bfc4fc8a81f76c42e16d7de3c38d58c4390d5b21,073abd496b427fca6c11302768c3f76f99365467e84cfc3debe05867c976acfe,0ec6dd9876c269c0832e0a64ab20c015c6c839d266e108c88b30aa28c77391f9,True,True,80.80941080434124,30.56619311555455,0.2967542108227103,0.31168804670709727,1.4824040795823996,0.8997671495042889
div2k_validation,0852.png,0852_546d7a54b41b__clean_0,clean,0,,0.0,32,3945,768,512,393216,546d7a54b41b3503e8fac4b311ea38ed602bc6cf83074f8648915f3b0b1600b7,opencv_444,f6673e301575d77826e2e2a0bfc4fc8a81f76c42e16d7de3c38d58c4390d5b21,073abd496b427fca6c11302768c3f76f99365467e84cfc3debe05867c976acfe,0ec6dd9876c269c0832e0a64ab20c015c6c839d266e108c88b30aa28c77391f9,True,True,80.80941080434124,30.56619311555455,0.2967542108227103,0.31168804670709727,1.4824040795823996,0.8997671495042889
div2k_validation,0852.png,0852_546d7a54b41b__clean_0,clean,0,,0.0,37,2543,768,512,393216,546d7a54b41b3503e8fac4b311ea38ed602bc6cf83074f8648915f3b0b1600b7,opencv_444,f6673e301575d77826e2e2a0bfc4fc8a81f76c42e16d7de3c38d58c4390d5b21,073abd496b427fca6c11302768c3f76f99365467e84cfc3debe05867c976acfe,0ec6dd9876c269c0832e0a64ab20c015c6c839d266e108c88b30aa28c77391f9,True,True,80.80941080434124,30.56619311555455,0.2967542108227103,0.31168804670709727,1.4824040795823996,0.8997671495042889
div2k_validation,0854.png,0854_5dbe58ef7f9a__awgn_30_seed-20260811,awgn,30,20260811,29.233935647962937,22,6571,768,512,393216,49ced0ca1f4b205b175e3ce9077d282fd10b9e8b4b8c8c0d95a2da4e68f5fa4d,opencv_444,f6673e301575d77826e2e2a0bfc4fc8a81f76c42e16d7de3c38d58c4390d5b21,073abd496b427fca6c11302768c3f76f99365467e84cfc3debe05867c976acfe,0ec6dd9876c269c0832e0a64ab20c015c6c839d266e108c88b30aa28c77391f9,True,True,123.78877413001345,59.03637424184144,0.9049813136742948,2.472349101210117,3.6476195637918183,0.5280511237148904
div2k_validation,0854.png,0854_5dbe58ef7f9a__awgn_30_seed-20260811,awgn,30,20260811,29.233935647962937,27,6270,768,512,393216,49ced0ca1f4b205b175e3ce9077d282fd10b9e8b4b8c8c0d95a2da4e68f5fa4d,opencv_444,f6673e301575d77826e2e2a0bfc4fc8a81f76c42e16d7de3c38d58c4390d5b21,073abd496b427fca6c11302768c3f76f99365467e84cfc3debe05867c976acfe,0ec6dd9876c269c0832e0a64ab20c015c6c839d266e108c88b30aa28c77391f9,True,True,123.78877413001345,59.03637424184144,0.9049813136742948,2.472349101210117,3.6476195637918183,0.5280511237148904
div2k_validation,0854.png,0854_5dbe58ef7f9a__awgn_30_seed-20260811,awgn,30,20260811,29.233935647962937,32,5087,768,512,393216,49ced0ca1f4b205b175e3ce9077d282fd10b9e8b4b8c8c0d95a2da4e68f5fa4d,opencv_444,f6673e301575d77826e2e2a0bfc4fc8a81f76c42e16d7de3c38d58c4390d5b21,073abd496b427fca6c11302768c3f76f99365467e84cfc3debe05867c976acfe,0ec6dd9876c269c0832e0a64ab20c015c6c839d266e108c88b30aa28c77391f9,True,True,123.78877413001345,59.03637424184144,0.9049813136742948,2.472349101210117,3.6476195637918183,0.5280511237148904
div2k_validation,0854.png,0854_5dbe58ef7f9a__awgn_30_seed-20260811,awgn,30,20260811,29.233935647962937,37,5320,768,512,393216,49ced0ca1f4b205b175e3ce9077d282fd10b9e8b4b8c8c0d95a2da4e68f5fa4d,opencv_444,f6673e301575d77826e2e2a0bfc4fc8a81f76c42e16d7de3c38d58c4390d5b21,073abd496b427fca6c11302768c3f76f99365467e84cfc3debe05867c976acfe,0ec6dd9876c269c0832e0a64ab20c015c6c839d266e108c88b30aa28c77391f9,True,True,123.78877413001345,59.03637424184144,0.9049813136742948,2.472349101210117,3.6476195637918183,0.5280511237148904
div2k_validation,0854.png,0854_5dbe58ef7f9a__awgn_30_seed-20260812,awgn,30,20260812,29.223687316112848,22,6514,768,512,393216,7613d7ed8ebf1c334b1373776a774d6b46b8ea6cf59d5f0f8990544ff86980ba,opencv_444,f6673e301575d77826e2e2a0bfc4fc8a81f76c42e16d7de3c38d58c4390d5b21,073abd496b427fca6c11302768c3f76f99365467e84cfc3debe05867c976acfe,0ec6dd9876c269c0832e0a64ab20c015c6c839d266e108c88b30aa28c77391f9,True,True,123.69688806375468,59.05097836355035,0.9051041826652332,2.4752191332427946,3.6473709961400154,0.5278501646911157
div2k_validation,0854.png,0854_5dbe58ef7f9a__awgn_30_seed-20260812,awgn,30,20260812,29.223687316112848,27,6271,768,512,393216,7613d7ed8ebf1c334b1373776a774d6b46b8ea6cf59d5f0f8990544ff86980ba,opencv_444,f6673e301575d77826e2e2a0bfc4fc8a81f76c42e16d7de3c38d58c4390d5b21,073abd496b427fca6c11302768c3f76f99365467e84cfc3debe05867c976acfe,0ec6dd9876c269c0832e0a64ab20c015c6c839d266e108c88b30aa28c77391f9,True,True,123.69688806375468,59.05097836355035,0.9051041826652332,2.4752191332427946,3.6473709961400154,0.5278501646911157
div2k_validation,0854.png,0854_5dbe58ef7f9a__awgn_30_seed-20260812,awgn,30,20260812,29.223687316112848,32,5156,768,512,393216,7613d7ed8ebf1c334b1373776a774d6b46b8ea6cf59d5f0f8990544ff86980ba,opencv_444,f6673e301575d77826e2e2a0bfc4fc8a81f76c42e16d7de3c38d58c4390d5b21,073abd496b427fca6c11302768c3f76f99365467e84cfc3debe05867c976acfe,0ec6dd9876c269c0832e0a64ab20c015c6c839d266e108c88b30aa28c77391f9,True,True,123.69688806375468,59.05097836355035,0.9051041826652332,2.4752191332427946,3.6473709961400154,0.5278501646911157
div2k_validation,0854.png,0854_5dbe58ef7f9a__awgn_30_seed-20260812,awgn,30,20260812,29.223687316112848,37,5165,768,512,393216,7613d7ed8ebf1c334b1373776a774d6b46b8ea6cf59d5f0f8990544ff86980ba,opencv_444,f6673e301575d77826e2e2a0bfc4fc8a81f76c42e16d7de3c38d58c4390d5b21,073abd496b427fca6c11302768c3f76f99365467e84cfc3debe05867c976acfe,0ec6dd9876c269c0832e0a64ab20c015c6c839d266e108c88b30aa28c77391f9,True,True,123.69688806375468,59.05097836355035,0.9051041826652332,2.4752191332427946,3.6473709961400154,0.5278501646911157
div2k_validation,0854.png,0854_5dbe58ef7f9a__awgn_30_seed-20260813,awgn,30,20260813,29.17044220238832,22,6481,768,512,393216,e9a8c692ed7aa58efdb40d7f6b0aa893b1a3d0f579cd858cc0c2dcee3e202215,opencv_444,f6673e301575d77826e2e2a0bfc4fc8a81f76c42e16d7de3c38d58c4390d5b21,073abd496b427fca6c11302768c3f76f99365467e84cfc3debe05867c976acfe,0ec6dd9876c269c0832e0a64ab20c015c6c839d266e108c88b30aa28c77391f9,True,True,123.75397905242602,58.988720994078264,0.9045947883069677,2.4652939034771797,3.6445851416785615,0.5284162937288813
div2k_validation,0854.png,0854_5dbe58ef7f9a__awgn_30_seed-20260813,awgn,30,20260813,29.17044220238832,27,6229,768,512,393216,e9a8c692ed7aa58efdb40d7f6b0aa893b1a3d0f579cd858cc0c2dcee3e202215,opencv_444,f6673e301575d77826e2e2a0bfc4fc8a81f76c42e16d7de3c38d58c4390d5b21,073abd496b427fca6c11302768c3f76f99365467e84cfc3debe05867c976acfe,0ec6dd9876c269c0832e0a64ab20c015c6c839d266e108c88b30aa28c77391f9,True,True,123.75397905242602,58.988720994078264,0.9045947883069677,2.4652939034771797,3.6445851416785615,0.5284162937288813
div2k_validation,0854.png,0854_5dbe58ef7f9a__awgn_30_seed-20260813,awgn,30,20260813,29.17044220238832,32,5250,768,512,393216,e9a8c692ed7aa58efdb40d7f6b0aa893b1a3d0f579cd858cc0c2dcee3e202215,opencv_444,f6673e301575d77826e2e2a0bfc4fc8a81f76c42e16d7de3c38d58c4390d5b21,073abd496b427fca6c11302768c3f76f99365467e84cfc3debe05867c976acfe,0ec6dd9876c269c0832e0a64ab20c015c6c839d266e108c88b30aa28c77391f9,True,True,123.75397905242602,58.988720994078264,0.9045947883069677,2.4652939034771797,3.6445851416785615,0.5284162937288813
div2k_validation,0854.png,0854_5dbe58ef7f9a__awgn_30_seed-20260813,awgn,30,20260813,29.17044220238832,37,5437,768,512,393216,e9a8c692ed7aa58efdb40d7f6b0aa893b1a3d0f579cd858cc0c2dcee3e202215,opencv_444,f6673e301575d77826e2e2a0bfc4fc8a81f76c42e16d7de3c38d58c4390d5b21,073abd496b427fca6c11302768c3f76f99365467e84cfc3debe05867c976acfe,0ec6dd9876c269c0832e0a64ab20c015c6c839d266e108c88b30aa28c77391f9,True,True,123.75397905242602,58.988720994078264,0.9045947883069677,2.4652939034771797,3.6445851416785615,0.5284162937288813
div2k_validation,0854.png,0854_5dbe58ef7f9a__clean_0,clean,0,,0.0,22,11474,768,512,393216,5dbe58ef7f9aaf57a9bec75b9287af3a8df02a3ce39246f73d971832cfd3010f,opencv_444,f6673e301575d77826e2e2a0bfc4fc8a81f76c42e16d7de3c38d58c4390d5b21,073abd496b427fca6c11302768c3f76f99365467e84cfc3debe05867c976acfe,0ec6dd9876c269c0832e0a64ab20c015c6c839d266e108c88b30aa28c77391f9,True,True,125.0396752537208,52.265941552606805,0.5881098653560641,0.8834947510098881,2.9141643086171154,0.7681623271067544
div2k_validation,0854.png,0854_5dbe58ef7f9a__clean_0,clean,0,,0.0,27,11081,768,512,393216,5dbe58ef7f9aaf57a9bec75b9287af3a8df02a3ce39246f73d971832cfd3010f,opencv_444,f6673e301575d77826e2e2a0bfc4fc8a81f76c42e16d7de3c38d58c4390d5b21,073abd496b427fca6c11302768c3f76f99365467e84cfc3debe05867c976acfe,0ec6dd9876c269c0832e0a64ab20c015c6c839d266e108c88b30aa28c77391f9,True,True,125.0396752537208,52.265941552606805,0.5881098653560641,0.8834947510098881,2.9141643086171154,0.7681623271067544
div2k_validation,0854.png,0854_5dbe58ef7f9a__clean_0,clean,0,,0.0,32,9831,768,512,393216,5dbe58ef7f9aaf57a9bec75b9287af3a8df02a3ce39246f73d971832cfd3010f,opencv_444,f6673e301575d77826e2e2a0bfc4fc8a81f76c42e16d7de3c38d58c4390d5b21,073abd496b427fca6c11302768c3f76f99365467e84cfc3debe05867c976acfe,0ec6dd9876c269c0832e0a64ab20c015c6c839d266e108c88b30aa28c77391f9,True,True,125.0396752537208,52.265941552606805,0.5881098653560641,0.8834947510098881,2.9141643086171154,0.7681623271067544
div2k_validation,0854.png,0854_5dbe58ef7f9a__clean_0,clean,0,,0.0,37,7532,768,512,393216,5dbe58ef7f9aaf57a9bec75b9287af3a8df02a3ce39246f73d971832cfd3010f,opencv_444,f6673e301575d77826e2e2a0bfc4fc8a81f76c42e16d7de3c38d58c4390d5b21,073abd496b427fca6c11302768c3f76f99365467e84cfc3debe05867c976acfe,0ec6dd9876c269c0832e0a64ab20c015c6c839d266e108c88b30aa28c77391f9,True,True,125.0396752537208,52.265941552606805,0.5881098653560641,0.8834947510098881,2.9141643086171154,0.7681623271067544
div2k_validation,0861.png,0861_5084e24ea91b__awgn_30_seed-20260811,awgn,30,20260811,26.206350165588965,22,8750,768,512,393216,6d20125e8824ad569aeacb2487321e7dd5b0e62039537dcbf73c57b0660e7408,opencv_444,f6673e301575d77826e2e2a0bfc4fc8a81f76c42e16d7de3c38d58c4390d5b21,073abd496b427fca6c11302768c3f76f99365467e84cfc3debe05867c976acfe,0ec6dd9876c269c0832e0a64ab20c015c6c839d266e108c88b30aa28c77391f9,True,True,140.2301631150849,88.2609596378962,0.8408053038447755,2.0398655988657772,3.406747004056104,0.6242386546167586
div2k_validation,0861.png,0861_5084e24ea91b__awgn_30_seed-20260811,awgn,30,20260811,26.206350165588965,27,7610,768,512,393216,6d20125e8824ad569aeacb2487321e7dd5b0e62039537dcbf73c57b0660e7408,opencv_444,f6673e301575d77826e2e2a0bfc4fc8a81f76c42e16d7de3c38d58c4390d5b21,073abd496b427fca6c11302768c3f76f99365467e84cfc3debe05867c976acfe,0ec6dd9876c269c0832e0a64ab20c015c6c839d266e108c88b30aa28c77391f9,True,True,140.2301631150849,88.2609596378962,0.8408053038447755,2.0398655988657772,3.406747004056104,0.6242386546167586
div2k_validation,0861.png,0861_5084e24ea91b__awgn_30_seed-20260811,awgn,30,20260811,26.206350165588965,32,6444,768,512,393216,6d20125e8824ad569aeacb2487321e7dd5b0e62039537dcbf73c57b0660e7408,opencv_444,f6673e301575d77826e2e2a0bfc4fc8a81f76c42e16d7de3c38d58c4390d5b21,073abd496b427fca6c11302768c3f76f99365467e84cfc3debe05867c976acfe,0ec6dd9876c269c0832e0a64ab20c015c6c839d266e108c88b30aa28c77391f9,True,True,140.2301631150849,88.2609596378962,0.8408053038447755,2.0398655988657772,3.406747004056104,0.6242386546167586
div2k_validation,0861.png,0861_5084e24ea91b__awgn_30_seed-20260811,awgn,30,20260811,26.206350165588965,37,5859,768,512,393216,6d20125e8824ad569aeacb2487321e7dd5b0e62039537dcbf73c57b0660e7408,opencv_444,f6673e301575d77826e2e2a0bfc4fc8a81f76c42e16d7de3c38d58c4390d5b21,073abd496b427fca6c11302768c3f76f99365467e84cfc3debe05867c976acfe,0ec6dd9876c269c0832e0a64ab20c015c6c839d266e108c88b30aa28c77391f9,True,True,140.2301631150849,88.2609596378962,0.8408053038447755,2.0398655988657772,3.406747004056104,0.6242386546167586
div2k_validation,0861.png,0861_5084e24ea91b__awgn_30_seed-20260812,awgn,30,20260812,26.14578797436512,22,8596,768,512,393216,6155d3d5a15eb9ed15454b8e9d665515aae2ca784d871599ea1364c3327a0cff,opencv_444,f6673e301575d77826e2e2a0bfc4fc8a81f76c42e16d7de3c38d58c4390d5b21,073abd496b427fca6c11302768c3f76f99365467e84cfc3debe05867c976acfe,0ec6dd9876c269c0832e0a64ab20c015c6c839d266e108c88b30aa28c77391f9,True,True,140.2497532994507,88.2609040319133,0.8395868530179695,2.042241133028342,3.4081934220518946,0.6238586549129651
div2k_validation,0861.png,0861_5084e24ea91b__awgn_30_seed-20260812,awgn,30,20260812,26.14578797436512,27,7569,768,512,393216,6155d3d5a15eb9ed15454b8e9d665515aae2ca784d871599ea1364c3327a0cff,opencv_444,f6673e301575d77826e2e2a0bfc4fc8a81f76c42e16d7de3c38d58c4390d5b21,073abd496b427fca6c11302768c3f76f99365467e84cfc3debe05867c976acfe,0ec6dd9876c269c0832e0a64ab20c015c6c839d266e108c88b30aa28c77391f9,True,True,140.2497532994507,88.2609040319133,0.8395868530179695,2.042241133028342,3.4081934220518946,0.6238586549129651
div2k_validation,0861.png,0861_5084e24ea91b__awgn_30_seed-20260812,awgn,30,20260812,26.14578797436512,32,6467,768,512,393216,6155d3d5a15eb9ed15454b8e9d665515aae2ca784d871599ea1364c3327a0cff,opencv_444,f6673e301575d77826e2e2a0bfc4fc8a81f76c42e16d7de3c38d58c4390d5b21,073abd496b427fca6c11302768c3f76f99365467e84cfc3debe05867c976acfe,0ec6dd9876c269c0832e0a64ab20c015c6c839d266e108c88b30aa28c77391f9,True,True,140.2497532994507,88.2609040319133,0.8395868530179695,2.042241133028342,3.4081934220518946,0.6238586549129651
div2k_validation,0861.png,0861_5084e24ea91b__awgn_30_seed-20260812,awgn,30,20260812,26.14578797436512,37,6185,768,512,393216,6155d3d5a15eb9ed15454b8e9d665515aae2ca784d871599ea1364c3327a0cff,opencv_444,f6673e301575d77826e2e2a0bfc4fc8a81f76c42e16d7de3c38d58c4390d5b21,073abd496b427fca6c11302768c3f76f99365467e84cfc3debe05867c976acfe,0ec6dd9876c269c0832e0a64ab20c015c6c839d266e108c88b30aa28c77391f9,True,True,140.2497532994507,88.2609040319133,0.8395868530179695,2.042241133028342,3.4081934220518946,0.6238586549129651
div2k_validation,0861.png,0861_5084e24ea91b__awgn_30_seed-20260813,awgn,30,20260813,26.149535076416328,22,8521,768,512,393216,7582be904ce64e8de420764e796e4564cce3a3dbd24f9f6896b4b238cc0d94b3,opencv_444,f6673e301575d77826e2e2a0bfc4fc8a81f76c42e16d7de3c38d58c4390d5b21,073abd496b427fca6c11302768c3f76f99365467e84cfc3debe05867c976acfe,0ec6dd9876c269c0832e0a64ab20c015c6c839d266e108c88b30aa28c77391f9,True,True,140.13844008423,88.23422704050004,0.8384503148517892,2.0368479368475514,3.4057641081564447,0.6243614508487889
div2k_validation,0861.png,0861_5084e24ea91b__awgn_30_seed-20260813,awgn,30,20260813,26.149535076416328,27,7630,768,512,393216,7582be904ce64e8de420764e796e4564cce3a3dbd24f9f6896b4b238cc0d94b3,opencv_444,f6673e301575d77826e2e2a0bfc4fc8a81f76c42e16d7de3c38d58c4390d5b21,073abd496b427fca6c11302768c3f76f99365467e84cfc3debe05867c976acfe,0ec6dd9876c269c0832e0a64ab20c015c6c839d266e108c88b30aa28c77391f9,True,True,140.13844008423,88.23422704050004,0.8384503148517892,2.0368479368475514,3.4057641081564447,0.6243614508487889
div2k_validation,0861.png,0861_5084e24ea91b__awgn_30_seed-20260813,awgn,30,20260813,26.149535076416328,32,6594,768,512,393216,7582be904ce64e8de420764e796e4564cce3a3dbd24f9f6896b4b238cc0d94b3,opencv_444,f6673e301575d77826e2e2a0bfc4fc8a81f76c42e16d7de3c38d58c4390d5b21,073abd496b427fca6c11302768c3f76f99365467e84cfc3debe05867c976acfe,0ec6dd9876c269c0832e0a64ab20c015c6c839d266e108c88b30aa28c77391f9,True,True,140.13844008423,88.23422704050004,0.8384503148517892,2.0368479368475514,3.4057641081564447,0.6243614508487889
div2k_validation,0861.png,0861_5084e24ea91b__awgn_30_seed-20260813,awgn,30,20260813,26.149535076416328,37,6005,768,512,393216,7582be904ce64e8de420764e796e4564cce3a3dbd24f9f6896b4b238cc0d94b3,opencv_444,f6673e301575d77826e2e2a0bfc4fc8a81f76c42e16d7de3c38d58c4390d5b21,073abd496b427fca6c11302768c3f76f99365467e84cfc3debe05867c976acfe,0ec6dd9876c269c0832e0a64ab20c015c6c839d266e108c88b30aa28c77391f9,True,True,140.13844008423,88.23422704050004,0.8384503148517892,2.0368479368475514,3.4057641081564447,0.6243614508487889
div2k_validation,0861.png,0861_5084e24ea91b__clean_0,clean,0,,0.0,22,10433,768,512,393216,5084e24ea91b5b8024c8aeed3cec7fbdb4934be43d5e54bbc2008096150e68e3,opencv_444,f6673e301575d77826e2e2a0bfc4fc8a81f76c42e16d7de3c38d58c4390d5b21,073abd496b427fca6c11302768c3f76f99365467e84cfc3debe05867c976acfe,0ec6dd9876c269c0832e0a64ab20c015c6c839d266e108c88b30aa28c77391f9,True,True,151.95161271421892,89.6013008385591,0.4827906619566887,1.042226993851212,2.866817370321793,0.8033911452264277
div2k_validation,0861.png,0861_5084e24ea91b__clean_0,clean,0,,0.0,27,8906,768,512,393216,5084e24ea91b5b8024c8aeed3cec7fbdb4934be43d5e54bbc2008096150e68e3,opencv_444,f6673e301575d77826e2e2a0bfc4fc8a81f76c42e16d7de3c38d58c4390d5b21,073abd496b427fca6c11302768c3f76f99365467e84cfc3debe05867c976acfe,0ec6dd9876c269c0832e0a64ab20c015c6c839d266e108c88b30aa28c77391f9,True,True,151.95161271421892,89.6013008385591,0.4827906619566887,1.042226993851212,2.866817370321793,0.8033911452264277
div2k_validation,0861.png,0861_5084e24ea91b__clean_0,clean,0,,0.0,32,7491,768,512,393216,5084e24ea91b5b8024c8aeed3cec7fbdb4934be43d5e54bbc2008096150e68e3,opencv_444,f6673e301575d77826e2e2a0bfc4fc8a81f76c42e16d7de3c38d58c4390d5b21,073abd496b427fca6c11302768c3f76f99365467e84cfc3debe05867c976acfe,0ec6dd9876c269c0832e0a64ab20c015c6c839d266e108c88b30aa28c77391f9,True,True,151.95161271421892,89.6013008385591,0.4827906619566887,1.042226993851212,2.866817370321793,0.8033911452264277
div2k_validation,0861.png,0861_5084e24ea91b__clean_0,clean,0,,0.0,37,5980,768,512,393216,5084e24ea91b5b8024c8aeed3cec7fbdb4934be43d5e54bbc2008096150e68e3,opencv_444,f6673e301575d77826e2e2a0bfc4fc8a81f76c42e16d7de3c38d58c4390d5b21,073abd496b427fca6c11302768c3f76f99365467e84cfc3debe05867c976acfe,0ec6dd9876c269c0832e0a64ab20c015c6c839d266e108c88b30aa28c77391f9,True,True,151.95161271421892,89.6013008385591,0.4827906619566887,1.042226993851212,2.866817370321793,0.8033911452264277
div2k_validation,0862.png,0862_00c124fd26c9__awgn_30_seed-20260811,awgn,30,20260811,29.81597948329074,22,3222,768,512,393216,bd2c5e0d7c8c3c1f53ebe8a5d52c4ce11829bf96f0034ef2a3e8ea972ddc0025,opencv_444,f6673e301575d77826e2e2a0bfc4fc8a81f76c42e16d7de3c38d58c4390d5b21,073abd496b427fca6c11302768c3f76f99365467e84cfc3debe05867c976acfe,0ec6dd9876c269c0832e0a64ab20c015c6c839d266e108c88b30aa28c77391f9,True,True,74.2123079629541,42.004645892372224,0.8770158193825833,2.003923127479937,3.3042899595391106,0.5492280393176239
div2k_validation,0862.png,0862_00c124fd26c9__awgn_30_seed-20260811,awgn,30,20260811,29.81597948329074,27,3428,768,512,393216,bd2c5e0d7c8c3c1f53ebe8a5d52c4ce11829bf96f0034ef2a3e8ea972ddc0025,opencv_444,f6673e301575d77826e2e2a0bfc4fc8a81f76c42e16d7de3c38d58c4390d5b21,073abd496b427fca6c11302768c3f76f99365467e84cfc3debe05867c976acfe,0ec6dd9876c269c0832e0a64ab20c015c6c839d266e108c88b30aa28c77391f9,True,True,74.2123079629541,42.004645892372224,0.8770158193825833,2.003923127479937,3.3042899595391106,0.5492280393176239
div2k_validation,0862.png,0862_00c124fd26c9__awgn_30_seed-20260811,awgn,30,20260811,29.81597948329074,32,2567,768,512,393216,bd2c5e0d7c8c3c1f53ebe8a5d52c4ce11829bf96f0034ef2a3e8ea972ddc0025,opencv_444,f6673e301575d77826e2e2a0bfc4fc8a81f76c42e16d7de3c38d58c4390d5b21,073abd496b427fca6c11302768c3f76f99365467e84cfc3debe05867c976acfe,0ec6dd9876c269c0832e0a64ab20c015c6c839d266e108c88b30aa28c77391f9,True,True,74.2123079629541,42.004645892372224,0.8770158193825833,2.003923127479937,3.3042899595391106,0.5492280393176239
div2k_validation,0862.png,0862_00c124fd26c9__awgn_30_seed-20260811,awgn,30,20260811,29.81597948329074,37,2725,768,512,393216,bd2c5e0d7c8c3c1f53ebe8a5d52c4ce11829bf96f0034ef2a3e8ea972ddc0025,opencv_444,f6673e301575d77826e2e2a0bfc4fc8a81f76c42e16d7de3c38d58c4390d5b21,073abd496b427fca6c11302768c3f76f99365467e84cfc3debe05867c976acfe,0ec6dd9876c269c0832e0a64ab20c015c6c839d266e108c88b30aa28c77391f9,True,True,74.2123079629541,42.004645892372224,0.8770158193825833,2.003923127479937,3.3042899595391106,0.5492280393176239
div2k_validation,0862.png,0862_00c124fd26c9__awgn_30_seed-20260812,awgn,30,20260812,29.854876392461914,22,3129,768,512,393216,26d4ae4f54a8a52276d91fac7f62743d2d89a3346dfc07aba58d986241ae930b,opencv_444,f6673e301575d77826e2e2a0bfc4fc8a81f76c42e16d7de3c38d58c4390d5b21,073abd496b427fca6c11302768c3f76f99365467e84cfc3debe05867c976acfe,0ec6dd9876c269c0832e0a64ab20c015c6c839d266e108c88b30aa28c77391f9,True,True,74.50034448818465,42.044458256032335,0.8764757077765832,2.0142589108110807,3.307646636686137,0.547969817260918
div2k_validation,0862.png,0862_00c124fd26c9__awgn_30_seed-20260812,awgn,30,20260812,29.854876392461914,27,3477,768,512,393216,26d4ae4f54a8a52276d91fac7f62743d2d89a3346dfc07aba58d986241ae930b,opencv_444,f6673e301575d77826e2e2a0bfc4fc8a81f76c42e16d7de3c38d58c4390d5b21,073abd496b427fca6c11302768c3f76f99365467e84cfc3debe05867c976acfe,0ec6dd9876c269c0832e0a64ab20c015c6c839d266e108c88b30aa28c77391f9,True,True,74.50034448818465,42.044458256032335,0.8764757077765832,2.0142589108110807,3.307646636686137,0.547969817260918
div2k_validation,0862.png,0862_00c124fd26c9__awgn_30_seed-20260812,awgn,30,20260812,29.854876392461914,32,2525,768,512,393216,26d4ae4f54a8a52276d91fac7f62743d2d89a3346dfc07aba58d986241ae930b,opencv_444,f6673e301575d77826e2e2a0bfc4fc8a81f76c42e16d7de3c38d58c4390d5b21,073abd496b427fca6c11302768c3f76f99365467e84cfc3debe05867c976acfe,0ec6dd9876c269c0832e0a64ab20c015c6c839d266e108c88b30aa28c77391f9,True,True,74.50034448818465,42.044458256032335,0.8764757077765832,2.0142589108110807,3.307646636686137,0.547969817260918
div2k_validation,0862.png,0862_00c124fd26c9__awgn_30_seed-20260812,awgn,30,20260812,29.854876392461914,37,2832,768,512,393216,26d4ae4f54a8a52276d91fac7f62743d2d89a3346dfc07aba58d986241ae930b,opencv_444,f6673e301575d77826e2e2a0bfc4fc8a81f76c42e16d7de3c38d58c4390d5b21,073abd496b427fca6c11302768c3f76f99365467e84cfc3debe05867c976acfe,0ec6dd9876c269c0832e0a64ab20c015c6c839d266e108c88b30aa28c77391f9,True,True,74.50034448818465,42.044458256032335,0.8764757077765832,2.0142589108110807,3.307646636686137,0.547969817260918
div2k_validation,0862.png,0862_00c124fd26c9__awgn_30_seed-20260813,awgn,30,20260813,29.784041859275877,22,3226,768,512,393216,1a94ffca0aa630244c6cf2940584b78862383e922de86f701f6d6f7d9574f526,opencv_444,f6673e301575d77826e2e2a0bfc4fc8a81f76c42e16d7de3c38d58c4390d5b21,073abd496b427fca6c11302768c3f76f99365467e84cfc3debe05867c976acfe,0ec6dd9876c269c0832e0a64ab20c015c6c839d266e108c88b30aa28c77391f9,True,True,74.21211328832156,42.01665620528682,0.8761378180515026,2.0029364244557852,3.3051127407732928,0.5492080633866028
div2k_validation,0862.png,0862_00c124fd26c9__awgn_30_seed-20260813,awgn,30,20260813,29.784041859275877,27,3334,768,512,393216,1a94ffca0aa630244c6cf2940584b78862383e922de86f701f6d6f7d9574f526,opencv_444,f6673e301575d77826e2e2a0bfc4fc8a81f76c42e16d7de3c38d58c4390d5b21,073abd496b427fca6c11302768c3f76f99365467e84cfc3debe05867c976acfe,0ec6dd9876c269c0832e0a64ab20c015c6c839d266e108c88b30aa28c77391f9,True,True,74.21211328832156,42.01665620528682,0.8761378180515026,2.0029364244557852,3.3051127407732928,0.5492080633866028
div2k_validation,0862.png,0862_00c124fd26c9__awgn_30_seed-20260813,awgn,30,20260813,29.784041859275877,32,2706,768,512,393216,1a94ffca0aa630244c6cf2940584b78862383e922de86f701f6d6f7d9574f526,opencv_444,f6673e301575d77826e2e2a0bfc4fc8a81f76c42e16d7de3c38d58c4390d5b21,073abd496b427fca6c11302768c3f76f99365467e84cfc3debe05867c976acfe,0ec6dd9876c269c0832e0a64ab20c015c6c839d266e108c88b30aa28c77391f9,True,True,74.21211328832156,42.01665620528682,0.8761378180515026,2.0029364244557852,3.3051127407732928,0.5492080633866028
div2k_validation,0862.png,0862_00c124fd26c9__awgn_30_seed-20260813,awgn,30,20260813,29.784041859275877,37,2588,768,512,393216,1a94ffca0aa630244c6cf2940584b78862383e922de86f701f6d6f7d9574f526,opencv_444,f6673e301575d77826e2e2a0bfc4fc8a81f76c42e16d7de3c38d58c4390d5b21,073abd496b427fca6c11302768c3f76f99365467e84cfc3debe05867c976acfe,0ec6dd9876c269c0832e0a64ab20c015c6c839d266e108c88b30aa28c77391f9,True,True,74.21211328832156,42.01665620528682,0.8761378180515026,2.0029364244557852,3.3051127407732928,0.5492080633866028
div2k_validation,0862.png,0862_00c124fd26c9__clean_0,clean,0,,0.0,22,4584,768,512,393216,00c124fd26c9d5a321a02d65e3f14ed2b1cbf401c9ad78017bbaa45aca12adfc,opencv_444,f6673e301575d77826e2e2a0bfc4fc8a81f76c42e16d7de3c38d58c4390d5b21,073abd496b427fca6c11302768c3f76f99365467e84cfc3debe05867c976acfe,0ec6dd9876c269c0832e0a64ab20c015c6c839d266e108c88b30aa28c77391f9,True,True,38.98802839276486,29.79945813341477,0.3009394358265499,0.24644209708301867,2.0575794094333597,0.8815270479319035
div2k_validation,0862.png,0862_00c124fd26c9__clean_0,clean,0,,0.0,27,3349,768,512,393216,00c124fd26c9d5a321a02d65e3f14ed2b1cbf401c9ad78017bbaa45aca12adfc,opencv_444,f6673e301575d77826e2e2a0bfc4fc8a81f76c42e16d7de3c38d58c4390d5b21,073abd496b427fca6c11302768c3f76f99365467e84cfc3debe05867c976acfe,0ec6dd9876c269c0832e0a64ab20c015c6c839d266e108c88b30aa28c77391f9,True,True,38.98802839276486,29.79945813341477,0.3009394358265499,0.24644209708301867,2.0575794094333597,0.8815270479319035
div2k_validation,0862.png,0862_00c124fd26c9__clean_0,clean,0,,0.0,32,2446,768,512,393216,00c124fd26c9d5a321a02d65e3f14ed2b1cbf401c9ad78017bbaa45aca12adfc,opencv_444,f6673e301575d77826e2e2a0bfc4fc8a81f76c42e16d7de3c38d58c4390d5b21,073abd496b427fca6c11302768c3f76f99365467e84cfc3debe05867c976acfe,0ec6dd9876c269c0832e0a64ab20c015c6c839d266e108c88b30aa28c77391f9,True,True,38.98802839276486,29.79945813341477,0.3009394358265499,0.24644209708301867,2.0575794094333597,0.8815270479319035
div2k_validation,0862.png,0862_00c124fd26c9__clean_0,clean,0,,0.0,37,1502,768,512,393216,00c124fd26c9d5a321a02d65e3f14ed2b1cbf401c9ad78017bbaa45aca12adfc,opencv_444,f6673e301575d77826e2e2a0bfc4fc8a81f76c42e16d7de3c38d58c4390d5b21,073abd496b427fca6c11302768c3f76f99365467e84cfc3debe05867c976acfe,0ec6dd9876c269c0832e0a64ab20c015c6c839d266e108c88b30aa28c77391f9,True,True,38.98802839276486,29.79945813341477,0.3009394358265499,0.24644209708301867,2.0575794094333597,0.8815270479319035
div2k_validation,0864.png,0864_e7333a0e85e7__awgn_30_seed-20260811,awgn,30,20260811,28.830061210525887,22,3854,768,512,393216,f551f546491d2e2ee86f6e26f4cc3c575588fadde12521ca1ad1d56240198e13,opencv_444,f6673e301575d77826e2e2a0bfc4fc8a81f76c42e16d7de3c38d58c4390d5b21,073abd496b427fca6c11302768c3f76f99365467e84cfc3debe05867c976acfe,0ec6dd9876c269c0832e0a64ab20c015c6c839d266e108c88b30aa28c77391f9,True,True,76.7475362580945,46.86749379695529,0.8635079096912917,1.7834518159666763,3.2469242607465114,0.5797629726295646
div2k_validation,0864.png,0864_e7333a0e85e7__awgn_30_seed-20260811,awgn,30,20260811,28.830061210525887,27,4046,768,512,393216,f551f546491d2e2ee86f6e26f4cc3c575588fadde12521ca1ad1d56240198e13,opencv_444,f6673e301575d77826e2e2a0bfc4fc8a81f76c42e16d7de3c38d58c4390d5b21,073abd496b427fca6c11302768c3f76f99365467e84cfc3debe05867c976acfe,0ec6dd9876c269c0832e0a64ab20c015c6c839d266e108c88b30aa28c77391f9,True,True,76.7475362580945,46.86749379695529,0.8635079096912917,1.7834518159666763,3.2469242607465114,0.5797629726295646
div2k_validation,0864.png,0864_e7333a0e85e7__awgn_30_seed-20260811,awgn,30,20260811,28.830061210525887,32,3009,768,512,393216,f551f546491d2e2ee86f6e26f4cc3c575588fadde12521ca1ad1d56240198e13,opencv_444,f6673e301575d77826e2e2a0bfc4fc8a81f76c42e16d7de3c38d58c4390d5b21,073abd496b427fca6c11302768c3f76f99365467e84cfc3debe05867c976acfe,0ec6dd9876c269c0832e0a64ab20c015c6c839d266e108c88b30aa28c77391f9,True,True,76.7475362580945,46.86749379695529,0.8635079096912917,1.7834518159666763,3.2469242607465114,0.5797629726295646
div2k_validation,0864.png,0864_e7333a0e85e7__awgn_30_seed-20260811,awgn,30,20260811,28.830061210525887,37,3233,768,512,393216,f551f546491d2e2ee86f6e26f4cc3c575588fadde12521ca1ad1d56240198e13,opencv_444,f6673e301575d77826e2e2a0bfc4fc8a81f76c42e16d7de3c38d58c4390d5b21,073abd496b427fca6c11302768c3f76f99365467e84cfc3debe05867c976acfe,0ec6dd9876c269c0832e0a64ab20c015c6c839d266e108c88b30aa28c77391f9,True,True,76.7475362580945,46.86749379695529,0.8635079096912917,1.7834518159666763,3.2469242607465114,0.5797629726295646
div2k_validation,0864.png,0864_e7333a0e85e7__awgn_30_seed-20260812,awgn,30,20260812,28.88466606902823,22,4038,768,512,393216,a44dfe4ec59a2fa1f4d1e8381a2e49c57129761f5347ac199d4b97303db770af,opencv_444,f6673e301575d77826e2e2a0bfc4fc8a81f76c42e16d7de3c38d58c4390d5b21,073abd496b427fca6c11302768c3f76f99365467e84cfc3debe05867c976acfe,0ec6dd9876c269c0832e0a64ab20c015c6c839d266e108c88b30aa28c77391f9,True,True,76.58973933259864,46.892425028000126,0.8628321302411304,1.7924632935201215,3.2496055291146124,0.5792876289501496
div2k_validation,0864.png,0864_e7333a0e85e7__awgn_30_seed-20260812,awgn,30,20260812,28.88466606902823,27,4031,768,512,393216,a44dfe4ec59a2fa1f4d1e8381a2e49c57129761f5347ac199d4b97303db770af,opencv_444,f6673e301575d77826e2e2a0bfc4fc8a81f76c42e16d7de3c38d58c4390d5b21,073abd496b427fca6c11302768c3f76f99365467e84cfc3debe05867c976acfe,0ec6dd9876c269c0832e0a64ab20c015c6c839d266e108c88b30aa28c77391f9,True,True,76.58973933259864,46.892425028000126,0.8628321302411304,1.7924632935201215,3.2496055291146124,0.5792876289501496
div2k_validation,0864.png,0864_e7333a0e85e7__awgn_30_seed-20260812,awgn,30,20260812,28.88466606902823,32,3195,768,512,393216,a44dfe4ec59a2fa1f4d1e8381a2e49c57129761f5347ac199d4b97303db770af,opencv_444,f6673e301575d77826e2e2a0bfc4fc8a81f76c42e16d7de3c38d58c4390d5b21,073abd496b427fca6c11302768c3f76f99365467e84cfc3debe05867c976acfe,0ec6dd9876c269c0832e0a64ab20c015c6c839d266e108c88b30aa28c77391f9,True,True,76.58973933259864,46.892425028000126,0.8628321302411304,1.7924632935201215,3.2496055291146124,0.5792876289501496
div2k_validation,0864.png,0864_e7333a0e85e7__awgn_30_seed-20260812,awgn,30,20260812,28.88466606902823,37,3224,768,512,393216,a44dfe4ec59a2fa1f4d1e8381a2e49c57129761f5347ac199d4b97303db770af,opencv_444,f6673e301575d77826e2e2a0bfc4fc8a81f76c42e16d7de3c38d58c4390d5b21,073abd496b427fca6c11302768c3f76f99365467e84cfc3debe05867c976acfe,0ec6dd9876c269c0832e0a64ab20c015c6c839d266e108c88b30aa28c77391f9,True,True,76.58973933259864,46.892425028000126,0.8628321302411304,1.7924632935201215,3.2496055291146124,0.5792876289501496
div2k_validation,0864.png,0864_e7333a0e85e7__awgn_30_seed-20260813,awgn,30,20260813,28.818758888108132,22,3958,768,512,393216,77961621952e0b4df5552f9b2973ba2a10ea20fce6594cecfd9c6f47221d7d4f,opencv_444,f6673e301575d77826e2e2a0bfc4fc8a81f76c42e16d7de3c38d58c4390d5b21,073abd496b427fca6c11302768c3f76f99365467e84cfc3debe05867c976acfe,0ec6dd9876c269c0832e0a64ab20c015c6c839d266e108c88b30aa28c77391f9,True,True,76.5272780406473,46.86909637778114,0.8635027901500025,1.7837307607359674,3.2484669812259286,0.5794062331179213
div2k_validation,0864.png,0864_e7333a0e85e7__awgn_30_seed-20260813,awgn,30,20260813,28.818758888108132,27,3851,768,512,393216,77961621952e0b4df5552f9b2973ba2a10ea20fce6594cecfd9c6f47221d7d4f,opencv_444,f6673e301575d77826e2e2a0bfc4fc8a81f76c42e16d7de3c38d58c4390d5b21,073abd496b427fca6c11302768c3f76f99365467e84cfc3debe05867c976acfe,0ec6dd9876c269c0832e0a64ab20c015c6c839d266e108c88b30aa28c77391f9,True,True,76.5272780406473,46.86909637778114,0.8635027901500025,1.7837307607359674,3.2484669812259286,0.5794062331179213
div2k_validation,0864.png,0864_e7333a0e85e7__awgn_30_seed-20260813,awgn,30,20260813,28.818758888108132,32,3062,768,512,393216,77961621952e0b4df5552f9b2973ba2a10ea20fce6594cecfd9c6f47221d7d4f,opencv_444,f6673e301575d77826e2e2a0bfc4fc8a81f76c42e16d7de3c38d58c4390d5b21,073abd496b427fca6c11302768c3f76f99365467e84cfc3debe05867c976acfe,0ec6dd9876c269c0832e0a64ab20c015c6c839d266e108c88b30aa28c77391f9,True,True,76.5272780406473,46.86909637778114,0.8635027901500025,1.7837307607359674,3.2484669812259286,0.5794062331179213
div2k_validation,0864.png,0864_e7333a0e85e7__awgn_30_seed-20260813,awgn,30,20260813,28.818758888108132,37,3134,768,512,393216,77961621952e0b4df5552f9b2973ba2a10ea20fce6594cecfd9c6f47221d7d4f,opencv_444,f6673e301575d77826e2e2a0bfc4fc8a81f76c42e16d7de3c38d58c4390d5b21,073abd496b427fca6c11302768c3f76f99365467e84cfc3debe05867c976acfe,0ec6dd9876c269c0832e0a64ab20c015c6c839d266e108c88b30aa28c77391f9,True,True,76.5272780406473,46.86909637778114,0.8635027901500025,1.7837307607359674,3.2484669812259286,0.5794062331179213
div2k_validation,0864.png,0864_e7333a0e85e7__clean_0,clean,0,,0.0,22,7393,768,512,393216,e7333a0e85e7a4978a7bb4e048cba1f4204adb46d08b6f2db041ee194e241ad3,opencv_444,f6673e301575d77826e2e2a0bfc4fc8a81f76c42e16d7de3c38d58c4390d5b21,073abd496b427fca6c11302768c3f76f99365467e84cfc3debe05867c976acfe,0ec6dd9876c269c0832e0a64ab20c015c6c839d266e108c88b30aa28c77391f9,True,True,50.25824520930053,38.513979997826624,0.3362821891158552,0.24542174374750703,2.2377244512053496,0.8867253956399405
div2k_validation,0864.png,0864_e7333a0e85e7__clean_0,clean,0,,0.0,27,5694,768,512,393216,e7333a0e85e7a4978a7bb4e048cba1f4204adb46d08b6f2db041ee194e241ad3,opencv_444,f6673e301575d77826e2e2a0bfc4fc8a81f76c42e16d7de3c38d58c4390d5b21,073abd496b427fca6c11302768c3f76f99365467e84cfc3debe05867c976acfe,0ec6dd9876c269c0832e0a64ab20c015c6c839d266e108c88b30aa28c77391f9,True,True,50.25824520930053,38.513979997826624,0.3362821891158552,0.24542174374750703,2.2377244512053496,0.8867253956399405
div2k_validation,0864.png,0864_e7333a0e85e7__clean_0,clean,0,,0.0,32,3655,768,512,393216,e7333a0e85e7a4978a7bb4e048cba1f4204adb46d08b6f2db041ee194e241ad3,opencv_444,f6673e301575d77826e2e2a0bfc4fc8a81f76c42e16d7de3c38d58c4390d5b21,073abd496b427fca6c11302768c3f76f99365467e84cfc3debe05867c976acfe,0ec6dd9876c269c0832e0a64ab20c015c6c839d266e108c88b30aa28c77391f9,True,True,50.25824520930053,38.513979997826624,0.3362821891158552,0.24542174374750703,2.2377244512053496,0.8867253956399405
div2k_validation,0864.png,0864_e7333a0e85e7__clean_0,clean,0,,0.0,37,2124,768,512,393216,e7333a0e85e7a4978a7bb4e048cba1f4204adb46d08b6f2db041ee194e241ad3,opencv_444,f6673e301575d77826e2e2a0bfc4fc8a81f76c42e16d7de3c38d58c4390d5b21,073abd496b427fca6c11302768c3f76f99365467e84cfc3debe05867c976acfe,0ec6dd9876c269c0832e0a64ab20c015c6c839d266e108c88b30aa28c77391f9,True,True,50.25824520930053,38.513979997826624,0.3362821891158552,0.24542174374750703,2.2377244512053496,0.8867253956399405
div2k_validation,0865.png,0865_1d4f2b88e397__awgn_30_seed-20260811,awgn,30,20260811,29.483675820571936,22,3863,768,512,393216,2ceb89c01af0c70a83576a751a575dc3a82619368e34f481edc34d4030b73734,opencv_444,f6673e301575d77826e2e2a0bfc4fc8a81f76c42e16d7de3c38d58c4390d5b21,073abd496b427fca6c11302768c3f76f99365467e84cfc3debe05867c976acfe,0ec6dd9876c269c0832e0a64ab20c015c6c839d266e108c88b30aa28c77391f9,True,True,86.21157823145997,56.00432384314554,0.8807889213126504,2.0252727351257453,3.5977463475879397,0.5514055199574364
div2k_validation,0865.png,0865_1d4f2b88e397__awgn_30_seed-20260811,awgn,30,20260811,29.483675820571936,27,4110,768,512,393216,2ceb89c01af0c70a83576a751a575dc3a82619368e34f481edc34d4030b73734,opencv_444,f6673e301575d77826e2e2a0bfc4fc8a81f76c42e16d7de3c38d58c4390d5b21,073abd496b427fca6c11302768c3f76f99365467e84cfc3debe05867c976acfe,0ec6dd9876c269c0832e0a64ab20c015c6c839d266e108c88b30aa28c77391f9,True,True,86.21157823145997,56.00432384314554,0.8807889213126504,2.0252727351257453,3.5977463475879397,0.5514055199574364
div2k_validation,0865.png,0865_1d4f2b88e397__awgn_30_seed-20260811,awgn,30,20260811,29.483675820571936,32,3231,768,512,393216,2ceb89c01af0c70a83576a751a575dc3a82619368e34f481edc34d4030b73734,opencv_444,f6673e301575d77826e2e2a0bfc4fc8a81f76c42e16d7de3c38d58c4390d5b21,073abd496b427fca6c11302768c3f76f99365467e84cfc3debe05867c976acfe,0ec6dd9876c269c0832e0a64ab20c015c6c839d266e108c88b30aa28c77391f9,True,True,86.21157823145997,56.00432384314554,0.8807889213126504,2.0252727351257453,3.5977463475879397,0.5514055199574364
div2k_validation,0865.png,0865_1d4f2b88e397__awgn_30_seed-20260811,awgn,30,20260811,29.483675820571936,37,3526,768,512,393216,2ceb89c01af0c70a83576a751a575dc3a82619368e34f481edc34d4030b73734,opencv_444,f6673e301575d77826e2e2a0bfc4fc8a81f76c42e16d7de3c38d58c4390d5b21,073abd496b427fca6c11302768c3f76f99365467e84cfc3debe05867c976acfe,0ec6dd9876c269c0832e0a64ab20c015c6c839d266e108c88b30aa28c77391f9,True,True,86.21157823145997,56.00432384314554,0.8807889213126504,2.0252727351257453,3.5977463475879397,0.5514055199574364
div2k_validation,0865.png,0865_1d4f2b88e397__awgn_30_seed-20260812,awgn,30,20260812,29.4626553470539,22,3777,768,512,393216,92499813529c96e67ef4392ee8f357cd147188ebd2c7e25c6fa79d7f8aa8f408,opencv_444,f6673e301575d77826e2e2a0bfc4fc8a81f76c42e16d7de3c38d58c4390d5b21,073abd496b427fca6c11302768c3f76f99365467e84cfc3debe05867c976acfe,0ec6dd9876c269c0832e0a64ab20c015c6c839d266e108c88b30aa28c77391f9,True,True,86.20757166829786,55.998945527067505,0.8801157016331337,2.024892004725887,3.5975277102000818,0.5522092011536768
div2k_validation,0865.png,0865_1d4f2b88e397__awgn_30_seed-20260812,awgn,30,20260812,29.4626553470539,27,3832,768,512,393216,92499813529c96e67ef4392ee8f357cd147188ebd2c7e25c6fa79d7f8aa8f408,opencv_444,f6673e301575d77826e2e2a0bfc4fc8a81f76c42e16d7de3c38d58c4390d5b21,073abd496b427fca6c11302768c3f76f99365467e84cfc3debe05867c976acfe,0ec6dd9876c269c0832e0a64ab20c015c6c839d266e108c88b30aa28c77391f9,True,True,86.20757166829786,55.998945527067505,0.8801157016331337,2.024892004725887,3.5975277102000818,0.5522092011536768
div2k_validation,0865.png,0865_1d4f2b88e397__awgn_30_seed-20260812,awgn,30,20260812,29.4626553470539,32,3174,768,512,393216,92499813529c96e67ef4392ee8f357cd147188ebd2c7e25c6fa79d7f8aa8f408,opencv_444,f6673e301575d77826e2e2a0bfc4fc8a81f76c42e16d7de3c38d58c4390d5b21,073abd496b427fca6c11302768c3f76f99365467e84cfc3debe05867c976acfe,0ec6dd9876c269c0832e0a64ab20c015c6c839d266e108c88b30aa28c77391f9,True,True,86.20757166829786,55.998945527067505,0.8801157016331337,2.024892004725887,3.5975277102000818,0.5522092011536768
div2k_validation,0865.png,0865_1d4f2b88e397__awgn_30_seed-20260812,awgn,30,20260812,29.4626553470539,37,3436,768,512,393216,92499813529c96e67ef4392ee8f357cd147188ebd2c7e25c6fa79d7f8aa8f408,opencv_444,f6673e301575d77826e2e2a0bfc4fc8a81f76c42e16d7de3c38d58c4390d5b21,073abd496b427fca6c11302768c3f76f99365467e84cfc3debe05867c976acfe,0ec6dd9876c269c0832e0a64ab20c015c6c839d266e108c88b30aa28c77391f9,True,True,86.20757166829786,55.998945527067505,0.8801157016331337,2.024892004725887,3.5975277102000818,0.5522092011536768
div2k_validation,0865.png,0865_1d4f2b88e397__awgn_30_seed-20260813,awgn,30,20260813,29.525532680683764,22,3876,768,512,393216,425f72502b695f656062fb3702714586bd2f72211a67cca9ed48f8c53ae620f0,opencv_444,f6673e301575d77826e2e2a0bfc4fc8a81f76c42e16d7de3c38d58c4390d5b21,073abd496b427fca6c11302768c3f76f99365467e84cfc3debe05867c976acfe,0ec6dd9876c269c0832e0a64ab20c015c6c839d266e108c88b30aa28c77391f9,True,True,86.04511049088443,56.06079136653538,0.8811165719551528,2.02985226543238,3.5992885116709568,0.5517459079584034
div2k_validation,0865.png,0865_1d4f2b88e397__awgn_30_seed-20260813,awgn,30,20260813,29.525532680683764,27,4033,768,512,393216,425f72502b695f656062fb3702714586bd2f72211a67cca9ed48f8c53ae620f0,opencv_444,f6673e301575d77826e2e2a0bfc4fc8a81f76c42e16d7de3c38d58c4390d5b21,073abd496b427fca6c11302768c3f76f99365467e84cfc3debe05867c976acfe,0ec6dd9876c269c0832e0a64ab20c015c6c839d266e108c88b30aa28c77391f9,True,True,86.04511049088443,56.06079136653538,0.8811165719551528,2.02985226543238,3.5992885116709568,0.5517459079584034
div2k_validation,0865.png,0865_1d4f2b88e397__awgn_30_seed-20260813,awgn,30,20260813,29.525532680683764,32,3174,768,512,393216,425f72502b695f656062fb3702714586bd2f72211a67cca9ed48f8c53ae620f0,opencv_444,f6673e301575d77826e2e2a0bfc4fc8a81f76c42e16d7de3c38d58c4390d5b21,073abd496b427fca6c11302768c3f76f99365467e84cfc3debe05867c976acfe,0ec6dd9876c269c0832e0a64ab20c015c6c839d266e108c88b30aa28c77391f9,True,True,86.04511049088443,56.06079136653538,0.8811165719551528,2.02985226543238,3.5992885116709568,0.5517459079584034
div2k_validation,0865.png,0865_1d4f2b88e397__awgn_30_seed-20260813,awgn,30,20260813,29.525532680683764,37,3316,768,512,393216,425f72502b695f656062fb3702714586bd2f72211a67cca9ed48f8c53ae620f0,opencv_444,f6673e301575d77826e2e2a0bfc4fc8a81f76c42e16d7de3c38d58c4390d5b21,073abd496b427fca6c11302768c3f76f99365467e84cfc3debe05867c976acfe,0ec6dd9876c269c0832e0a64ab20c015c6c839d266e108c88b30aa28c77391f9,True,True,86.04511049088443,56.06079136653538,0.8811165719551528,2.02985226543238,3.5992885116709568,0.5517459079584034
div2k_validation,0865.png,0865_1d4f2b88e397__clean_0,clean,0,,0.0,22,8760,768,512,393216,1d4f2b88e397c3b929b461d4458e00324fa71c5928bd1cb600d8c1241584be0a,opencv_444,f6673e301575d77826e2e2a0bfc4fc8a81f76c42e16d7de3c38d58c4390d5b21,073abd496b427fca6c11302768c3f76f99365467e84cfc3debe05867c976acfe,0ec6dd9876c269c0832e0a64ab20c015c6c839d266e108c88b30aa28c77391f9,True,True,70.93902952250797,48.24696916133253,0.3545051963344084,0.34391073181351,2.6035518076280866,0.8711301800463871
div2k_validation,0865.png,0865_1d4f2b88e397__clean_0,clean,0,,0.0,27,6974,768,512,393216,1d4f2b88e397c3b929b461d4458e00324fa71c5928bd1cb600d8c1241584be0a,opencv_444,f6673e301575d77826e2e2a0bfc4fc8a81f76c42e16d7de3c38d58c4390d5b21,073abd496b427fca6c11302768c3f76f99365467e84cfc3debe05867c976acfe,0ec6dd9876c269c0832e0a64ab20c015c6c839d266e108c88b30aa28c77391f9,True,True,70.93902952250797,48.24696916133253,0.3545051963344084,0.34391073181351,2.6035518076280866,0.8711301800463871
div2k_validation,0865.png,0865_1d4f2b88e397__clean_0,clean,0,,0.0,32,4395,768,512,393216,1d4f2b88e397c3b929b461d4458e00324fa71c5928bd1cb600d8c1241584be0a,opencv_444,f6673e301575d77826e2e2a0bfc4fc8a81f76c42e16d7de3c38d58c4390d5b21,073abd496b427fca6c11302768c3f76f99365467e84cfc3debe05867c976acfe,0ec6dd9876c269c0832e0a64ab20c015c6c839d266e108c88b30aa28c77391f9,True,True,70.93902952250797,48.24696916133253,0.3545051963344084,0.34391073181351,2.6035518076280866,0.8711301800463871
div2k_validation,0865.png,0865_1d4f2b88e397__clean_0,clean,0,,0.0,37,2600,768,512,393216,1d4f2b88e397c3b929b461d4458e00324fa71c5928bd1cb600d8c1241584be0a,opencv_444,f6673e301575d77826e2e2a0bfc4fc8a81f76c42e16d7de3c38d58c4390d5b21,073abd496b427fca6c11302768c3f76f99365467e84cfc3debe05867c976acfe,0ec6dd9876c269c0832e0a64ab20c015c6c839d266e108c88b30aa28c77391f9,True,True,70.93902952250797,48.24696916133253,0.3545051963344084,0.34391073181351,2.6035518076280866,0.8711301800463871
div2k_validation,0868.png,0868_46a18f1b41a1__awgn_30_seed-20260811,awgn,30,20260811,27.569521562504203,22,4959,768,512,393216,4adb63141e8d062d20ac70252b4f55f8ba5e5d129fe3d23192b1ee8ebc3ccce9,opencv_444,f6673e301575d77826e2e2a0bfc4fc8a81f76c42e16d7de3c38d58c4390d5b21,073abd496b427fca6c11302768c3f76f99365467e84cfc3debe05867c976acfe,0ec6dd9876c269c0832e0a64ab20c015c6c839d266e108c88b30aa28c77391f9,True,True,104.18621308347834,68.53312140508432,0.8561229713817642,1.702934227833624,3.280716112784985,0.5984103387409191
div2k_validation,0868.png,0868_46a18f1b41a1__awgn_30_seed-20260811,awgn,30,20260811,27.569521562504203,27,4833,768,512,393216,4adb63141e8d062d20ac70252b4f55f8ba5e5d129fe3d23192b1ee8ebc3ccce9,opencv_444,f6673e301575d77826e2e2a0bfc4fc8a81f76c42e16d7de3c38d58c4390d5b21,073abd496b427fca6c11302768c3f76f99365467e84cfc3debe05867c976acfe,0ec6dd9876c269c0832e0a64ab20c015c6c839d266e108c88b30aa28c77391f9,True,True,104.18621308347834,68.53312140508432,0.8561229713817642,1.702934227833624,3.280716112784985,0.5984103387409191
div2k_validation,0868.png,0868_46a18f1b41a1__awgn_30_seed-20260811,awgn,30,20260811,27.569521562504203,32,3970,768,512,393216,4adb63141e8d062d20ac70252b4f55f8ba5e5d129fe3d23192b1ee8ebc3ccce9,opencv_444,f6673e301575d77826e2e2a0bfc4fc8a81f76c42e16d7de3c38d58c4390d5b21,073abd496b427fca6c11302768c3f76f99365467e84cfc3debe05867c976acfe,0ec6dd9876c269c0832e0a64ab20c015c6c839d266e108c88b30aa28c77391f9,True,True,104.18621308347834,68.53312140508432,0.8561229713817642,1.702934227833624,3.280716112784985,0.5984103387409191
div2k_validation,0868.png,0868_46a18f1b41a1__awgn_30_seed-20260811,awgn,30,20260811,27.569521562504203,37,3995,768,512,393216,4adb63141e8d062d20ac70252b4f55f8ba5e5d129fe3d23192b1ee8ebc3ccce9,opencv_444,f6673e301575d77826e2e2a0bfc4fc8a81f76c42e16d7de3c38d58c4390d5b21,073abd496b427fca6c11302768c3f76f99365467e84cfc3debe05867c976acfe,0ec6dd9876c269c0832e0a64ab20c015c6c839d266e108c88b30aa28c77391f9,True,True,104.18621308347834,68.53312140508432,0.8561229713817642,1.702934227833624,3.280716112784985,0.5984103387409191
div2k_validation,0868.png,0868_46a18f1b41a1__awgn_30_seed-20260812,awgn,30,20260812,27.560234870592687,22,4846,768,512,393216,6e0835534205ad432c45f641b478f8cee082b4da13d7ae38b86e9b2a33fca279,opencv_444,f6673e301575d77826e2e2a0bfc4fc8a81f76c42e16d7de3c38d58c4390d5b21,073abd496b427fca6c11302768c3f76f99365467e84cfc3debe05867c976acfe,0ec6dd9876c269c0832e0a64ab20c015c6c839d266e108c88b30aa28c77391f9,True,True,103.91637636893674,68.53367501877374,0.8560487380330722,1.7014650594422167,3.280613308789455,0.5979968119311965
div2k_validation,0868.png,0868_46a18f1b41a1__awgn_30_seed-20260812,awgn,30,20260812,27.560234870592687,27,4663,768,512,393216,6e0835534205ad432c45f641b478f8cee082b4da13d7ae38b86e9b2a33fca279,opencv_444,f6673e301575d77826e2e2a0bfc4fc8a81f76c42e16d7de3c38d58c4390d5b21,073abd496b427fca6c11302768c3f76f99365467e84cfc3debe05867c976acfe,0ec6dd9876c269c0832e0a64ab20c015c6c839d266e108c88b30aa28c77391f9,True,True,103.91637636893674,68.53367501877374,0.8560487380330722,1.7014650594422167,3.280613308789455,0.5979968119311965
div2k_validation,0868.png,0868_46a18f1b41a1__awgn_30_seed-20260812,awgn,30,20260812,27.560234870592687,32,3843,768,512,393216,6e0835534205ad432c45f641b478f8cee082b4da13d7ae38b86e9b2a33fca279,opencv_444,f6673e301575d77826e2e2a0bfc4fc8a81f76c42e16d7de3c38d58c4390d5b21,073abd496b427fca6c11302768c3f76f99365467e84cfc3debe05867c976acfe,0ec6dd9876c269c0832e0a64ab20c015c6c839d266e108c88b30aa28c77391f9,True,True,103.91637636893674,68.53367501877374,0.8560487380330722,1.7014650594422167,3.280613308789455,0.5979968119311965
div2k_validation,0868.png,0868_46a18f1b41a1__awgn_30_seed-20260812,awgn,30,20260812,27.560234870592687,37,3964,768,512,393216,6e0835534205ad432c45f641b478f8cee082b4da13d7ae38b86e9b2a33fca279,opencv_444,f6673e301575d77826e2e2a0bfc4fc8a81f76c42e16d7de3c38d58c4390d5b21,073abd496b427fca6c11302768c3f76f99365467e84cfc3debe05867c976acfe,0ec6dd9876c269c0832e0a64ab20c015c6c839d266e108c88b30aa28c77391f9,True,True,103.91637636893674,68.53367501877374,0.8560487380330722,1.7014650594422167,3.280613308789455,0.5979968119311965
div2k_validation,0868.png,0868_46a18f1b41a1__awgn_30_seed-20260813,awgn,30,20260813,27.54531557628157,22,4929,768,512,393216,7a8abd7c5e561d70b8824bf22c234a88712cf65a5bd8f86b85a99c7369299919,opencv_444,f6673e301575d77826e2e2a0bfc4fc8a81f76c42e16d7de3c38d58c4390d5b21,073abd496b427fca6c11302768c3f76f99365467e84cfc3debe05867c976acfe,0ec6dd9876c269c0832e0a64ab20c015c6c839d266e108c88b30aa28c77391f9,True,True,103.8337338177476,68.6029229188008,0.8552372907387498,1.6965382488860348,3.2783152390209613,0.5993504150895107
div2k_validation,0868.png,0868_46a18f1b41a1__awgn_30_seed-20260813,awgn,30,20260813,27.54531557628157,27,4762,768,512,393216,7a8abd7c5e561d70b8824bf22c234a88712cf65a5bd8f86b85a99c7369299919,opencv_444,f6673e301575d77826e2e2a0bfc4fc8a81f76c42e16d7de3c38d58c4390d5b21,073abd496b427fca6c11302768c3f76f99365467e84cfc3debe05867c976acfe,0ec6dd9876c269c0832e0a64ab20c015c6c839d266e108c88b30aa28c77391f9,True,True,103.8337338177476,68.6029229188008,0.8552372907387498,1.6965382488860348,3.2783152390209613,0.5993504150895107
div2k_validation,0868.png,0868_46a18f1b41a1__awgn_30_seed-20260813,awgn,30,20260813,27.54531557628157,32,3776,768,512,393216,7a8abd7c5e561d70b8824bf22c234a88712cf65a5bd8f86b85a99c7369299919,opencv_444,f6673e301575d77826e2e2a0bfc4fc8a81f76c42e16d7de3c38d58c4390d5b21,073abd496b427fca6c11302768c3f76f99365467e84cfc3debe05867c976acfe,0ec6dd9876c269c0832e0a64ab20c015c6c839d266e108c88b30aa28c77391f9,True,True,103.8337338177476,68.6029229188008,0.8552372907387498,1.6965382488860348,3.2783152390209613,0.5993504150895107
div2k_validation,0868.png,0868_46a18f1b41a1__awgn_30_seed-20260813,awgn,30,20260813,27.54531557628157,37,3822,768,512,393216,7a8abd7c5e561d70b8824bf22c234a88712cf65a5bd8f86b85a99c7369299919,opencv_444,f6673e301575d77826e2e2a0bfc4fc8a81f76c42e16d7de3c38d58c4390d5b21,073abd496b427fca6c11302768c3f76f99365467e84cfc3debe05867c976acfe,0ec6dd9876c269c0832e0a64ab20c015c6c839d266e108c88b30aa28c77391f9,True,True,103.8337338177476,68.6029229188008,0.8552372907387498,1.6965382488860348,3.2783152390209613,0.5993504150895107
div2k_validation,0868.png,0868_46a18f1b41a1__clean_0,clean,0,,0.0,22,5687,768,512,393216,46a18f1b41a1374d03fa9a183b5ee3bd24c5050f5072a8a4b1d741c6c93c02f0,opencv_444,f6673e301575d77826e2e2a0bfc4fc8a81f76c42e16d7de3c38d58c4390d5b21,073abd496b427fca6c11302768c3f76f99365467e84cfc3debe05867c976acfe,0ec6dd9876c269c0832e0a64ab20c015c6c839d266e108c88b30aa28c77391f9,True,True,107.6659965221007,64.29918080879925,0.24884554343930784,0.5270744424453366,2.6171277598489295,0.8251693551748887
div2k_validation,0868.png,0868_46a18f1b41a1__clean_0,clean,0,,0.0,27,5193,768,512,393216,46a18f1b41a1374d03fa9a183b5ee3bd24c5050f5072a8a4b1d741c6c93c02f0,opencv_444,f6673e301575d77826e2e2a0bfc4fc8a81f76c42e16d7de3c38d58c4390d5b21,073abd496b427fca6c11302768c3f76f99365467e84cfc3debe05867c976acfe,0ec6dd9876c269c0832e0a64ab20c015c6c839d266e108c88b30aa28c77391f9,True,True,107.6659965221007,64.29918080879925,0.24884554343930784,0.5270744424453366,2.6171277598489295,0.8251693551748887
div2k_validation,0868.png,0868_46a18f1b41a1__clean_0,clean,0,,0.0,32,4338,768,512,393216,46a18f1b41a1374d03fa9a183b5ee3bd24c5050f5072a8a4b1d741c6c93c02f0,opencv_444,f6673e301575d77826e2e2a0bfc4fc8a81f76c42e16d7de3c38d58c4390d5b21,073abd496b427fca6c11302768c3f76f99365467e84cfc3debe05867c976acfe,0ec6dd9876c269c0832e0a64ab20c015c6c839d266e108c88b30aa28c77391f9,True,True,107.6659965221007,64.29918080879925,0.24884554343930784,0.5270744424453366,2.6171277598489295,0.8251693551748887
div2k_validation,0868.png,0868_46a18f1b41a1__clean_0,clean,0,,0.0,37,3399,768,512,393216,46a18f1b41a1374d03fa9a183b5ee3bd24c5050f5072a8a4b1d741c6c93c02f0,opencv_444,f6673e301575d77826e2e2a0bfc4fc8a81f76c42e16d7de3c38d58c4390d5b21,073abd496b427fca6c11302768c3f76f99365467e84cfc3debe05867c976acfe,0ec6dd9876c269c0832e0a64ab20c015c6c839d266e108c88b30aa28c77391f9,True,True,107.6659965221007,64.29918080879925,0.24884554343930784,0.5270744424453366,2.6171277598489295,0.8251693551748887
div2k_validation,0870.png,0870_574461ba2ec1__awgn_30_seed-20260811,awgn,30,20260811,29.01973868170244,22,5271,768,512,393216,082f00d507565d919e2aa9198cf2609b1e56073e1270827efd799705094a9c25,opencv_444,f6673e301575d77826e2e2a0bfc4fc8a81f76c42e16d7de3c38d58c4390d5b21,073abd496b427fca6c11302768c3f76f99365467e84cfc3debe05867c976acfe,0ec6dd9876c269c0832e0a64ab20c015c6c839d266e108c88b30aa28c77391f9,True,True,93.94537551555155,56.11467562050947,0.8875339169610403,1.9501886810232736,3.5314864294523414,0.5631557979276671
div2k_validation,0870.png,0870_574461ba2ec1__awgn_30_seed-20260811,awgn,30,20260811,29.01973868170244,27,4773,768,512,393216,082f00d507565d919e2aa9198cf2609b1e56073e1270827efd799705094a9c25,opencv_444,f6673e301575d77826e2e2a0bfc4fc8a81f76c42e16d7de3c38d58c4390d5b21,073abd496b427fca6c11302768c3f76f99365467e84cfc3debe05867c976acfe,0ec6dd9876c269c0832e0a64ab20c015c6c839d266e108c88b30aa28c77391f9,True,True,93.94537551555155,56.11467562050947,0.8875339169610403,1.9501886810232736,3.5314864294523414,0.5631557979276671
div2k_validation,0870.png,0870_574461ba2ec1__awgn_30_seed-20260811,awgn,30,20260811,29.01973868170244,32,3990,768,512,393216,082f00d507565d919e2aa9198cf2609b1e56073e1270827efd799705094a9c25,opencv_444,f6673e301575d77826e2e2a0bfc4fc8a81f76c42e16d7de3c38d58c4390d5b21,073abd496b427fca6c11302768c3f76f99365467e84cfc3debe05867c976acfe,0ec6dd9876c269c0832e0a64ab20c015c6c839d266e108c88b30aa28c77391f9,True,True,93.94537551555155,56.11467562050947,0.8875339169610403,1.9501886810232736,3.5314864294523414,0.5631557979276671
div2k_validation,0870.png,0870_574461ba2ec1__awgn_30_seed-20260811,awgn,30,20260811,29.01973868170244,37,3820,768,512,393216,082f00d507565d919e2aa9198cf2609b1e56073e1270827efd799705094a9c25,opencv_444,f6673e301575d77826e2e2a0bfc4fc8a81f76c42e16d7de3c38d58c4390d5b21,073abd496b427fca6c11302768c3f76f99365467e84cfc3debe05867c976acfe,0ec6dd9876c269c0832e0a64ab20c015c6c839d266e108c88b30aa28c77391f9,True,True,93.94537551555155,56.11467562050947,0.8875339169610403,1.9501886810232736,3.5314864294523414,0.5631557979276671
div2k_validation,0870.png,0870_574461ba2ec1__awgn_30_seed-20260812,awgn,30,20260812,28.940011120811423,22,5408,768,512,393216,931098a1439b4f994c13f8a15a34558809b9a3e9b46a84ccd83647c9296093d5,opencv_444,f6673e301575d77826e2e2a0bfc4fc8a81f76c42e16d7de3c38d58c4390d5b21,073abd496b427fca6c11302768c3f76f99365467e84cfc3debe05867c976acfe,0ec6dd9876c269c0832e0a64ab20c015c6c839d266e108c88b30aa28c77391f9,True,True,93.57085092135691,56.05067693127968,0.8868171811805662,1.9385649323570604,3.527548692296187,0.564519769264853
div2k_validation,0870.png,0870_574461ba2ec1__awgn_30_seed-20260812,awgn,30,20260812,28.940011120811423,27,4881,768,512,393216,931098a1439b4f994c13f8a15a34558809b9a3e9b46a84ccd83647c9296093d5,opencv_444,f6673e301575d77826e2e2a0bfc4fc8a81f76c42e16d7de3c38d58c4390d5b21,073abd496b427fca6c11302768c3f76f99365467e84cfc3debe05867c976acfe,0ec6dd9876c269c0832e0a64ab20c015c6c839d266e108c88b30aa28c77391f9,True,True,93.57085092135691,56.05067693127968,0.8868171811805662,1.9385649323570604,3.527548692296187,0.564519769264853
div2k_validation,0870.png,0870_574461ba2ec1__awgn_30_seed-20260812,awgn,30,20260812,28.940011120811423,32,3948,768,512,393216,931098a1439b4f994c13f8a15a34558809b9a3e9b46a84ccd83647c9296093d5,opencv_444,f6673e301575d77826e2e2a0bfc4fc8a81f76c42e16d7de3c38d58c4390d5b21,073abd496b427fca6c11302768c3f76f99365467e84cfc3debe05867c976acfe,0ec6dd9876c269c0832e0a64ab20c015c6c839d266e108c88b30aa28c77391f9,True,True,93.57085092135691,56.05067693127968,0.8868171811805662,1.9385649323570604,3.527548692296187,0.564519769264853
div2k_validation,0870.png,0870_574461ba2ec1__awgn_30_seed-20260812,awgn,30,20260812,28.940011120811423,37,4012,768,512,393216,931098a1439b4f994c13f8a15a34558809b9a3e9b46a84ccd83647c9296093d5,opencv_444,f6673e301575d77826e2e2a0bfc4fc8a81f76c42e16d7de3c38d58c4390d5b21,073abd496b427fca6c11302768c3f76f99365467e84cfc3debe05867c976acfe,0ec6dd9876c269c0832e0a64ab20c015c6c839d266e108c88b30aa28c77391f9,True,True,93.57085092135691,56.05067693127968,0.8868171811805662,1.9385649323570604,3.527548692296187,0.564519769264853
div2k_validation,0870.png,0870_574461ba2ec1__awgn_30_seed-20260813,awgn,30,20260813,29.044666224771778,22,5395,768,512,393216,ee64c4eb2006134c669372debb6de5f3ac2a7b60523bda27b2849e7edbf9bc79,opencv_444,f6673e301575d77826e2e2a0bfc4fc8a81f76c42e16d7de3c38d58c4390d5b21,073abd496b427fca6c11302768c3f76f99365467e84cfc3debe05867c976acfe,0ec6dd9876c269c0832e0a64ab20c015c6c839d266e108c88b30aa28c77391f9,True,True,93.85057440611745,56.08123633054247,0.8887165309988225,1.9537174497106413,3.531228639819696,0.5628385125538913
div2k_validation,0870.png,0870_574461ba2ec1__awgn_30_seed-20260813,awgn,30,20260813,29.044666224771778,27,4624,768,512,393216,ee64c4eb2006134c669372debb6de5f3ac2a7b60523bda27b2849e7edbf9bc79,opencv_444,f6673e301575d77826e2e2a0bfc4fc8a81f76c42e16d7de3c38d58c4390d5b21,073abd496b427fca6c11302768c3f76f99365467e84cfc3debe05867c976acfe,0ec6dd9876c269c0832e0a64ab20c015c6c839d266e108c88b30aa28c77391f9,True,True,93.85057440611745,56.08123633054247,0.8887165309988225,1.9537174497106413,3.531228639819696,0.5628385125538913
div2k_validation,0870.png,0870_574461ba2ec1__awgn_30_seed-20260813,awgn,30,20260813,29.044666224771778,32,3712,768,512,393216,ee64c4eb2006134c669372debb6de5f3ac2a7b60523bda27b2849e7edbf9bc79,opencv_444,f6673e301575d77826e2e2a0bfc4fc8a81f76c42e16d7de3c38d58c4390d5b21,073abd496b427fca6c11302768c3f76f99365467e84cfc3debe05867c976acfe,0ec6dd9876c269c0832e0a64ab20c015c6c839d266e108c88b30aa28c77391f9,True,True,93.85057440611745,56.08123633054247,0.8887165309988225,1.9537174497106413,3.531228639819696,0.5628385125538913
div2k_validation,0870.png,0870_574461ba2ec1__awgn_30_seed-20260813,awgn,30,20260813,29.044666224771778,37,3854,768,512,393216,ee64c4eb2006134c669372debb6de5f3ac2a7b60523bda27b2849e7edbf9bc79,opencv_444,f6673e301575d77826e2e2a0bfc4fc8a81f76c42e16d7de3c38d58c4390d5b21,073abd496b427fca6c11302768c3f76f99365467e84cfc3debe05867c976acfe,0ec6dd9876c269c0832e0a64ab20c015c6c839d266e108c88b30aa28c77391f9,True,True,93.85057440611745,56.08123633054247,0.8887165309988225,1.9537174497106413,3.531228639819696,0.5628385125538913
div2k_validation,0870.png,0870_574461ba2ec1__clean_0,clean,0,,0.0,22,5937,768,512,393216,574461ba2ec1090fe590a968ef3491debd4f6711f02d0de52631ebb35222da5b,opencv_444,f6673e301575d77826e2e2a0bfc4fc8a81f76c42e16d7de3c38d58c4390d5b21,073abd496b427fca6c11302768c3f76f99365467e84cfc3debe05867c976acfe,0ec6dd9876c269c0832e0a64ab20c015c6c839d266e108c88b30aa28c77391f9,True,True,79.8099567622449,49.19625973806872,0.5511621358726259,0.3805716360180069,2.686094286837206,0.8469796399376635
div2k_validation,0870.png,0870_574461ba2ec1__clean_0,clean,0,,0.0,27,4845,768,512,393216,574461ba2ec1090fe590a968ef3491debd4f6711f02d0de52631ebb35222da5b,opencv_444,f6673e301575d77826e2e2a0bfc4fc8a81f76c42e16d7de3c38d58c4390d5b21,073abd496b427fca6c11302768c3f76f99365467e84cfc3debe05867c976acfe,0ec6dd9876c269c0832e0a64ab20c015c6c839d266e108c88b30aa28c77391f9,True,True,79.8099567622449,49.19625973806872,0.5511621358726259,0.3805716360180069,2.686094286837206,0.8469796399376635
div2k_validation,0870.png,0870_574461ba2ec1__clean_0,clean,0,,0.0,32,3609,768,512,393216,574461ba2ec1090fe590a968ef3491debd4f6711f02d0de52631ebb35222da5b,opencv_444,f6673e301575d77826e2e2a0bfc4fc8a81f76c42e16d7de3c38d58c4390d5b21,073abd496b427fca6c11302768c3f76f99365467e84cfc3debe05867c976acfe,0ec6dd9876c269c0832e0a64ab20c015c6c839d266e108c88b30aa28c77391f9,True,True,79.8099567622449,49.19625973806872,0.5511621358726259,0.3805716360180069,2.686094286837206,0.8469796399376635
div2k_validation,0870.png,0870_574461ba2ec1__clean_0,clean,0,,0.0,37,2507,768,512,393216,574461ba2ec1090fe590a968ef3491debd4f6711f02d0de52631ebb35222da5b,opencv_444,f6673e301575d77826e2e2a0bfc4fc8a81f76c42e16d7de3c38d58c4390d5b21,073abd496b427fca6c11302768c3f76f99365467e84cfc3debe05867c976acfe,0ec6dd9876c269c0832e0a64ab20c015c6c839d266e108c88b30aa28c77391f9,True,True,79.8099567622449,49.19625973806872,0.5511621358726259,0.3805716360180069,2.686094286837206,0.8469796399376635
div2k_validation,0873.png,0873_0deda35195d8__awgn_30_seed-20260811,awgn,30,20260811,28.849219501059512,22,5944,768,512,393216,29f600436a8cf5223461f89b7923fb553b15b3ba20e5cae9c8af888e541db0de,opencv_444,f6673e301575d77826e2e2a0bfc4fc8a81f76c42e16d7de3c38d58c4390d5b21,073abd496b427fca6c11302768c3f76f99365467e84cfc3debe05867c976acfe,0ec6dd9876c269c0832e0a64ab20c015c6c839d266e108c88b30aa28c77391f9,True,True,125.05697169875444,53.500493664672966,0.9006988173859622,2.4097806839213,3.472212216281783,0.5372231950475379
div2k_validation,0873.png,0873_0deda35195d8__awgn_30_seed-20260811,awgn,30,20260811,28.849219501059512,27,5811,768,512,393216,29f600436a8cf5223461f89b7923fb553b15b3ba20e5cae9c8af888e541db0de,opencv_444,f6673e301575d77826e2e2a0bfc4fc8a81f76c42e16d7de3c38d58c4390d5b21,073abd496b427fca6c11302768c3f76f99365467e84cfc3debe05867c976acfe,0ec6dd9876c269c0832e0a64ab20c015c6c839d266e108c88b30aa28c77391f9,True,True,125.05697169875444,53.500493664672966,0.9006988173859622,2.4097806839213,3.472212216281783,0.5372231950475379
div2k_validation,0873.png,0873_0deda35195d8__awgn_30_seed-20260811,awgn,30,20260811,28.849219501059512,32,4934,768,512,393216,29f600436a8cf5223461f89b7923fb553b15b3ba20e5cae9c8af888e541db0de,opencv_444,f6673e301575d77826e2e2a0bfc4fc8a81f76c42e16d7de3c38d58c4390d5b21,073abd496b427fca6c11302768c3f76f99365467e84cfc3debe05867c976acfe,0ec6dd9876c269c0832e0a64ab20c015c6c839d266e108c88b30aa28c77391f9,True,True,125.05697169875444,53.500493664672966,0.9006988173859622,2.4097806839213,3.472212216281783,0.5372231950475379
div2k_validation,0873.png,0873_0deda35195d8__awgn_30_seed-20260811,awgn,30,20260811,28.849219501059512,37,5227,768,512,393216,29f600436a8cf5223461f89b7923fb553b15b3ba20e5cae9c8af888e541db0de,opencv_444,f6673e301575d77826e2e2a0bfc4fc8a81f76c42e16d7de3c38d58c4390d5b21,073abd496b427fca6c11302768c3f76f99365467e84cfc3debe05867c976acfe,0ec6dd9876c269c0832e0a64ab20c015c6c839d266e108c88b30aa28c77391f9,True,True,125.05697169875444,53.500493664672966,0.9006988173859622,2.4097806839213,3.472212216281783,0.5372231950475379
div2k_validation,0873.png,0873_0deda35195d8__awgn_30_seed-20260812,awgn,30,20260812,28.887331928780505,22,6282,768,512,393216,9ad31ea0059662692b1a8e034d16144975ea4776b4d803db10ef820e1333f432,opencv_444,f6673e301575d77826e2e2a0bfc4fc8a81f76c42e16d7de3c38d58c4390d5b21,073abd496b427fca6c11302768c3f76f99365467e84cfc3debe05867c976acfe,0ec6dd9876c269c0832e0a64ab20c015c6c839d266e108c88b30aa28c77391f9,True,True,124.86046003514731,53.48182473623322,0.899441969999488,2.4041830032965015,3.471981470662869,0.537090008530871
div2k_validation,0873.png,0873_0deda35195d8__awgn_30_seed-20260812,awgn,30,20260812,28.887331928780505,27,5820,768,512,393216,9ad31ea0059662692b1a8e034d16144975ea4776b4d803db10ef820e1333f432,opencv_444,f6673e301575d77826e2e2a0bfc4fc8a81f76c42e16d7de3c38d58c4390d5b21,073abd496b427fca6c11302768c3f76f99365467e84cfc3debe05867c976acfe,0ec6dd9876c269c0832e0a64ab20c015c6c839d266e108c88b30aa28c77391f9,True,True,124.86046003514731,53.48182473623322,0.899441969999488,2.4041830032965015,3.471981470662869,0.537090008530871
div2k_validation,0873.png,0873_0deda35195d8__awgn_30_seed-20260812,awgn,30,20260812,28.887331928780505,32,5240,768,512,393216,9ad31ea0059662692b1a8e034d16144975ea4776b4d803db10ef820e1333f432,opencv_444,f6673e301575d77826e2e2a0bfc4fc8a81f76c42e16d7de3c38d58c4390d5b21,073abd496b427fca6c11302768c3f76f99365467e84cfc3debe05867c976acfe,0ec6dd9876c269c0832e0a64ab20c015c6c839d266e108c88b30aa28c77391f9,True,True,124.86046003514731,53.48182473623322,0.899441969999488,2.4041830032965015,3.471981470662869,0.537090008530871
div2k_validation,0873.png,0873_0deda35195d8__awgn_30_seed-20260812,awgn,30,20260812,28.887331928780505,37,4890,768,512,393216,9ad31ea0059662692b1a8e034d16144975ea4776b4d803db10ef820e1333f432,opencv_444,f6673e301575d77826e2e2a0bfc4fc8a81f76c42e16d7de3c38d58c4390d5b21,073abd496b427fca6c11302768c3f76f99365467e84cfc3debe05867c976acfe,0ec6dd9876c269c0832e0a64ab20c015c6c839d266e108c88b30aa28c77391f9,True,True,124.86046003514731,53.48182473623322,0.899441969999488,2.4041830032965015,3.471981470662869,0.537090008530871
div2k_validation,0873.png,0873_0deda35195d8__awgn_30_seed-20260813,awgn,30,20260813,28.8785571264657,22,5885,768,512,393216,4167e6cadcb0d4b393e97825dd400093ee3fee4d2539bcd2f79a1a844d7a0f4c,opencv_444,f6673e301575d77826e2e2a0bfc4fc8a81f76c42e16d7de3c38d58c4390d5b21,073abd496b427fca6c11302768c3f76f99365467e84cfc3debe05867c976acfe,0ec6dd9876c269c0832e0a64ab20c015c6c839d266e108c88b30aa28c77391f9,True,True,124.91765065291118,53.468850617158594,0.8994573286233554,2.4011876675406114,3.4705840179662744,0.5377782266299574
div2k_validation,0873.png,0873_0deda35195d8__awgn_30_seed-20260813,awgn,30,20260813,28.8785571264657,27,5672,768,512,393216,4167e6cadcb0d4b393e97825dd400093ee3fee4d2539bcd2f79a1a844d7a0f4c,opencv_444,f6673e301575d77826e2e2a0bfc4fc8a81f76c42e16d7de3c38d58c4390d5b21,073abd496b427fca6c11302768c3f76f99365467e84cfc3debe05867c976acfe,0ec6dd9876c269c0832e0a64ab20c015c6c839d266e108c88b30aa28c77391f9,True,True,124.91765065291118,53.468850617158594,0.8994573286233554,2.4011876675406114,3.4705840179662744,0.5377782266299574
div2k_validation,0873.png,0873_0deda35195d8__awgn_30_seed-20260813,awgn,30,20260813,28.8785571264657,32,5197,768,512,393216,4167e6cadcb0d4b393e97825dd400093ee3fee4d2539bcd2f79a1a844d7a0f4c,opencv_444,f6673e301575d77826e2e2a0bfc4fc8a81f76c42e16d7de3c38d58c4390d5b21,073abd496b427fca6c11302768c3f76f99365467e84cfc3debe05867c976acfe,0ec6dd9876c269c0832e0a64ab20c015c6c839d266e108c88b30aa28c77391f9,True,True,124.91765065291118,53.468850617158594,0.8994573286233554,2.4011876675406114,3.4705840179662744,0.5377782266299574
div2k_validation,0873.png,0873_0deda35195d8__awgn_30_seed-20260813,awgn,30,20260813,28.8785571264657,37,5167,768,512,393216,4167e6cadcb0d4b393e97825dd400093ee3fee4d2539bcd2f79a1a844d7a0f4c,opencv_444,f6673e301575d77826e2e2a0bfc4fc8a81f76c42e16d7de3c38d58c4390d5b21,073abd496b427fca6c11302768c3f76f99365467e84cfc3debe05867c976acfe,0ec6dd9876c269c0832e0a64ab20c015c6c839d266e108c88b30aa28c77391f9,True,True,124.91765065291118,53.468850617158594,0.8994573286233554,2.4011876675406114,3.4705840179662744,0.5377782266299574
div2k_validation,0873.png,0873_0deda35195d8__clean_0,clean,0,,0.0,22,11116,768,512,393216,0deda35195d87f2f663124bc61c235518e7d4abbe1ca951c59f019d1c76ccfef,opencv_444,f6673e301575d77826e2e2a0bfc4fc8a81f76c42e16d7de3c38d58c4390d5b21,073abd496b427fca6c11302768c3f76f99365467e84cfc3debe05867c976acfe,0ec6dd9876c269c0832e0a64ab20c015c6c839d266e108c88b30aa28c77391f9,True,True,131.52933438983996,46.08941327045419,0.5168714483182307,0.8911358354966009,2.682108542419058,0.7955188402898569
div2k_validation,0873.png,0873_0deda35195d8__clean_0,clean,0,,0.0,27,9980,768,512,393216,0deda35195d87f2f663124bc61c235518e7d4abbe1ca951c59f019d1c76ccfef,opencv_444,f6673e301575d77826e2e2a0bfc4fc8a81f76c42e16d7de3c38d58c4390d5b21,073abd496b427fca6c11302768c3f76f99365467e84cfc3debe05867c976acfe,0ec6dd9876c269c0832e0a64ab20c015c6c839d266e108c88b30aa28c77391f9,True,True,131.52933438983996,46.08941327045419,0.5168714483182307,0.8911358354966009,2.682108542419058,0.7955188402898569
div2k_validation,0873.png,0873_0deda35195d8__clean_0,clean,0,,0.0,32,8490,768,512,393216,0deda35195d87f2f663124bc61c235518e7d4abbe1ca951c59f019d1c76ccfef,opencv_444,f6673e301575d77826e2e2a0bfc4fc8a81f76c42e16d7de3c38d58c4390d5b21,073abd496b427fca6c11302768c3f76f99365467e84cfc3debe05867c976acfe,0ec6dd9876c269c0832e0a64ab20c015c6c839d266e108c88b30aa28c77391f9,True,True,131.52933438983996,46.08941327045419,0.5168714483182307,0.8911358354966009,2.682108542419058,0.7955188402898569
div2k_validation,0873.png,0873_0deda35195d8__clean_0,clean,0,,0.0,37,6719,768,512,393216,0deda35195d87f2f663124bc61c235518e7d4abbe1ca951c59f019d1c76ccfef,opencv_444,f6673e301575d77826e2e2a0bfc4fc8a81f76c42e16d7de3c38d58c4390d5b21,073abd496b427fca6c11302768c3f76f99365467e84cfc3debe05867c976acfe,0ec6dd9876c269c0832e0a64ab20c015c6c839d266e108c88b30aa28c77391f9,True,True,131.52933438983996,46.08941327045419,0.5168714483182307,0.8911358354966009,2.682108542419058,0.7955188402898569
div2k_validation,0874.png,0874_c5954e2f77c7__awgn_30_seed-20260811,awgn,30,20260811,28.21549023246683,22,4967,768,512,393216,1a1d952a8d5a35f6d43c577859fac3dcd700923fa20cde991d75322728953312,opencv_444,f6673e301575d77826e2e2a0bfc4fc8a81f76c42e16d7de3c38d58c4390d5b21,073abd496b427fca6c11302768c3f76f99365467e84cfc3debe05867c976acfe,0ec6dd9876c269c0832e0a64ab20c015c6c839d266e108c88b30aa28c77391f9,True,True,88.83483557115073,64.89336544356607,0.8321123227358829,1.756244906773389,3.389333940486819,0.6043656781616077
div2k_validation,0874.png,0874_c5954e2f77c7__awgn_30_seed-20260811,awgn,30,20260811,28.21549023246683,27,4318,768,512,393216,1a1d952a8d5a35f6d43c577859fac3dcd700923fa20cde991d75322728953312,opencv_444,f6673e301575d77826e2e2a0bfc4fc8a81f76c42e16d7de3c38d58c4390d5b21,073abd496b427fca6c11302768c3f76f99365467e84cfc3debe05867c976acfe,0ec6dd9876c269c0832e0a64ab20c015c6c839d266e108c88b30aa28c77391f9,True,True,88.83483557115073,64.89336544356607,0.8321123227358829,1.756244906773389,3.389333940486819,0.6043656781616077
div2k_validation,0874.png,0874_c5954e2f77c7__awgn_30_seed-20260811,awgn,30,20260811,28.21549023246683,32,3405,768,512,393216,1a1d952a8d5a35f6d43c577859fac3dcd700923fa20cde991d75322728953312,opencv_444,f6673e301575d77826e2e2a0bfc4fc8a81f76c42e16d7de3c38d58c4390d5b21,073abd496b427fca6c11302768c3f76f99365467e84cfc3debe05867c976acfe,0ec6dd9876c269c0832e0a64ab20c015c6c839d266e108c88b30aa28c77391f9,True,True,88.83483557115073,64.89336544356607,0.8321123227358829,1.756244906773389,3.389333940486819,0.6043656781616077
div2k_validation,0874.png,0874_c5954e2f77c7__awgn_30_seed-20260811,awgn,30,20260811,28.21549023246683,37,3133,768,512,393216,1a1d952a8d5a35f6d43c577859fac3dcd700923fa20cde991d75322728953312,opencv_444,f6673e301575d77826e2e2a0bfc4fc8a81f76c42e16d7de3c38d58c4390d5b21,073abd496b427fca6c11302768c3f76f99365467e84cfc3debe05867c976acfe,0ec6dd9876c269c0832e0a64ab20c015c6c839d266e108c88b30aa28c77391f9,True,True,88.83483557115073,64.89336544356607,0.8321123227358829,1.756244906773389,3.389333940486819,0.6043656781616077
div2k_validation,0874.png,0874_c5954e2f77c7__awgn_30_seed-20260812,awgn,30,20260812,28.1680528047618,22,4902,768,512,393216,82164262da58bef630db921505d442a3847884da5b6d244325b67c237693af7e,opencv_444,f6673e301575d77826e2e2a0bfc4fc8a81f76c42e16d7de3c38d58c4390d5b21,073abd496b427fca6c11302768c3f76f99365467e84cfc3debe05867c976acfe,0ec6dd9876c269c0832e0a64ab20c015c6c839d266e108c88b30aa28c77391f9,True,True,89.11010194402253,64.8482854456528,0.831331592689295,1.7529620363492728,3.386630613459954,0.6047016646698566
div2k_validation,0874.png,0874_c5954e2f77c7__awgn_30_seed-20260812,awgn,30,20260812,28.1680528047618,27,4199,768,512,393216,82164262da58bef630db921505d442a3847884da5b6d244325b67c237693af7e,opencv_444,f6673e301575d77826e2e2a0bfc4fc8a81f76c42e16d7de3c38d58c4390d5b21,073abd496b427fca6c11302768c3f76f99365467e84cfc3debe05867c976acfe,0ec6dd9876c269c0832e0a64ab20c015c6c839d266e108c88b30aa28c77391f9,True,True,89.11010194402253,64.8482854456528,0.831331592689295,1.7529620363492728,3.386630613459954,0.6047016646698566
div2k_validation,0874.png,0874_c5954e2f77c7__awgn_30_seed-20260812,awgn,30,20260812,28.1680528047618,32,3391,768,512,393216,82164262da58bef630db921505d442a3847884da5b6d244325b67c237693af7e,opencv_444,f6673e301575d77826e2e2a0bfc4fc8a81f76c42e16d7de3c38d58c4390d5b21,073abd496b427fca6c11302768c3f76f99365467e84cfc3debe05867c976acfe,0ec6dd9876c269c0832e0a64ab20c015c6c839d266e108c88b30aa28c77391f9,True,True,89.11010194402253,64.8482854456528,0.831331592689295,1.7529620363492728,3.386630613459954,0.6047016646698566
div2k_validation,0874.png,0874_c5954e2f77c7__awgn_30_seed-20260812,awgn,30,20260812,28.1680528047618,37,3159,768,512,393216,82164262da58bef630db921505d442a3847884da5b6d244325b67c237693af7e,opencv_444,f6673e301575d77826e2e2a0bfc4fc8a81f76c42e16d7de3c38d58c4390d5b21,073abd496b427fca6c11302768c3f76f99365467e84cfc3debe05867c976acfe,0ec6dd9876c269c0832e0a64ab20c015c6c839d266e108c88b30aa28c77391f9,True,True,89.11010194402253,64.8482854456528,0.831331592689295,1.7529620363492728,3.386630613459954,0.6047016646698566
div2k_validation,0874.png,0874_c5954e2f77c7__awgn_30_seed-20260813,awgn,30,20260813,28.192889840832407,22,4875,768,512,393216,0906da9945f4c267f4d3d8b38bdd75f1e4d97af371bccba27b2fe50330d7c447,opencv_444,f6673e301575d77826e2e2a0bfc4fc8a81f76c42e16d7de3c38d58c4390d5b21,073abd496b427fca6c11302768c3f76f99365467e84cfc3debe05867c976acfe,0ec6dd9876c269c0832e0a64ab20c015c6c839d266e108c88b30aa28c77391f9,True,True,88.7445138549668,64.93662474698672,0.8322351917268213,1.7491911828403703,3.38706321755141,0.6052534713066856
div2k_validation,0874.png,0874_c5954e2f77c7__awgn_30_seed-20260813,awgn,30,20260813,28.192889840832407,27,4387,768,512,393216,0906da9945f4c267f4d3d8b38bdd75f1e4d97af371bccba27b2fe50330d7c447,opencv_444,f6673e301575d77826e2e2a0bfc4fc8a81f76c42e16d7de3c38d58c4390d5b21,073abd496b427fca6c11302768c3f76f99365467e84cfc3debe05867c976acfe,0ec6dd9876c269c0832e0a64ab20c015c6c839d266e108c88b30aa28c77391f9,True,True,88.7445138549668,64.93662474698672,0.8322351917268213,1.7491911828403703,3.38706321755141,0.6052534713066856
div2k_validation,0874.png,0874_c5954e2f77c7__awgn_30_seed-20260813,awgn,30,20260813,28.192889840832407,32,3331,768,512,393216,0906da9945f4c267f4d3d8b38bdd75f1e4d97af371bccba27b2fe50330d7c447,opencv_444,f6673e301575d77826e2e2a0bfc4fc8a81f76c42e16d7de3c38d58c4390d5b21,073abd496b427fca6c11302768c3f76f99365467e84cfc3debe05867c976acfe,0ec6dd9876c269c0832e0a64ab20c015c6c839d266e108c88b30aa28c77391f9,True,True,88.7445138549668,64.93662474698672,0.8322351917268213,1.7491911828403703,3.38706321755141,0.6052534713066856
div2k_validation,0874.png,0874_c5954e2f77c7__awgn_30_seed-20260813,awgn,30,20260813,28.192889840832407,37,3119,768,512,393216,0906da9945f4c267f4d3d8b38bdd75f1e4d97af371bccba27b2fe50330d7c447,opencv_444,f6673e301575d77826e2e2a0bfc4fc8a81f76c42e16d7de3c38d58c4390d5b21,073abd496b427fca6c11302768c3f76f99365467e84cfc3debe05867c976acfe,0ec6dd9876c269c0832e0a64ab20c015c6c839d266e108c88b30aa28c77391f9,True,True,88.7445138549668,64.93662474698672,0.8322351917268213,1.7491911828403703,3.38706321755141,0.6052534713066856
div2k_validation,0874.png,0874_c5954e2f77c7__clean_0,clean,0,,0.0,22,6720,768,512,393216,c5954e2f77c776e14876a63241433b0792067b64b9693296ebed20c831a5e59a,opencv_444,f6673e301575d77826e2e2a0bfc4fc8a81f76c42e16d7de3c38d58c4390d5b21,073abd496b427fca6c11302768c3f76f99365467e84cfc3debe05867c976acfe,0ec6dd9876c269c0832e0a64ab20c015c6c839d266e108c88b30aa28c77391f9,True,True,76.98820664880546,62.07139455573203,0.2630369118926944,0.28971072404692905,2.316154020832555,0.8958450388498759
div2k_validation,0874.png,0874_c5954e2f77c7__clean_0,clean,0,,0.0,27,5507,768,512,393216,c5954e2f77c776e14876a63241433b0792067b64b9693296ebed20c831a5e59a,opencv_444,f6673e301575d77826e2e2a0bfc4fc8a81f76c42e16d7de3c38d58c4390d5b21,073abd496b427fca6c11302768c3f76f99365467e84cfc3debe05867c976acfe,0ec6dd9876c269c0832e0a64ab20c015c6c839d266e108c88b30aa28c77391f9,True,True,76.98820664880546,62.07139455573203,0.2630369118926944,0.28971072404692905,2.316154020832555,0.8958450388498759
div2k_validation,0874.png,0874_c5954e2f77c7__clean_0,clean,0,,0.0,32,4032,768,512,393216,c5954e2f77c776e14876a63241433b0792067b64b9693296ebed20c831a5e59a,opencv_444,f6673e301575d77826e2e2a0bfc4fc8a81f76c42e16d7de3c38d58c4390d5b21,073abd496b427fca6c11302768c3f76f99365467e84cfc3debe05867c976acfe,0ec6dd9876c269c0832e0a64ab20c015c6c839d266e108c88b30aa28c77391f9,True,True,76.98820664880546,62.07139455573203,0.2630369118926944,0.28971072404692905,2.316154020832555,0.8958450388498759
div2k_validation,0874.png,0874_c5954e2f77c7__clean_0,clean,0,,0.0,37,2581,768,512,393216,c5954e2f77c776e14876a63241433b0792067b64b9693296ebed20c831a5e59a,opencv_444,f6673e301575d77826e2e2a0bfc4fc8a81f76c42e16d7de3c38d58c4390d5b21,073abd496b427fca6c11302768c3f76f99365467e84cfc3debe05867c976acfe,0ec6dd9876c269c0832e0a64ab20c015c6c839d266e108c88b30aa28c77391f9,True,True,76.98820664880546,62.07139455573203,0.2630369118926944,0.28971072404692905,2.316154020832555,0.8958450388498759
div2k_validation,0875.png,0875_af27131b48ad__awgn_30_seed-20260811,awgn,30,20260811,27.944670733358684,22,6101,768,512,393216,3aedde15e465a9c3d0c6613c93d3953cd9e1c931da97b2cb204a69ef4e126046,opencv_444,f6673e301575d77826e2e2a0bfc4fc8a81f76c42e16d7de3c38d58c4390d5b21,073abd496b427fca6c11302768c3f76f99365467e84cfc3debe05867c976acfe,0ec6dd9876c269c0832e0a64ab20c015c6c839d266e108c88b30aa28c77391f9,True,True,113.03263986297833,58.89432090969076,0.8785363231454462,2.067968292287329,3.4329202564138117,0.5739195474069549
div2k_validation,0875.png,0875_af27131b48ad__awgn_30_seed-20260811,awgn,30,20260811,27.944670733358684,27,5704,768,512,393216,3aedde15e465a9c3d0c6613c93d3953cd9e1c931da97b2cb204a69ef4e126046,opencv_444,f6673e301575d77826e2e2a0bfc4fc8a81f76c42e16d7de3c38d58c4390d5b21,073abd496b427fca6c11302768c3f76f99365467e84cfc3debe05867c976acfe,0ec6dd9876c269c0832e0a64ab20c015c6c839d266e108c88b30aa28c77391f9,True,True,113.03263986297833,58.89432090969076,0.8785363231454462,2.067968292287329,3.4329202564138117,0.5739195474069549
div2k_validation,0875.png,0875_af27131b48ad__awgn_30_seed-20260811,awgn,30,20260811,27.944670733358684,32,4741,768,512,393216,3aedde15e465a9c3d0c6613c93d3953cd9e1c931da97b2cb204a69ef4e126046,opencv_444,f6673e301575d77826e2e2a0bfc4fc8a81f76c42e16d7de3c38d58c4390d5b21,073abd496b427fca6c11302768c3f76f99365467e84cfc3debe05867c976acfe,0ec6dd9876c269c0832e0a64ab20c015c6c839d266e108c88b30aa28c77391f9,True,True,113.03263986297833,58.89432090969076,0.8785363231454462,2.067968292287329,3.4329202564138117,0.5739195474069549
div2k_validation,0875.png,0875_af27131b48ad__awgn_30_seed-20260811,awgn,30,20260811,27.944670733358684,37,4405,768,512,393216,3aedde15e465a9c3d0c6613c93d3953cd9e1c931da97b2cb204a69ef4e126046,opencv_444,f6673e301575d77826e2e2a0bfc4fc8a81f76c42e16d7de3c38d58c4390d5b21,073abd496b427fca6c11302768c3f76f99365467e84cfc3debe05867c976acfe,0ec6dd9876c269c0832e0a64ab20c015c6c839d266e108c88b30aa28c77391f9,True,True,113.03263986297833,58.89432090969076,0.8785363231454462,2.067968292287329,3.4329202564138117,0.5739195474069549
div2k_validation,0875.png,0875_af27131b48ad__awgn_30_seed-20260812,awgn,30,20260812,27.91555604765683,22,5919,768,512,393216,366dc77f5c012a06d60c2a902858e7754750282bc7a0fbe6e0b3e354d80227a0,opencv_444,f6673e301575d77826e2e2a0bfc4fc8a81f76c42e16d7de3c38d58c4390d5b21,073abd496b427fca6c11302768c3f76f99365467e84cfc3debe05867c976acfe,0ec6dd9876c269c0832e0a64ab20c015c6c839d266e108c88b30aa28c77391f9,True,True,112.99798972344873,58.88817474250975,0.8785286438335125,2.067638953029016,3.4333103840137857,0.5734209773598561
div2k_validation,0875.png,0875_af27131b48ad__awgn_30_seed-20260812,awgn,30,20260812,27.91555604765683,27,5745,768,512,393216,366dc77f5c012a06d60c2a902858e7754750282bc7a0fbe6e0b3e354d80227a0,opencv_444,f6673e301575d77826e2e2a0bfc4fc8a81f76c42e16d7de3c38d58c4390d5b21,073abd496b427fca6c11302768c3f76f99365467e84cfc3debe05867c976acfe,0ec6dd9876c269c0832e0a64ab20c015c6c839d266e108c88b30aa28c77391f9,True,True,112.99798972344873,58.88817474250975,0.8785286438335125,2.067638953029016,3.4333103840137857,0.5734209773598561
div2k_validation,0875.png,0875_af27131b48ad__awgn_30_seed-20260812,awgn,30,20260812,27.91555604765683,32,4609,768,512,393216,366dc77f5c012a06d60c2a902858e7754750282bc7a0fbe6e0b3e354d80227a0,opencv_444,f6673e301575d77826e2e2a0bfc4fc8a81f76c42e16d7de3c38d58c4390d5b21,073abd496b427fca6c11302768c3f76f99365467e84cfc3debe05867c976acfe,0ec6dd9876c269c0832e0a64ab20c015c6c839d266e108c88b30aa28c77391f9,True,True,112.99798972344873,58.88817474250975,0.8785286438335125,2.067638953029016,3.4333103840137857,0.5734209773598561
div2k_validation,0875.png,0875_af27131b48ad__awgn_30_seed-20260812,awgn,30,20260812,27.91555604765683,37,4155,768,512,393216,366dc77f5c012a06d60c2a902858e7754750282bc7a0fbe6e0b3e354d80227a0,opencv_444,f6673e301575d77826e2e2a0bfc4fc8a81f76c42e16d7de3c38d58c4390d5b21,073abd496b427fca6c11302768c3f76f99365467e84cfc3debe05867c976acfe,0ec6dd9876c269c0832e0a64ab20c015c6c839d266e108c88b30aa28c77391f9,True,True,112.99798972344873,58.88817474250975,0.8785286438335125,2.067638953029016,3.4333103840137857,0.5734209773598561
div2k_validation,0875.png,0875_af27131b48ad__awgn_30_seed-20260813,awgn,30,20260813,27.944884687545148,22,6229,768,512,393216,e4a0a111ba5c9154080033345623b5cf1552ee45b61eab8e48f826fb75472f0a,opencv_444,f6673e301575d77826e2e2a0bfc4fc8a81f76c42e16d7de3c38d58c4390d5b21,073abd496b427fca6c11302768c3f76f99365467e84cfc3debe05867c976acfe,0ec6dd9876c269c0832e0a64ab20c015c6c839d266e108c88b30aa28c77391f9,True,True,113.16047516915451,58.86524943458597,0.8793477704397686,2.0652468486877087,3.4318064951553584,0.573520487661267
div2k_validation,0875.png,0875_af27131b48ad__awgn_30_seed-20260813,awgn,30,20260813,27.944884687545148,27,5720,768,512,393216,e4a0a111ba5c9154080033345623b5cf1552ee45b61eab8e48f826fb75472f0a,opencv_444,f6673e301575d77826e2e2a0bfc4fc8a81f76c42e16d7de3c38d58c4390d5b21,073abd496b427fca6c11302768c3f76f99365467e84cfc3debe05867c976acfe,0ec6dd9876c269c0832e0a64ab20c015c6c839d266e108c88b30aa28c77391f9,True,True,113.16047516915451,58.86524943458597,0.8793477704397686,2.0652468486877087,3.4318064951553584,0.573520487661267
div2k_validation,0875.png,0875_af27131b48ad__awgn_30_seed-20260813,awgn,30,20260813,27.944884687545148,32,4665,768,512,393216,e4a0a111ba5c9154080033345623b5cf1552ee45b61eab8e48f826fb75472f0a,opencv_444,f6673e301575d77826e2e2a0bfc4fc8a81f76c42e16d7de3c38d58c4390d5b21,073abd496b427fca6c11302768c3f76f99365467e84cfc3debe05867c976acfe,0ec6dd9876c269c0832e0a64ab20c015c6c839d266e108c88b30aa28c77391f9,True,True,113.16047516915451,58.86524943458597,0.8793477704397686,2.0652468486877087,3.4318064951553584,0.573520487661267
div2k_validation,0875.png,0875_af27131b48ad__awgn_30_seed-20260813,awgn,30,20260813,27.944884687545148,37,4520,768,512,393216,e4a0a111ba5c9154080033345623b5cf1552ee45b61eab8e48f826fb75472f0a,opencv_444,f6673e301575d77826e2e2a0bfc4fc8a81f76c42e16d7de3c38d58c4390d5b21,073abd496b427fca6c11302768c3f76f99365467e84cfc3debe05867c976acfe,0ec6dd9876c269c0832e0a64ab20c015c6c839d266e108c88b30aa28c77391f9,True,True,113.16047516915451,58.86524943458597,0.8793477704397686,2.0652468486877087,3.4318064951553584,0.573520487661267
div2k_validation,0875.png,0875_af27131b48ad__clean_0,clean,0,,0.0,22,8819,768,512,393216,af27131b48ad3ec0b94b76eab33d20a10d08c2c5226978df22fac0bb0bbf847f,opencv_444,f6673e301575d77826e2e2a0bfc4fc8a81f76c42e16d7de3c38d58c4390d5b21,073abd496b427fca6c11302768c3f76f99365467e84cfc3debe05867c976acfe,0ec6dd9876c269c0832e0a64ab20c015c6c839d266e108c88b30aa28c77391f9,True,True,113.77173520137632,54.05241137050261,0.561076127578969,0.7250146521209616,2.850701434024381,0.791441164521097
div2k_validation,0875.png,0875_af27131b48ad__clean_0,clean,0,,0.0,27,8053,768,512,393216,af27131b48ad3ec0b94b76eab33d20a10d08c2c5226978df22fac0bb0bbf847f,opencv_444,f6673e301575d77826e2e2a0bfc4fc8a81f76c42e16d7de3c38d58c4390d5b21,073abd496b427fca6c11302768c3f76f99365467e84cfc3debe05867c976acfe,0ec6dd9876c269c0832e0a64ab20c015c6c839d266e108c88b30aa28c77391f9,True,True,113.77173520137632,54.05241137050261,0.561076127578969,0.7250146521209616,2.850701434024381,0.791441164521097
div2k_validation,0875.png,0875_af27131b48ad__clean_0,clean,0,,0.0,32,6719,768,512,393216,af27131b48ad3ec0b94b76eab33d20a10d08c2c5226978df22fac0bb0bbf847f,opencv_444,f6673e301575d77826e2e2a0bfc4fc8a81f76c42e16d7de3c38d58c4390d5b21,073abd496b427fca6c11302768c3f76f99365467e84cfc3debe05867c976acfe,0ec6dd9876c269c0832e0a64ab20c015c6c839d266e108c88b30aa28c77391f9,True,True,113.77173520137632,54.05241137050261,0.561076127578969,0.7250146521209616,2.850701434024381,0.791441164521097
div2k_validation,0875.png,0875_af27131b48ad__clean_0,clean,0,,0.0,37,4876,768,512,393216,af27131b48ad3ec0b94b76eab33d20a10d08c2c5226978df22fac0bb0bbf847f,opencv_444,f6673e301575d77826e2e2a0bfc4fc8a81f76c42e16d7de3c38d58c4390d5b21,073abd496b427fca6c11302768c3f76f99365467e84cfc3debe05867c976acfe,0ec6dd9876c269c0832e0a64ab20c015c6c839d266e108c88b30aa28c77391f9,True,True,113.77173520137632,54.05241137050261,0.561076127578969,0.7250146521209616,2.850701434024381,0.791441164521097
div2k_validation,0876.png,0876_4cd95e04fc6f__awgn_30_seed-20260811,awgn,30,20260811,26.2957769003343,22,7511,768,512,393216,b64ac9b92a660b13cef11c211fb4e47b1286d71a31d3a76212510827eeeb3c97,opencv_444,f6673e301575d77826e2e2a0bfc4fc8a81f76c42e16d7de3c38d58c4390d5b21,073abd496b427fca6c11302768c3f76f99365467e84cfc3debe05867c976acfe,0ec6dd9876c269c0832e0a64ab20c015c6c839d266e108c88b30aa28c77391f9,True,True,113.42410097732156,50.095509229490574,0.8504018839911944,1.803253349410269,2.8610953960272565,0.6261022890531771
div2k_validation,0876.png,0876_4cd95e04fc6f__awgn_30_seed-20260811,awgn,30,20260811,26.2957769003343,27,6651,768,512,393216,b64ac9b92a660b13cef11c211fb4e47b1286d71a31d3a76212510827eeeb3c97,opencv_444,f6673e301575d77826e2e2a0bfc4fc8a81f76c42e16d7de3c38d58c4390d5b21,073abd496b427fca6c11302768c3f76f99365467e84cfc3debe05867c976acfe,0ec6dd9876c269c0832e0a64ab20c015c6c839d266e108c88b30aa28c77391f9,True,True,113.42410097732156,50.095509229490574,0.8504018839911944,1.803253349410269,2.8610953960272565,0.6261022890531771
div2k_validation,0876.png,0876_4cd95e04fc6f__awgn_30_seed-20260811,awgn,30,20260811,26.2957769003343,32,5478,768,512,393216,b64ac9b92a660b13cef11c211fb4e47b1286d71a31d3a76212510827eeeb3c97,opencv_444,f6673e301575d77826e2e2a0bfc4fc8a81f76c42e16d7de3c38d58c4390d5b21,073abd496b427fca6c11302768c3f76f99365467e84cfc3debe05867c976acfe,0ec6dd9876c269c0832e0a64ab20c015c6c839d266e108c88b30aa28c77391f9,True,True,113.42410097732156,50.095509229490574,0.8504018839911944,1.803253349410269,2.8610953960272565,0.6261022890531771
div2k_validation,0876.png,0876_4cd95e04fc6f__awgn_30_seed-20260811,awgn,30,20260811,26.2957769003343,37,4927,768,512,393216,b64ac9b92a660b13cef11c211fb4e47b1286d71a31d3a76212510827eeeb3c97,opencv_444,f6673e301575d77826e2e2a0bfc4fc8a81f76c42e16d7de3c38d58c4390d5b21,073abd496b427fca6c11302768c3f76f99365467e84cfc3debe05867c976acfe,0ec6dd9876c269c0832e0a64ab20c015c6c839d266e108c88b30aa28c77391f9,True,True,113.42410097732156,50.095509229490574,0.8504018839911944,1.803253349410269,2.8610953960272565,0.6261022890531771
div2k_validation,0876.png,0876_4cd95e04fc6f__awgn_30_seed-20260812,awgn,30,20260812,26.25144828555236,22,7257,768,512,393216,88f950733513c9058f4bc7c6de2214842ca8a7928cca5bffe6670ad658729a6d,opencv_444,f6673e301575d77826e2e2a0bfc4fc8a81f76c42e16d7de3c38d58c4390d5b21,073abd496b427fca6c11302768c3f76f99365467e84cfc3debe05867c976acfe,0ec6dd9876c269c0832e0a64ab20c015c6c839d266e108c88b30aa28c77391f9,True,True,113.56913540719957,50.09040433768196,0.8495955562381611,1.8014246078909844,2.8594547901222143,0.6264025198052756
div2k_validation,0876.png,0876_4cd95e04fc6f__awgn_30_seed-20260812,awgn,30,20260812,26.25144828555236,27,6440,768,512,393216,88f950733513c9058f4bc7c6de2214842ca8a7928cca5bffe6670ad658729a6d,opencv_444,f6673e301575d77826e2e2a0bfc4fc8a81f76c42e16d7de3c38d58c4390d5b21,073abd496b427fca6c11302768c3f76f99365467e84cfc3debe05867c976acfe,0ec6dd9876c269c0832e0a64ab20c015c6c839d266e108c88b30aa28c77391f9,True,True,113.56913540719957,50.09040433768196,0.8495955562381611,1.8014246078909844,2.8594547901222143,0.6264025198052756
div2k_validation,0876.png,0876_4cd95e04fc6f__awgn_30_seed-20260812,awgn,30,20260812,26.25144828555236,32,5416,768,512,393216,88f950733513c9058f4bc7c6de2214842ca8a7928cca5bffe6670ad658729a6d,opencv_444,f6673e301575d77826e2e2a0bfc4fc8a81f76c42e16d7de3c38d58c4390d5b21,073abd496b427fca6c11302768c3f76f99365467e84cfc3debe05867c976acfe,0ec6dd9876c269c0832e0a64ab20c015c6c839d266e108c88b30aa28c77391f9,True,True,113.56913540719957,50.09040433768196,0.8495955562381611,1.8014246078909844,2.8594547901222143,0.6264025198052756
div2k_validation,0876.png,0876_4cd95e04fc6f__awgn_30_seed-20260812,awgn,30,20260812,26.25144828555236,37,4743,768,512,393216,88f950733513c9058f4bc7c6de2214842ca8a7928cca5bffe6670ad658729a6d,opencv_444,f6673e301575d77826e2e2a0bfc4fc8a81f76c42e16d7de3c38d58c4390d5b21,073abd496b427fca6c11302768c3f76f99365467e84cfc3debe05867c976acfe,0ec6dd9876c269c0832e0a64ab20c015c6c839d266e108c88b30aa28c77391f9,True,True,113.56913540719957,50.09040433768196,0.8495955562381611,1.8014246078909844,2.8594547901222143,0.6264025198052756
div2k_validation,0876.png,0876_4cd95e04fc6f__awgn_30_seed-20260813,awgn,30,20260813,26.282342271941424,22,7311,768,512,393216,fc47ceb094e0251510c5dbf29227817f03cbcdad114333ed4aaba0eee9d4402d,opencv_444,f6673e301575d77826e2e2a0bfc4fc8a81f76c42e16d7de3c38d58c4390d5b21,073abd496b427fca6c11302768c3f76f99365467e84cfc3debe05867c976acfe,0ec6dd9876c269c0832e0a64ab20c015c6c839d266e108c88b30aa28c77391f9,True,True,113.7391719676003,50.09633521957546,0.8495008447243128,1.8108955758946643,2.8630143456660635,0.6256860661445178
div2k_validation,0876.png,0876_4cd95e04fc6f__awgn_30_seed-20260813,awgn,30,20260813,26.282342271941424,27,6427,768,512,393216,fc47ceb094e0251510c5dbf29227817f03cbcdad114333ed4aaba0eee9d4402d,opencv_444,f6673e301575d77826e2e2a0bfc4fc8a81f76c42e16d7de3c38d58c4390d5b21,073abd496b427fca6c11302768c3f76f99365467e84cfc3debe05867c976acfe,0ec6dd9876c269c0832e0a64ab20c015c6c839d266e108c88b30aa28c77391f9,True,True,113.7391719676003,50.09633521957546,0.8495008447243128,1.8108955758946643,2.8630143456660635,0.6256860661445178
div2k_validation,0876.png,0876_4cd95e04fc6f__awgn_30_seed-20260813,awgn,30,20260813,26.282342271941424,32,5361,768,512,393216,fc47ceb094e0251510c5dbf29227817f03cbcdad114333ed4aaba0eee9d4402d,opencv_444,f6673e301575d77826e2e2a0bfc4fc8a81f76c42e16d7de3c38d58c4390d5b21,073abd496b427fca6c11302768c3f76f99365467e84cfc3debe05867c976acfe,0ec6dd9876c269c0832e0a64ab20c015c6c839d266e108c88b30aa28c77391f9,True,True,113.7391719676003,50.09633521957546,0.8495008447243128,1.8108955758946643,2.8630143456660635,0.6256860661445178
div2k_validation,0876.png,0876_4cd95e04fc6f__awgn_30_seed-20260813,awgn,30,20260813,26.282342271941424,37,4656,768,512,393216,fc47ceb094e0251510c5dbf29227817f03cbcdad114333ed4aaba0eee9d4402d,opencv_444,f6673e301575d77826e2e2a0bfc4fc8a81f76c42e16d7de3c38d58c4390d5b21,073abd496b427fca6c11302768c3f76f99365467e84cfc3debe05867c976acfe,0ec6dd9876c269c0832e0a64ab20c015c6c839d266e108c88b30aa28c77391f9,True,True,113.7391719676003,50.09633521957546,0.8495008447243128,1.8108955758946643,2.8630143456660635,0.6256860661445178
div2k_validation,0876.png,0876_4cd95e04fc6f__clean_0,clean,0,,0.0,22,9711,768,512,393216,4cd95e04fc6fb7cf87de2805c11f13fcfc6957d0ad648557c988c7e5c0afbc4d,opencv_444,f6673e301575d77826e2e2a0bfc4fc8a81f76c42e16d7de3c38d58c4390d5b21,073abd496b427fca6c11302768c3f76f99365467e84cfc3debe05867c976acfe,0ec6dd9876c269c0832e0a64ab20c015c6c839d266e108c88b30aa28c77391f9,True,True,113.273288343054,46.087693974720494,0.5950161265550606,0.822885259654028,2.423921723556511,0.7867745918347455
div2k_validation,0876.png,0876_4cd95e04fc6f__clean_0,clean,0,,0.0,27,8522,768,512,393216,4cd95e04fc6fb7cf87de2805c11f13fcfc6957d0ad648557c988c7e5c0afbc4d,opencv_444,f6673e301575d77826e2e2a0bfc4fc8a81f76c42e16d7de3c38d58c4390d5b21,073abd496b427fca6c11302768c3f76f99365467e84cfc3debe05867c976acfe,0ec6dd9876c269c0832e0a64ab20c015c6c839d266e108c88b30aa28c77391f9,True,True,113.273288343054,46.087693974720494,0.5950161265550606,0.822885259654028,2.423921723556511,0.7867745918347455
div2k_validation,0876.png,0876_4cd95e04fc6f__clean_0,clean,0,,0.0,32,6960,768,512,393216,4cd95e04fc6fb7cf87de2805c11f13fcfc6957d0ad648557c988c7e5c0afbc4d,opencv_444,f6673e301575d77826e2e2a0bfc4fc8a81f76c42e16d7de3c38d58c4390d5b21,073abd496b427fca6c11302768c3f76f99365467e84cfc3debe05867c976acfe,0ec6dd9876c269c0832e0a64ab20c015c6c839d266e108c88b30aa28c77391f9,True,True,113.273288343054,46.087693974720494,0.5950161265550606,0.822885259654028,2.423921723556511,0.7867745918347455
div2k_validation,0876.png,0876_4cd95e04fc6f__clean_0,clean,0,,0.0,37,5368,768,512,393216,4cd95e04fc6fb7cf87de2805c11f13fcfc6957d0ad648557c988c7e5c0afbc4d,opencv_444,f6673e301575d77826e2e2a0bfc4fc8a81f76c42e16d7de3c38d58c4390d5b21,073abd496b427fca6c11302768c3f76f99365467e84cfc3debe05867c976acfe,0ec6dd9876c269c0832e0a64ab20c015c6c839d266e108c88b30aa28c77391f9,True,True,113.273288343054,46.087693974720494,0.5950161265550606,0.822885259654028,2.423921723556511,0.7867745918347455
div2k_validation,0877.png,0877_5efe0a647a0b__awgn_30_seed-20260811,awgn,30,20260811,27.687623861134846,22,3642,768,512,393216,86866300a32245d684f462a51724e6051e42472ad6057228d183864c2153ba00,opencv_444,f6673e301575d77826e2e2a0bfc4fc8a81f76c42e16d7de3c38d58c4390d5b21,073abd496b427fca6c11302768c3f76f99365467e84cfc3debe05867c976acfe,0ec6dd9876c269c0832e0a64ab20c015c6c839d266e108c88b30aa28c77391f9,True,True,69.65280331806906,45.72740050079421,0.8411073567808325,1.4521747458044383,2.8144303146131864,0.6091900199662361
div2k_validation,0877.png,0877_5efe0a647a0b__awgn_30_seed-20260811,awgn,30,20260811,27.687623861134846,27,3651,768,512,393216,86866300a32245d684f462a51724e6051e42472ad6057228d183864c2153ba00,opencv_444,f6673e301575d77826e2e2a0bfc4fc8a81f76c42e16d7de3c38d58c4390d5b21,073abd496b427fca6c11302768c3f76f99365467e84cfc3debe05867c976acfe,0ec6dd9876c269c0832e0a64ab20c015c6c839d266e108c88b30aa28c77391f9,True,True,69.65280331806906,45.72740050079421,0.8411073567808325,1.4521747458044383,2.8144303146131864,0.6091900199662361
div2k_validation,0877.png,0877_5efe0a647a0b__awgn_30_seed-20260811,awgn,30,20260811,27.687623861134846,32,3011,768,512,393216,86866300a32245d684f462a51724e6051e42472ad6057228d183864c2153ba00,opencv_444,f6673e301575d77826e2e2a0bfc4fc8a81f76c42e16d7de3c38d58c4390d5b21,073abd496b427fca6c11302768c3f76f99365467e84cfc3debe05867c976acfe,0ec6dd9876c269c0832e0a64ab20c015c6c839d266e108c88b30aa28c77391f9,True,True,69.65280331806906,45.72740050079421,0.8411073567808325,1.4521747458044383,2.8144303146131864,0.6091900199662361
div2k_validation,0877.png,0877_5efe0a647a0b__awgn_30_seed-20260811,awgn,30,20260811,27.687623861134846,37,3075,768,512,393216,86866300a32245d684f462a51724e6051e42472ad6057228d183864c2153ba00,opencv_444,f6673e301575d77826e2e2a0bfc4fc8a81f76c42e16d7de3c38d58c4390d5b21,073abd496b427fca6c11302768c3f76f99365467e84cfc3debe05867c976acfe,0ec6dd9876c269c0832e0a64ab20c015c6c839d266e108c88b30aa28c77391f9,True,True,69.65280331806906,45.72740050079421,0.8411073567808325,1.4521747458044383,2.8144303146131864,0.6091900199662361
div2k_validation,0877.png,0877_5efe0a647a0b__awgn_30_seed-20260812,awgn,30,20260812,27.62977326410432,22,3672,768,512,393216,82c82c9c1934b7a156a0bae4085025c003bcecfed745a1da093f3e2367460c9f,opencv_444,f6673e301575d77826e2e2a0bfc4fc8a81f76c42e16d7de3c38d58c4390d5b21,073abd496b427fca6c11302768c3f76f99365467e84cfc3debe05867c976acfe,0ec6dd9876c269c0832e0a64ab20c015c6c839d266e108c88b30aa28c77391f9,True,True,69.58900734967557,45.6899313266785,0.8420007167357805,1.4449817803779421,2.809662831953247,0.6099158318805804
div2k_validation,0877.png,0877_5efe0a647a0b__awgn_30_seed-20260812,awgn,30,20260812,27.62977326410432,27,3783,768,512,393216,82c82c9c1934b7a156a0bae4085025c003bcecfed745a1da093f3e2367460c9f,opencv_444,f6673e301575d77826e2e2a0bfc4fc8a81f76c42e16d7de3c38d58c4390d5b21,073abd496b427fca6c11302768c3f76f99365467e84cfc3debe05867c976acfe,0ec6dd9876c269c0832e0a64ab20c015c6c839d266e108c88b30aa28c77391f9,True,True,69.58900734967557,45.6899313266785,0.8420007167357805,1.4449817803779421,2.809662831953247,0.6099158318805804
div2k_validation,0877.png,0877_5efe0a647a0b__awgn_30_seed-20260812,awgn,30,20260812,27.62977326410432,32,2926,768,512,393216,82c82c9c1934b7a156a0bae4085025c003bcecfed745a1da093f3e2367460c9f,opencv_444,f6673e301575d77826e2e2a0bfc4fc8a81f76c42e16d7de3c38d58c4390d5b21,073abd496b427fca6c11302768c3f76f99365467e84cfc3debe05867c976acfe,0ec6dd9876c269c0832e0a64ab20c015c6c839d266e108c88b30aa28c77391f9,True,True,69.58900734967557,45.6899313266785,0.8420007167357805,1.4449817803779421,2.809662831953247,0.6099158318805804
div2k_validation,0877.png,0877_5efe0a647a0b__awgn_30_seed-20260812,awgn,30,20260812,27.62977326410432,37,3216,768,512,393216,82c82c9c1934b7a156a0bae4085025c003bcecfed745a1da093f3e2367460c9f,opencv_444,f6673e301575d77826e2e2a0bfc4fc8a81f76c42e16d7de3c38d58c4390d5b21,073abd496b427fca6c11302768c3f76f99365467e84cfc3debe05867c976acfe,0ec6dd9876c269c0832e0a64ab20c015c6c839d266e108c88b30aa28c77391f9,True,True,69.58900734967557,45.6899313266785,0.8420007167357805,1.4449817803779421,2.809662831953247,0.6099158318805804
div2k_validation,0877.png,0877_5efe0a647a0b__awgn_30_seed-20260813,awgn,30,20260813,27.662388466967712,22,3699,768,512,393216,015748c6397947acde5b3ba7d924dfb216ec39317ff536f41debda9f81dfbd63,opencv_444,f6673e301575d77826e2e2a0bfc4fc8a81f76c42e16d7de3c38d58c4390d5b21,073abd496b427fca6c11302768c3f76f99365467e84cfc3debe05867c976acfe,0ec6dd9876c269c0832e0a64ab20c015c6c839d266e108c88b30aa28c77391f9,True,True,69.754117704686,45.70601340526415,0.8410689602211642,1.451075930168491,2.8144619574904004,0.6096069930231167
div2k_validation,0877.png,0877_5efe0a647a0b__awgn_30_seed-20260813,awgn,30,20260813,27.662388466967712,27,3761,768,512,393216,015748c6397947acde5b3ba7d924dfb216ec39317ff536f41debda9f81dfbd63,opencv_444,f6673e301575d77826e2e2a0bfc4fc8a81f76c42e16d7de3c38d58c4390d5b21,073abd496b427fca6c11302768c3f76f99365467e84cfc3debe05867c976acfe,0ec6dd9876c269c0832e0a64ab20c015c6c839d266e108c88b30aa28c77391f9,True,True,69.754117704686,45.70601340526415,0.8410689602211642,1.451075930168491,2.8144619574904004,0.6096069930231167
div2k_validation,0877.png,0877_5efe0a647a0b__awgn_30_seed-20260813,awgn,30,20260813,27.662388466967712,32,3009,768,512,393216,015748c6397947acde5b3ba7d924dfb216ec39317ff536f41debda9f81dfbd63,opencv_444,f6673e301575d77826e2e2a0bfc4fc8a81f76c42e16d7de3c38d58c4390d5b21,073abd496b427fca6c11302768c3f76f99365467e84cfc3debe05867c976acfe,0ec6dd9876c269c0832e0a64ab20c015c6c839d266e108c88b30aa28c77391f9,True,True,69.754117704686,45.70601340526415,0.8410689602211642,1.451075930168491,2.8144619574904004,0.6096069930231167
div2k_validation,0877.png,0877_5efe0a647a0b__awgn_30_seed-20260813,awgn,30,20260813,27.662388466967712,37,3033,768,512,393216,015748c6397947acde5b3ba7d924dfb216ec39317ff536f41debda9f81dfbd63,opencv_444,f6673e301575d77826e2e2a0bfc4fc8a81f76c42e16d7de3c38d58c4390d5b21,073abd496b427fca6c11302768c3f76f99365467e84cfc3debe05867c976acfe,0ec6dd9876c269c0832e0a64ab20c015c6c839d266e108c88b30aa28c77391f9,True,True,69.754117704686,45.70601340526415,0.8410689602211642,1.451075930168491,2.8144619574904004,0.6096069930231167
div2k_validation,0877.png,0877_5efe0a647a0b__clean_0,clean,0,,0.0,22,3907,768,512,393216,5efe0a647a0b31624fcf5c5ebddc7407d7437107ec090b3367aa021def579155,opencv_444,f6673e301575d77826e2e2a0bfc4fc8a81f76c42e16d7de3c38d58c4390d5b21,073abd496b427fca6c11302768c3f76f99365467e84cfc3debe05867c976acfe,0ec6dd9876c269c0832e0a64ab20c015c6c839d266e108c88b30aa28c77391f9,True,True,44.47885113508256,37.11480129474951,0.07910459222853632,0.0662210374936161,0.9685981463789382,0.973178857781265
div2k_validation,0877.png,0877_5efe0a647a0b__clean_0,clean,0,,0.0,27,2865,768,512,393216,5efe0a647a0b31624fcf5c5ebddc7407d7437107ec090b3367aa021def579155,opencv_444,f6673e301575d77826e2e2a0bfc4fc8a81f76c42e16d7de3c38d58c4390d5b21,073abd496b427fca6c11302768c3f76f99365467e84cfc3debe05867c976acfe,0ec6dd9876c269c0832e0a64ab20c015c6c839d266e108c88b30aa28c77391f9,True,True,44.47885113508256,37.11480129474951,0.07910459222853632,0.0662210374936161,0.9685981463789382,0.973178857781265
div2k_validation,0877.png,0877_5efe0a647a0b__clean_0,clean,0,,0.0,32,2153,768,512,393216,5efe0a647a0b31624fcf5c5ebddc7407d7437107ec090b3367aa021def579155,opencv_444,f6673e301575d77826e2e2a0bfc4fc8a81f76c42e16d7de3c38d58c4390d5b21,073abd496b427fca6c11302768c3f76f99365467e84cfc3debe05867c976acfe,0ec6dd9876c269c0832e0a64ab20c015c6c839d266e108c88b30aa28c77391f9,True,True,44.47885113508256,37.11480129474951,0.07910459222853632,0.0662210374936161,0.9685981463789382,0.973178857781265
div2k_validation,0877.png,0877_5efe0a647a0b__clean_0,clean,0,,0.0,37,1395,768,512,393216,5efe0a647a0b31624fcf5c5ebddc7407d7437107ec090b3367aa021def579155,opencv_444,f6673e301575d77826e2e2a0bfc4fc8a81f76c42e16d7de3c38d58c4390d5b21,073abd496b427fca6c11302768c3f76f99365467e84cfc3debe05867c976acfe,0ec6dd9876c269c0832e0a64ab20c015c6c839d266e108c88b30aa28c77391f9,True,True,44.47885113508256,37.11480129474951,0.07910459222853632,0.0662210374936161,0.9685981463789382,0.973178857781265
div2k_validation,0879.png,0879_81863504b48d__awgn_30_seed-20260811,awgn,30,20260811,28.72393001625323,22,5159,768,512,393216,bcdeab0cab57fd7d3d35101af3c79ba23acfd573c1d6a34ee6e67cf7052447a2,opencv_444,f6673e301575d77826e2e2a0bfc4fc8a81f76c42e16d7de3c38d58c4390d5b21,073abd496b427fca6c11302768c3f76f99365467e84cfc3debe05867c976acfe,0ec6dd9876c269c0832e0a64ab20c015c6c839d266e108c88b30aa28c77391f9,True,True,123.21629750742191,70.43777597643394,0.888742128705268,2.2048044998635516,3.6547836802892277,0.5507656786430732
div2k_validation,0879.png,0879_81863504b48d__awgn_30_seed-20260811,awgn,30,20260811,28.72393001625323,27,4934,768,512,393216,bcdeab0cab57fd7d3d35101af3c79ba23acfd573c1d6a34ee6e67cf7052447a2,opencv_444,f6673e301575d77826e2e2a0bfc4fc8a81f76c42e16d7de3c38d58c4390d5b21,073abd496b427fca6c11302768c3f76f99365467e84cfc3debe05867c976acfe,0ec6dd9876c269c0832e0a64ab20c015c6c839d266e108c88b30aa28c77391f9,True,True,123.21629750742191,70.43777597643394,0.888742128705268,2.2048044998635516,3.6547836802892277,0.5507656786430732
div2k_validation,0879.png,0879_81863504b48d__awgn_30_seed-20260811,awgn,30,20260811,28.72393001625323,32,4165,768,512,393216,bcdeab0cab57fd7d3d35101af3c79ba23acfd573c1d6a34ee6e67cf7052447a2,opencv_444,f6673e301575d77826e2e2a0bfc4fc8a81f76c42e16d7de3c38d58c4390d5b21,073abd496b427fca6c11302768c3f76f99365467e84cfc3debe05867c976acfe,0ec6dd9876c269c0832e0a64ab20c015c6c839d266e108c88b30aa28c77391f9,True,True,123.21629750742191,70.43777597643394,0.888742128705268,2.2048044998635516,3.6547836802892277,0.5507656786430732
div2k_validation,0879.png,0879_81863504b48d__awgn_30_seed-20260811,awgn,30,20260811,28.72393001625323,37,4192,768,512,393216,bcdeab0cab57fd7d3d35101af3c79ba23acfd573c1d6a34ee6e67cf7052447a2,opencv_444,f6673e301575d77826e2e2a0bfc4fc8a81f76c42e16d7de3c38d58c4390d5b21,073abd496b427fca6c11302768c3f76f99365467e84cfc3debe05867c976acfe,0ec6dd9876c269c0832e0a64ab20c015c6c839d266e108c88b30aa28c77391f9,True,True,123.21629750742191,70.43777597643394,0.888742128705268,2.2048044998635516,3.6547836802892277,0.5507656786430732
div2k_validation,0879.png,0879_81863504b48d__awgn_30_seed-20260812,awgn,30,20260812,28.70038390218522,22,5279,768,512,393216,18d2f1045970aab937ebbe2447034483fafa12df15a927d7c6e30a030dfad95a,opencv_444,f6673e301575d77826e2e2a0bfc4fc8a81f76c42e16d7de3c38d58c4390d5b21,073abd496b427fca6c11302768c3f76f99365467e84cfc3debe05867c976acfe,0ec6dd9876c269c0832e0a64ab20c015c6c839d266e108c88b30aa28c77391f9,True,True,123.07733147269728,70.35626724230866,0.8887600470997798,2.203684400712971,3.6560241490686343,0.5507225914882201
div2k_validation,0879.png,0879_81863504b48d__awgn_30_seed-20260812,awgn,30,20260812,28.70038390218522,27,4994,768,512,393216,18d2f1045970aab937ebbe2447034483fafa12df15a927d7c6e30a030dfad95a,opencv_444,f6673e301575d77826e2e2a0bfc4fc8a81f76c42e16d7de3c38d58c4390d5b21,073abd496b427fca6c11302768c3f76f99365467e84cfc3debe05867c976acfe,0ec6dd9876c269c0832e0a64ab20c015c6c839d266e108c88b30aa28c77391f9,True,True,123.07733147269728,70.35626724230866,0.8887600470997798,2.203684400712971,3.6560241490686343,0.5507225914882201
div2k_validation,0879.png,0879_81863504b48d__awgn_30_seed-20260812,awgn,30,20260812,28.70038390218522,32,4269,768,512,393216,18d2f1045970aab937ebbe2447034483fafa12df15a927d7c6e30a030dfad95a,opencv_444,f6673e301575d77826e2e2a0bfc4fc8a81f76c42e16d7de3c38d58c4390d5b21,073abd496b427fca6c11302768c3f76f99365467e84cfc3debe05867c976acfe,0ec6dd9876c269c0832e0a64ab20c015c6c839d266e108c88b30aa28c77391f9,True,True,123.07733147269728,70.35626724230866,0.8887600470997798,2.203684400712971,3.6560241490686343,0.5507225914882201
div2k_validation,0879.png,0879_81863504b48d__awgn_30_seed-20260812,awgn,30,20260812,28.70038390218522,37,4642,768,512,393216,18d2f1045970aab937ebbe2447034483fafa12df15a927d7c6e30a030dfad95a,opencv_444,f6673e301575d77826e2e2a0bfc4fc8a81f76c42e16d7de3c38d58c4390d5b21,073abd496b427fca6c11302768c3f76f99365467e84cfc3debe05867c976acfe,0ec6dd9876c269c0832e0a64ab20c015c6c839d266e108c88b30aa28c77391f9,True,True,123.07733147269728,70.35626724230866,0.8887600470997798,2.203684400712971,3.6560241490686343,0.5507225914882201
div2k_validation,0879.png,0879_81863504b48d__awgn_30_seed-20260813,awgn,30,20260813,28.715672839726107,22,5235,768,512,393216,34a9e8eb408a4f47d4f3cd2727a964b63ffde41924f4f3a56a9fbb06b2c39a4d,opencv_444,f6673e301575d77826e2e2a0bfc4fc8a81f76c42e16d7de3c38d58c4390d5b21,073abd496b427fca6c11302768c3f76f99365467e84cfc3debe05867c976acfe,0ec6dd9876c269c0832e0a64ab20c015c6c839d266e108c88b30aa28c77391f9,True,True,122.52832802183849,70.40547467181668,0.8900143347156095,2.2007872817410705,3.655549718753335,0.5506159738709911
div2k_validation,0879.png,0879_81863504b48d__awgn_30_seed-20260813,awgn,30,20260813,28.715672839726107,27,4931,768,512,393216,34a9e8eb408a4f47d4f3cd2727a964b63ffde41924f4f3a56a9fbb06b2c39a4d,opencv_444,f6673e301575d77826e2e2a0bfc4fc8a81f76c42e16d7de3c38d58c4390d5b21,073abd496b427fca6c11302768c3f76f99365467e84cfc3debe05867c976acfe,0ec6dd9876c269c0832e0a64ab20c015c6c839d266e108c88b30aa28c77391f9,True,True,122.52832802183849,70.40547467181668,0.8900143347156095,2.2007872817410705,3.655549718753335,0.5506159738709911
div2k_validation,0879.png,0879_81863504b48d__awgn_30_seed-20260813,awgn,30,20260813,28.715672839726107,32,4370,768,512,393216,34a9e8eb408a4f47d4f3cd2727a964b63ffde41924f4f3a56a9fbb06b2c39a4d,opencv_444,f6673e301575d77826e2e2a0bfc4fc8a81f76c42e16d7de3c38d58c4390d5b21,073abd496b427fca6c11302768c3f76f99365467e84cfc3debe05867c976acfe,0ec6dd9876c269c0832e0a64ab20c015c6c839d266e108c88b30aa28c77391f9,True,True,122.52832802183849,70.40547467181668,0.8900143347156095,2.2007872817410705,3.655549718753335,0.5506159738709911
div2k_validation,0879.png,0879_81863504b48d__awgn_30_seed-20260813,awgn,30,20260813,28.715672839726107,37,4389,768,512,393216,34a9e8eb408a4f47d4f3cd2727a964b63ffde41924f4f3a56a9fbb06b2c39a4d,opencv_444,f6673e301575d77826e2e2a0bfc4fc8a81f76c42e16d7de3c38d58c4390d5b21,073abd496b427fca6c11302768c3f76f99365467e84cfc3debe05867c976acfe,0ec6dd9876c269c0832e0a64ab20c015c6c839d266e108c88b30aa28c77391f9,True,True,122.52832802183849,70.40547467181668,0.8900143347156095,2.2007872817410705,3.655549718753335,0.5506159738709911
div2k_validation,0879.png,0879_81863504b48d__clean_0,clean,0,,0.0,22,8290,768,512,393216,81863504b48d8b9920fc4e53b8bf4cdcb6d44f625411d423c7d09e6137b4d086,opencv_444,f6673e301575d77826e2e2a0bfc4fc8a81f76c42e16d7de3c38d58c4390d5b21,073abd496b427fca6c11302768c3f76f99365467e84cfc3debe05867c976acfe,0ec6dd9876c269c0832e0a64ab20c015c6c839d266e108c88b30aa28c77391f9,True,True,131.2394749463279,65.33637409871238,0.4040341985358112,0.7046849526392049,2.6952276776612303,0.8322468073899114
div2k_validation,0879.png,0879_81863504b48d__clean_0,clean,0,,0.0,27,7169,768,512,393216,81863504b48d8b9920fc4e53b8bf4cdcb6d44f625411d423c7d09e6137b4d086,opencv_444,f6673e301575d77826e2e2a0bfc4fc8a81f76c42e16d7de3c38d58c4390d5b21,073abd496b427fca6c11302768c3f76f99365467e84cfc3debe05867c976acfe,0ec6dd9876c269c0832e0a64ab20c015c6c839d266e108c88b30aa28c77391f9,True,True,131.2394749463279,65.33637409871238,0.4040341985358112,0.7046849526392049,2.6952276776612303,0.8322468073899114
div2k_validation,0879.png,0879_81863504b48d__clean_0,clean,0,,0.0,32,5948,768,512,393216,81863504b48d8b9920fc4e53b8bf4cdcb6d44f625411d423c7d09e6137b4d086,opencv_444,f6673e301575d77826e2e2a0bfc4fc8a81f76c42e16d7de3c38d58c4390d5b21,073abd496b427fca6c11302768c3f76f99365467e84cfc3debe05867c976acfe,0ec6dd9876c269c0832e0a64ab20c015c6c839d266e108c88b30aa28c77391f9,True,True,131.2394749463279,65.33637409871238,0.4040341985358112,0.7046849526392049,2.6952276776612303,0.8322468073899114
div2k_validation,0879.png,0879_81863504b48d__clean_0,clean,0,,0.0,37,4686,768,512,393216,81863504b48d8b9920fc4e53b8bf4cdcb6d44f625411d423c7d09e6137b4d086,opencv_444,f6673e301575d77826e2e2a0bfc4fc8a81f76c42e16d7de3c38d58c4390d5b21,073abd496b427fca6c11302768c3f76f99365467e84cfc3debe05867c976acfe,0ec6dd9876c269c0832e0a64ab20c015c6c839d266e108c88b30aa28c77391f9,True,True,131.2394749463279,65.33637409871238,0.4040341985358112,0.7046849526392049,2.6952276776612303,0.8322468073899114
div2k_validation,0880.png,0880_e1e37e5e44e4__awgn_30_seed-20260811,awgn,30,20260811,29.68336328429636,22,4147,768,512,393216,220648ceb258078e71c2e3f272056478c4588b6a9d4da375815e1239c66be022,opencv_444,f6673e301575d77826e2e2a0bfc4fc8a81f76c42e16d7de3c38d58c4390d5b21,073abd496b427fca6c11302768c3f76f99365467e84cfc3debe05867c976acfe,0ec6dd9876c269c0832e0a64ab20c015c6c839d266e108c88b30aa28c77391f9,True,True,82.77157071278697,52.7502021720037,0.8876644652639124,2.007631122114199,3.541893325790112,0.5500916442770281
div2k_validation,0880.png,0880_e1e37e5e44e4__awgn_30_seed-20260811,awgn,30,20260811,29.68336328429636,27,4456,768,512,393216,220648ceb258078e71c2e3f272056478c4588b6a9d4da375815e1239c66be022,opencv_444,f6673e301575d77826e2e2a0bfc4fc8a81f76c42e16d7de3c38d58c4390d5b21,073abd496b427fca6c11302768c3f76f99365467e84cfc3debe05867c976acfe,0ec6dd9876c269c0832e0a64ab20c015c6c839d266e108c88b30aa28c77391f9,True,True,82.77157071278697,52.7502021720037,0.8876644652639124,2.007631122114199,3.541893325790112,0.5500916442770281
div2k_validation,0880.png,0880_e1e37e5e44e4__awgn_30_seed-20260811,awgn,30,20260811,29.68336328429636,32,3311,768,512,393216,220648ceb258078e71c2e3f272056478c4588b6a9d4da375815e1239c66be022,opencv_444,f6673e301575d77826e2e2a0bfc4fc8a81f76c42e16d7de3c38d58c4390d5b21,073abd496b427fca6c11302768c3f76f99365467e84cfc3debe05867c976acfe,0ec6dd9876c269c0832e0a64ab20c015c6c839d266e108c88b30aa28c77391f9,True,True,82.77157071278697,52.7502021720037,0.8876644652639124,2.007631122114199,3.541893325790112,0.5500916442770281
div2k_validation,0880.png,0880_e1e37e5e44e4__awgn_30_seed-20260811,awgn,30,20260811,29.68336328429636,37,3365,768,512,393216,220648ceb258078e71c2e3f272056478c4588b6a9d4da375815e1239c66be022,opencv_444,f6673e301575d77826e2e2a0bfc4fc8a81f76c42e16d7de3c38d58c4390d5b21,073abd496b427fca6c11302768c3f76f99365467e84cfc3debe05867c976acfe,0ec6dd9876c269c0832e0a64ab20c015c6c839d266e108c88b30aa28c77391f9,True,True,82.77157071278697,52.7502021720037,0.8876644652639124,2.007631122114199,3.541893325790112,0.5500916442770281
div2k_validation,0880.png,0880_e1e37e5e44e4__awgn_30_seed-20260812,awgn,30,20260812,29.66341278004948,22,4184,768,512,393216,9ee43230a6b48dac2b6c9f02a2bdb997303e0502262b05a6360e37f749bd0da7,opencv_444,f6673e301575d77826e2e2a0bfc4fc8a81f76c42e16d7de3c38d58c4390d5b21,073abd496b427fca6c11302768c3f76f99365467e84cfc3debe05867c976acfe,0ec6dd9876c269c0832e0a64ab20c015c6c839d266e108c88b30aa28c77391f9,True,True,82.61165447840008,52.64453792852673,0.8885680643014386,2.00217351186556,3.539323627657976,0.5507575899671433
div2k_validation,0880.png,0880_e1e37e5e44e4__awgn_30_seed-20260812,awgn,30,20260812,29.66341278004948,27,4350,768,512,393216,9ee43230a6b48dac2b6c9f02a2bdb997303e0502262b05a6360e37f749bd0da7,opencv_444,f6673e301575d77826e2e2a0bfc4fc8a81f76c42e16d7de3c38d58c4390d5b21,073abd496b427fca6c11302768c3f76f99365467e84cfc3debe05867c976acfe,0ec6dd9876c269c0832e0a64ab20c015c6c839d266e108c88b30aa28c77391f9,True,True,82.61165447840008,52.64453792852673,0.8885680643014386,2.00217351186556,3.539323627657976,0.5507575899671433
div2k_validation,0880.png,0880_e1e37e5e44e4__awgn_30_seed-20260812,awgn,30,20260812,29.66341278004948,32,3346,768,512,393216,9ee43230a6b48dac2b6c9f02a2bdb997303e0502262b05a6360e37f749bd0da7,opencv_444,f6673e301575d77826e2e2a0bfc4fc8a81f76c42e16d7de3c38d58c4390d5b21,073abd496b427fca6c11302768c3f76f99365467e84cfc3debe05867c976acfe,0ec6dd9876c269c0832e0a64ab20c015c6c839d266e108c88b30aa28c77391f9,True,True,82.61165447840008,52.64453792852673,0.8885680643014386,2.00217351186556,3.539323627657976,0.5507575899671433
div2k_validation,0880.png,0880_e1e37e5e44e4__awgn_30_seed-20260812,awgn,30,20260812,29.66341278004948,37,3381,768,512,393216,9ee43230a6b48dac2b6c9f02a2bdb997303e0502262b05a6360e37f749bd0da7,opencv_444,f6673e301575d77826e2e2a0bfc4fc8a81f76c42e16d7de3c38d58c4390d5b21,073abd496b427fca6c11302768c3f76f99365467e84cfc3debe05867c976acfe,0ec6dd9876c269c0832e0a64ab20c015c6c839d266e108c88b30aa28c77391f9,True,True,82.61165447840008,52.64453792852673,0.8885680643014386,2.00217351186556,3.539323627657976,0.5507575899671433
div2k_validation,0880.png,0880_e1e37e5e44e4__awgn_30_seed-20260813,awgn,30,20260813,29.67598786524207,22,4166,768,512,393216,cf4c09cb722783aeeacb6f3bb13e6d636e1df43088852878456cec17f479a41e,opencv_444,f6673e301575d77826e2e2a0bfc4fc8a81f76c42e16d7de3c38d58c4390d5b21,073abd496b427fca6c11302768c3f76f99365467e84cfc3debe05867c976acfe,0ec6dd9876c269c0832e0a64ab20c015c6c839d266e108c88b30aa28c77391f9,True,True,82.72971960459827,52.73477075835645,0.8885066298059694,2.0092417408302383,3.5418767626711523,0.5502358500826625
div2k_validation,0880.png,0880_e1e37e5e44e4__awgn_30_seed-20260813,awgn,30,20260813,29.67598786524207,27,4234,768,512,393216,cf4c09cb722783aeeacb6f3bb13e6d636e1df43088852878456cec17f479a41e,opencv_444,f6673e301575d77826e2e2a0bfc4fc8a81f76c42e16d7de3c38d58c4390d5b21,073abd496b427fca6c11302768c3f76f99365467e84cfc3debe05867c976acfe,0ec6dd9876c269c0832e0a64ab20c015c6c839d266e108c88b30aa28c77391f9,True,True,82.72971960459827,52.73477075835645,0.8885066298059694,2.0092417408302383,3.5418767626711523,0.5502358500826625
div2k_validation,0880.png,0880_e1e37e5e44e4__awgn_30_seed-20260813,awgn,30,20260813,29.67598786524207,32,3289,768,512,393216,cf4c09cb722783aeeacb6f3bb13e6d636e1df43088852878456cec17f479a41e,opencv_444,f6673e301575d77826e2e2a0bfc4fc8a81f76c42e16d7de3c38d58c4390d5b21,073abd496b427fca6c11302768c3f76f99365467e84cfc3debe05867c976acfe,0ec6dd9876c269c0832e0a64ab20c015c6c839d266e108c88b30aa28c77391f9,True,True,82.72971960459827,52.73477075835645,0.8885066298059694,2.0092417408302383,3.5418767626711523,0.5502358500826625
div2k_validation,0880.png,0880_e1e37e5e44e4__awgn_30_seed-20260813,awgn,30,20260813,29.67598786524207,37,3509,768,512,393216,cf4c09cb722783aeeacb6f3bb13e6d636e1df43088852878456cec17f479a41e,opencv_444,f6673e301575d77826e2e2a0bfc4fc8a81f76c42e16d7de3c38d58c4390d5b21,073abd496b427fca6c11302768c3f76f99365467e84cfc3debe05867c976acfe,0ec6dd9876c269c0832e0a64ab20c015c6c839d266e108c88b30aa28c77391f9,True,True,82.72971960459827,52.73477075835645,0.8885066298059694,2.0092417408302383,3.5418767626711523,0.5502358500826625
div2k_validation,0880.png,0880_e1e37e5e44e4__clean_0,clean,0,,0.0,22,7152,768,512,393216,e1e37e5e44e41bcac660da4974bf8f3ba20c67777a307ff11220f7c25fad9e8e,opencv_444,f6673e301575d77826e2e2a0bfc4fc8a81f76c42e16d7de3c38d58c4390d5b21,073abd496b427fca6c11302768c3f76f99365467e84cfc3debe05867c976acfe,0ec6dd9876c269c0832e0a64ab20c015c6c839d266e108c88b30aa28c77391f9,True,True,61.97002145865509,43.93155666442445,0.43697076741923924,0.29832952465893753,2.4915219882229818,0.8657103228362482
div2k_validation,0880.png,0880_e1e37e5e44e4__clean_0,clean,0,,0.0,27,6484,768,512,393216,e1e37e5e44e41bcac660da4974bf8f3ba20c67777a307ff11220f7c25fad9e8e,opencv_444,f6673e301575d77826e2e2a0bfc4fc8a81f76c42e16d7de3c38d58c4390d5b21,073abd496b427fca6c11302768c3f76f99365467e84cfc3debe05867c976acfe,0ec6dd9876c269c0832e0a64ab20c015c6c839d266e108c88b30aa28c77391f9,True,True,61.97002145865509,43.93155666442445,0.43697076741923924,0.29832952465893753,2.4915219882229818,0.8657103228362482
div2k_validation,0880.png,0880_e1e37e5e44e4__clean_0,clean,0,,0.0,32,4738,768,512,393216,e1e37e5e44e41bcac660da4974bf8f3ba20c67777a307ff11220f7c25fad9e8e,opencv_444,f6673e301575d77826e2e2a0bfc4fc8a81f76c42e16d7de3c38d58c4390d5b21,073abd496b427fca6c11302768c3f76f99365467e84cfc3debe05867c976acfe,0ec6dd9876c269c0832e0a64ab20c015c6c839d266e108c88b30aa28c77391f9,True,True,61.97002145865509,43.93155666442445,0.43697076741923924,0.29832952465893753,2.4915219882229818,0.8657103228362482
div2k_validation,0880.png,0880_e1e37e5e44e4__clean_0,clean,0,,0.0,37,2640,768,512,393216,e1e37e5e44e41bcac660da4974bf8f3ba20c67777a307ff11220f7c25fad9e8e,opencv_444,f6673e301575d77826e2e2a0bfc4fc8a81f76c42e16d7de3c38d58c4390d5b21,073abd496b427fca6c11302768c3f76f99365467e84cfc3debe05867c976acfe,0ec6dd9876c269c0832e0a64ab20c015c6c839d266e108c88b30aa28c77391f9,True,True,61.97002145865509,43.93155666442445,0.43697076741923924,0.29832952465893753,2.4915219882229818,0.8657103228362482
div2k_validation,0882.png,0882_7dae37803694__awgn_30_seed-20260811,awgn,30,20260811,26.803559396194725,22,6878,768,512,393216,106ddeeb4d6775d94fbce3e430acafac41041904756c2dcd534205f5cec9161a,opencv_444,f6673e301575d77826e2e2a0bfc4fc8a81f76c42e16d7de3c38d58c4390d5b21,073abd496b427fca6c11302768c3f76f99365467e84cfc3debe05867c976acfe,0ec6dd9876c269c0832e0a64ab20c015c6c839d266e108c88b30aa28c77391f9,True,True,114.2666633488623,75.24352689190256,0.8430476629294015,1.6543165784051126,3.2866707985814627,0.624110580254244
div2k_validation,0882.png,0882_7dae37803694__awgn_30_seed-20260811,awgn,30,20260811,26.803559396194725,27,6000,768,512,393216,106ddeeb4d6775d94fbce3e430acafac41041904756c2dcd534205f5cec9161a,opencv_444,f6673e301575d77826e2e2a0bfc4fc8a81f76c42e16d7de3c38d58c4390d5b21,073abd496b427fca6c11302768c3f76f99365467e84cfc3debe05867c976acfe,0ec6dd9876c269c0832e0a64ab20c015c6c839d266e108c88b30aa28c77391f9,True,True,114.2666633488623,75.24352689190256,0.8430476629294015,1.6543165784051126,3.2866707985814627,0.624110580254244
div2k_validation,0882.png,0882_7dae37803694__awgn_30_seed-20260811,awgn,30,20260811,26.803559396194725,32,5056,768,512,393216,106ddeeb4d6775d94fbce3e430acafac41041904756c2dcd534205f5cec9161a,opencv_444,f6673e301575d77826e2e2a0bfc4fc8a81f76c42e16d7de3c38d58c4390d5b21,073abd496b427fca6c11302768c3f76f99365467e84cfc3debe05867c976acfe,0ec6dd9876c269c0832e0a64ab20c015c6c839d266e108c88b30aa28c77391f9,True,True,114.2666633488623,75.24352689190256,0.8430476629294015,1.6543165784051126,3.2866707985814627,0.624110580254244
div2k_validation,0882.png,0882_7dae37803694__awgn_30_seed-20260811,awgn,30,20260811,26.803559396194725,37,4523,768,512,393216,106ddeeb4d6775d94fbce3e430acafac41041904756c2dcd534205f5cec9161a,opencv_444,f6673e301575d77826e2e2a0bfc4fc8a81f76c42e16d7de3c38d58c4390d5b21,073abd496b427fca6c11302768c3f76f99365467e84cfc3debe05867c976acfe,0ec6dd9876c269c0832e0a64ab20c015c6c839d266e108c88b30aa28c77391f9,True,True,114.2666633488623,75.24352689190256,0.8430476629294015,1.6543165784051126,3.2866707985814627,0.624110580254244
div2k_validation,0882.png,0882_7dae37803694__awgn_30_seed-20260812,awgn,30,20260812,26.83058174510197,22,6969,768,512,393216,c02fb2d4434d758b22ed99f74d17752c1b49091bfc1ffa2ad92067751514ab37,opencv_444,f6673e301575d77826e2e2a0bfc4fc8a81f76c42e16d7de3c38d58c4390d5b21,073abd496b427fca6c11302768c3f76f99365467e84cfc3debe05867c976acfe,0ec6dd9876c269c0832e0a64ab20c015c6c839d266e108c88b30aa28c77391f9,True,True,114.50425948119315,75.29260618519994,0.8423770030205293,1.662059769942831,3.2886758211947935,0.6238029161859149
div2k_validation,0882.png,0882_7dae37803694__awgn_30_seed-20260812,awgn,30,20260812,26.83058174510197,27,5826,768,512,393216,c02fb2d4434d758b22ed99f74d17752c1b49091bfc1ffa2ad92067751514ab37,opencv_444,f6673e301575d77826e2e2a0bfc4fc8a81f76c42e16d7de3c38d58c4390d5b21,073abd496b427fca6c11302768c3f76f99365467e84cfc3debe05867c976acfe,0ec6dd9876c269c0832e0a64ab20c015c6c839d266e108c88b30aa28c77391f9,True,True,114.50425948119315,75.29260618519994,0.8423770030205293,1.662059769942831,3.2886758211947935,0.6238029161859149
div2k_validation,0882.png,0882_7dae37803694__awgn_30_seed-20260812,awgn,30,20260812,26.83058174510197,32,5009,768,512,393216,c02fb2d4434d758b22ed99f74d17752c1b49091bfc1ffa2ad92067751514ab37,opencv_444,f6673e301575d77826e2e2a0bfc4fc8a81f76c42e16d7de3c38d58c4390d5b21,073abd496b427fca6c11302768c3f76f99365467e84cfc3debe05867c976acfe,0ec6dd9876c269c0832e0a64ab20c015c6c839d266e108c88b30aa28c77391f9,True,True,114.50425948119315,75.29260618519994,0.8423770030205293,1.662059769942831,3.2886758211947935,0.6238029161859149
div2k_validation,0882.png,0882_7dae37803694__awgn_30_seed-20260812,awgn,30,20260812,26.83058174510197,37,4791,768,512,393216,c02fb2d4434d758b22ed99f74d17752c1b49091bfc1ffa2ad92067751514ab37,opencv_444,f6673e301575d77826e2e2a0bfc4fc8a81f76c42e16d7de3c38d58c4390d5b21,073abd496b427fca6c11302768c3f76f99365467e84cfc3debe05867c976acfe,0ec6dd9876c269c0832e0a64ab20c015c6c839d266e108c88b30aa28c77391f9,True,True,114.50425948119315,75.29260618519994,0.8423770030205293,1.662059769942831,3.2886758211947935,0.6238029161859149
div2k_validation,0882.png,0882_7dae37803694__awgn_30_seed-20260813,awgn,30,20260813,26.798939605155553,22,6483,768,512,393216,0c8c690a37481fffc583fa4e9dc7028b783abb4f68aac6c53042abcf33a9e2fc,opencv_444,f6673e301575d77826e2e2a0bfc4fc8a81f76c42e16d7de3c38d58c4390d5b21,073abd496b427fca6c11302768c3f76f99365467e84cfc3debe05867c976acfe,0ec6dd9876c269c0832e0a64ab20c015c6c839d266e108c88b30aa28c77391f9,True,True,114.67152014449631,75.23412109527003,0.8430886192597143,1.6570596099136574,3.288090095333401,0.6236792953325778
div2k_validation,0882.png,0882_7dae37803694__awgn_30_seed-20260813,awgn,30,20260813,26.798939605155553,27,5894,768,512,393216,0c8c690a37481fffc583fa4e9dc7028b783abb4f68aac6c53042abcf33a9e2fc,opencv_444,f6673e301575d77826e2e2a0bfc4fc8a81f76c42e16d7de3c38d58c4390d5b21,073abd496b427fca6c11302768c3f76f99365467e84cfc3debe05867c976acfe,0ec6dd9876c269c0832e0a64ab20c015c6c839d266e108c88b30aa28c77391f9,True,True,114.67152014449631,75.23412109527003,0.8430886192597143,1.6570596099136574,3.288090095333401,0.6236792953325778
div2k_validation,0882.png,0882_7dae37803694__awgn_30_seed-20260813,awgn,30,20260813,26.798939605155553,32,4794,768,512,393216,0c8c690a37481fffc583fa4e9dc7028b783abb4f68aac6c53042abcf33a9e2fc,opencv_444,f6673e301575d77826e2e2a0bfc4fc8a81f76c42e16d7de3c38d58c4390d5b21,073abd496b427fca6c11302768c3f76f99365467e84cfc3debe05867c976acfe,0ec6dd9876c269c0832e0a64ab20c015c6c839d266e108c88b30aa28c77391f9,True,True,114.67152014449631,75.23412109527003,0.8430886192597143,1.6570596099136574,3.288090095333401,0.6236792953325778
div2k_validation,0882.png,0882_7dae37803694__awgn_30_seed-20260813,awgn,30,20260813,26.798939605155553,37,4614,768,512,393216,0c8c690a37481fffc583fa4e9dc7028b783abb4f68aac6c53042abcf33a9e2fc,opencv_444,f6673e301575d77826e2e2a0bfc4fc8a81f76c42e16d7de3c38d58c4390d5b21,073abd496b427fca6c11302768c3f76f99365467e84cfc3debe05867c976acfe,0ec6dd9876c269c0832e0a64ab20c015c6c839d266e108c88b30aa28c77391f9,True,True,114.67152014449631,75.23412109527003,0.8430886192597143,1.6570596099136574,3.288090095333401,0.6236792953325778
div2k_validation,0882.png,0882_7dae37803694__clean_0,clean,0,,0.0,22,7582,768,512,393216,7dae3780369487220aa94e86e963180e2f98cd5cf54a605942d8cd552645dbec,opencv_444,f6673e301575d77826e2e2a0bfc4fc8a81f76c42e16d7de3c38d58c4390d5b21,073abd496b427fca6c11302768c3f76f99365467e84cfc3debe05867c976acfe,0ec6dd9876c269c0832e0a64ab20c015c6c839d266e108c88b30aa28c77391f9,True,True,119.78648285521196,73.2170490979509,0.36318281881943376,0.48524602945594575,2.45601005633009,0.8692185077477652
div2k_validation,0882.png,0882_7dae37803694__clean_0,clean,0,,0.0,27,6623,768,512,393216,7dae3780369487220aa94e86e963180e2f98cd5cf54a605942d8cd552645dbec,opencv_444,f6673e301575d77826e2e2a0bfc4fc8a81f76c42e16d7de3c38d58c4390d5b21,073abd496b427fca6c11302768c3f76f99365467e84cfc3debe05867c976acfe,0ec6dd9876c269c0832e0a64ab20c015c6c839d266e108c88b30aa28c77391f9,True,True,119.78648285521196,73.2170490979509,0.36318281881943376,0.48524602945594575,2.45601005633009,0.8692185077477652
div2k_validation,0882.png,0882_7dae37803694__clean_0,clean,0,,0.0,32,5599,768,512,393216,7dae3780369487220aa94e86e963180e2f98cd5cf54a605942d8cd552645dbec,opencv_444,f6673e301575d77826e2e2a0bfc4fc8a81f76c42e16d7de3c38d58c4390d5b21,073abd496b427fca6c11302768c3f76f99365467e84cfc3debe05867c976acfe,0ec6dd9876c269c0832e0a64ab20c015c6c839d266e108c88b30aa28c77391f9,True,True,119.78648285521196,73.2170490979509,0.36318281881943376,0.48524602945594575,2.45601005633009,0.8692185077477652
div2k_validation,0882.png,0882_7dae37803694__clean_0,clean,0,,0.0,37,4453,768,512,393216,7dae3780369487220aa94e86e963180e2f98cd5cf54a605942d8cd552645dbec,opencv_444,f6673e301575d77826e2e2a0bfc4fc8a81f76c42e16d7de3c38d58c4390d5b21,073abd496b427fca6c11302768c3f76f99365467e84cfc3debe05867c976acfe,0ec6dd9876c269c0832e0a64ab20c015c6c839d266e108c88b30aa28c77391f9,True,True,119.78648285521196,73.2170490979509,0.36318281881943376,0.48524602945594575,2.45601005633009,0.8692185077477652
div2k_validation,0883.png,0883_47023de15d96__awgn_30_seed-20260811,awgn,30,20260811,28.971069067534476,22,4997,768,512,393216,28ea698ea78d4225c72176bdabf88bf487b8be790c722973baf11b823f11a9ed,opencv_444,f6673e301575d77826e2e2a0bfc4fc8a81f76c42e16d7de3c38d58c4390d5b21,073abd496b427fca6c11302768c3f76f99365467e84cfc3debe05867c976acfe,0ec6dd9876c269c0832e0a64ab20c015c6c839d266e108c88b30aa28c77391f9,True,True,98.26324169499546,63.311062044778595,0.8988916193109098,2.0009276725410166,3.659162659652149,0.559264834477205
div2k_validation,0883.png,0883_47023de15d96__awgn_30_seed-20260811,awgn,30,20260811,28.971069067534476,27,4935,768,512,393216,28ea698ea78d4225c72176bdabf88bf487b8be790c722973baf11b823f11a9ed,opencv_444,f6673e301575d77826e2e2a0bfc4fc8a81f76c42e16d7de3c38d58c4390d5b21,073abd496b427fca6c11302768c3f76f99365467e84cfc3debe05867c976acfe,0ec6dd9876c269c0832e0a64ab20c015c6c839d266e108c88b30aa28c77391f9,True,True,98.26324169499546,63.311062044778595,0.8988916193109098,2.0009276725410166,3.659162659652149,0.559264834477205
div2k_validation,0883.png,0883_47023de15d96__awgn_30_seed-20260811,awgn,30,20260811,28.971069067534476,32,3790,768,512,393216,28ea698ea78d4225c72176bdabf88bf487b8be790c722973baf11b823f11a9ed,opencv_444,f6673e301575d77826e2e2a0bfc4fc8a81f76c42e16d7de3c38d58c4390d5b21,073abd496b427fca6c11302768c3f76f99365467e84cfc3debe05867c976acfe,0ec6dd9876c269c0832e0a64ab20c015c6c839d266e108c88b30aa28c77391f9,True,True,98.26324169499546,63.311062044778595,0.8988916193109098,2.0009276725410166,3.659162659652149,0.559264834477205
div2k_validation,0883.png,0883_47023de15d96__awgn_30_seed-20260811,awgn,30,20260811,28.971069067534476,37,4028,768,512,393216,28ea698ea78d4225c72176bdabf88bf487b8be790c722973baf11b823f11a9ed,opencv_444,f6673e301575d77826e2e2a0bfc4fc8a81f76c42e16d7de3c38d58c4390d5b21,073abd496b427fca6c11302768c3f76f99365467e84cfc3debe05867c976acfe,0ec6dd9876c269c0832e0a64ab20c015c6c839d266e108c88b30aa28c77391f9,True,True,98.26324169499546,63.311062044778595,0.8988916193109098,2.0009276725410166,3.659162659652149,0.559264834477205
div2k_validation,0883.png,0883_47023de15d96__awgn_30_seed-20260812,awgn,30,20260812,29.003837901504763,22,4814,768,512,393216,a5a3c5c9681de99bf5a9f14132198afe0321bf9ea946ffc698494c02a6d825df,opencv_444,f6673e301575d77826e2e2a0bfc4fc8a81f76c42e16d7de3c38d58c4390d5b21,073abd496b427fca6c11302768c3f76f99365467e84cfc3debe05867c976acfe,0ec6dd9876c269c0832e0a64ab20c015c6c839d266e108c88b30aa28c77391f9,True,True,98.53301853247137,63.25193667405926,0.8992115906414785,2.0085919707260826,3.661569800792514,0.5582146237391755
div2k_validation,0883.png,0883_47023de15d96__awgn_30_seed-20260812,awgn,30,20260812,29.003837901504763,27,4972,768,512,393216,a5a3c5c9681de99bf5a9f14132198afe0321bf9ea946ffc698494c02a6d825df,opencv_444,f6673e301575d77826e2e2a0bfc4fc8a81f76c42e16d7de3c38d58c4390d5b21,073abd496b427fca6c11302768c3f76f99365467e84cfc3debe05867c976acfe,0ec6dd9876c269c0832e0a64ab20c015c6c839d266e108c88b30aa28c77391f9,True,True,98.53301853247137,63.25193667405926,0.8992115906414785,2.0085919707260826,3.661569800792514,0.5582146237391755
div2k_validation,0883.png,0883_47023de15d96__awgn_30_seed-20260812,awgn,30,20260812,29.003837901504763,32,3518,768,512,393216,a5a3c5c9681de99bf5a9f14132198afe0321bf9ea946ffc698494c02a6d825df,opencv_444,f6673e301575d77826e2e2a0bfc4fc8a81f76c42e16d7de3c38d58c4390d5b21,073abd496b427fca6c11302768c3f76f99365467e84cfc3debe05867c976acfe,0ec6dd9876c269c0832e0a64ab20c015c6c839d266e108c88b30aa28c77391f9,True,True,98.53301853247137,63.25193667405926,0.8992115906414785,2.0085919707260826,3.661569800792514,0.5582146237391755
div2k_validation,0883.png,0883_47023de15d96__awgn_30_seed-20260812,awgn,30,20260812,29.003837901504763,37,3855,768,512,393216,a5a3c5c9681de99bf5a9f14132198afe0321bf9ea946ffc698494c02a6d825df,opencv_444,f6673e301575d77826e2e2a0bfc4fc8a81f76c42e16d7de3c38d58c4390d5b21,073abd496b427fca6c11302768c3f76f99365467e84cfc3debe05867c976acfe,0ec6dd9876c269c0832e0a64ab20c015c6c839d266e108c88b30aa28c77391f9,True,True,98.53301853247137,63.25193667405926,0.8992115906414785,2.0085919707260826,3.661569800792514,0.5582146237391755
div2k_validation,0883.png,0883_47023de15d96__awgn_30_seed-20260813,awgn,30,20260813,28.93503519962574,22,5019,768,512,393216,bdd6d97cc8d5021e29e195e12d89fb1c56fdec63ddbd8d6b61ab2147daf137ba,opencv_444,f6673e301575d77826e2e2a0bfc4fc8a81f76c42e16d7de3c38d58c4390d5b21,073abd496b427fca6c11302768c3f76f99365467e84cfc3debe05867c976acfe,0ec6dd9876c269c0832e0a64ab20c015c6c839d266e108c88b30aa28c77391f9,True,True,97.78732776397948,63.27387980696636,0.8985230123380945,1.9951347273385933,3.6586192231189116,0.5592264606295452
div2k_validation,0883.png,0883_47023de15d96__awgn_30_seed-20260813,awgn,30,20260813,28.93503519962574,27,4799,768,512,393216,bdd6d97cc8d5021e29e195e12d89fb1c56fdec63ddbd8d6b61ab2147daf137ba,opencv_444,f6673e301575d77826e2e2a0bfc4fc8a81f76c42e16d7de3c38d58c4390d5b21,073abd496b427fca6c11302768c3f76f99365467e84cfc3debe05867c976acfe,0ec6dd9876c269c0832e0a64ab20c015c6c839d266e108c88b30aa28c77391f9,True,True,97.78732776397948,63.27387980696636,0.8985230123380945,1.9951347273385933,3.6586192231189116,0.5592264606295452
div2k_validation,0883.png,0883_47023de15d96__awgn_30_seed-20260813,awgn,30,20260813,28.93503519962574,32,3672,768,512,393216,bdd6d97cc8d5021e29e195e12d89fb1c56fdec63ddbd8d6b61ab2147daf137ba,opencv_444,f6673e301575d77826e2e2a0bfc4fc8a81f76c42e16d7de3c38d58c4390d5b21,073abd496b427fca6c11302768c3f76f99365467e84cfc3debe05867c976acfe,0ec6dd9876c269c0832e0a64ab20c015c6c839d266e108c88b30aa28c77391f9,True,True,97.78732776397948,63.27387980696636,0.8985230123380945,1.9951347273385933,3.6586192231189116,0.5592264606295452
div2k_validation,0883.png,0883_47023de15d96__awgn_30_seed-20260813,awgn,30,20260813,28.93503519962574,37,3961,768,512,393216,bdd6d97cc8d5021e29e195e12d89fb1c56fdec63ddbd8d6b61ab2147daf137ba,opencv_444,f6673e301575d77826e2e2a0bfc4fc8a81f76c42e16d7de3c38d58c4390d5b21,073abd496b427fca6c11302768c3f76f99365467e84cfc3debe05867c976acfe,0ec6dd9876c269c0832e0a64ab20c015c6c839d266e108c88b30aa28c77391f9,True,True,97.78732776397948,63.27387980696636,0.8985230123380945,1.9951347273385933,3.6586192231189116,0.5592264606295452
div2k_validation,0883.png,0883_47023de15d96__clean_0,clean,0,,0.0,22,1845,768,512,393216,47023de15d9640be57c7338e889e99af50779549b284c1e15bb4581c58177a95,opencv_444,f6673e301575d77826e2e2a0bfc4fc8a81f76c42e16d7de3c38d58c4390d5b21,073abd496b427fca6c11302768c3f76f99365467e84cfc3debe05867c976acfe,0ec6dd9876c269c0832e0a64ab20c015c6c839d266e108c88b30aa28c77391f9,True,True,86.00667505279803,57.69787268254388,0.6543618491783136,0.4608777556644945,2.9139873542834205,0.8152659659919885
div2k_validation,0883.png,0883_47023de15d96__clean_0,clean,0,,0.0,27,1868,768,512,393216,47023de15d9640be57c7338e889e99af50779549b284c1e15bb4581c58177a95,opencv_444,f6673e301575d77826e2e2a0bfc4fc8a81f76c42e16d7de3c38d58c4390d5b21,073abd496b427fca6c11302768c3f76f99365467e84cfc3debe05867c976acfe,0ec6dd9876c269c0832e0a64ab20c015c6c839d266e108c88b30aa28c77391f9,True,True,86.00667505279803,57.69787268254388,0.6543618491783136,0.4608777556644945,2.9139873542834205,0.8152659659919885
div2k_validation,0883.png,0883_47023de15d96__clean_0,clean,0,,0.0,32,2033,768,512,393216,47023de15d9640be57c7338e889e99af50779549b284c1e15bb4581c58177a95,opencv_444,f6673e301575d77826e2e2a0bfc4fc8a81f76c42e16d7de3c38d58c4390d5b21,073abd496b427fca6c11302768c3f76f99365467e84cfc3debe05867c976acfe,0ec6dd9876c269c0832e0a64ab20c015c6c839d266e108c88b30aa28c77391f9,True,True,86.00667505279803,57.69787268254388,0.6543618491783136,0.4608777556644945,2.9139873542834205,0.8152659659919885
div2k_validation,0883.png,0883_47023de15d96__clean_0,clean,0,,0.0,37,1785,768,512,393216,47023de15d9640be57c7338e889e99af50779549b284c1e15bb4581c58177a95,opencv_444,f6673e301575d77826e2e2a0bfc4fc8a81f76c42e16d7de3c38d58c4390d5b21,073abd496b427fca6c11302768c3f76f99365467e84cfc3debe05867c976acfe,0ec6dd9876c269c0832e0a64ab20c015c6c839d266e108c88b30aa28c77391f9,True,True,86.00667505279803,57.69787268254388,0.6543618491783136,0.4608777556644945,2.9139873542834205,0.8152659659919885
div2k_validation,0886.png,0886_b96387ddfd48__awgn_30_seed-20260811,awgn,30,20260811,28.080471432560337,22,4569,768,512,393216,41248d4ace7815437896c94aa54f3e20bbf183af9ae488340384755112548216,opencv_444,f6673e301575d77826e2e2a0bfc4fc8a81f76c42e16d7de3c38d58c4390d5b21,073abd496b427fca6c11302768c3f76f99365467e84cfc3debe05867c976acfe,0ec6dd9876c269c0832e0a64ab20c015c6c839d266e108c88b30aa28c77391f9,True,True,84.97151284757354,63.61007460608294,0.8561792863359443,1.7534525326595058,3.6097949436409915,0.5786565242670716
div2k_validation,0886.png,0886_b96387ddfd48__awgn_30_seed-20260811,awgn,30,20260811,28.080471432560337,27,4245,768,512,393216,41248d4ace7815437896c94aa54f3e20bbf183af9ae488340384755112548216,opencv_444,f6673e301575d77826e2e2a0bfc4fc8a81f76c42e16d7de3c38d58c4390d5b21,073abd496b427fca6c11302768c3f76f99365467e84cfc3debe05867c976acfe,0ec6dd9876c269c0832e0a64ab20c015c6c839d266e108c88b30aa28c77391f9,True,True,84.97151284757354,63.61007460608294,0.8561792863359443,1.7534525326595058,3.6097949436409915,0.5786565242670716
div2k_validation,0886.png,0886_b96387ddfd48__awgn_30_seed-20260811,awgn,30,20260811,28.080471432560337,32,3354,768,512,393216,41248d4ace7815437896c94aa54f3e20bbf183af9ae488340384755112548216,opencv_444,f6673e301575d77826e2e2a0bfc4fc8a81f76c42e16d7de3c38d58c4390d5b21,073abd496b427fca6c11302768c3f76f99365467e84cfc3debe05867c976acfe,0ec6dd9876c269c0832e0a64ab20c015c6c839d266e108c88b30aa28c77391f9,True,True,84.97151284757354,63.61007460608294,0.8561792863359443,1.7534525326595058,3.6097949436409915,0.5786565242670716
div2k_validation,0886.png,0886_b96387ddfd48__awgn_30_seed-20260811,awgn,30,20260811,28.080471432560337,37,3326,768,512,393216,41248d4ace7815437896c94aa54f3e20bbf183af9ae488340384755112548216,opencv_444,f6673e301575d77826e2e2a0bfc4fc8a81f76c42e16d7de3c38d58c4390d5b21,073abd496b427fca6c11302768c3f76f99365467e84cfc3debe05867c976acfe,0ec6dd9876c269c0832e0a64ab20c015c6c839d266e108c88b30aa28c77391f9,True,True,84.97151284757354,63.61007460608294,0.8561792863359443,1.7534525326595058,3.6097949436409915,0.5786565242670716
div2k_validation,0886.png,0886_b96387ddfd48__awgn_30_seed-20260812,awgn,30,20260812,28.0640867785769,22,4654,768,512,393216,1e03c22a3714b2ed93c24100f426e3e5af9add4d68a27fd5fcf153812c2abccf,opencv_444,f6673e301575d77826e2e2a0bfc4fc8a81f76c42e16d7de3c38d58c4390d5b21,073abd496b427fca6c11302768c3f76f99365467e84cfc3debe05867c976acfe,0ec6dd9876c269c0832e0a64ab20c015c6c839d266e108c88b30aa28c77391f9,True,True,84.85792789970392,63.605768110959595,0.8577970613833,1.7488429769497924,3.6083768369418068,0.5795055276540717
div2k_validation,0886.png,0886_b96387ddfd48__awgn_30_seed-20260812,awgn,30,20260812,28.0640867785769,27,4219,768,512,393216,1e03c22a3714b2ed93c24100f426e3e5af9add4d68a27fd5fcf153812c2abccf,opencv_444,f6673e301575d77826e2e2a0bfc4fc8a81f76c42e16d7de3c38d58c4390d5b21,073abd496b427fca6c11302768c3f76f99365467e84cfc3debe05867c976acfe,0ec6dd9876c269c0832e0a64ab20c015c6c839d266e108c88b30aa28c77391f9,True,True,84.85792789970392,63.605768110959595,0.8577970613833,1.7488429769497924,3.6083768369418068,0.5795055276540717
div2k_validation,0886.png,0886_b96387ddfd48__awgn_30_seed-20260812,awgn,30,20260812,28.0640867785769,32,3243,768,512,393216,1e03c22a3714b2ed93c24100f426e3e5af9add4d68a27fd5fcf153812c2abccf,opencv_444,f6673e301575d77826e2e2a0bfc4fc8a81f76c42e16d7de3c38d58c4390d5b21,073abd496b427fca6c11302768c3f76f99365467e84cfc3debe05867c976acfe,0ec6dd9876c269c0832e0a64ab20c015c6c839d266e108c88b30aa28c77391f9,True,True,84.85792789970392,63.605768110959595,0.8577970613833,1.7488429769497924,3.6083768369418068,0.5795055276540717
div2k_validation,0886.png,0886_b96387ddfd48__awgn_30_seed-20260812,awgn,30,20260812,28.0640867785769,37,3624,768,512,393216,1e03c22a3714b2ed93c24100f426e3e5af9add4d68a27fd5fcf153812c2abccf,opencv_444,f6673e301575d77826e2e2a0bfc4fc8a81f76c42e16d7de3c38d58c4390d5b21,073abd496b427fca6c11302768c3f76f99365467e84cfc3debe05867c976acfe,0ec6dd9876c269c0832e0a64ab20c015c6c839d266e108c88b30aa28c77391f9,True,True,84.85792789970392,63.605768110959595,0.8577970613833,1.7488429769497924,3.6083768369418068,0.5795055276540717
div2k_validation,0886.png,0886_b96387ddfd48__awgn_30_seed-20260813,awgn,30,20260813,28.00785454073437,22,4802,768,512,393216,77bc880fb203105c3daaf5a1c36ccab63a6544ace5232c03b44659c98a4ca7ee,opencv_444,f6673e301575d77826e2e2a0bfc4fc8a81f76c42e16d7de3c38d58c4390d5b21,073abd496b427fca6c11302768c3f76f99365467e84cfc3debe05867c976acfe,0ec6dd9876c269c0832e0a64ab20c015c6c839d266e108c88b30aa28c77391f9,True,True,84.79107135734938,63.62809687705834,0.8551041826652332,1.7498162359619498,3.608984100373558,0.5792406515148673
div2k_validation,0886.png,0886_b96387ddfd48__awgn_30_seed-20260813,awgn,30,20260813,28.00785454073437,27,4027,768,512,393216,77bc880fb203105c3daaf5a1c36ccab63a6544ace5232c03b44659c98a4ca7ee,opencv_444,f6673e301575d77826e2e2a0bfc4fc8a81f76c42e16d7de3c38d58c4390d5b21,073abd496b427fca6c11302768c3f76f99365467e84cfc3debe05867c976acfe,0ec6dd9876c269c0832e0a64ab20c015c6c839d266e108c88b30aa28c77391f9,True,True,84.79107135734938,63.62809687705834,0.8551041826652332,1.7498162359619498,3.608984100373558,0.5792406515148673
div2k_validation,0886.png,0886_b96387ddfd48__awgn_30_seed-20260813,awgn,30,20260813,28.00785454073437,32,3325,768,512,393216,77bc880fb203105c3daaf5a1c36ccab63a6544ace5232c03b44659c98a4ca7ee,opencv_444,f6673e301575d77826e2e2a0bfc4fc8a81f76c42e16d7de3c38d58c4390d5b21,073abd496b427fca6c11302768c3f76f99365467e84cfc3debe05867c976acfe,0ec6dd9876c269c0832e0a64ab20c015c6c839d266e108c88b30aa28c77391f9,True,True,84.79107135734938,63.62809687705834,0.8551041826652332,1.7498162359619498,3.608984100373558,0.5792406515148673
div2k_validation,0886.png,0886_b96387ddfd48__awgn_30_seed-20260813,awgn,30,20260813,28.00785454073437,37,3479,768,512,393216,77bc880fb203105c3daaf5a1c36ccab63a6544ace5232c03b44659c98a4ca7ee,opencv_444,f6673e301575d77826e2e2a0bfc4fc8a81f76c42e16d7de3c38d58c4390d5b21,073abd496b427fca6c11302768c3f76f99365467e84cfc3debe05867c976acfe,0ec6dd9876c269c0832e0a64ab20c015c6c839d266e108c88b30aa28c77391f9,True,True,84.79107135734938,63.62809687705834,0.8551041826652332,1.7498162359619498,3.608984100373558,0.5792406515148673
div2k_validation,0886.png,0886_b96387ddfd48__clean_0,clean,0,,0.0,22,5132,768,512,393216,b96387ddfd487d9a71e2a528a1f18f9e41eeddd44119e5f3a7e5ed4f68c634f8,opencv_444,f6673e301575d77826e2e2a0bfc4fc8a81f76c42e16d7de3c38d58c4390d5b21,073abd496b427fca6c11302768c3f76f99365467e84cfc3debe05867c976acfe,0ec6dd9876c269c0832e0a64ab20c015c6c839d266e108c88b30aa28c77391f9,True,True,74.5835193397624,58.80620266665057,0.25297189371832285,0.23849127583203739,2.593692099235969,0.9032974183442912
div2k_validation,0886.png,0886_b96387ddfd48__clean_0,clean,0,,0.0,27,4040,768,512,393216,b96387ddfd487d9a71e2a528a1f18f9e41eeddd44119e5f3a7e5ed4f68c634f8,opencv_444,f6673e301575d77826e2e2a0bfc4fc8a81f76c42e16d7de3c38d58c4390d5b21,073abd496b427fca6c11302768c3f76f99365467e84cfc3debe05867c976acfe,0ec6dd9876c269c0832e0a64ab20c015c6c839d266e108c88b30aa28c77391f9,True,True,74.5835193397624,58.80620266665057,0.25297189371832285,0.23849127583203739,2.593692099235969,0.9032974183442912
div2k_validation,0886.png,0886_b96387ddfd48__clean_0,clean,0,,0.0,32,2883,768,512,393216,b96387ddfd487d9a71e2a528a1f18f9e41eeddd44119e5f3a7e5ed4f68c634f8,opencv_444,f6673e301575d77826e2e2a0bfc4fc8a81f76c42e16d7de3c38d58c4390d5b21,073abd496b427fca6c11302768c3f76f99365467e84cfc3debe05867c976acfe,0ec6dd9876c269c0832e0a64ab20c015c6c839d266e108c88b30aa28c77391f9,True,True,74.5835193397624,58.80620266665057,0.25297189371832285,0.23849127583203739,2.593692099235969,0.9032974183442912
div2k_validation,0886.png,0886_b96387ddfd48__clean_0,clean,0,,0.0,37,2050,768,512,393216,b96387ddfd487d9a71e2a528a1f18f9e41eeddd44119e5f3a7e5ed4f68c634f8,opencv_444,f6673e301575d77826e2e2a0bfc4fc8a81f76c42e16d7de3c38d58c4390d5b21,073abd496b427fca6c11302768c3f76f99365467e84cfc3debe05867c976acfe,0ec6dd9876c269c0832e0a64ab20c015c6c839d266e108c88b30aa28c77391f9,True,True,74.5835193397624,58.80620266665057,0.25297189371832285,0.23849127583203739,2.593692099235969,0.9032974183442912
div2k_validation,0889.png,0889_6ab1cfddebd6__awgn_30_seed-20260811,awgn,30,20260811,28.37026220979243,22,5266,768,512,393216,b71c8d399badcbc071aa63f01e1a49d6944f5dea1af29c76fea8581a335b8197,opencv_444,f6673e301575d77826e2e2a0bfc4fc8a81f76c42e16d7de3c38d58c4390d5b21,073abd496b427fca6c11302768c3f76f99365467e84cfc3debe05867c976acfe,0ec6dd9876c269c0832e0a64ab20c015c6c839d266e108c88b30aa28c77391f9,True,True,91.06578122767347,60.11450955904773,0.8638457994163723,1.8410907616370744,3.5710087021616572,0.5758055616583896
div2k_validation,0889.png,0889_6ab1cfddebd6__awgn_30_seed-20260811,awgn,30,20260811,28.37026220979243,27,4708,768,512,393216,b71c8d399badcbc071aa63f01e1a49d6944f5dea1af29c76fea8581a335b8197,opencv_444,f6673e301575d77826e2e2a0bfc4fc8a81f76c42e16d7de3c38d58c4390d5b21,073abd496b427fca6c11302768c3f76f99365467e84cfc3debe05867c976acfe,0ec6dd9876c269c0832e0a64ab20c015c6c839d266e108c88b30aa28c77391f9,True,True,91.06578122767347,60.11450955904773,0.8638457994163723,1.8410907616370744,3.5710087021616572,0.5758055616583896
div2k_validation,0889.png,0889_6ab1cfddebd6__awgn_30_seed-20260811,awgn,30,20260811,28.37026220979243,32,3882,768,512,393216,b71c8d399badcbc071aa63f01e1a49d6944f5dea1af29c76fea8581a335b8197,opencv_444,f6673e301575d77826e2e2a0bfc4fc8a81f76c42e16d7de3c38d58c4390d5b21,073abd496b427fca6c11302768c3f76f99365467e84cfc3debe05867c976acfe,0ec6dd9876c269c0832e0a64ab20c015c6c839d266e108c88b30aa28c77391f9,True,True,91.06578122767347,60.11450955904773,0.8638457994163723,1.8410907616370744,3.5710087021616572,0.5758055616583896
div2k_validation,0889.png,0889_6ab1cfddebd6__awgn_30_seed-20260811,awgn,30,20260811,28.37026220979243,37,3751,768,512,393216,b71c8d399badcbc071aa63f01e1a49d6944f5dea1af29c76fea8581a335b8197,opencv_444,f6673e301575d77826e2e2a0bfc4fc8a81f76c42e16d7de3c38d58c4390d5b21,073abd496b427fca6c11302768c3f76f99365467e84cfc3debe05867c976acfe,0ec6dd9876c269c0832e0a64ab20c015c6c839d266e108c88b30aa28c77391f9,True,True,91.06578122767347,60.11450955904773,0.8638457994163723,1.8410907616370744,3.5710087021616572,0.5758055616583896
div2k_validation,0889.png,0889_6ab1cfddebd6__awgn_30_seed-20260812,awgn,30,20260812,28.386311969228327,22,5171,768,512,393216,bab34b93d5b76a478f82a4b5bd0cc8db379c0727cfe4e89884c218f8f09e03e3,opencv_444,f6673e301575d77826e2e2a0bfc4fc8a81f76c42e16d7de3c38d58c4390d5b21,073abd496b427fca6c11302768c3f76f99365467e84cfc3debe05867c976acfe,0ec6dd9876c269c0832e0a64ab20c015c6c839d266e108c88b30aa28c77391f9,True,True,91.2008783418807,60.188611654821216,0.8639891465724671,1.8434041291832297,3.5720610669946695,0.5755786838114578
div2k_validation,0889.png,0889_6ab1cfddebd6__awgn_30_seed-20260812,awgn,30,20260812,28.386311969228327,27,4455,768,512,393216,bab34b93d5b76a478f82a4b5bd0cc8db379c0727cfe4e89884c218f8f09e03e3,opencv_444,f6673e301575d77826e2e2a0bfc4fc8a81f76c42e16d7de3c38d58c4390d5b21,073abd496b427fca6c11302768c3f76f99365467e84cfc3debe05867c976acfe,0ec6dd9876c269c0832e0a64ab20c015c6c839d266e108c88b30aa28c77391f9,True,True,91.2008783418807,60.188611654821216,0.8639891465724671,1.8434041291832297,3.5720610669946695,0.5755786838114578
div2k_validation,0889.png,0889_6ab1cfddebd6__awgn_30_seed-20260812,awgn,30,20260812,28.386311969228327,32,3900,768,512,393216,bab34b93d5b76a478f82a4b5bd0cc8db379c0727cfe4e89884c218f8f09e03e3,opencv_444,f6673e301575d77826e2e2a0bfc4fc8a81f76c42e16d7de3c38d58c4390d5b21,073abd496b427fca6c11302768c3f76f99365467e84cfc3debe05867c976acfe,0ec6dd9876c269c0832e0a64ab20c015c6c839d266e108c88b30aa28c77391f9,True,True,91.2008783418807,60.188611654821216,0.8639891465724671,1.8434041291832297,3.5720610669946695,0.5755786838114578
div2k_validation,0889.png,0889_6ab1cfddebd6__awgn_30_seed-20260812,awgn,30,20260812,28.386311969228327,37,4002,768,512,393216,bab34b93d5b76a478f82a4b5bd0cc8db379c0727cfe4e89884c218f8f09e03e3,opencv_444,f6673e301575d77826e2e2a0bfc4fc8a81f76c42e16d7de3c38d58c4390d5b21,073abd496b427fca6c11302768c3f76f99365467e84cfc3debe05867c976acfe,0ec6dd9876c269c0832e0a64ab20c015c6c839d266e108c88b30aa28c77391f9,True,True,91.2008783418807,60.188611654821216,0.8639891465724671,1.8434041291832297,3.5720610669946695,0.5755786838114578
div2k_validation,0889.png,0889_6ab1cfddebd6__awgn_30_seed-20260813,awgn,30,20260813,28.395527185668136,22,5200,768,512,393216,60dac75c965e63f507eca6a2b80ff041865bac779f57304d9c7d7a6cfb0f4571,opencv_444,f6673e301575d77826e2e2a0bfc4fc8a81f76c42e16d7de3c38d58c4390d5b21,073abd496b427fca6c11302768c3f76f99365467e84cfc3debe05867c976acfe,0ec6dd9876c269c0832e0a64ab20c015c6c839d266e108c88b30aa28c77391f9,True,True,91.39666723578968,60.14029839269784,0.8651922387754057,1.842922436636952,3.571566849411278,0.5755195560814108
div2k_validation,0889.png,0889_6ab1cfddebd6__awgn_30_seed-20260813,awgn,30,20260813,28.395527185668136,27,4831,768,512,393216,60dac75c965e63f507eca6a2b80ff041865bac779f57304d9c7d7a6cfb0f4571,opencv_444,f6673e301575d77826e2e2a0bfc4fc8a81f76c42e16d7de3c38d58c4390d5b21,073abd496b427fca6c11302768c3f76f99365467e84cfc3debe05867c976acfe,0ec6dd9876c269c0832e0a64ab20c015c6c839d266e108c88b30aa28c77391f9,True,True,91.39666723578968,60.14029839269784,0.8651922387754057,1.842922436636952,3.571566849411278,0.5755195560814108
div2k_validation,0889.png,0889_6ab1cfddebd6__awgn_30_seed-20260813,awgn,30,20260813,28.395527185668136,32,3990,768,512,393216,60dac75c965e63f507eca6a2b80ff041865bac779f57304d9c7d7a6cfb0f4571,opencv_444,f6673e301575d77826e2e2a0bfc4fc8a81f76c42e16d7de3c38d58c4390d5b21,073abd496b427fca6c11302768c3f76f99365467e84cfc3debe05867c976acfe,0ec6dd9876c269c0832e0a64ab20c015c6c839d266e108c88b30aa28c77391f9,True,True,91.39666723578968,60.14029839269784,0.8651922387754057,1.842922436636952,3.571566849411278,0.5755195560814108
div2k_validation,0889.png,0889_6ab1cfddebd6__awgn_30_seed-20260813,awgn,30,20260813,28.395527185668136,37,3632,768,512,393216,60dac75c965e63f507eca6a2b80ff041865bac779f57304d9c7d7a6cfb0f4571,opencv_444,f6673e301575d77826e2e2a0bfc4fc8a81f76c42e16d7de3c38d58c4390d5b21,073abd496b427fca6c11302768c3f76f99365467e84cfc3debe05867c976acfe,0ec6dd9876c269c0832e0a64ab20c015c6c839d266e108c88b30aa28c77391f9,True,True,91.39666723578968,60.14029839269784,0.8651922387754057,1.842922436636952,3.571566849411278,0.5755195560814108
div2k_validation,0889.png,0889_6ab1cfddebd6__clean_0,clean,0,,0.0,22,7485,768,512,393216,6ab1cfddebd6142bb73bdae7980d0a48416cfaa75666a58a8476b616ed7a8bf4,opencv_444,f6673e301575d77826e2e2a0bfc4fc8a81f76c42e16d7de3c38d58c4390d5b21,073abd496b427fca6c11302768c3f76f99365467e84cfc3debe05867c976acfe,0ec6dd9876c269c0832e0a64ab20c015c6c839d266e108c88b30aa28c77391f9,True,True,83.79673361946512,55.191157875388214,0.3341524599395894,0.2956841729878356,2.598544019032569,0.8931533761455684
div2k_validation,0889.png,0889_6ab1cfddebd6__clean_0,clean,0,,0.0,27,6009,768,512,393216,6ab1cfddebd6142bb73bdae7980d0a48416cfaa75666a58a8476b616ed7a8bf4,opencv_444,f6673e301575d77826e2e2a0bfc4fc8a81f76c42e16d7de3c38d58c4390d5b21,073abd496b427fca6c11302768c3f76f99365467e84cfc3debe05867c976acfe,0ec6dd9876c269c0832e0a64ab20c015c6c839d266e108c88b30aa28c77391f9,True,True,83.79673361946512,55.191157875388214,0.3341524599395894,0.2956841729878356,2.598544019032569,0.8931533761455684
div2k_validation,0889.png,0889_6ab1cfddebd6__clean_0,clean,0,,0.0,32,4421,768,512,393216,6ab1cfddebd6142bb73bdae7980d0a48416cfaa75666a58a8476b616ed7a8bf4,opencv_444,f6673e301575d77826e2e2a0bfc4fc8a81f76c42e16d7de3c38d58c4390d5b21,073abd496b427fca6c11302768c3f76f99365467e84cfc3debe05867c976acfe,0ec6dd9876c269c0832e0a64ab20c015c6c839d266e108c88b30aa28c77391f9,True,True,83.79673361946512,55.191157875388214,0.3341524599395894,0.2956841729878356,2.598544019032569,0.8931533761455684
div2k_validation,0889.png,0889_6ab1cfddebd6__clean_0,clean,0,,0.0,37,3042,768,512,393216,6ab1cfddebd6142bb73bdae7980d0a48416cfaa75666a58a8476b616ed7a8bf4,opencv_444,f6673e301575d77826e2e2a0bfc4fc8a81f76c42e16d7de3c38d58c4390d5b21,073abd496b427fca6c11302768c3f76f99365467e84cfc3debe05867c976acfe,0ec6dd9876c269c0832e0a64ab20c015c6c839d266e108c88b30aa28c77391f9,True,True,83.79673361946512,55.191157875388214,0.3341524599395894,0.2956841729878356,2.598544019032569,0.8931533761455684
div2k_validation,0891.png,0891_7f2eb02a190e__awgn_30_seed-20260811,awgn,30,20260811,28.530520777664165,22,4439,768,512,393216,48b89f0d0dc94086b56229a0d7edad3960e1b9956d18bb6c0e5b0c1876d11945,opencv_444,f6673e301575d77826e2e2a0bfc4fc8a81f76c42e16d7de3c38d58c4390d5b21,073abd496b427fca6c11302768c3f76f99365467e84cfc3debe05867c976acfe,0ec6dd9876c269c0832e0a64ab20c015c6c839d266e108c88b30aa28c77391f9,True,True,104.8685022469381,55.373124307936756,0.8671299851533303,1.9917516509781599,3.535455918564864,0.5633053848756208
div2k_validation,0891.png,0891_7f2eb02a190e__awgn_30_seed-20260811,awgn,30,20260811,28.530520777664165,27,4303,768,512,393216,48b89f0d0dc94086b56229a0d7edad3960e1b9956d18bb6c0e5b0c1876d11945,opencv_444,f6673e301575d77826e2e2a0bfc4fc8a81f76c42e16d7de3c38d58c4390d5b21,073abd496b427fca6c11302768c3f76f99365467e84cfc3debe05867c976acfe,0ec6dd9876c269c0832e0a64ab20c015c6c839d266e108c88b30aa28c77391f9,True,True,104.8685022469381,55.373124307936756,0.8671299851533303,1.9917516509781599,3.535455918564864,0.5633053848756208
div2k_validation,0891.png,0891_7f2eb02a190e__awgn_30_seed-20260811,awgn,30,20260811,28.530520777664165,32,3815,768,512,393216,48b89f0d0dc94086b56229a0d7edad3960e1b9956d18bb6c0e5b0c1876d11945,opencv_444,f6673e301575d77826e2e2a0bfc4fc8a81f76c42e16d7de3c38d58c4390d5b21,073abd496b427fca6c11302768c3f76f99365467e84cfc3debe05867c976acfe,0ec6dd9876c269c0832e0a64ab20c015c6c839d266e108c88b30aa28c77391f9,True,True,104.8685022469381,55.373124307936756,0.8671299851533303,1.9917516509781599,3.535455918564864,0.5633053848756208
div2k_validation,0891.png,0891_7f2eb02a190e__awgn_30_seed-20260811,awgn,30,20260811,28.530520777664165,37,3809,768,512,393216,48b89f0d0dc94086b56229a0d7edad3960e1b9956d18bb6c0e5b0c1876d11945,opencv_444,f6673e301575d77826e2e2a0bfc4fc8a81f76c42e16d7de3c38d58c4390d5b21,073abd496b427fca6c11302768c3f76f99365467e84cfc3debe05867c976acfe,0ec6dd9876c269c0832e0a64ab20c015c6c839d266e108c88b30aa28c77391f9,True,True,104.8685022469381,55.373124307936756,0.8671299851533303,1.9917516509781599,3.535455918564864,0.5633053848756208
div2k_validation,0891.png,0891_7f2eb02a190e__awgn_30_seed-20260812,awgn,30,20260812,28.523328547050653,22,4494,768,512,393216,543061ae02003d2ddd84d560913c035c9a039c46308165b7f350e02865756a1e,opencv_444,f6673e301575d77826e2e2a0bfc4fc8a81f76c42e16d7de3c38d58c4390d5b21,073abd496b427fca6c11302768c3f76f99365467e84cfc3debe05867c976acfe,0ec6dd9876c269c0832e0a64ab20c015c6c839d266e108c88b30aa28c77391f9,True,True,104.71362171241151,55.38335246008318,0.8683714739159372,1.9846600027555448,3.5342892624147186,0.563812613347128
div2k_validation,0891.png,0891_7f2eb02a190e__awgn_30_seed-20260812,awgn,30,20260812,28.523328547050653,27,4389,768,512,393216,543061ae02003d2ddd84d560913c035c9a039c46308165b7f350e02865756a1e,opencv_444,f6673e301575d77826e2e2a0bfc4fc8a81f76c42e16d7de3c38d58c4390d5b21,073abd496b427fca6c11302768c3f76f99365467e84cfc3debe05867c976acfe,0ec6dd9876c269c0832e0a64ab20c015c6c839d266e108c88b30aa28c77391f9,True,True,104.71362171241151,55.38335246008318,0.8683714739159372,1.9846600027555448,3.5342892624147186,0.563812613347128
div2k_validation,0891.png,0891_7f2eb02a190e__awgn_30_seed-20260812,awgn,30,20260812,28.523328547050653,32,3859,768,512,393216,543061ae02003d2ddd84d560913c035c9a039c46308165b7f350e02865756a1e,opencv_444,f6673e301575d77826e2e2a0bfc4fc8a81f76c42e16d7de3c38d58c4390d5b21,073abd496b427fca6c11302768c3f76f99365467e84cfc3debe05867c976acfe,0ec6dd9876c269c0832e0a64ab20c015c6c839d266e108c88b30aa28c77391f9,True,True,104.71362171241151,55.38335246008318,0.8683714739159372,1.9846600027555448,3.5342892624147186,0.563812613347128
div2k_validation,0891.png,0891_7f2eb02a190e__awgn_30_seed-20260812,awgn,30,20260812,28.523328547050653,37,3907,768,512,393216,543061ae02003d2ddd84d560913c035c9a039c46308165b7f350e02865756a1e,opencv_444,f6673e301575d77826e2e2a0bfc4fc8a81f76c42e16d7de3c38d58c4390d5b21,073abd496b427fca6c11302768c3f76f99365467e84cfc3debe05867c976acfe,0ec6dd9876c269c0832e0a64ab20c015c6c839d266e108c88b30aa28c77391f9,True,True,104.71362171241151,55.38335246008318,0.8683714739159372,1.9846600027555448,3.5342892624147186,0.563812613347128
div2k_validation,0891.png,0891_7f2eb02a190e__awgn_30_seed-20260813,awgn,30,20260813,28.54949766519932,22,4758,768,512,393216,6362f3201b4bcb85c9da1939636c8c559d6f838f5d1695d6a3d089ca2685788b,opencv_444,f6673e301575d77826e2e2a0bfc4fc8a81f76c42e16d7de3c38d58c4390d5b21,073abd496b427fca6c11302768c3f76f99365467e84cfc3debe05867c976acfe,0ec6dd9876c269c0832e0a64ab20c015c6c839d266e108c88b30aa28c77391f9,True,True,104.95210245866774,55.3961861466333,0.8679695899247427,1.9912864654892983,3.536582523917388,0.5632843667144122
div2k_validation,0891.png,0891_7f2eb02a190e__awgn_30_seed-20260813,awgn,30,20260813,28.54949766519932,27,4328,768,512,393216,6362f3201b4bcb85c9da1939636c8c559d6f838f5d1695d6a3d089ca2685788b,opencv_444,f6673e301575d77826e2e2a0bfc4fc8a81f76c42e16d7de3c38d58c4390d5b21,073abd496b427fca6c11302768c3f76f99365467e84cfc3debe05867c976acfe,0ec6dd9876c269c0832e0a64ab20c015c6c839d266e108c88b30aa28c77391f9,True,True,104.95210245866774,55.3961861466333,0.8679695899247427,1.9912864654892983,3.536582523917388,0.5632843667144122
div2k_validation,0891.png,0891_7f2eb02a190e__awgn_30_seed-20260813,awgn,30,20260813,28.54949766519932,32,3675,768,512,393216,6362f3201b4bcb85c9da1939636c8c559d6f838f5d1695d6a3d089ca2685788b,opencv_444,f6673e301575d77826e2e2a0bfc4fc8a81f76c42e16d7de3c38d58c4390d5b21,073abd496b427fca6c11302768c3f76f99365467e84cfc3debe05867c976acfe,0ec6dd9876c269c0832e0a64ab20c015c6c839d266e108c88b30aa28c77391f9,True,True,104.95210245866774,55.3961861466333,0.8679695899247427,1.9912864654892983,3.536582523917388,0.5632843667144122
div2k_validation,0891.png,0891_7f2eb02a190e__awgn_30_seed-20260813,awgn,30,20260813,28.54949766519932,37,3937,768,512,393216,6362f3201b4bcb85c9da1939636c8c559d6f838f5d1695d6a3d089ca2685788b,opencv_444,f6673e301575d77826e2e2a0bfc4fc8a81f76c42e16d7de3c38d58c4390d5b21,073abd496b427fca6c11302768c3f76f99365467e84cfc3debe05867c976acfe,0ec6dd9876c269c0832e0a64ab20c015c6c839d266e108c88b30aa28c77391f9,True,True,104.95210245866774,55.3961861466333,0.8679695899247427,1.9912864654892983,3.536582523917388,0.5632843667144122
div2k_validation,0891.png,0891_7f2eb02a190e__clean_0,clean,0,,0.0,22,6961,768,512,393216,7f2eb02a190e287538efe80c8d5e7a870ce10ae7496b3a89270ce56d753ac351,opencv_444,f6673e301575d77826e2e2a0bfc4fc8a81f76c42e16d7de3c38d58c4390d5b21,073abd496b427fca6c11302768c3f76f99365467e84cfc3debe05867c976acfe,0ec6dd9876c269c0832e0a64ab20c015c6c839d266e108c88b30aa28c77391f9,True,True,108.65738144466147,48.76770277684798,0.24931398146726053,0.4088723049120458,2.4566993180087304,0.8985396233713827
div2k_validation,0891.png,0891_7f2eb02a190e__clean_0,clean,0,,0.0,27,5460,768,512,393216,7f2eb02a190e287538efe80c8d5e7a870ce10ae7496b3a89270ce56d753ac351,opencv_444,f6673e301575d77826e2e2a0bfc4fc8a81f76c42e16d7de3c38d58c4390d5b21,073abd496b427fca6c11302768c3f76f99365467e84cfc3debe05867c976acfe,0ec6dd9876c269c0832e0a64ab20c015c6c839d266e108c88b30aa28c77391f9,True,True,108.65738144466147,48.76770277684798,0.24931398146726053,0.4088723049120458,2.4566993180087304,0.8985396233713827
div2k_validation,0891.png,0891_7f2eb02a190e__clean_0,clean,0,,0.0,32,4328,768,512,393216,7f2eb02a190e287538efe80c8d5e7a870ce10ae7496b3a89270ce56d753ac351,opencv_444,f6673e301575d77826e2e2a0bfc4fc8a81f76c42e16d7de3c38d58c4390d5b21,073abd496b427fca6c11302768c3f76f99365467e84cfc3debe05867c976acfe,0ec6dd9876c269c0832e0a64ab20c015c6c839d266e108c88b30aa28c77391f9,True,True,108.65738144466147,48.76770277684798,0.24931398146726053,0.4088723049120458,2.4566993180087304,0.8985396233713827
div2k_validation,0891.png,0891_7f2eb02a190e__clean_0,clean,0,,0.0,37,3116,768,512,393216,7f2eb02a190e287538efe80c8d5e7a870ce10ae7496b3a89270ce56d753ac351,opencv_444,f6673e301575d77826e2e2a0bfc4fc8a81f76c42e16d7de3c38d58c4390d5b21,073abd496b427fca6c11302768c3f76f99365467e84cfc3debe05867c976acfe,0ec6dd9876c269c0832e0a64ab20c015c6c839d266e108c88b30aa28c77391f9,True,True,108.65738144466147,48.76770277684798,0.24931398146726053,0.4088723049120458,2.4566993180087304,0.8985396233713827
div2k_validation,0892.png,0892_88bc09c5d553__awgn_30_seed-20260811,awgn,30,20260811,29.55701333787365,22,3775,768,512,393216,ba39a1c639a9d7f547ab5729a720f6598b73c7aaf14b8ed5f5f2136e8028c90e,opencv_444,f6673e301575d77826e2e2a0bfc4fc8a81f76c42e16d7de3c38d58c4390d5b21,073abd496b427fca6c11302768c3f76f99365467e84cfc3debe05867c976acfe,0ec6dd9876c269c0832e0a64ab20c015c6c839d266e108c88b30aa28c77391f9,True,True,112.1407075099525,54.580625396489204,0.894035734398198,2.207147046488684,3.6170493038450813,0.5401152028409975
div2k_validation,0892.png,0892_88bc09c5d553__awgn_30_seed-20260811,awgn,30,20260811,29.55701333787365,27,3865,768,512,393216,ba39a1c639a9d7f547ab5729a720f6598b73c7aaf14b8ed5f5f2136e8028c90e,opencv_444,f6673e301575d77826e2e2a0bfc4fc8a81f76c42e16d7de3c38d58c4390d5b21,073abd496b427fca6c11302768c3f76f99365467e84cfc3debe05867c976acfe,0ec6dd9876c269c0832e0a64ab20c015c6c839d266e108c88b30aa28c77391f9,True,True,112.1407075099525,54.580625396489204,0.894035734398198,2.207147046488684,3.6170493038450813,0.5401152028409975
div2k_validation,0892.png,0892_88bc09c5d553__awgn_30_seed-20260811,awgn,30,20260811,29.55701333787365,32,3318,768,512,393216,ba39a1c639a9d7f547ab5729a720f6598b73c7aaf14b8ed5f5f2136e8028c90e,opencv_444,f6673e301575d77826e2e2a0bfc4fc8a81f76c42e16d7de3c38d58c4390d5b21,073abd496b427fca6c11302768c3f76f99365467e84cfc3debe05867c976acfe,0ec6dd9876c269c0832e0a64ab20c015c6c839d266e108c88b30aa28c77391f9,True,True,112.1407075099525,54.580625396489204,0.894035734398198,2.207147046488684,3.6170493038450813,0.5401152028409975
div2k_validation,0892.png,0892_88bc09c5d553__awgn_30_seed-20260811,awgn,30,20260811,29.55701333787365,37,3582,768,512,393216,ba39a1c639a9d7f547ab5729a720f6598b73c7aaf14b8ed5f5f2136e8028c90e,opencv_444,f6673e301575d77826e2e2a0bfc4fc8a81f76c42e16d7de3c38d58c4390d5b21,073abd496b427fca6c11302768c3f76f99365467e84cfc3debe05867c976acfe,0ec6dd9876c269c0832e0a64ab20c015c6c839d266e108c88b30aa28c77391f9,True,True,112.1407075099525,54.580625396489204,0.894035734398198,2.207147046488684,3.6170493038450813,0.5401152028409975
div2k_validation,0892.png,0892_88bc09c5d553__awgn_30_seed-20260812,awgn,30,20260812,29.46275176311741,22,4185,768,512,393216,93039355152596d4a88c91a36b120d3eaafb05a8ec10d82f0011f9537d315f70,opencv_444,f6673e301575d77826e2e2a0bfc4fc8a81f76c42e16d7de3c38d58c4390d5b21,073abd496b427fca6c11302768c3f76f99365467e84cfc3debe05867c976acfe,0ec6dd9876c269c0832e0a64ab20c015c6c839d266e108c88b30aa28c77391f9,True,True,111.94519472279484,54.52382666563684,0.8920007167357805,2.1905582303439126,3.6131066013558,0.5413064467650885
div2k_validation,0892.png,0892_88bc09c5d553__awgn_30_seed-20260812,awgn,30,20260812,29.46275176311741,27,4082,768,512,393216,93039355152596d4a88c91a36b120d3eaafb05a8ec10d82f0011f9537d315f70,opencv_444,f6673e301575d77826e2e2a0bfc4fc8a81f76c42e16d7de3c38d58c4390d5b21,073abd496b427fca6c11302768c3f76f99365467e84cfc3debe05867c976acfe,0ec6dd9876c269c0832e0a64ab20c015c6c839d266e108c88b30aa28c77391f9,True,True,111.94519472279484,54.52382666563684,0.8920007167357805,2.1905582303439126,3.6131066013558,0.5413064467650885
div2k_validation,0892.png,0892_88bc09c5d553__awgn_30_seed-20260812,awgn,30,20260812,29.46275176311741,32,3371,768,512,393216,93039355152596d4a88c91a36b120d3eaafb05a8ec10d82f0011f9537d315f70,opencv_444,f6673e301575d77826e2e2a0bfc4fc8a81f76c42e16d7de3c38d58c4390d5b21,073abd496b427fca6c11302768c3f76f99365467e84cfc3debe05867c976acfe,0ec6dd9876c269c0832e0a64ab20c015c6c839d266e108c88b30aa28c77391f9,True,True,111.94519472279484,54.52382666563684,0.8920007167357805,2.1905582303439126,3.6131066013558,0.5413064467650885
div2k_validation,0892.png,0892_88bc09c5d553__awgn_30_seed-20260812,awgn,30,20260812,29.46275176311741,37,3550,768,512,393216,93039355152596d4a88c91a36b120d3eaafb05a8ec10d82f0011f9537d315f70,opencv_444,f6673e301575d77826e2e2a0bfc4fc8a81f76c42e16d7de3c38d58c4390d5b21,073abd496b427fca6c11302768c3f76f99365467e84cfc3debe05867c976acfe,0ec6dd9876c269c0832e0a64ab20c015c6c839d266e108c88b30aa28c77391f9,True,True,111.94519472279484,54.52382666563684,0.8920007167357805,2.1905582303439126,3.6131066013558,0.5413064467650885
div2k_validation,0892.png,0892_88bc09c5d553__awgn_30_seed-20260813,awgn,30,20260813,29.52155744749888,22,4157,768,512,393216,457f387ce612d8b6b3bdb17fc9466d9c2a306f9bbba6d3e9ed517eda89732ce1,opencv_444,f6673e301575d77826e2e2a0bfc4fc8a81f76c42e16d7de3c38d58c4390d5b21,073abd496b427fca6c11302768c3f76f99365467e84cfc3debe05867c976acfe,0ec6dd9876c269c0832e0a64ab20c015c6c839d266e108c88b30aa28c77391f9,True,True,112.30250726234637,54.560961585284915,0.8928633594429939,2.19711123895616,3.6149535031395814,0.5405414595357516
div2k_validation,0892.png,0892_88bc09c5d553__awgn_30_seed-20260813,awgn,30,20260813,29.52155744749888,27,3950,768,512,393216,457f387ce612d8b6b3bdb17fc9466d9c2a306f9bbba6d3e9ed517eda89732ce1,opencv_444,f6673e301575d77826e2e2a0bfc4fc8a81f76c42e16d7de3c38d58c4390d5b21,073abd496b427fca6c11302768c3f76f99365467e84cfc3debe05867c976acfe,0ec6dd9876c269c0832e0a64ab20c015c6c839d266e108c88b30aa28c77391f9,True,True,112.30250726234637,54.560961585284915,0.8928633594429939,2.19711123895616,3.6149535031395814,0.5405414595357516
div2k_validation,0892.png,0892_88bc09c5d553__awgn_30_seed-20260813,awgn,30,20260813,29.52155744749888,32,3234,768,512,393216,457f387ce612d8b6b3bdb17fc9466d9c2a306f9bbba6d3e9ed517eda89732ce1,opencv_444,f6673e301575d77826e2e2a0bfc4fc8a81f76c42e16d7de3c38d58c4390d5b21,073abd496b427fca6c11302768c3f76f99365467e84cfc3debe05867c976acfe,0ec6dd9876c269c0832e0a64ab20c015c6c839d266e108c88b30aa28c77391f9,True,True,112.30250726234637,54.560961585284915,0.8928633594429939,2.19711123895616,3.6149535031395814,0.5405414595357516
div2k_validation,0892.png,0892_88bc09c5d553__awgn_30_seed-20260813,awgn,30,20260813,29.52155744749888,37,3574,768,512,393216,457f387ce612d8b6b3bdb17fc9466d9c2a306f9bbba6d3e9ed517eda89732ce1,opencv_444,f6673e301575d77826e2e2a0bfc4fc8a81f76c42e16d7de3c38d58c4390d5b21,073abd496b427fca6c11302768c3f76f99365467e84cfc3debe05867c976acfe,0ec6dd9876c269c0832e0a64ab20c015c6c839d266e108c88b30aa28c77391f9,True,True,112.30250726234637,54.560961585284915,0.8928633594429939,2.19711123895616,3.6149535031395814,0.5405414595357516
div2k_validation,0892.png,0892_88bc09c5d553__clean_0,clean,0,,0.0,22,6420,768,512,393216,88bc09c5d553d90b31aeafd28ba72a79156395b0f15fe2c3be7998b064c2bf4b,opencv_444,f6673e301575d77826e2e2a0bfc4fc8a81f76c42e16d7de3c38d58c4390d5b21,073abd496b427fca6c11302768c3f76f99365467e84cfc3debe05867c976acfe,0ec6dd9876c269c0832e0a64ab20c015c6c839d266e108c88b30aa28c77391f9,True,True,114.58670375977967,46.37073659488947,0.4079864844109968,0.49977513484243535,2.6241973665889016,0.8562979665753772
div2k_validation,0892.png,0892_88bc09c5d553__clean_0,clean,0,,0.0,27,5583,768,512,393216,88bc09c5d553d90b31aeafd28ba72a79156395b0f15fe2c3be7998b064c2bf4b,opencv_444,f6673e301575d77826e2e2a0bfc4fc8a81f76c42e16d7de3c38d58c4390d5b21,073abd496b427fca6c11302768c3f76f99365467e84cfc3debe05867c976acfe,0ec6dd9876c269c0832e0a64ab20c015c6c839d266e108c88b30aa28c77391f9,True,True,114.58670375977967,46.37073659488947,0.4079864844109968,0.49977513484243535,2.6241973665889016,0.8562979665753772
div2k_validation,0892.png,0892_88bc09c5d553__clean_0,clean,0,,0.0,32,4487,768,512,393216,88bc09c5d553d90b31aeafd28ba72a79156395b0f15fe2c3be7998b064c2bf4b,opencv_444,f6673e301575d77826e2e2a0bfc4fc8a81f76c42e16d7de3c38d58c4390d5b21,073abd496b427fca6c11302768c3f76f99365467e84cfc3debe05867c976acfe,0ec6dd9876c269c0832e0a64ab20c015c6c839d266e108c88b30aa28c77391f9,True,True,114.58670375977967,46.37073659488947,0.4079864844109968,0.49977513484243535,2.6241973665889016,0.8562979665753772
div2k_validation,0892.png,0892_88bc09c5d553__clean_0,clean,0,,0.0,37,3451,768,512,393216,88bc09c5d553d90b31aeafd28ba72a79156395b0f15fe2c3be7998b064c2bf4b,opencv_444,f6673e301575d77826e2e2a0bfc4fc8a81f76c42e16d7de3c38d58c4390d5b21,073abd496b427fca6c11302768c3f76f99365467e84cfc3debe05867c976acfe,0ec6dd9876c269c0832e0a64ab20c015c6c839d266e108c88b30aa28c77391f9,True,True,114.58670375977967,46.37073659488947,0.4079864844109968,0.49977513484243535,2.6241973665889016,0.8562979665753772
div2k_validation,0894.png,0894_48a5637ab170__awgn_30_seed-20260811,awgn,30,20260811,27.840058875186095,22,4349,768,512,393216,8dd45bfdc076d4b86a2f61d7762ba4ec83e3c4f77d01ec16f8d36accbef07bb8,opencv_444,f6673e301575d77826e2e2a0bfc4fc8a81f76c42e16d7de3c38d58c4390d5b21,073abd496b427fca6c11302768c3f76f99365467e84cfc3debe05867c976acfe,0ec6dd9876c269c0832e0a64ab20c015c6c839d266e108c88b30aa28c77391f9,True,True,84.62355471401109,72.98741826681054,0.8396610863666616,1.6553925192045638,3.5217754306544453,0.5947970818574023
div2k_validation,0894.png,0894_48a5637ab170__awgn_30_seed-20260811,awgn,30,20260811,27.840058875186095,27,4046,768,512,393216,8dd45bfdc076d4b86a2f61d7762ba4ec83e3c4f77d01ec16f8d36accbef07bb8,opencv_444,f6673e301575d77826e2e2a0bfc4fc8a81f76c42e16d7de3c38d58c4390d5b21,073abd496b427fca6c11302768c3f76f99365467e84cfc3debe05867c976acfe,0ec6dd9876c269c0832e0a64ab20c015c6c839d266e108c88b30aa28c77391f9,True,True,84.62355471401109,72.98741826681054,0.8396610863666616,1.6553925192045638,3.5217754306544453,0.5947970818574023
div2k_validation,0894.png,0894_48a5637ab170__awgn_30_seed-20260811,awgn,30,20260811,27.840058875186095,32,3237,768,512,393216,8dd45bfdc076d4b86a2f61d7762ba4ec83e3c4f77d01ec16f8d36accbef07bb8,opencv_444,f6673e301575d77826e2e2a0bfc4fc8a81f76c42e16d7de3c38d58c4390d5b21,073abd496b427fca6c11302768c3f76f99365467e84cfc3debe05867c976acfe,0ec6dd9876c269c0832e0a64ab20c015c6c839d266e108c88b30aa28c77391f9,True,True,84.62355471401109,72.98741826681054,0.8396610863666616,1.6553925192045638,3.5217754306544453,0.5947970818574023
div2k_validation,0894.png,0894_48a5637ab170__awgn_30_seed-20260811,awgn,30,20260811,27.840058875186095,37,3568,768,512,393216,8dd45bfdc076d4b86a2f61d7762ba4ec83e3c4f77d01ec16f8d36accbef07bb8,opencv_444,f6673e301575d77826e2e2a0bfc4fc8a81f76c42e16d7de3c38d58c4390d5b21,073abd496b427fca6c11302768c3f76f99365467e84cfc3debe05867c976acfe,0ec6dd9876c269c0832e0a64ab20c015c6c839d266e108c88b30aa28c77391f9,True,True,84.62355471401109,72.98741826681054,0.8396610863666616,1.6553925192045638,3.5217754306544453,0.5947970818574023
div2k_validation,0894.png,0894_48a5637ab170__awgn_30_seed-20260812,awgn,30,20260812,27.781851557085634,22,4081,768,512,393216,cbd1ed2f7e12a268508bd735c4c5bffe9763754ea92aa9faba628e2899d960e8,opencv_444,f6673e301575d77826e2e2a0bfc4fc8a81f76c42e16d7de3c38d58c4390d5b21,073abd496b427fca6c11302768c3f76f99365467e84cfc3debe05867c976acfe,0ec6dd9876c269c0832e0a64ab20c015c6c839d266e108c88b30aa28c77391f9,True,True,84.82859606920285,73.03533332508013,0.8390083448523012,1.6524378821697323,3.5206390256665996,0.59559905041016
div2k_validation,0894.png,0894_48a5637ab170__awgn_30_seed-20260812,awgn,30,20260812,27.781851557085634,27,3993,768,512,393216,cbd1ed2f7e12a268508bd735c4c5bffe9763754ea92aa9faba628e2899d960e8,opencv_444,f6673e301575d77826e2e2a0bfc4fc8a81f76c42e16d7de3c38d58c4390d5b21,073abd496b427fca6c11302768c3f76f99365467e84cfc3debe05867c976acfe,0ec6dd9876c269c0832e0a64ab20c015c6c839d266e108c88b30aa28c77391f9,True,True,84.82859606920285,73.03533332508013,0.8390083448523012,1.6524378821697323,3.5206390256665996,0.59559905041016
div2k_validation,0894.png,0894_48a5637ab170__awgn_30_seed-20260812,awgn,30,20260812,27.781851557085634,32,3300,768,512,393216,cbd1ed2f7e12a268508bd735c4c5bffe9763754ea92aa9faba628e2899d960e8,opencv_444,f6673e301575d77826e2e2a0bfc4fc8a81f76c42e16d7de3c38d58c4390d5b21,073abd496b427fca6c11302768c3f76f99365467e84cfc3debe05867c976acfe,0ec6dd9876c269c0832e0a64ab20c015c6c839d266e108c88b30aa28c77391f9,True,True,84.82859606920285,73.03533332508013,0.8390083448523012,1.6524378821697323,3.5206390256665996,0.59559905041016
div2k_validation,0894.png,0894_48a5637ab170__awgn_30_seed-20260812,awgn,30,20260812,27.781851557085634,37,3532,768,512,393216,cbd1ed2f7e12a268508bd735c4c5bffe9763754ea92aa9faba628e2899d960e8,opencv_444,f6673e301575d77826e2e2a0bfc4fc8a81f76c42e16d7de3c38d58c4390d5b21,073abd496b427fca6c11302768c3f76f99365467e84cfc3debe05867c976acfe,0ec6dd9876c269c0832e0a64ab20c015c6c839d266e108c88b30aa28c77391f9,True,True,84.82859606920285,73.03533332508013,0.8390083448523012,1.6524378821697323,3.5206390256665996,0.59559905041016
div2k_validation,0894.png,0894_48a5637ab170__awgn_30_seed-20260813,awgn,30,20260813,27.92257612700446,22,4010,768,512,393216,c7a6ae447d81910a9e43b3ffad57c9952166a8325de8bde254e47eedabde4329,opencv_444,f6673e301575d77826e2e2a0bfc4fc8a81f76c42e16d7de3c38d58c4390d5b21,073abd496b427fca6c11302768c3f76f99365467e84cfc3debe05867c976acfe,0ec6dd9876c269c0832e0a64ab20c015c6c839d266e108c88b30aa28c77391f9,True,True,84.77755623307698,73.07645764922358,0.8407105923309272,1.6678616347700652,3.524938316473115,0.5938070867771779
div2k_validation,0894.png,0894_48a5637ab170__awgn_30_seed-20260813,awgn,30,20260813,27.92257612700446,27,3899,768,512,393216,c7a6ae447d81910a9e43b3ffad57c9952166a8325de8bde254e47eedabde4329,opencv_444,f6673e301575d77826e2e2a0bfc4fc8a81f76c42e16d7de3c38d58c4390d5b21,073abd496b427fca6c11302768c3f76f99365467e84cfc3debe05867c976acfe,0ec6dd9876c269c0832e0a64ab20c015c6c839d266e108c88b30aa28c77391f9,True,True,84.77755623307698,73.07645764922358,0.8407105923309272,1.6678616347700652,3.524938316473115,0.5938070867771779
div2k_validation,0894.png,0894_48a5637ab170__awgn_30_seed-20260813,awgn,30,20260813,27.92257612700446,32,3300,768,512,393216,c7a6ae447d81910a9e43b3ffad57c9952166a8325de8bde254e47eedabde4329,opencv_444,f6673e301575d77826e2e2a0bfc4fc8a81f76c42e16d7de3c38d58c4390d5b21,073abd496b427fca6c11302768c3f76f99365467e84cfc3debe05867c976acfe,0ec6dd9876c269c0832e0a64ab20c015c6c839d266e108c88b30aa28c77391f9,True,True,84.77755623307698,73.07645764922358,0.8407105923309272,1.6678616347700652,3.524938316473115,0.5938070867771779
div2k_validation,0894.png,0894_48a5637ab170__awgn_30_seed-20260813,awgn,30,20260813,27.92257612700446,37,3816,768,512,393216,c7a6ae447d81910a9e43b3ffad57c9952166a8325de8bde254e47eedabde4329,opencv_444,f6673e301575d77826e2e2a0bfc4fc8a81f76c42e16d7de3c38d58c4390d5b21,073abd496b427fca6c11302768c3f76f99365467e84cfc3debe05867c976acfe,0ec6dd9876c269c0832e0a64ab20c015c6c839d266e108c88b30aa28c77391f9,True,True,84.77755623307698,73.07645764922358,0.8407105923309272,1.6678616347700652,3.524938316473115,0.5938070867771779
div2k_validation,0894.png,0894_48a5637ab170__clean_0,clean,0,,0.0,22,4229,768,512,393216,48a5637ab17045000c0593a9722528b956f995815b4b99ac54c6c700e549c737,opencv_444,f6673e301575d77826e2e2a0bfc4fc8a81f76c42e16d7de3c38d58c4390d5b21,073abd496b427fca6c11302768c3f76f99365467e84cfc3debe05867c976acfe,0ec6dd9876c269c0832e0a64ab20c015c6c839d266e108c88b30aa28c77391f9,True,True,73.89990372470713,69.66480237957434,0.11049761941330057,0.19036559734422134,2.2815322688779567,0.9455206077238865
div2k_validation,0894.png,0894_48a5637ab170__clean_0,clean,0,,0.0,27,3331,768,512,393216,48a5637ab17045000c0593a9722528b956f995815b4b99ac54c6c700e549c737,opencv_444,f6673e301575d77826e2e2a0bfc4fc8a81f76c42e16d7de3c38d58c4390d5b21,073abd496b427fca6c11302768c3f76f99365467e84cfc3debe05867c976acfe,0ec6dd9876c269c0832e0a64ab20c015c6c839d266e108c88b30aa28c77391f9,True,True,73.89990372470713,69.66480237957434,0.11049761941330057,0.19036559734422134,2.2815322688779567,0.9455206077238865
div2k_validation,0894.png,0894_48a5637ab170__clean_0,clean,0,,0.0,32,2427,768,512,393216,48a5637ab17045000c0593a9722528b956f995815b4b99ac54c6c700e549c737,opencv_444,f6673e301575d77826e2e2a0bfc4fc8a81f76c42e16d7de3c38d58c4390d5b21,073abd496b427fca6c11302768c3f76f99365467e84cfc3debe05867c976acfe,0ec6dd9876c269c0832e0a64ab20c015c6c839d266e108c88b30aa28c77391f9,True,True,73.89990372470713,69.66480237957434,0.11049761941330057,0.19036559734422134,2.2815322688779567,0.9455206077238865
div2k_validation,0894.png,0894_48a5637ab170__clean_0,clean,0,,0.0,37,1733,768,512,393216,48a5637ab17045000c0593a9722528b956f995815b4b99ac54c6c700e549c737,opencv_444,f6673e301575d77826e2e2a0bfc4fc8a81f76c42e16d7de3c38d58c4390d5b21,073abd496b427fca6c11302768c3f76f99365467e84cfc3debe05867c976acfe,0ec6dd9876c269c0832e0a64ab20c015c6c839d266e108c88b30aa28c77391f9,True,True,73.89990372470713,69.66480237957434,0.11049761941330057,0.19036559734422134,2.2815322688779567,0.9455206077238865
div2k_validation,0895.png,0895_2ae688c56ac1__awgn_30_seed-20260811,awgn,30,20260811,28.083574182701987,22,5340,768,512,393216,63394d273b291551473a30a609fc8eaef7ba43906ba2c017c69d328f660bd0b8,opencv_444,f6673e301575d77826e2e2a0bfc4fc8a81f76c42e16d7de3c38d58c4390d5b21,073abd496b427fca6c11302768c3f76f99365467e84cfc3debe05867c976acfe,0ec6dd9876c269c0832e0a64ab20c015c6c839d266e108c88b30aa28c77391f9,True,True,107.97854842443844,62.0339136992532,0.8841243024624994,2.0075477708178653,3.3502911323086657,0.570426221783277
div2k_validation,0895.png,0895_2ae688c56ac1__awgn_30_seed-20260811,awgn,30,20260811,28.083574182701987,27,5054,768,512,393216,63394d273b291551473a30a609fc8eaef7ba43906ba2c017c69d328f660bd0b8,opencv_444,f6673e301575d77826e2e2a0bfc4fc8a81f76c42e16d7de3c38d58c4390d5b21,073abd496b427fca6c11302768c3f76f99365467e84cfc3debe05867c976acfe,0ec6dd9876c269c0832e0a64ab20c015c6c839d266e108c88b30aa28c77391f9,True,True,107.97854842443844,62.0339136992532,0.8841243024624994,2.0075477708178653,3.3502911323086657,0.570426221783277
div2k_validation,0895.png,0895_2ae688c56ac1__awgn_30_seed-20260811,awgn,30,20260811,28.083574182701987,32,4171,768,512,393216,63394d273b291551473a30a609fc8eaef7ba43906ba2c017c69d328f660bd0b8,opencv_444,f6673e301575d77826e2e2a0bfc4fc8a81f76c42e16d7de3c38d58c4390d5b21,073abd496b427fca6c11302768c3f76f99365467e84cfc3debe05867c976acfe,0ec6dd9876c269c0832e0a64ab20c015c6c839d266e108c88b30aa28c77391f9,True,True,107.97854842443844,62.0339136992532,0.8841243024624994,2.0075477708178653,3.3502911323086657,0.570426221783277
div2k_validation,0895.png,0895_2ae688c56ac1__awgn_30_seed-20260811,awgn,30,20260811,28.083574182701987,37,4001,768,512,393216,63394d273b291551473a30a609fc8eaef7ba43906ba2c017c69d328f660bd0b8,opencv_444,f6673e301575d77826e2e2a0bfc4fc8a81f76c42e16d7de3c38d58c4390d5b21,073abd496b427fca6c11302768c3f76f99365467e84cfc3debe05867c976acfe,0ec6dd9876c269c0832e0a64ab20c015c6c839d266e108c88b30aa28c77391f9,True,True,107.97854842443844,62.0339136992532,0.8841243024624994,2.0075477708178653,3.3502911323086657,0.570426221783277
div2k_validation,0895.png,0895_2ae688c56ac1__awgn_30_seed-20260812,awgn,30,20260812,28.09730954758236,22,5083,768,512,393216,0315c4731cb4dab2e7bc8f07022ad951867499b8ca3a4edafd7e3cfac1a4cb60,opencv_444,f6673e301575d77826e2e2a0bfc4fc8a81f76c42e16d7de3c38d58c4390d5b21,073abd496b427fca6c11302768c3f76f99365467e84cfc3debe05867c976acfe,0ec6dd9876c269c0832e0a64ab20c015c6c839d266e108c88b30aa28c77391f9,True,True,108.22613302092837,62.05692976948906,0.8851430911790303,2.0153493599643673,3.3523716195025086,0.5702775754748677
div2k_validation,0895.png,0895_2ae688c56ac1__awgn_30_seed-20260812,awgn,30,20260812,28.09730954758236,27,5134,768,512,393216,0315c4731cb4dab2e7bc8f07022ad951867499b8ca3a4edafd7e3cfac1a4cb60,opencv_444,f6673e301575d77826e2e2a0bfc4fc8a81f76c42e16d7de3c38d58c4390d5b21,073abd496b427fca6c11302768c3f76f99365467e84cfc3debe05867c976acfe,0ec6dd9876c269c0832e0a64ab20c015c6c839d266e108c88b30aa28c77391f9,True,True,108.22613302092837,62.05692976948906,0.8851430911790303,2.0153493599643673,3.3523716195025086,0.5702775754748677
div2k_validation,0895.png,0895_2ae688c56ac1__awgn_30_seed-20260812,awgn,30,20260812,28.09730954758236,32,4092,768,512,393216,0315c4731cb4dab2e7bc8f07022ad951867499b8ca3a4edafd7e3cfac1a4cb60,opencv_444,f6673e301575d77826e2e2a0bfc4fc8a81f76c42e16d7de3c38d58c4390d5b21,073abd496b427fca6c11302768c3f76f99365467e84cfc3debe05867c976acfe,0ec6dd9876c269c0832e0a64ab20c015c6c839d266e108c88b30aa28c77391f9,True,True,108.22613302092837,62.05692976948906,0.8851430911790303,2.0153493599643673,3.3523716195025086,0.5702775754748677
div2k_validation,0895.png,0895_2ae688c56ac1__awgn_30_seed-20260812,awgn,30,20260812,28.09730954758236,37,3991,768,512,393216,0315c4731cb4dab2e7bc8f07022ad951867499b8ca3a4edafd7e3cfac1a4cb60,opencv_444,f6673e301575d77826e2e2a0bfc4fc8a81f76c42e16d7de3c38d58c4390d5b21,073abd496b427fca6c11302768c3f76f99365467e84cfc3debe05867c976acfe,0ec6dd9876c269c0832e0a64ab20c015c6c839d266e108c88b30aa28c77391f9,True,True,108.22613302092837,62.05692976948906,0.8851430911790303,2.0153493599643673,3.3523716195025086,0.5702775754748677
div2k_validation,0895.png,0895_2ae688c56ac1__awgn_30_seed-20260813,awgn,30,20260813,28.02414311900588,22,5174,768,512,393216,188a8453bae354f5537353188b488d5ca444be68f110d623ff8442600c60e2d0,opencv_444,f6673e301575d77826e2e2a0bfc4fc8a81f76c42e16d7de3c38d58c4390d5b21,073abd496b427fca6c11302768c3f76f99365467e84cfc3debe05867c976acfe,0ec6dd9876c269c0832e0a64ab20c015c6c839d266e108c88b30aa28c77391f9,True,True,107.81904393345644,62.02805847382072,0.8834920391132954,2.008582446465408,3.3500037275718855,0.5706430323105544
div2k_validation,0895.png,0895_2ae688c56ac1__awgn_30_seed-20260813,awgn,30,20260813,28.02414311900588,27,5014,768,512,393216,188a8453bae354f5537353188b488d5ca444be68f110d623ff8442600c60e2d0,opencv_444,f6673e301575d77826e2e2a0bfc4fc8a81f76c42e16d7de3c38d58c4390d5b21,073abd496b427fca6c11302768c3f76f99365467e84cfc3debe05867c976acfe,0ec6dd9876c269c0832e0a64ab20c015c6c839d266e108c88b30aa28c77391f9,True,True,107.81904393345644,62.02805847382072,0.8834920391132954,2.008582446465408,3.3500037275718855,0.5706430323105544
div2k_validation,0895.png,0895_2ae688c56ac1__awgn_30_seed-20260813,awgn,30,20260813,28.02414311900588,32,4062,768,512,393216,188a8453bae354f5537353188b488d5ca444be68f110d623ff8442600c60e2d0,opencv_444,f6673e301575d77826e2e2a0bfc4fc8a81f76c42e16d7de3c38d58c4390d5b21,073abd496b427fca6c11302768c3f76f99365467e84cfc3debe05867c976acfe,0ec6dd9876c269c0832e0a64ab20c015c6c839d266e108c88b30aa28c77391f9,True,True,107.81904393345644,62.02805847382072,0.8834920391132954,2.008582446465408,3.3500037275718855,0.5706430323105544
div2k_validation,0895.png,0895_2ae688c56ac1__awgn_30_seed-20260813,awgn,30,20260813,28.02414311900588,37,4027,768,512,393216,188a8453bae354f5537353188b488d5ca444be68f110d623ff8442600c60e2d0,opencv_444,f6673e301575d77826e2e2a0bfc4fc8a81f76c42e16d7de3c38d58c4390d5b21,073abd496b427fca6c11302768c3f76f99365467e84cfc3debe05867c976acfe,0ec6dd9876c269c0832e0a64ab20c015c6c839d266e108c88b30aa28c77391f9,True,True,107.81904393345644,62.02805847382072,0.8834920391132954,2.008582446465408,3.3500037275718855,0.5706430323105544
div2k_validation,0895.png,0895_2ae688c56ac1__clean_0,clean,0,,0.0,22,8795,768,512,393216,2ae688c56ac1414d47348f543dfd7328d056082be1c40ef58ddb5f327e163f95,opencv_444,f6673e301575d77826e2e2a0bfc4fc8a81f76c42e16d7de3c38d58c4390d5b21,073abd496b427fca6c11302768c3f76f99365467e84cfc3debe05867c976acfe,0ec6dd9876c269c0832e0a64ab20c015c6c839d266e108c88b30aa28c77391f9,True,True,103.1083966568252,56.73657602944133,0.5562944760149491,0.698871189441931,2.7187063499775794,0.7906565847210721
div2k_validation,0895.png,0895_2ae688c56ac1__clean_0,clean,0,,0.0,27,7535,768,512,393216,2ae688c56ac1414d47348f543dfd7328d056082be1c40ef58ddb5f327e163f95,opencv_444,f6673e301575d77826e2e2a0bfc4fc8a81f76c42e16d7de3c38d58c4390d5b21,073abd496b427fca6c11302768c3f76f99365467e84cfc3debe05867c976acfe,0ec6dd9876c269c0832e0a64ab20c015c6c839d266e108c88b30aa28c77391f9,True,True,103.1083966568252,56.73657602944133,0.5562944760149491,0.698871189441931,2.7187063499775794,0.7906565847210721
div2k_validation,0895.png,0895_2ae688c56ac1__clean_0,clean,0,,0.0,32,5870,768,512,393216,2ae688c56ac1414d47348f543dfd7328d056082be1c40ef58ddb5f327e163f95,opencv_444,f6673e301575d77826e2e2a0bfc4fc8a81f76c42e16d7de3c38d58c4390d5b21,073abd496b427fca6c11302768c3f76f99365467e84cfc3debe05867c976acfe,0ec6dd9876c269c0832e0a64ab20c015c6c839d266e108c88b30aa28c77391f9,True,True,103.1083966568252,56.73657602944133,0.5562944760149491,0.698871189441931,2.7187063499775794,0.7906565847210721
div2k_validation,0895.png,0895_2ae688c56ac1__clean_0,clean,0,,0.0,37,4363,768,512,393216,2ae688c56ac1414d47348f543dfd7328d056082be1c40ef58ddb5f327e163f95,opencv_444,f6673e301575d77826e2e2a0bfc4fc8a81f76c42e16d7de3c38d58c4390d5b21,073abd496b427fca6c11302768c3f76f99365467e84cfc3debe05867c976acfe,0ec6dd9876c269c0832e0a64ab20c015c6c839d266e108c88b30aa28c77391f9,True,True,103.1083966568252,56.73657602944133,0.5562944760149491,0.698871189441931,2.7187063499775794,0.7906565847210721
div2k_validation,0896.png,0896_f2bcbef90a0f__awgn_30_seed-20260811,awgn,30,20260811,25.174922001757945,22,5138,768,512,393216,f2aaea68ef37ac4b16e5b2869771723c7380c028b4b7061a3a128630de9d5fc1,opencv_444,f6673e301575d77826e2e2a0bfc4fc8a81f76c42e16d7de3c38d58c4390d5b21,073abd496b427fca6c11302768c3f76f99365467e84cfc3debe05867c976acfe,0ec6dd9876c269c0832e0a64ab20c015c6c839d266e108c88b30aa28c77391f9,True,True,90.26791447759317,91.94885426142753,0.7924205191214867,1.1297868236496713,2.8219359552660213,0.6863565864980408
div2k_validation,0896.png,0896_f2bcbef90a0f__awgn_30_seed-20260811,awgn,30,20260811,25.174922001757945,27,4368,768,512,393216,f2aaea68ef37ac4b16e5b2869771723c7380c028b4b7061a3a128630de9d5fc1,opencv_444,f6673e301575d77826e2e2a0bfc4fc8a81f76c42e16d7de3c38d58c4390d5b21,073abd496b427fca6c11302768c3f76f99365467e84cfc3debe05867c976acfe,0ec6dd9876c269c0832e0a64ab20c015c6c839d266e108c88b30aa28c77391f9,True,True,90.26791447759317,91.94885426142753,0.7924205191214867,1.1297868236496713,2.8219359552660213,0.6863565864980408
div2k_validation,0896.png,0896_f2bcbef90a0f__awgn_30_seed-20260811,awgn,30,20260811,25.174922001757945,32,3752,768,512,393216,f2aaea68ef37ac4b16e5b2869771723c7380c028b4b7061a3a128630de9d5fc1,opencv_444,f6673e301575d77826e2e2a0bfc4fc8a81f76c42e16d7de3c38d58c4390d5b21,073abd496b427fca6c11302768c3f76f99365467e84cfc3debe05867c976acfe,0ec6dd9876c269c0832e0a64ab20c015c6c839d266e108c88b30aa28c77391f9,True,True,90.26791447759317,91.94885426142753,0.7924205191214867,1.1297868236496713,2.8219359552660213,0.6863565864980408
div2k_validation,0896.png,0896_f2bcbef90a0f__awgn_30_seed-20260811,awgn,30,20260811,25.174922001757945,37,3341,768,512,393216,f2aaea68ef37ac4b16e5b2869771723c7380c028b4b7061a3a128630de9d5fc1,opencv_444,f6673e301575d77826e2e2a0bfc4fc8a81f76c42e16d7de3c38d58c4390d5b21,073abd496b427fca6c11302768c3f76f99365467e84cfc3debe05867c976acfe,0ec6dd9876c269c0832e0a64ab20c015c6c839d266e108c88b30aa28c77391f9,True,True,90.26791447759317,91.94885426142753,0.7924205191214867,1.1297868236496713,2.8219359552660213,0.6863565864980408
div2k_validation,0896.png,0896_f2bcbef90a0f__awgn_30_seed-20260812,awgn,30,20260812,25.240631581347674,22,5324,768,512,393216,7305dc8e4e2b9a2cd18412ad91c8d52a466449ad1562c276055b2e0e906888c3,opencv_444,f6673e301575d77826e2e2a0bfc4fc8a81f76c42e16d7de3c38d58c4390d5b21,073abd496b427fca6c11302768c3f76f99365467e84cfc3debe05867c976acfe,0ec6dd9876c269c0832e0a64ab20c015c6c839d266e108c88b30aa28c77391f9,True,True,90.15932946683785,91.8970631309076,0.7948497414631649,1.1325192433004752,2.823746886506624,0.6864016559492407
div2k_validation,0896.png,0896_f2bcbef90a0f__awgn_30_seed-20260812,awgn,30,20260812,25.240631581347674,27,3975,768,512,393216,7305dc8e4e2b9a2cd18412ad91c8d52a466449ad1562c276055b2e0e906888c3,opencv_444,f6673e301575d77826e2e2a0bfc4fc8a81f76c42e16d7de3c38d58c4390d5b21,073abd496b427fca6c11302768c3f76f99365467e84cfc3debe05867c976acfe,0ec6dd9876c269c0832e0a64ab20c015c6c839d266e108c88b30aa28c77391f9,True,True,90.15932946683785,91.8970631309076,0.7948497414631649,1.1325192433004752,2.823746886506624,0.6864016559492407
div2k_validation,0896.png,0896_f2bcbef90a0f__awgn_30_seed-20260812,awgn,30,20260812,25.240631581347674,32,3573,768,512,393216,7305dc8e4e2b9a2cd18412ad91c8d52a466449ad1562c276055b2e0e906888c3,opencv_444,f6673e301575d77826e2e2a0bfc4fc8a81f76c42e16d7de3c38d58c4390d5b21,073abd496b427fca6c11302768c3f76f99365467e84cfc3debe05867c976acfe,0ec6dd9876c269c0832e0a64ab20c015c6c839d266e108c88b30aa28c77391f9,True,True,90.15932946683785,91.8970631309076,0.7948497414631649,1.1325192433004752,2.823746886506624,0.6864016559492407
div2k_validation,0896.png,0896_f2bcbef90a0f__awgn_30_seed-20260812,awgn,30,20260812,25.240631581347674,37,3790,768,512,393216,7305dc8e4e2b9a2cd18412ad91c8d52a466449ad1562c276055b2e0e906888c3,opencv_444,f6673e301575d77826e2e2a0bfc4fc8a81f76c42e16d7de3c38d58c4390d5b21,073abd496b427fca6c11302768c3f76f99365467e84cfc3debe05867c976acfe,0ec6dd9876c269c0832e0a64ab20c015c6c839d266e108c88b30aa28c77391f9,True,True,90.15932946683785,91.8970631309076,0.7948497414631649,1.1325192433004752,2.823746886506624,0.6864016559492407
div2k_validation,0896.png,0896_f2bcbef90a0f__awgn_30_seed-20260813,awgn,30,20260813,25.239873485862738,22,5266,768,512,393216,dcdf4ca43573bb0f9c6349927c307bb711d58da3ad15bb8286f7a889a8f3df58,opencv_444,f6673e301575d77826e2e2a0bfc4fc8a81f76c42e16d7de3c38d58c4390d5b21,073abd496b427fca6c11302768c3f76f99365467e84cfc3debe05867c976acfe,0ec6dd9876c269c0832e0a64ab20c015c6c839d266e108c88b30aa28c77391f9,True,True,90.39453799986116,91.92060704393076,0.7948087851328521,1.1317886189298278,2.8241357005090473,0.6862766821273439
div2k_validation,0896.png,0896_f2bcbef90a0f__awgn_30_seed-20260813,awgn,30,20260813,25.239873485862738,27,4230,768,512,393216,dcdf4ca43573bb0f9c6349927c307bb711d58da3ad15bb8286f7a889a8f3df58,opencv_444,f6673e301575d77826e2e2a0bfc4fc8a81f76c42e16d7de3c38d58c4390d5b21,073abd496b427fca6c11302768c3f76f99365467e84cfc3debe05867c976acfe,0ec6dd9876c269c0832e0a64ab20c015c6c839d266e108c88b30aa28c77391f9,True,True,90.39453799986116,91.92060704393076,0.7948087851328521,1.1317886189298278,2.8241357005090473,0.6862766821273439
div2k_validation,0896.png,0896_f2bcbef90a0f__awgn_30_seed-20260813,awgn,30,20260813,25.239873485862738,32,3664,768,512,393216,dcdf4ca43573bb0f9c6349927c307bb711d58da3ad15bb8286f7a889a8f3df58,opencv_444,f6673e301575d77826e2e2a0bfc4fc8a81f76c42e16d7de3c38d58c4390d5b21,073abd496b427fca6c11302768c3f76f99365467e84cfc3debe05867c976acfe,0ec6dd9876c269c0832e0a64ab20c015c6c839d266e108c88b30aa28c77391f9,True,True,90.39453799986116,91.92060704393076,0.7948087851328521,1.1317886189298278,2.8241357005090473,0.6862766821273439
div2k_validation,0896.png,0896_f2bcbef90a0f__awgn_30_seed-20260813,awgn,30,20260813,25.239873485862738,37,3359,768,512,393216,dcdf4ca43573bb0f9c6349927c307bb711d58da3ad15bb8286f7a889a8f3df58,opencv_444,f6673e301575d77826e2e2a0bfc4fc8a81f76c42e16d7de3c38d58c4390d5b21,073abd496b427fca6c11302768c3f76f99365467e84cfc3debe05867c976acfe,0ec6dd9876c269c0832e0a64ab20c015c6c839d266e108c88b30aa28c77391f9,True,True,90.39453799986116,91.92060704393076,0.7948087851328521,1.1317886189298278,2.8241357005090473,0.6862766821273439
div2k_validation,0896.png,0896_f2bcbef90a0f__clean_0,clean,0,,0.0,22,3049,768,512,393216,f2bcbef90a0f48a42f261df61300717a403cc34c53caa15364e4489307b49519,opencv_444,f6673e301575d77826e2e2a0bfc4fc8a81f76c42e16d7de3c38d58c4390d5b21,073abd496b427fca6c11302768c3f76f99365467e84cfc3debe05867c976acfe,0ec6dd9876c269c0832e0a64ab20c015c6c839d266e108c88b30aa28c77391f9,True,True,85.69842568378408,92.43762698929382,0.12515230635335073,0.16624763117289365,1.5592360926423576,0.955460047599205
div2k_validation,0896.png,0896_f2bcbef90a0f__clean_0,clean,0,,0.0,27,2400,768,512,393216,f2bcbef90a0f48a42f261df61300717a403cc34c53caa15364e4489307b49519,opencv_444,f6673e301575d77826e2e2a0bfc4fc8a81f76c42e16d7de3c38d58c4390d5b21,073abd496b427fca6c11302768c3f76f99365467e84cfc3debe05867c976acfe,0ec6dd9876c269c0832e0a64ab20c015c6c839d266e108c88b30aa28c77391f9,True,True,85.69842568378408,92.43762698929382,0.12515230635335073,0.16624763117289365,1.5592360926423576,0.955460047599205
div2k_validation,0896.png,0896_f2bcbef90a0f__clean_0,clean,0,,0.0,32,1895,768,512,393216,f2bcbef90a0f48a42f261df61300717a403cc34c53caa15364e4489307b49519,opencv_444,f6673e301575d77826e2e2a0bfc4fc8a81f76c42e16d7de3c38d58c4390d5b21,073abd496b427fca6c11302768c3f76f99365467e84cfc3debe05867c976acfe,0ec6dd9876c269c0832e0a64ab20c015c6c839d266e108c88b30aa28c77391f9,True,True,85.69842568378408,92.43762698929382,0.12515230635335073,0.16624763117289365,1.5592360926423576,0.955460047599205
div2k_validation,0896.png,0896_f2bcbef90a0f__clean_0,clean,0,,0.0,37,1440,768,512,393216,f2bcbef90a0f48a42f261df61300717a403cc34c53caa15364e4489307b49519,opencv_444,f6673e301575d77826e2e2a0bfc4fc8a81f76c42e16d7de3c38d58c4390d5b21,073abd496b427fca6c11302768c3f76f99365467e84cfc3debe05867c976acfe,0ec6dd9876c269c0832e0a64ab20c015c6c839d266e108c88b30aa28c77391f9,True,True,85.69842568378408,92.43762698929382,0.12515230635335073,0.16624763117289365,1.5592360926423576,0.955460047599205
div2k_validation,0900.png,0900_f7fe7cbce840__awgn_30_seed-20260811,awgn,30,20260811,26.530029987730927,22,5757,768,512,393216,d07101baab38d3f9ba51733f4c6484658fba975300551751cd645bf0d70e6dc3,opencv_444,f6673e301575d77826e2e2a0bfc4fc8a81f76c42e16d7de3c38d58c4390d5b21,073abd496b427fca6c11302768c3f76f99365467e84cfc3debe05867c976acfe,0ec6dd9876c269c0832e0a64ab20c015c6c839d266e108c88b30aa28c77391f9,True,True,125.88052327941011,68.70734207983693,0.8371013157221113,1.776493203829766,3.3424710975454657,0.6180344841851256
div2k_validation,0900.png,0900_f7fe7cbce840__awgn_30_seed-20260811,awgn,30,20260811,26.530029987730927,27,4919,768,512,393216,d07101baab38d3f9ba51733f4c6484658fba975300551751cd645bf0d70e6dc3,opencv_444,f6673e301575d77826e2e2a0bfc4fc8a81f76c42e16d7de3c38d58c4390d5b21,073abd496b427fca6c11302768c3f76f99365467e84cfc3debe05867c976acfe,0ec6dd9876c269c0832e0a64ab20c015c6c839d266e108c88b30aa28c77391f9,True,True,125.88052327941011,68.70734207983693,0.8371013157221113,1.776493203829766,3.3424710975454657,0.6180344841851256
div2k_validation,0900.png,0900_f7fe7cbce840__awgn_30_seed-20260811,awgn,30,20260811,26.530029987730927,32,4369,768,512,393216,d07101baab38d3f9ba51733f4c6484658fba975300551751cd645bf0d70e6dc3,opencv_444,f6673e301575d77826e2e2a0bfc4fc8a81f76c42e16d7de3c38d58c4390d5b21,073abd496b427fca6c11302768c3f76f99365467e84cfc3debe05867c976acfe,0ec6dd9876c269c0832e0a64ab20c015c6c839d266e108c88b30aa28c77391f9,True,True,125.88052327941011,68.70734207983693,0.8371013157221113,1.776493203829766,3.3424710975454657,0.6180344841851256
div2k_validation,0900.png,0900_f7fe7cbce840__awgn_30_seed-20260811,awgn,30,20260811,26.530029987730927,37,4075,768,512,393216,d07101baab38d3f9ba51733f4c6484658fba975300551751cd645bf0d70e6dc3,opencv_444,f6673e301575d77826e2e2a0bfc4fc8a81f76c42e16d7de3c38d58c4390d5b21,073abd496b427fca6c11302768c3f76f99365467e84cfc3debe05867c976acfe,0ec6dd9876c269c0832e0a64ab20c015c6c839d266e108c88b30aa28c77391f9,True,True,125.88052327941011,68.70734207983693,0.8371013157221113,1.776493203829766,3.3424710975454657,0.6180344841851256
div2k_validation,0900.png,0900_f7fe7cbce840__awgn_30_seed-20260812,awgn,30,20260812,26.59981098729337,22,5982,768,512,393216,b67be7a84153c6f6d9aabfe6fe96c4191324d4234faf66a372729a9a748d3a0f,opencv_444,f6673e301575d77826e2e2a0bfc4fc8a81f76c42e16d7de3c38d58c4390d5b21,073abd496b427fca6c11302768c3f76f99365467e84cfc3debe05867c976acfe,0ec6dd9876c269c0832e0a64ab20c015c6c839d266e108c88b30aa28c77391f9,True,True,125.7112977544065,68.82277471911557,0.838667895356576,1.7816503507505936,3.3435269328065926,0.6177514389104679
div2k_validation,0900.png,0900_f7fe7cbce840__awgn_30_seed-20260812,awgn,30,20260812,26.59981098729337,27,5132,768,512,393216,b67be7a84153c6f6d9aabfe6fe96c4191324d4234faf66a372729a9a748d3a0f,opencv_444,f6673e301575d77826e2e2a0bfc4fc8a81f76c42e16d7de3c38d58c4390d5b21,073abd496b427fca6c11302768c3f76f99365467e84cfc3debe05867c976acfe,0ec6dd9876c269c0832e0a64ab20c015c6c839d266e108c88b30aa28c77391f9,True,True,125.7112977544065,68.82277471911557,0.838667895356576,1.7816503507505936,3.3435269328065926,0.6177514389104679
div2k_validation,0900.png,0900_f7fe7cbce840__awgn_30_seed-20260812,awgn,30,20260812,26.59981098729337,32,4239,768,512,393216,b67be7a84153c6f6d9aabfe6fe96c4191324d4234faf66a372729a9a748d3a0f,opencv_444,f6673e301575d77826e2e2a0bfc4fc8a81f76c42e16d7de3c38d58c4390d5b21,073abd496b427fca6c11302768c3f76f99365467e84cfc3debe05867c976acfe,0ec6dd9876c269c0832e0a64ab20c015c6c839d266e108c88b30aa28c77391f9,True,True,125.7112977544065,68.82277471911557,0.838667895356576,1.7816503507505936,3.3435269328065926,0.6177514389104679
div2k_validation,0900.png,0900_f7fe7cbce840__awgn_30_seed-20260812,awgn,30,20260812,26.59981098729337,37,3986,768,512,393216,b67be7a84153c6f6d9aabfe6fe96c4191324d4234faf66a372729a9a748d3a0f,opencv_444,f6673e301575d77826e2e2a0bfc4fc8a81f76c42e16d7de3c38d58c4390d5b21,073abd496b427fca6c11302768c3f76f99365467e84cfc3debe05867c976acfe,0ec6dd9876c269c0832e0a64ab20c015c6c839d266e108c88b30aa28c77391f9,True,True,125.7112977544065,68.82277471911557,0.838667895356576,1.7816503507505936,3.3435269328065926,0.6177514389104679
div2k_validation,0900.png,0900_f7fe7cbce840__awgn_30_seed-20260813,awgn,30,20260813,26.64842433028845,22,5695,768,512,393216,ae2c1ab71f1bcd4b7e1526c9cfe28c376ee7433b711574725d0cff5b07f2bfd6,opencv_444,f6673e301575d77826e2e2a0bfc4fc8a81f76c42e16d7de3c38d58c4390d5b21,073abd496b427fca6c11302768c3f76f99365467e84cfc3debe05867c976acfe,0ec6dd9876c269c0832e0a64ab20c015c6c839d266e108c88b30aa28c77391f9,True,True,125.86415322731999,68.74967233004095,0.8371166743459786,1.7864856727578613,3.3452236212287807,0.6172489774586161
div2k_validation,0900.png,0900_f7fe7cbce840__awgn_30_seed-20260813,awgn,30,20260813,26.64842433028845,27,4848,768,512,393216,ae2c1ab71f1bcd4b7e1526c9cfe28c376ee7433b711574725d0cff5b07f2bfd6,opencv_444,f6673e301575d77826e2e2a0bfc4fc8a81f76c42e16d7de3c38d58c4390d5b21,073abd496b427fca6c11302768c3f76f99365467e84cfc3debe05867c976acfe,0ec6dd9876c269c0832e0a64ab20c015c6c839d266e108c88b30aa28c77391f9,True,True,125.86415322731999,68.74967233004095,0.8371166743459786,1.7864856727578613,3.3452236212287807,0.6172489774586161
div2k_validation,0900.png,0900_f7fe7cbce840__awgn_30_seed-20260813,awgn,30,20260813,26.64842433028845,32,4052,768,512,393216,ae2c1ab71f1bcd4b7e1526c9cfe28c376ee7433b711574725d0cff5b07f2bfd6,opencv_444,f6673e301575d77826e2e2a0bfc4fc8a81f76c42e16d7de3c38d58c4390d5b21,073abd496b427fca6c11302768c3f76f99365467e84cfc3debe05867c976acfe,0ec6dd9876c269c0832e0a64ab20c015c6c839d266e108c88b30aa28c77391f9,True,True,125.86415322731999,68.74967233004095,0.8371166743459786,1.7864856727578613,3.3452236212287807,0.6172489774586161
div2k_validation,0900.png,0900_f7fe7cbce840__awgn_30_seed-20260813,awgn,30,20260813,26.64842433028845,37,3990,768,512,393216,ae2c1ab71f1bcd4b7e1526c9cfe28c376ee7433b711574725d0cff5b07f2bfd6,opencv_444,f6673e301575d77826e2e2a0bfc4fc8a81f76c42e16d7de3c38d58c4390d5b21,073abd496b427fca6c11302768c3f76f99365467e84cfc3debe05867c976acfe,0ec6dd9876c269c0832e0a64ab20c015c6c839d266e108c88b30aa28c77391f9,True,True,125.86415322731999,68.74967233004095,0.8371166743459786,1.7864856727578613,3.3452236212287807,0.6172489774586161
div2k_validation,0900.png,0900_f7fe7cbce840__clean_0,clean,0,,0.0,22,6946,768,512,393216,f7fe7cbce8408724e75e30dfc82212b558132f50f18caddf2eda6033c261392e,opencv_444,f6673e301575d77826e2e2a0bfc4fc8a81f76c42e16d7de3c38d58c4390d5b21,073abd496b427fca6c11302768c3f76f99365467e84cfc3debe05867c976acfe,0ec6dd9876c269c0832e0a64ab20c015c6c839d266e108c88b30aa28c77391f9,True,True,136.7283637604519,67.06862693927864,0.3583192545947883,0.6264509994159084,2.70354569141886,0.8535686666996851
div2k_validation,0900.png,0900_f7fe7cbce840__clean_0,clean,0,,0.0,27,5544,768,512,393216,f7fe7cbce8408724e75e30dfc82212b558132f50f18caddf2eda6033c261392e,opencv_444,f6673e301575d77826e2e2a0bfc4fc8a81f76c42e16d7de3c38d58c4390d5b21,073abd496b427fca6c11302768c3f76f99365467e84cfc3debe05867c976acfe,0ec6dd9876c269c0832e0a64ab20c015c6c839d266e108c88b30aa28c77391f9,True,True,136.7283637604519,67.06862693927864,0.3583192545947883,0.6264509994159084,2.70354569141886,0.8535686666996851
div2k_validation,0900.png,0900_f7fe7cbce840__clean_0,clean,0,,0.0,32,4173,768,512,393216,f7fe7cbce8408724e75e30dfc82212b558132f50f18caddf2eda6033c261392e,opencv_444,f6673e301575d77826e2e2a0bfc4fc8a81f76c42e16d7de3c38d58c4390d5b21,073abd496b427fca6c11302768c3f76f99365467e84cfc3debe05867c976acfe,0ec6dd9876c269c0832e0a64ab20c015c6c839d266e108c88b30aa28c77391f9,True,True,136.7283637604519,67.06862693927864,0.3583192545947883,0.6264509994159084,2.70354569141886,0.8535686666996851
div2k_validation,0900.png,0900_f7fe7cbce840__clean_0,clean,0,,0.0,37,3168,768,512,393216,f7fe7cbce8408724e75e30dfc82212b558132f50f18caddf2eda6033c261392e,opencv_444,f6673e301575d77826e2e2a0bfc4fc8a81f76c42e16d7de3c38d58c4390d5b21,073abd496b427fca6c11302768c3f76f99365467e84cfc3debe05867c976acfe,0ec6dd9876c269c0832e0a64ab20c015c6c839d266e108c88b30aa28c77391f9,True,True,136.7283637604519,67.06862693927864,0.3583192545947883,0.6264509994159084,2.70354569141886,0.8535686666996851
