metric,valid_images,bd_rate_pct_mean,bd_rate_pct_min,bd_rate_pct_max,bd_psnr_delta_mean,bd_psnr_delta_min,bd_psnr_delta_max
psnr_y,33,18.675014095792807,5.6784959546891445,254.3869344833611,-0.8933961787168523,-7.725558517505263,-0.3494799430595095
ssim,33,20.118414098677594,3.5921333997044336,321.25880849677975,-0.0034561823219946652,-0.02441750874668668,-0.0009901368787746277
xpsnr_y,33,18.756912990406104,5.423184318382845,266.3940300103215,-0.7814517052724019,-6.527395471120636,-0.27652988930963746
vmaf,33,12.920671410352183,-4.767109337333963,313.5115210416232,-0.11484205135537698,-0.9488404162266726,0.2608773064312873
msssim_luma,33,15.224481803487743,1.9685899452608124,276.9461530938739,-0.00011127343517849298,-0.002096729260528724,-9.026602623843316e-06
fsim_luma,33,21.088727985587667,6.181129039477828,275.3145204572679,-0.005386606947625668,-0.032781142568294036,-0.0005794319197799265
haarpsi_luma,33,23.991511521665466,7.965071392890244,284.5232125986848,-0.00473125152512181,-0.03284146541925799,-0.0005603096563695673
psnr_hvs_m_luma,33,18.581712001205805,5.480664269780489,254.424322735299,-0.7331269973747598,-4.986478344882911,-0.31273946162143335
