metric,mean,min,max
psnr_y_equal_bpp_delta,-0.8673969331929239,-6.534639047173588,0.0
ssim_equal_bpp_delta,-0.0027340172937462574,-0.009478361549174622,0.0
xpsnr_y_equal_bpp_delta,-0.7659444683526073,-5.767763589504732,0.0
vmaf_equal_bpp_delta,-0.055950745894559235,-0.8215468041325522,0.19816976463629032
msssim_luma_equal_bpp_delta,-6.59913167769592e-05,-0.0007027236889581475,0.0
fsim_luma_equal_bpp_delta,-0.004466345309020873,-0.012931820440707583,0.0
haarpsi_luma_equal_bpp_delta,-0.003950331508581384,-0.013725774587007225,0.0
psnr_hvs_m_luma_equal_bpp_delta,-0.7011164897864798,-4.082147966890613,0.0
