metric,mean,min,max
psnr_y_delta,-0.5425484848484846,-1.4372999999999934,0.4983999999999966
ssim_delta,-0.0024469166666666667,-0.011511999999999967,0.0007709999999999662
xpsnr_y_delta,-0.5000454545454548,-1.3774000000000015,0.2862000000000009
vmaf_delta,-0.03932875757575809,-1.3868220000000093,1.076791
msssim_luma_delta,-4.355735951279122e-05,-0.0003493618914002239,8.49317374118641e-06
fsim_luma_delta,-0.003969830775265148,-0.015174675281693584,0.003090731712061423
haarpsi_luma_delta,-0.003476864327650397,-0.01856083951686016,0.0017875863087735144
psnr_hvs_m_luma_delta,-0.5017980586622849,-1.352777204972206,0.4569375422763642
