metric,mean,min,max
psnr_y_delta,-0.5159866071428568,-1.2867000000000033,0.4983999999999966
ssim_delta,-0.002322821428571425,-0.011511999999999967,0.0007709999999999662
xpsnr_y_delta,-0.4734053571428574,-1.2813000000000017,0.2862000000000009
vmaf_delta,-0.019329446428572133,-1.3868220000000093,1.076791
msssim_luma_delta,-4.38507008794785e-05,-0.0003493618914002239,8.49317374118641e-06
fsim_luma_delta,-0.003933128788038473,-0.015174675281693584,0.003090731712061423
haarpsi_luma_delta,-0.003413093691638659,-0.01856083951686016,0.0017875863087735144
psnr_hvs_m_luma_delta,-0.47652688124612935,-1.2551714352454226,0.4569375422763642
