image,mode,width,height,cu_count,min_area,max_area,avg_area,dominant_sizes
fine_texture_512x512,baseline,512,512,351,128,1024,746.8490028490029,32x32:191; 16x32:58; 16x16:53; 32x16:43; 32x8:2; 8x16:2
fine_texture_512x512,csf,512,512,16094,16,64,16.28830620106872,4x4:15820; 4x8:160; 8x4:106; 4x16:8
mixed_content_512x512,baseline,512,512,549,16,4096,477.4936247723133,16x16:107; 32x32:82; 8x8:61; 4x4:38; 4x16:32; 8x16:31
mixed_content_512x512,csf,512,512,540,16,4096,485.45185185185187,16x16:116; 32x32:63; 8x8:61; 4x4:46; 4x16:37; 64x64:30
sharp_edges_512x512,baseline,512,512,577,16,4096,454.3223570190641,16x16:115; 32x32:114; 16x32:67; 8x8:56; 16x8:40; 4x32:36
sharp_edges_512x512,csf,512,512,576,16,4096,455.1111111111111,16x16:145; 32x32:112; 16x32:67; 8x8:55; 4x32:36; 8x16:33
smooth_gradient_512x512,baseline,512,512,64,4096,4096,4096.0,64x64:64
smooth_gradient_512x512,csf,512,512,64,4096,4096,4096.0,64x64:64
