source,stimulus,distortion,level,seed,operation,repeats,median_ms,min_ms,max_ms
kodim01.png,kodim01_a56e27cbf5f8__awgn_15_seed-20260811,awgn,15,20260811,edge_fraction,11,10.6867,10.0627,10.9119
kodim01.png,kodim01_a56e27cbf5f8__awgn_15_seed-20260811,awgn,15,20260811,full_pipeline,11,27.9165,27.1102,29.1765
kodim01.png,kodim01_a56e27cbf5f8__awgn_15_seed-20260811,awgn,15,20260811,glcm_build,11,9.0358,8.5959,9.6534
kodim01.png,kodim01_a56e27cbf5f8__awgn_15_seed-20260811,awgn,15,20260811,glcm_contrast,11,9.2998,8.6949,9.6595
kodim01.png,kodim01_a56e27cbf5f8__awgn_15_seed-20260811,awgn,15,20260811,glcm_entropy,11,8.9337,8.6246,9.8007
kodim01.png,kodim01_a56e27cbf5f8__awgn_15_seed-20260811,awgn,15,20260811,glcm_homogeneity,11,9.0128,8.7611,9.53
kodim01.png,kodim01_a56e27cbf5f8__awgn_15_seed-20260811,awgn,15,20260811,glcm_shared,11,9.0349,8.6629,9.5201
kodim01.png,kodim01_a56e27cbf5f8__awgn_15_seed-20260811,awgn,15,20260811,luma_conversion,11,0.6168,0.5926,0.6463
kodim01.png,kodim01_a56e27cbf5f8__awgn_15_seed-20260811,awgn,15,20260811,luma_sd,11,1.6844,1.5605,2.0303
kodim01.png,kodim01_a56e27cbf5f8__awgn_15_seed-20260811,awgn,15,20260811,sobel_si,11,5.8203,5.6443,5.9325
kodim01.png,kodim01_a56e27cbf5f8__awgn_30_seed-20260811,awgn,30,20260811,edge_fraction,11,10.4894,10.1932,10.8041
kodim01.png,kodim01_a56e27cbf5f8__awgn_30_seed-20260811,awgn,30,20260811,full_pipeline,11,27.8225,26.9034,28.108
kodim01.png,kodim01_a56e27cbf5f8__awgn_30_seed-20260811,awgn,30,20260811,glcm_build,11,8.6208,8.3736,8.8676
kodim01.png,kodim01_a56e27cbf5f8__awgn_30_seed-20260811,awgn,30,20260811,glcm_contrast,11,8.7874,8.4535,9.0227
kodim01.png,kodim01_a56e27cbf5f8__awgn_30_seed-20260811,awgn,30,20260811,glcm_entropy,11,8.7529,8.4995,9.2212
kodim01.png,kodim01_a56e27cbf5f8__awgn_30_seed-20260811,awgn,30,20260811,glcm_homogeneity,11,8.863,8.295,9.1401
kodim01.png,kodim01_a56e27cbf5f8__awgn_30_seed-20260811,awgn,30,20260811,glcm_shared,11,8.9398,8.7189,9.1865
kodim01.png,kodim01_a56e27cbf5f8__awgn_30_seed-20260811,awgn,30,20260811,luma_conversion,11,0.6277,0.603,0.6657
kodim01.png,kodim01_a56e27cbf5f8__awgn_30_seed-20260811,awgn,30,20260811,luma_sd,11,1.6172,1.5394,1.6957
kodim01.png,kodim01_a56e27cbf5f8__awgn_30_seed-20260811,awgn,30,20260811,sobel_si,11,5.6242,5.5339,5.8087
kodim01.png,kodim01_a56e27cbf5f8__awgn_5_seed-20260811,awgn,5,20260811,edge_fraction,11,10.3108,10.241,10.6421
kodim01.png,kodim01_a56e27cbf5f8__awgn_5_seed-20260811,awgn,5,20260811,full_pipeline,11,27.867,27.6348,28.5745
kodim01.png,kodim01_a56e27cbf5f8__awgn_5_seed-20260811,awgn,5,20260811,glcm_build,11,9.1394,8.9692,9.5354
kodim01.png,kodim01_a56e27cbf5f8__awgn_5_seed-20260811,awgn,5,20260811,glcm_contrast,11,9.1464,8.9932,9.3727
kodim01.png,kodim01_a56e27cbf5f8__awgn_5_seed-20260811,awgn,5,20260811,glcm_entropy,11,9.1516,9.0116,9.4328
kodim01.png,kodim01_a56e27cbf5f8__awgn_5_seed-20260811,awgn,5,20260811,glcm_homogeneity,11,9.1235,8.8769,9.5131
kodim01.png,kodim01_a56e27cbf5f8__awgn_5_seed-20260811,awgn,5,20260811,glcm_shared,11,9.22,8.9242,9.4321
kodim01.png,kodim01_a56e27cbf5f8__awgn_5_seed-20260811,awgn,5,20260811,luma_conversion,11,0.6121,0.6074,0.6633
kodim01.png,kodim01_a56e27cbf5f8__awgn_5_seed-20260811,awgn,5,20260811,luma_sd,11,1.6529,1.582,1.7212
kodim01.png,kodim01_a56e27cbf5f8__awgn_5_seed-20260811,awgn,5,20260811,sobel_si,11,5.7295,5.6131,6.0062
kodim01.png,kodim01_a56e27cbf5f8__clean_0,clean,0,,edge_fraction,11,10.3518,10.1759,10.6287
kodim01.png,kodim01_a56e27cbf5f8__clean_0,clean,0,,full_pipeline,11,27.7798,27.4875,28.3495
kodim01.png,kodim01_a56e27cbf5f8__clean_0,clean,0,,glcm_build,11,9.2284,8.9897,11.9282
kodim01.png,kodim01_a56e27cbf5f8__clean_0,clean,0,,glcm_contrast,11,9.3223,9.1483,9.5288
kodim01.png,kodim01_a56e27cbf5f8__clean_0,clean,0,,glcm_entropy,11,9.3552,9.0913,9.7842
kodim01.png,kodim01_a56e27cbf5f8__clean_0,clean,0,,glcm_homogeneity,11,9.2194,9.0408,9.62
kodim01.png,kodim01_a56e27cbf5f8__clean_0,clean,0,,glcm_shared,11,9.2719,9.1875,9.7012
kodim01.png,kodim01_a56e27cbf5f8__clean_0,clean,0,,luma_conversion,11,0.6253,0.5978,0.6402
kodim01.png,kodim01_a56e27cbf5f8__clean_0,clean,0,,luma_sd,11,1.6191,1.5057,1.7626
kodim01.png,kodim01_a56e27cbf5f8__clean_0,clean,0,,sobel_si,11,5.644,5.5166,5.7473
kodim01.png,kodim01_a56e27cbf5f8__stripes_16,stripes,16,,edge_fraction,11,10.6001,10.2956,11.0285
kodim01.png,kodim01_a56e27cbf5f8__stripes_16,stripes,16,,full_pipeline,11,28.3775,27.5715,29.8343
kodim01.png,kodim01_a56e27cbf5f8__stripes_16,stripes,16,,glcm_build,11,9.4823,9.0473,9.6797
kodim01.png,kodim01_a56e27cbf5f8__stripes_16,stripes,16,,glcm_contrast,11,9.4671,9.0983,10.0694
kodim01.png,kodim01_a56e27cbf5f8__stripes_16,stripes,16,,glcm_entropy,11,9.6409,9.1441,9.9175
kodim01.png,kodim01_a56e27cbf5f8__stripes_16,stripes,16,,glcm_homogeneity,11,9.3388,9.0555,10.2007
kodim01.png,kodim01_a56e27cbf5f8__stripes_16,stripes,16,,glcm_shared,11,9.3973,8.9532,10.016
kodim01.png,kodim01_a56e27cbf5f8__stripes_16,stripes,16,,luma_conversion,11,0.6413,0.626,0.6622
kodim01.png,kodim01_a56e27cbf5f8__stripes_16,stripes,16,,luma_sd,11,1.6692,1.5884,1.8059
kodim01.png,kodim01_a56e27cbf5f8__stripes_16,stripes,16,,sobel_si,11,5.781,5.5531,5.9634
kodim01.png,kodim01_a56e27cbf5f8__stripes_32,stripes,32,,edge_fraction,11,10.8036,10.4888,11.5867
kodim01.png,kodim01_a56e27cbf5f8__stripes_32,stripes,32,,full_pipeline,11,28.6563,28.3019,29.7142
kodim01.png,kodim01_a56e27cbf5f8__stripes_32,stripes,32,,glcm_build,11,9.4561,9.2304,9.8655
kodim01.png,kodim01_a56e27cbf5f8__stripes_32,stripes,32,,glcm_contrast,11,9.5213,9.3065,10.6042
kodim01.png,kodim01_a56e27cbf5f8__stripes_32,stripes,32,,glcm_entropy,11,9.6894,9.3347,11.1058
kodim01.png,kodim01_a56e27cbf5f8__stripes_32,stripes,32,,glcm_homogeneity,11,9.4535,9.1812,9.678
kodim01.png,kodim01_a56e27cbf5f8__stripes_32,stripes,32,,glcm_shared,11,9.5952,9.4277,10.8994
kodim01.png,kodim01_a56e27cbf5f8__stripes_32,stripes,32,,luma_conversion,11,0.6286,0.6068,0.7312
kodim01.png,kodim01_a56e27cbf5f8__stripes_32,stripes,32,,luma_sd,11,1.6731,1.6017,1.9355
kodim01.png,kodim01_a56e27cbf5f8__stripes_32,stripes,32,,sobel_si,11,5.9403,5.6519,6.0567
kodim01.png,kodim01_a56e27cbf5f8__stripes_8,stripes,8,,edge_fraction,11,11.2535,10.3543,15.062
kodim01.png,kodim01_a56e27cbf5f8__stripes_8,stripes,8,,full_pipeline,11,30.1125,29.1965,38.2876
kodim01.png,kodim01_a56e27cbf5f8__stripes_8,stripes,8,,glcm_build,11,9.931,9.4273,12.4858
kodim01.png,kodim01_a56e27cbf5f8__stripes_8,stripes,8,,glcm_contrast,11,10.3721,9.636,12.517
kodim01.png,kodim01_a56e27cbf5f8__stripes_8,stripes,8,,glcm_entropy,11,9.9449,9.2728,14.8597
kodim01.png,kodim01_a56e27cbf5f8__stripes_8,stripes,8,,glcm_homogeneity,11,10.0608,9.431,12.5735
kodim01.png,kodim01_a56e27cbf5f8__stripes_8,stripes,8,,glcm_shared,11,9.9992,9.3544,12.4304
kodim01.png,kodim01_a56e27cbf5f8__stripes_8,stripes,8,,luma_conversion,11,0.644,0.6341,0.8087
kodim01.png,kodim01_a56e27cbf5f8__stripes_8,stripes,8,,luma_sd,11,1.7919,1.6702,2.1333
kodim01.png,kodim01_a56e27cbf5f8__stripes_8,stripes,8,,sobel_si,11,6.0979,5.8655,7.6693
kodim02.png,kodim02_4f4b74a79237__awgn_15_seed-20260811,awgn,15,20260811,edge_fraction,11,10.6795,10.5865,11.2988
kodim02.png,kodim02_4f4b74a79237__awgn_15_seed-20260811,awgn,15,20260811,full_pipeline,11,28.4907,27.8584,30.0742
kodim02.png,kodim02_4f4b74a79237__awgn_15_seed-20260811,awgn,15,20260811,glcm_build,11,9.3636,9.1635,10.0877
kodim02.png,kodim02_4f4b74a79237__awgn_15_seed-20260811,awgn,15,20260811,glcm_contrast,11,9.4703,9.1995,10.2379
kodim02.png,kodim02_4f4b74a79237__awgn_15_seed-20260811,awgn,15,20260811,glcm_entropy,11,9.5446,9.1549,10.4808
kodim02.png,kodim02_4f4b74a79237__awgn_15_seed-20260811,awgn,15,20260811,glcm_homogeneity,11,9.5756,9.1157,10.2681
kodim02.png,kodim02_4f4b74a79237__awgn_15_seed-20260811,awgn,15,20260811,glcm_shared,11,9.5862,9.185,10.3114
kodim02.png,kodim02_4f4b74a79237__awgn_15_seed-20260811,awgn,15,20260811,luma_conversion,11,0.6338,0.6037,0.7097
kodim02.png,kodim02_4f4b74a79237__awgn_15_seed-20260811,awgn,15,20260811,luma_sd,11,1.7057,1.5661,1.8263
kodim02.png,kodim02_4f4b74a79237__awgn_15_seed-20260811,awgn,15,20260811,sobel_si,11,5.9082,5.5284,6.5899
kodim02.png,kodim02_4f4b74a79237__awgn_30_seed-20260811,awgn,30,20260811,edge_fraction,11,10.4582,10.3137,12.7739
kodim02.png,kodim02_4f4b74a79237__awgn_30_seed-20260811,awgn,30,20260811,full_pipeline,11,28.542,27.5986,32.5848
kodim02.png,kodim02_4f4b74a79237__awgn_30_seed-20260811,awgn,30,20260811,glcm_build,11,8.9377,8.6538,9.5695
kodim02.png,kodim02_4f4b74a79237__awgn_30_seed-20260811,awgn,30,20260811,glcm_contrast,11,9.0597,8.5308,9.3916
kodim02.png,kodim02_4f4b74a79237__awgn_30_seed-20260811,awgn,30,20260811,glcm_entropy,11,8.9417,8.5863,9.4384
kodim02.png,kodim02_4f4b74a79237__awgn_30_seed-20260811,awgn,30,20260811,glcm_homogeneity,11,8.9369,8.6768,9.3519
kodim02.png,kodim02_4f4b74a79237__awgn_30_seed-20260811,awgn,30,20260811,glcm_shared,11,9.1324,8.6306,9.4625
kodim02.png,kodim02_4f4b74a79237__awgn_30_seed-20260811,awgn,30,20260811,luma_conversion,11,0.6311,0.6083,0.7092
kodim02.png,kodim02_4f4b74a79237__awgn_30_seed-20260811,awgn,30,20260811,luma_sd,11,1.5961,1.5074,1.8914
kodim02.png,kodim02_4f4b74a79237__awgn_30_seed-20260811,awgn,30,20260811,sobel_si,11,5.7358,5.5349,6.0097
kodim02.png,kodim02_4f4b74a79237__awgn_5_seed-20260811,awgn,5,20260811,edge_fraction,11,10.8041,10.4445,11.8894
kodim02.png,kodim02_4f4b74a79237__awgn_5_seed-20260811,awgn,5,20260811,full_pipeline,11,29.8396,29.1361,31.6706
kodim02.png,kodim02_4f4b74a79237__awgn_5_seed-20260811,awgn,5,20260811,glcm_build,11,10.3152,9.9572,11.7836
kodim02.png,kodim02_4f4b74a79237__awgn_5_seed-20260811,awgn,5,20260811,glcm_contrast,11,10.5493,10.0627,11.3253
kodim02.png,kodim02_4f4b74a79237__awgn_5_seed-20260811,awgn,5,20260811,glcm_entropy,11,10.651,10.0232,11.201
kodim02.png,kodim02_4f4b74a79237__awgn_5_seed-20260811,awgn,5,20260811,glcm_homogeneity,11,10.6347,10.0784,11.3044
kodim02.png,kodim02_4f4b74a79237__awgn_5_seed-20260811,awgn,5,20260811,glcm_shared,11,10.588,10.2251,11.6401
kodim02.png,kodim02_4f4b74a79237__awgn_5_seed-20260811,awgn,5,20260811,luma_conversion,11,0.6197,0.5924,0.7582
kodim02.png,kodim02_4f4b74a79237__awgn_5_seed-20260811,awgn,5,20260811,luma_sd,11,1.7391,1.5665,1.9495
kodim02.png,kodim02_4f4b74a79237__awgn_5_seed-20260811,awgn,5,20260811,sobel_si,11,5.7899,5.6297,6.4127
kodim02.png,kodim02_4f4b74a79237__clean_0,clean,0,,edge_fraction,11,10.9646,10.5461,11.5079
kodim02.png,kodim02_4f4b74a79237__clean_0,clean,0,,full_pipeline,11,30.0216,29.2125,32.5052
kodim02.png,kodim02_4f4b74a79237__clean_0,clean,0,,glcm_build,11,10.5584,9.9181,11.0131
kodim02.png,kodim02_4f4b74a79237__clean_0,clean,0,,glcm_contrast,11,10.5778,10.2624,11.2213
kodim02.png,kodim02_4f4b74a79237__clean_0,clean,0,,glcm_entropy,11,10.5019,10.3488,11.0327
kodim02.png,kodim02_4f4b74a79237__clean_0,clean,0,,glcm_homogeneity,11,10.5702,10.0996,10.9549
kodim02.png,kodim02_4f4b74a79237__clean_0,clean,0,,glcm_shared,11,10.7356,10.1872,12.1233
kodim02.png,kodim02_4f4b74a79237__clean_0,clean,0,,luma_conversion,11,0.6258,0.6143,0.6816
kodim02.png,kodim02_4f4b74a79237__clean_0,clean,0,,luma_sd,11,1.7067,1.5539,1.9786
kodim02.png,kodim02_4f4b74a79237__clean_0,clean,0,,sobel_si,11,5.9144,5.6684,6.03
kodim02.png,kodim02_4f4b74a79237__stripes_16,stripes,16,,edge_fraction,11,10.5181,10.2645,11.0575
kodim02.png,kodim02_4f4b74a79237__stripes_16,stripes,16,,full_pipeline,11,28.8868,28.3353,31.4116
kodim02.png,kodim02_4f4b74a79237__stripes_16,stripes,16,,glcm_build,11,10.0076,9.7379,10.6304
kodim02.png,kodim02_4f4b74a79237__stripes_16,stripes,16,,glcm_contrast,11,10.1449,9.7421,12.4021
kodim02.png,kodim02_4f4b74a79237__stripes_16,stripes,16,,glcm_entropy,11,10.0727,9.8507,10.5203
kodim02.png,kodim02_4f4b74a79237__stripes_16,stripes,16,,glcm_homogeneity,11,9.9765,9.7132,10.5692
kodim02.png,kodim02_4f4b74a79237__stripes_16,stripes,16,,glcm_shared,11,10.1366,9.7731,10.7152
kodim02.png,kodim02_4f4b74a79237__stripes_16,stripes,16,,luma_conversion,11,0.6272,0.5995,0.6954
kodim02.png,kodim02_4f4b74a79237__stripes_16,stripes,16,,luma_sd,11,1.6222,1.5162,2.1775
kodim02.png,kodim02_4f4b74a79237__stripes_16,stripes,16,,sobel_si,11,5.8478,5.5702,5.9221
kodim02.png,kodim02_4f4b74a79237__stripes_32,stripes,32,,edge_fraction,11,10.3825,10.0871,11.0351
kodim02.png,kodim02_4f4b74a79237__stripes_32,stripes,32,,full_pipeline,11,29.4528,28.5281,29.9614
kodim02.png,kodim02_4f4b74a79237__stripes_32,stripes,32,,glcm_build,11,9.9429,9.7613,13.4203
kodim02.png,kodim02_4f4b74a79237__stripes_32,stripes,32,,glcm_contrast,11,9.9868,9.8786,13.493
kodim02.png,kodim02_4f4b74a79237__stripes_32,stripes,32,,glcm_entropy,11,10.1028,9.8353,13.8569
kodim02.png,kodim02_4f4b74a79237__stripes_32,stripes,32,,glcm_homogeneity,11,10.087,9.8312,11.3902
kodim02.png,kodim02_4f4b74a79237__stripes_32,stripes,32,,glcm_shared,11,10.0661,9.8166,13.1043
kodim02.png,kodim02_4f4b74a79237__stripes_32,stripes,32,,luma_conversion,11,0.6311,0.605,0.7456
kodim02.png,kodim02_4f4b74a79237__stripes_32,stripes,32,,luma_sd,11,1.613,1.5054,1.8972
kodim02.png,kodim02_4f4b74a79237__stripes_32,stripes,32,,sobel_si,11,5.7554,5.4715,8.0614
kodim02.png,kodim02_4f4b74a79237__stripes_8,stripes,8,,edge_fraction,11,10.8266,10.3857,11.5993
kodim02.png,kodim02_4f4b74a79237__stripes_8,stripes,8,,full_pipeline,11,30.2257,28.6849,31.9001
kodim02.png,kodim02_4f4b74a79237__stripes_8,stripes,8,,glcm_build,11,10.6334,10.1396,11.6519
kodim02.png,kodim02_4f4b74a79237__stripes_8,stripes,8,,glcm_contrast,11,10.636,10.1488,11.9993
kodim02.png,kodim02_4f4b74a79237__stripes_8,stripes,8,,glcm_entropy,11,10.7987,10.1469,11.636
kodim02.png,kodim02_4f4b74a79237__stripes_8,stripes,8,,glcm_homogeneity,11,11.0016,10.1254,11.749
kodim02.png,kodim02_4f4b74a79237__stripes_8,stripes,8,,glcm_shared,11,11.0405,10.1813,11.3564
kodim02.png,kodim02_4f4b74a79237__stripes_8,stripes,8,,luma_conversion,11,0.6347,0.6093,0.6892
kodim02.png,kodim02_4f4b74a79237__stripes_8,stripes,8,,luma_sd,11,1.7259,1.5877,2.0488
kodim02.png,kodim02_4f4b74a79237__stripes_8,stripes,8,,sobel_si,11,5.9361,5.7,6.266
kodim03.png,kodim03_e25ca1ff2f0c__awgn_15_seed-20260811,awgn,15,20260811,edge_fraction,11,10.7098,10.2482,11.1411
kodim03.png,kodim03_e25ca1ff2f0c__awgn_15_seed-20260811,awgn,15,20260811,full_pipeline,11,28.7386,28.0767,29.4438
kodim03.png,kodim03_e25ca1ff2f0c__awgn_15_seed-20260811,awgn,15,20260811,glcm_build,11,9.0864,8.7598,9.7782
kodim03.png,kodim03_e25ca1ff2f0c__awgn_15_seed-20260811,awgn,15,20260811,glcm_contrast,11,9.2006,8.8807,11.3415
kodim03.png,kodim03_e25ca1ff2f0c__awgn_15_seed-20260811,awgn,15,20260811,glcm_entropy,11,9.407,9.0438,9.7823
kodim03.png,kodim03_e25ca1ff2f0c__awgn_15_seed-20260811,awgn,15,20260811,glcm_homogeneity,11,9.2869,8.8566,10.1041
kodim03.png,kodim03_e25ca1ff2f0c__awgn_15_seed-20260811,awgn,15,20260811,glcm_shared,11,9.6267,9.0296,11.0956
kodim03.png,kodim03_e25ca1ff2f0c__awgn_15_seed-20260811,awgn,15,20260811,luma_conversion,11,0.617,0.579,0.669
kodim03.png,kodim03_e25ca1ff2f0c__awgn_15_seed-20260811,awgn,15,20260811,luma_sd,11,1.7835,1.5634,1.9781
kodim03.png,kodim03_e25ca1ff2f0c__awgn_15_seed-20260811,awgn,15,20260811,sobel_si,11,5.7438,5.6255,6.1169
kodim03.png,kodim03_e25ca1ff2f0c__awgn_30_seed-20260811,awgn,30,20260811,edge_fraction,11,10.4756,10.1568,10.7833
kodim03.png,kodim03_e25ca1ff2f0c__awgn_30_seed-20260811,awgn,30,20260811,full_pipeline,11,27.523,27.0045,29.115
kodim03.png,kodim03_e25ca1ff2f0c__awgn_30_seed-20260811,awgn,30,20260811,glcm_build,11,8.7149,8.417,9.3642
kodim03.png,kodim03_e25ca1ff2f0c__awgn_30_seed-20260811,awgn,30,20260811,glcm_contrast,11,8.7964,8.5075,9.0416
kodim03.png,kodim03_e25ca1ff2f0c__awgn_30_seed-20260811,awgn,30,20260811,glcm_entropy,11,8.8601,8.5724,9.2467
kodim03.png,kodim03_e25ca1ff2f0c__awgn_30_seed-20260811,awgn,30,20260811,glcm_homogeneity,11,8.7137,8.5897,9.6515
kodim03.png,kodim03_e25ca1ff2f0c__awgn_30_seed-20260811,awgn,30,20260811,glcm_shared,11,8.7307,8.5883,8.9244
kodim03.png,kodim03_e25ca1ff2f0c__awgn_30_seed-20260811,awgn,30,20260811,luma_conversion,11,0.6254,0.5945,0.7239
kodim03.png,kodim03_e25ca1ff2f0c__awgn_30_seed-20260811,awgn,30,20260811,luma_sd,11,1.6139,1.5188,1.8223
kodim03.png,kodim03_e25ca1ff2f0c__awgn_30_seed-20260811,awgn,30,20260811,sobel_si,11,5.8108,5.541,6.0876
kodim03.png,kodim03_e25ca1ff2f0c__awgn_5_seed-20260811,awgn,5,20260811,edge_fraction,11,10.4442,10.1262,10.9623
kodim03.png,kodim03_e25ca1ff2f0c__awgn_5_seed-20260811,awgn,5,20260811,full_pipeline,11,28.7967,27.9946,29.7566
kodim03.png,kodim03_e25ca1ff2f0c__awgn_5_seed-20260811,awgn,5,20260811,glcm_build,11,9.3604,9.1603,10.4116
kodim03.png,kodim03_e25ca1ff2f0c__awgn_5_seed-20260811,awgn,5,20260811,glcm_contrast,11,9.5714,9.1779,11.5965
kodim03.png,kodim03_e25ca1ff2f0c__awgn_5_seed-20260811,awgn,5,20260811,glcm_entropy,11,9.3636,9.2623,10.1985
kodim03.png,kodim03_e25ca1ff2f0c__awgn_5_seed-20260811,awgn,5,20260811,glcm_homogeneity,11,9.3511,9.2114,9.9052
kodim03.png,kodim03_e25ca1ff2f0c__awgn_5_seed-20260811,awgn,5,20260811,glcm_shared,11,9.4228,9.2616,10.2745
kodim03.png,kodim03_e25ca1ff2f0c__awgn_5_seed-20260811,awgn,5,20260811,luma_conversion,11,0.616,0.6073,0.7432
kodim03.png,kodim03_e25ca1ff2f0c__awgn_5_seed-20260811,awgn,5,20260811,luma_sd,11,1.6649,1.5363,1.9582
kodim03.png,kodim03_e25ca1ff2f0c__awgn_5_seed-20260811,awgn,5,20260811,sobel_si,11,5.6215,5.4809,5.9377
kodim03.png,kodim03_e25ca1ff2f0c__clean_0,clean,0,,edge_fraction,11,10.4107,10.2274,10.7258
kodim03.png,kodim03_e25ca1ff2f0c__clean_0,clean,0,,full_pipeline,11,28.4473,27.6268,28.9034
kodim03.png,kodim03_e25ca1ff2f0c__clean_0,clean,0,,glcm_build,11,9.6779,9.4826,10.0386
kodim03.png,kodim03_e25ca1ff2f0c__clean_0,clean,0,,glcm_contrast,11,9.8053,9.5554,10.6371
kodim03.png,kodim03_e25ca1ff2f0c__clean_0,clean,0,,glcm_entropy,11,9.6462,9.5453,9.9135
kodim03.png,kodim03_e25ca1ff2f0c__clean_0,clean,0,,glcm_homogeneity,11,9.8947,9.537,10.0632
kodim03.png,kodim03_e25ca1ff2f0c__clean_0,clean,0,,glcm_shared,11,9.688,9.5452,10.2738
kodim03.png,kodim03_e25ca1ff2f0c__clean_0,clean,0,,luma_conversion,11,0.616,0.6057,0.7366
kodim03.png,kodim03_e25ca1ff2f0c__clean_0,clean,0,,luma_sd,11,1.5907,1.5125,1.8579
kodim03.png,kodim03_e25ca1ff2f0c__clean_0,clean,0,,sobel_si,11,5.7659,5.4667,5.893
kodim03.png,kodim03_e25ca1ff2f0c__stripes_16,stripes,16,,edge_fraction,11,10.8382,10.5917,11.4563
kodim03.png,kodim03_e25ca1ff2f0c__stripes_16,stripes,16,,full_pipeline,11,29.9028,29.5548,30.9846
kodim03.png,kodim03_e25ca1ff2f0c__stripes_16,stripes,16,,glcm_build,11,10.3052,9.9521,11.6694
kodim03.png,kodim03_e25ca1ff2f0c__stripes_16,stripes,16,,glcm_contrast,11,10.1785,9.9103,10.4188
kodim03.png,kodim03_e25ca1ff2f0c__stripes_16,stripes,16,,glcm_entropy,11,10.2904,9.9503,12.3251
kodim03.png,kodim03_e25ca1ff2f0c__stripes_16,stripes,16,,glcm_homogeneity,11,10.3128,10.0385,10.461
kodim03.png,kodim03_e25ca1ff2f0c__stripes_16,stripes,16,,glcm_shared,11,10.2766,10.0833,11.2284
kodim03.png,kodim03_e25ca1ff2f0c__stripes_16,stripes,16,,luma_conversion,11,0.6311,0.6142,0.7699
kodim03.png,kodim03_e25ca1ff2f0c__stripes_16,stripes,16,,luma_sd,11,1.7245,1.5655,2.7962
kodim03.png,kodim03_e25ca1ff2f0c__stripes_16,stripes,16,,sobel_si,11,5.9915,5.8909,7.58
kodim03.png,kodim03_e25ca1ff2f0c__stripes_32,stripes,32,,edge_fraction,11,11.0705,10.7967,13.4771
kodim03.png,kodim03_e25ca1ff2f0c__stripes_32,stripes,32,,full_pipeline,11,30.0668,29.7395,34.3115
kodim03.png,kodim03_e25ca1ff2f0c__stripes_32,stripes,32,,glcm_build,11,10.4114,9.8591,10.8014
kodim03.png,kodim03_e25ca1ff2f0c__stripes_32,stripes,32,,glcm_contrast,11,10.4011,10.0675,11.219
kodim03.png,kodim03_e25ca1ff2f0c__stripes_32,stripes,32,,glcm_entropy,11,10.172,10.0429,11.4895
kodim03.png,kodim03_e25ca1ff2f0c__stripes_32,stripes,32,,glcm_homogeneity,11,10.3635,10.073,12.5445
kodim03.png,kodim03_e25ca1ff2f0c__stripes_32,stripes,32,,glcm_shared,11,10.4942,10.1778,11.3715
kodim03.png,kodim03_e25ca1ff2f0c__stripes_32,stripes,32,,luma_conversion,11,0.6479,0.6037,0.7647
kodim03.png,kodim03_e25ca1ff2f0c__stripes_32,stripes,32,,luma_sd,11,1.7109,1.6075,1.8336
kodim03.png,kodim03_e25ca1ff2f0c__stripes_32,stripes,32,,sobel_si,11,6.0453,5.8585,7.4627
kodim03.png,kodim03_e25ca1ff2f0c__stripes_8,stripes,8,,edge_fraction,11,10.9149,10.5789,11.1506
kodim03.png,kodim03_e25ca1ff2f0c__stripes_8,stripes,8,,full_pipeline,11,29.8553,29.474,30.7515
kodim03.png,kodim03_e25ca1ff2f0c__stripes_8,stripes,8,,glcm_build,11,10.2495,9.8293,10.832
kodim03.png,kodim03_e25ca1ff2f0c__stripes_8,stripes,8,,glcm_contrast,11,10.3164,9.9485,10.7949
kodim03.png,kodim03_e25ca1ff2f0c__stripes_8,stripes,8,,glcm_entropy,11,10.3233,9.8711,10.8258
kodim03.png,kodim03_e25ca1ff2f0c__stripes_8,stripes,8,,glcm_homogeneity,11,10.1839,9.9768,10.7256
kodim03.png,kodim03_e25ca1ff2f0c__stripes_8,stripes,8,,glcm_shared,11,10.339,9.9289,10.6369
kodim03.png,kodim03_e25ca1ff2f0c__stripes_8,stripes,8,,luma_conversion,11,0.6367,0.6046,0.7992
kodim03.png,kodim03_e25ca1ff2f0c__stripes_8,stripes,8,,luma_sd,11,1.6504,1.5295,2.0081
kodim03.png,kodim03_e25ca1ff2f0c__stripes_8,stripes,8,,sobel_si,11,5.8828,5.6588,6.061
kodim04.png,kodim04_e3b946107c5d__awgn_15_seed-20260811,awgn,15,20260811,edge_fraction,11,10.8371,10.2106,11.3891
kodim04.png,kodim04_e3b946107c5d__awgn_15_seed-20260811,awgn,15,20260811,full_pipeline,11,29.1905,27.907,29.8771
kodim04.png,kodim04_e3b946107c5d__awgn_15_seed-20260811,awgn,15,20260811,glcm_build,11,9.0884,8.8053,9.7946
kodim04.png,kodim04_e3b946107c5d__awgn_15_seed-20260811,awgn,15,20260811,glcm_contrast,11,8.9982,8.8312,9.9153
kodim04.png,kodim04_e3b946107c5d__awgn_15_seed-20260811,awgn,15,20260811,glcm_entropy,11,9.2595,8.9212,9.912
kodim04.png,kodim04_e3b946107c5d__awgn_15_seed-20260811,awgn,15,20260811,glcm_homogeneity,11,9.4008,8.9102,9.5652
kodim04.png,kodim04_e3b946107c5d__awgn_15_seed-20260811,awgn,15,20260811,glcm_shared,11,9.3271,8.9027,10.0228
kodim04.png,kodim04_e3b946107c5d__awgn_15_seed-20260811,awgn,15,20260811,luma_conversion,11,0.6216,0.6016,0.7676
kodim04.png,kodim04_e3b946107c5d__awgn_15_seed-20260811,awgn,15,20260811,luma_sd,11,1.6542,1.5244,1.8713
kodim04.png,kodim04_e3b946107c5d__awgn_15_seed-20260811,awgn,15,20260811,sobel_si,11,5.8981,5.5887,6.2222
kodim04.png,kodim04_e3b946107c5d__awgn_30_seed-20260811,awgn,30,20260811,edge_fraction,11,10.5124,10.101,10.6824
kodim04.png,kodim04_e3b946107c5d__awgn_30_seed-20260811,awgn,30,20260811,full_pipeline,11,27.7327,27.4501,28.9557
kodim04.png,kodim04_e3b946107c5d__awgn_30_seed-20260811,awgn,30,20260811,glcm_build,11,8.6046,8.4262,8.9926
kodim04.png,kodim04_e3b946107c5d__awgn_30_seed-20260811,awgn,30,20260811,glcm_contrast,11,8.8262,8.5509,9.9464
kodim04.png,kodim04_e3b946107c5d__awgn_30_seed-20260811,awgn,30,20260811,glcm_entropy,11,8.7242,8.5991,8.9755
kodim04.png,kodim04_e3b946107c5d__awgn_30_seed-20260811,awgn,30,20260811,glcm_homogeneity,11,8.6062,8.4323,9.2009
kodim04.png,kodim04_e3b946107c5d__awgn_30_seed-20260811,awgn,30,20260811,glcm_shared,11,8.6708,8.5369,9.3125
kodim04.png,kodim04_e3b946107c5d__awgn_30_seed-20260811,awgn,30,20260811,luma_conversion,11,0.6259,0.5856,0.676
kodim04.png,kodim04_e3b946107c5d__awgn_30_seed-20260811,awgn,30,20260811,luma_sd,11,1.5289,1.5086,1.8778
kodim04.png,kodim04_e3b946107c5d__awgn_30_seed-20260811,awgn,30,20260811,sobel_si,11,5.7278,5.5605,6.2177
kodim04.png,kodim04_e3b946107c5d__awgn_5_seed-20260811,awgn,5,20260811,edge_fraction,11,10.5199,10.2772,10.7827
kodim04.png,kodim04_e3b946107c5d__awgn_5_seed-20260811,awgn,5,20260811,full_pipeline,11,28.4812,28.1991,29.0474
kodim04.png,kodim04_e3b946107c5d__awgn_5_seed-20260811,awgn,5,20260811,glcm_build,11,9.3654,9.2309,10.6065
kodim04.png,kodim04_e3b946107c5d__awgn_5_seed-20260811,awgn,5,20260811,glcm_contrast,11,9.4003,9.238,9.6051
kodim04.png,kodim04_e3b946107c5d__awgn_5_seed-20260811,awgn,5,20260811,glcm_entropy,11,9.4545,9.2619,9.7483
kodim04.png,kodim04_e3b946107c5d__awgn_5_seed-20260811,awgn,5,20260811,glcm_homogeneity,11,9.5162,9.2118,9.6861
kodim04.png,kodim04_e3b946107c5d__awgn_5_seed-20260811,awgn,5,20260811,glcm_shared,11,9.5732,9.3768,9.759
kodim04.png,kodim04_e3b946107c5d__awgn_5_seed-20260811,awgn,5,20260811,luma_conversion,11,0.626,0.6137,0.6615
kodim04.png,kodim04_e3b946107c5d__awgn_5_seed-20260811,awgn,5,20260811,luma_sd,11,1.6058,1.55,1.7684
kodim04.png,kodim04_e3b946107c5d__awgn_5_seed-20260811,awgn,5,20260811,sobel_si,11,5.8703,5.635,6.0132
kodim04.png,kodim04_e3b946107c5d__clean_0,clean,0,,edge_fraction,11,10.3813,10.2042,10.8352
kodim04.png,kodim04_e3b946107c5d__clean_0,clean,0,,full_pipeline,11,28.4377,27.9741,29.0976
kodim04.png,kodim04_e3b946107c5d__clean_0,clean,0,,glcm_build,11,9.5077,9.2839,10.6554
kodim04.png,kodim04_e3b946107c5d__clean_0,clean,0,,glcm_contrast,11,9.4955,9.2037,9.9449
kodim04.png,kodim04_e3b946107c5d__clean_0,clean,0,,glcm_entropy,11,9.5722,9.2974,10.6323
kodim04.png,kodim04_e3b946107c5d__clean_0,clean,0,,glcm_homogeneity,11,9.5305,9.3867,9.7226
kodim04.png,kodim04_e3b946107c5d__clean_0,clean,0,,glcm_shared,11,9.5279,9.3891,10.0201
kodim04.png,kodim04_e3b946107c5d__clean_0,clean,0,,luma_conversion,11,0.6378,0.61,0.7085
kodim04.png,kodim04_e3b946107c5d__clean_0,clean,0,,luma_sd,11,1.643,1.5406,1.9504
kodim04.png,kodim04_e3b946107c5d__clean_0,clean,0,,sobel_si,11,5.7252,5.5159,5.8685
kodim04.png,kodim04_e3b946107c5d__stripes_16,stripes,16,,edge_fraction,11,10.3642,10.1525,10.8456
kodim04.png,kodim04_e3b946107c5d__stripes_16,stripes,16,,full_pipeline,11,28.2978,28.036,29.0209
kodim04.png,kodim04_e3b946107c5d__stripes_16,stripes,16,,glcm_build,11,9.3592,9.2603,9.7697
kodim04.png,kodim04_e3b946107c5d__stripes_16,stripes,16,,glcm_contrast,11,9.4785,9.2347,9.6856
kodim04.png,kodim04_e3b946107c5d__stripes_16,stripes,16,,glcm_entropy,11,9.5643,9.3274,10.1313
kodim04.png,kodim04_e3b946107c5d__stripes_16,stripes,16,,glcm_homogeneity,11,9.4347,9.2381,9.9182
kodim04.png,kodim04_e3b946107c5d__stripes_16,stripes,16,,glcm_shared,11,9.728,9.2661,10.7493
kodim04.png,kodim04_e3b946107c5d__stripes_16,stripes,16,,luma_conversion,11,0.6319,0.614,0.7075
kodim04.png,kodim04_e3b946107c5d__stripes_16,stripes,16,,luma_sd,11,1.583,1.5419,1.8095
kodim04.png,kodim04_e3b946107c5d__stripes_16,stripes,16,,sobel_si,11,5.7756,5.5682,6.246
kodim04.png,kodim04_e3b946107c5d__stripes_32,stripes,32,,edge_fraction,11,10.5227,10.3324,13.8488
kodim04.png,kodim04_e3b946107c5d__stripes_32,stripes,32,,full_pipeline,11,28.2747,27.8551,29.3475
kodim04.png,kodim04_e3b946107c5d__stripes_32,stripes,32,,glcm_build,11,9.3927,9.1953,14.2706
kodim04.png,kodim04_e3b946107c5d__stripes_32,stripes,32,,glcm_contrast,11,9.5887,9.1296,10.9333
kodim04.png,kodim04_e3b946107c5d__stripes_32,stripes,32,,glcm_entropy,11,9.4155,9.2423,13.138
kodim04.png,kodim04_e3b946107c5d__stripes_32,stripes,32,,glcm_homogeneity,11,9.4476,9.2021,11.209
kodim04.png,kodim04_e3b946107c5d__stripes_32,stripes,32,,glcm_shared,11,9.6269,9.2958,13.3203
kodim04.png,kodim04_e3b946107c5d__stripes_32,stripes,32,,luma_conversion,11,0.6267,0.6088,0.7127
kodim04.png,kodim04_e3b946107c5d__stripes_32,stripes,32,,luma_sd,11,1.587,1.5219,2.0158
kodim04.png,kodim04_e3b946107c5d__stripes_32,stripes,32,,sobel_si,11,5.8472,5.7272,7.6797
kodim04.png,kodim04_e3b946107c5d__stripes_8,stripes,8,,edge_fraction,11,10.4509,10.2758,10.7164
kodim04.png,kodim04_e3b946107c5d__stripes_8,stripes,8,,full_pipeline,11,28.3652,27.9873,28.8881
kodim04.png,kodim04_e3b946107c5d__stripes_8,stripes,8,,glcm_build,11,9.437,9.1534,9.8865
kodim04.png,kodim04_e3b946107c5d__stripes_8,stripes,8,,glcm_contrast,11,9.5252,9.3474,10.0034
kodim04.png,kodim04_e3b946107c5d__stripes_8,stripes,8,,glcm_entropy,11,9.5346,9.2118,10.3278
kodim04.png,kodim04_e3b946107c5d__stripes_8,stripes,8,,glcm_homogeneity,11,9.4419,9.1921,10.2258
kodim04.png,kodim04_e3b946107c5d__stripes_8,stripes,8,,glcm_shared,11,9.6172,9.4622,9.9061
kodim04.png,kodim04_e3b946107c5d__stripes_8,stripes,8,,luma_conversion,11,0.6368,0.6179,0.753
kodim04.png,kodim04_e3b946107c5d__stripes_8,stripes,8,,luma_sd,11,1.5577,1.5061,1.7967
kodim04.png,kodim04_e3b946107c5d__stripes_8,stripes,8,,sobel_si,11,5.8444,5.5923,6.149
kodim05.png,kodim05_10349e963c5c__awgn_15_seed-20260811,awgn,15,20260811,edge_fraction,11,10.6695,10.3932,11.6208
kodim05.png,kodim05_10349e963c5c__awgn_15_seed-20260811,awgn,15,20260811,full_pipeline,11,28.6673,27.9472,29.637
kodim05.png,kodim05_10349e963c5c__awgn_15_seed-20260811,awgn,15,20260811,glcm_build,11,9.0332,8.7337,9.9635
kodim05.png,kodim05_10349e963c5c__awgn_15_seed-20260811,awgn,15,20260811,glcm_contrast,11,9.0421,8.7304,10.1456
kodim05.png,kodim05_10349e963c5c__awgn_15_seed-20260811,awgn,15,20260811,glcm_entropy,11,9.0738,8.7891,10.0859
kodim05.png,kodim05_10349e963c5c__awgn_15_seed-20260811,awgn,15,20260811,glcm_homogeneity,11,9.2473,8.7734,9.739
kodim05.png,kodim05_10349e963c5c__awgn_15_seed-20260811,awgn,15,20260811,glcm_shared,11,9.2943,8.733,9.7792
kodim05.png,kodim05_10349e963c5c__awgn_15_seed-20260811,awgn,15,20260811,luma_conversion,11,0.659,0.6215,0.7111
kodim05.png,kodim05_10349e963c5c__awgn_15_seed-20260811,awgn,15,20260811,luma_sd,11,1.7601,1.5507,1.9834
kodim05.png,kodim05_10349e963c5c__awgn_15_seed-20260811,awgn,15,20260811,sobel_si,11,6.0865,5.7123,6.2195
kodim05.png,kodim05_10349e963c5c__awgn_30_seed-20260811,awgn,30,20260811,edge_fraction,11,10.7335,10.1962,11.476
kodim05.png,kodim05_10349e963c5c__awgn_30_seed-20260811,awgn,30,20260811,full_pipeline,11,28.2961,27.3123,30.1245
kodim05.png,kodim05_10349e963c5c__awgn_30_seed-20260811,awgn,30,20260811,glcm_build,11,9.0162,8.6019,9.6817
kodim05.png,kodim05_10349e963c5c__awgn_30_seed-20260811,awgn,30,20260811,glcm_contrast,11,9.0251,8.5415,9.3446
kodim05.png,kodim05_10349e963c5c__awgn_30_seed-20260811,awgn,30,20260811,glcm_entropy,11,9.0177,8.5319,9.2534
kodim05.png,kodim05_10349e963c5c__awgn_30_seed-20260811,awgn,30,20260811,glcm_homogeneity,11,9.0684,8.7704,9.4455
kodim05.png,kodim05_10349e963c5c__awgn_30_seed-20260811,awgn,30,20260811,glcm_shared,11,9.0458,8.5522,9.2288
kodim05.png,kodim05_10349e963c5c__awgn_30_seed-20260811,awgn,30,20260811,luma_conversion,11,0.6645,0.6175,0.7739
kodim05.png,kodim05_10349e963c5c__awgn_30_seed-20260811,awgn,30,20260811,luma_sd,11,1.6435,1.5412,1.7695
kodim05.png,kodim05_10349e963c5c__awgn_30_seed-20260811,awgn,30,20260811,sobel_si,11,5.8271,5.6534,5.9382
kodim05.png,kodim05_10349e963c5c__awgn_5_seed-20260811,awgn,5,20260811,edge_fraction,11,10.6674,10.3476,11.427
kodim05.png,kodim05_10349e963c5c__awgn_5_seed-20260811,awgn,5,20260811,full_pipeline,11,28.736,27.836,32.1081
kodim05.png,kodim05_10349e963c5c__awgn_5_seed-20260811,awgn,5,20260811,glcm_build,11,9.3076,8.9607,9.9613
kodim05.png,kodim05_10349e963c5c__awgn_5_seed-20260811,awgn,5,20260811,glcm_contrast,11,9.3422,9.1288,10.4577
kodim05.png,kodim05_10349e963c5c__awgn_5_seed-20260811,awgn,5,20260811,glcm_entropy,11,9.2444,9.0143,9.9609
kodim05.png,kodim05_10349e963c5c__awgn_5_seed-20260811,awgn,5,20260811,glcm_homogeneity,11,9.3209,8.9231,9.9775
kodim05.png,kodim05_10349e963c5c__awgn_5_seed-20260811,awgn,5,20260811,glcm_shared,11,9.3579,9.0642,10.1414
kodim05.png,kodim05_10349e963c5c__awgn_5_seed-20260811,awgn,5,20260811,luma_conversion,11,0.6255,0.5742,0.6991
kodim05.png,kodim05_10349e963c5c__awgn_5_seed-20260811,awgn,5,20260811,luma_sd,11,1.6488,1.5172,1.9633
kodim05.png,kodim05_10349e963c5c__awgn_5_seed-20260811,awgn,5,20260811,sobel_si,11,5.9303,5.5789,6.4338
kodim05.png,kodim05_10349e963c5c__clean_0,clean,0,,edge_fraction,11,10.4303,10.2187,10.7038
kodim05.png,kodim05_10349e963c5c__clean_0,clean,0,,full_pipeline,11,28.244,27.8114,28.6963
kodim05.png,kodim05_10349e963c5c__clean_0,clean,0,,glcm_build,11,9.1333,8.9493,9.5064
kodim05.png,kodim05_10349e963c5c__clean_0,clean,0,,glcm_contrast,11,9.2867,9.0102,10.1177
kodim05.png,kodim05_10349e963c5c__clean_0,clean,0,,glcm_entropy,11,9.2162,9.0205,9.7273
kodim05.png,kodim05_10349e963c5c__clean_0,clean,0,,glcm_homogeneity,11,9.2039,8.9787,9.5186
kodim05.png,kodim05_10349e963c5c__clean_0,clean,0,,glcm_shared,11,9.3359,8.9851,9.9232
kodim05.png,kodim05_10349e963c5c__clean_0,clean,0,,luma_conversion,11,0.6258,0.61,0.6968
kodim05.png,kodim05_10349e963c5c__clean_0,clean,0,,luma_sd,11,1.5954,1.5176,1.8264
kodim05.png,kodim05_10349e963c5c__clean_0,clean,0,,sobel_si,11,5.7862,5.5929,5.9712
kodim05.png,kodim05_10349e963c5c__stripes_16,stripes,16,,edge_fraction,11,10.4589,10.184,11.8076
kodim05.png,kodim05_10349e963c5c__stripes_16,stripes,16,,full_pipeline,11,28.4723,27.7867,30.1908
kodim05.png,kodim05_10349e963c5c__stripes_16,stripes,16,,glcm_build,11,9.4409,8.9644,11.0484
kodim05.png,kodim05_10349e963c5c__stripes_16,stripes,16,,glcm_contrast,11,9.257,8.8745,10.5193
kodim05.png,kodim05_10349e963c5c__stripes_16,stripes,16,,glcm_entropy,11,9.3822,9.0303,10.0967
kodim05.png,kodim05_10349e963c5c__stripes_16,stripes,16,,glcm_homogeneity,11,9.3169,8.9766,10.3977
kodim05.png,kodim05_10349e963c5c__stripes_16,stripes,16,,glcm_shared,11,9.3791,8.9553,10.2772
kodim05.png,kodim05_10349e963c5c__stripes_16,stripes,16,,luma_conversion,11,0.6306,0.6076,0.7514
kodim05.png,kodim05_10349e963c5c__stripes_16,stripes,16,,luma_sd,11,1.6784,1.4986,1.946
kodim05.png,kodim05_10349e963c5c__stripes_16,stripes,16,,sobel_si,11,5.8295,5.7141,6.1806
kodim05.png,kodim05_10349e963c5c__stripes_32,stripes,32,,edge_fraction,11,10.8106,10.3397,11.5134
kodim05.png,kodim05_10349e963c5c__stripes_32,stripes,32,,full_pipeline,11,29.0371,28.0617,31.1802
kodim05.png,kodim05_10349e963c5c__stripes_32,stripes,32,,glcm_build,11,9.549,9.1443,10.442
kodim05.png,kodim05_10349e963c5c__stripes_32,stripes,32,,glcm_contrast,11,9.4925,9.2491,11.3091
kodim05.png,kodim05_10349e963c5c__stripes_32,stripes,32,,glcm_entropy,11,9.4681,9.2462,10.6209
kodim05.png,kodim05_10349e963c5c__stripes_32,stripes,32,,glcm_homogeneity,11,9.8786,9.1566,10.8189
kodim05.png,kodim05_10349e963c5c__stripes_32,stripes,32,,glcm_shared,11,9.5083,9.22,10.4595
kodim05.png,kodim05_10349e963c5c__stripes_32,stripes,32,,luma_conversion,11,0.6467,0.6152,0.7132
kodim05.png,kodim05_10349e963c5c__stripes_32,stripes,32,,luma_sd,11,1.7117,1.5584,2.0747
kodim05.png,kodim05_10349e963c5c__stripes_32,stripes,32,,sobel_si,11,5.934,5.7209,6.1644
kodim05.png,kodim05_10349e963c5c__stripes_8,stripes,8,,edge_fraction,11,10.4323,10.2243,11.3882
kodim05.png,kodim05_10349e963c5c__stripes_8,stripes,8,,full_pipeline,11,28.6115,28.0871,29.6265
kodim05.png,kodim05_10349e963c5c__stripes_8,stripes,8,,glcm_build,11,9.2829,9.0479,9.7391
kodim05.png,kodim05_10349e963c5c__stripes_8,stripes,8,,glcm_contrast,11,9.4379,9.0093,11.293
kodim05.png,kodim05_10349e963c5c__stripes_8,stripes,8,,glcm_entropy,11,9.2952,9.0784,9.7338
kodim05.png,kodim05_10349e963c5c__stripes_8,stripes,8,,glcm_homogeneity,11,9.2175,8.9733,10.1242
kodim05.png,kodim05_10349e963c5c__stripes_8,stripes,8,,glcm_shared,11,9.3905,8.9484,9.9284
kodim05.png,kodim05_10349e963c5c__stripes_8,stripes,8,,luma_conversion,11,0.6225,0.6031,0.7138
kodim05.png,kodim05_10349e963c5c__stripes_8,stripes,8,,luma_sd,11,1.5832,1.5047,1.6866
kodim05.png,kodim05_10349e963c5c__stripes_8,stripes,8,,sobel_si,11,5.797,5.5529,6.0076
kodim06.png,kodim06_363510303b71__awgn_15_seed-20260811,awgn,15,20260811,edge_fraction,11,10.5754,10.2821,11.0787
kodim06.png,kodim06_363510303b71__awgn_15_seed-20260811,awgn,15,20260811,full_pipeline,11,28.6106,27.934,29.3375
kodim06.png,kodim06_363510303b71__awgn_15_seed-20260811,awgn,15,20260811,glcm_build,11,9.2669,8.9824,9.7797
kodim06.png,kodim06_363510303b71__awgn_15_seed-20260811,awgn,15,20260811,glcm_contrast,11,9.2334,9.0349,10.9519
kodim06.png,kodim06_363510303b71__awgn_15_seed-20260811,awgn,15,20260811,glcm_entropy,11,9.1474,8.9688,9.8517
kodim06.png,kodim06_363510303b71__awgn_15_seed-20260811,awgn,15,20260811,glcm_homogeneity,11,9.4289,8.9163,10.0436
kodim06.png,kodim06_363510303b71__awgn_15_seed-20260811,awgn,15,20260811,glcm_shared,11,9.4823,8.9643,9.9569
kodim06.png,kodim06_363510303b71__awgn_15_seed-20260811,awgn,15,20260811,luma_conversion,11,0.6234,0.6113,0.6395
kodim06.png,kodim06_363510303b71__awgn_15_seed-20260811,awgn,15,20260811,luma_sd,11,1.6148,1.5273,1.8775
kodim06.png,kodim06_363510303b71__awgn_15_seed-20260811,awgn,15,20260811,sobel_si,11,5.8101,5.7025,6.0684
kodim06.png,kodim06_363510303b71__awgn_30_seed-20260811,awgn,30,20260811,edge_fraction,11,10.5362,10.1258,10.954
kodim06.png,kodim06_363510303b71__awgn_30_seed-20260811,awgn,30,20260811,full_pipeline,11,28.2222,27.6754,28.7113
kodim06.png,kodim06_363510303b71__awgn_30_seed-20260811,awgn,30,20260811,glcm_build,11,9.0101,8.6641,9.543
kodim06.png,kodim06_363510303b71__awgn_30_seed-20260811,awgn,30,20260811,glcm_contrast,11,9.1161,8.6137,10.1691
kodim06.png,kodim06_363510303b71__awgn_30_seed-20260811,awgn,30,20260811,glcm_entropy,11,9.0626,8.6861,10.5182
kodim06.png,kodim06_363510303b71__awgn_30_seed-20260811,awgn,30,20260811,glcm_homogeneity,11,9.1619,8.7111,9.4274
kodim06.png,kodim06_363510303b71__awgn_30_seed-20260811,awgn,30,20260811,glcm_shared,11,9.1413,8.7784,9.5413
kodim06.png,kodim06_363510303b71__awgn_30_seed-20260811,awgn,30,20260811,luma_conversion,11,0.6218,0.592,0.6595
kodim06.png,kodim06_363510303b71__awgn_30_seed-20260811,awgn,30,20260811,luma_sd,11,1.5797,1.4939,1.7532
kodim06.png,kodim06_363510303b71__awgn_30_seed-20260811,awgn,30,20260811,sobel_si,11,5.7889,5.6497,5.9395
kodim06.png,kodim06_363510303b71__awgn_5_seed-20260811,awgn,5,20260811,edge_fraction,11,10.7773,10.45,11.8031
kodim06.png,kodim06_363510303b71__awgn_5_seed-20260811,awgn,5,20260811,full_pipeline,11,29.0527,28.6305,31.6107
kodim06.png,kodim06_363510303b71__awgn_5_seed-20260811,awgn,5,20260811,glcm_build,11,9.8737,9.5631,12.2786
kodim06.png,kodim06_363510303b71__awgn_5_seed-20260811,awgn,5,20260811,glcm_contrast,11,9.8364,9.6088,14.6539
kodim06.png,kodim06_363510303b71__awgn_5_seed-20260811,awgn,5,20260811,glcm_entropy,11,9.8256,9.4582,10.6079
kodim06.png,kodim06_363510303b71__awgn_5_seed-20260811,awgn,5,20260811,glcm_homogeneity,11,10.0331,9.4415,15.7418
kodim06.png,kodim06_363510303b71__awgn_5_seed-20260811,awgn,5,20260811,glcm_shared,11,10.0068,9.5211,12.9695
kodim06.png,kodim06_363510303b71__awgn_5_seed-20260811,awgn,5,20260811,luma_conversion,11,0.632,0.5902,0.9326
kodim06.png,kodim06_363510303b71__awgn_5_seed-20260811,awgn,5,20260811,luma_sd,11,1.6977,1.5504,2.1881
kodim06.png,kodim06_363510303b71__awgn_5_seed-20260811,awgn,5,20260811,sobel_si,11,5.8407,5.7007,6.3742
kodim06.png,kodim06_363510303b71__clean_0,clean,0,,edge_fraction,11,11.3085,10.3733,13.3873
kodim06.png,kodim06_363510303b71__clean_0,clean,0,,full_pipeline,11,30.3844,28.5162,39.3173
kodim06.png,kodim06_363510303b71__clean_0,clean,0,,glcm_build,11,10.3317,9.5052,11.3208
kodim06.png,kodim06_363510303b71__clean_0,clean,0,,glcm_contrast,11,10.3035,9.6549,17.2898
kodim06.png,kodim06_363510303b71__clean_0,clean,0,,glcm_entropy,11,10.528,9.7203,16.2776
kodim06.png,kodim06_363510303b71__clean_0,clean,0,,glcm_homogeneity,11,10.706,9.8573,15.2269
kodim06.png,kodim06_363510303b71__clean_0,clean,0,,glcm_shared,11,10.3383,9.6612,11.2937
kodim06.png,kodim06_363510303b71__clean_0,clean,0,,luma_conversion,11,0.6429,0.5999,0.8884
kodim06.png,kodim06_363510303b71__clean_0,clean,0,,luma_sd,11,1.7278,1.5459,2.154
kodim06.png,kodim06_363510303b71__clean_0,clean,0,,sobel_si,11,5.9955,5.6625,6.8184
kodim06.png,kodim06_363510303b71__stripes_16,stripes,16,,edge_fraction,11,11.3647,10.7445,11.8546
kodim06.png,kodim06_363510303b71__stripes_16,stripes,16,,full_pipeline,11,30.8,29.8488,43.5472
kodim06.png,kodim06_363510303b71__stripes_16,stripes,16,,glcm_build,11,10.4703,9.8842,12.8508
kodim06.png,kodim06_363510303b71__stripes_16,stripes,16,,glcm_contrast,11,10.4609,10.0312,11.8186
kodim06.png,kodim06_363510303b71__stripes_16,stripes,16,,glcm_entropy,11,10.6329,10.2093,12.8633
kodim06.png,kodim06_363510303b71__stripes_16,stripes,16,,glcm_homogeneity,11,10.634,10.0564,12.9616
kodim06.png,kodim06_363510303b71__stripes_16,stripes,16,,glcm_shared,11,10.6555,10.2222,13.3112
kodim06.png,kodim06_363510303b71__stripes_16,stripes,16,,luma_conversion,11,0.6445,0.6014,0.7098
kodim06.png,kodim06_363510303b71__stripes_16,stripes,16,,luma_sd,11,1.7617,1.6345,2.035
kodim06.png,kodim06_363510303b71__stripes_16,stripes,16,,sobel_si,11,6.195,5.886,6.7692
kodim06.png,kodim06_363510303b71__stripes_32,stripes,32,,edge_fraction,11,11.2402,10.6137,11.6746
kodim06.png,kodim06_363510303b71__stripes_32,stripes,32,,full_pipeline,11,30.6482,29.9747,35.0582
kodim06.png,kodim06_363510303b71__stripes_32,stripes,32,,glcm_build,11,10.4913,10.035,13.9158
kodim06.png,kodim06_363510303b71__stripes_32,stripes,32,,glcm_contrast,11,10.6534,10.2461,12.309
kodim06.png,kodim06_363510303b71__stripes_32,stripes,32,,glcm_entropy,11,10.6765,10.3871,12.5128
kodim06.png,kodim06_363510303b71__stripes_32,stripes,32,,glcm_homogeneity,11,10.4981,10.2963,18.0599
kodim06.png,kodim06_363510303b71__stripes_32,stripes,32,,glcm_shared,11,10.7112,10.3776,11.2696
kodim06.png,kodim06_363510303b71__stripes_32,stripes,32,,luma_conversion,11,0.6301,0.6111,0.6743
kodim06.png,kodim06_363510303b71__stripes_32,stripes,32,,luma_sd,11,1.7132,1.6693,2.0586
kodim06.png,kodim06_363510303b71__stripes_32,stripes,32,,sobel_si,11,6.2162,6.0027,8.0526
kodim06.png,kodim06_363510303b71__stripes_8,stripes,8,,edge_fraction,11,11.3315,10.7411,15.7365
kodim06.png,kodim06_363510303b71__stripes_8,stripes,8,,full_pipeline,11,30.5174,30.1804,38.6076
kodim06.png,kodim06_363510303b71__stripes_8,stripes,8,,glcm_build,11,10.4567,9.8517,12.5005
kodim06.png,kodim06_363510303b71__stripes_8,stripes,8,,glcm_contrast,11,11.1755,10.0293,15.1361
kodim06.png,kodim06_363510303b71__stripes_8,stripes,8,,glcm_entropy,11,10.5091,9.9848,14.5726
kodim06.png,kodim06_363510303b71__stripes_8,stripes,8,,glcm_homogeneity,11,10.5744,10.1039,11.8795
kodim06.png,kodim06_363510303b71__stripes_8,stripes,8,,glcm_shared,11,10.8738,10.3451,14.2353
kodim06.png,kodim06_363510303b71__stripes_8,stripes,8,,luma_conversion,11,0.6649,0.6158,0.7486
kodim06.png,kodim06_363510303b71__stripes_8,stripes,8,,luma_sd,11,1.7677,1.6804,2.2668
kodim06.png,kodim06_363510303b71__stripes_8,stripes,8,,sobel_si,11,6.1779,5.8741,6.5864
kodim07.png,kodim07_b77d3f006f42__awgn_15_seed-20260811,awgn,15,20260811,edge_fraction,11,11.1026,10.6868,11.7369
kodim07.png,kodim07_b77d3f006f42__awgn_15_seed-20260811,awgn,15,20260811,full_pipeline,11,29.1585,28.1352,29.8218
kodim07.png,kodim07_b77d3f006f42__awgn_15_seed-20260811,awgn,15,20260811,glcm_build,11,9.4586,8.8782,11.0123
kodim07.png,kodim07_b77d3f006f42__awgn_15_seed-20260811,awgn,15,20260811,glcm_contrast,11,9.9045,9.216,12.2884
kodim07.png,kodim07_b77d3f006f42__awgn_15_seed-20260811,awgn,15,20260811,glcm_entropy,11,9.288,8.9203,9.9258
kodim07.png,kodim07_b77d3f006f42__awgn_15_seed-20260811,awgn,15,20260811,glcm_homogeneity,11,9.5555,8.7866,10.1773
kodim07.png,kodim07_b77d3f006f42__awgn_15_seed-20260811,awgn,15,20260811,glcm_shared,11,9.4173,9.0386,12.4187
kodim07.png,kodim07_b77d3f006f42__awgn_15_seed-20260811,awgn,15,20260811,luma_conversion,11,0.6158,0.6024,0.7769
kodim07.png,kodim07_b77d3f006f42__awgn_15_seed-20260811,awgn,15,20260811,luma_sd,11,1.7723,1.5547,2.0694
kodim07.png,kodim07_b77d3f006f42__awgn_15_seed-20260811,awgn,15,20260811,sobel_si,11,5.933,5.7476,6.5597
kodim07.png,kodim07_b77d3f006f42__awgn_30_seed-20260811,awgn,30,20260811,edge_fraction,11,11.0981,10.3432,12.5799
kodim07.png,kodim07_b77d3f006f42__awgn_30_seed-20260811,awgn,30,20260811,full_pipeline,11,29.7278,28.3873,33.0158
kodim07.png,kodim07_b77d3f006f42__awgn_30_seed-20260811,awgn,30,20260811,glcm_build,11,9.6044,8.6325,12.8701
kodim07.png,kodim07_b77d3f006f42__awgn_30_seed-20260811,awgn,30,20260811,glcm_contrast,11,9.4522,8.9462,10.6144
kodim07.png,kodim07_b77d3f006f42__awgn_30_seed-20260811,awgn,30,20260811,glcm_entropy,11,9.2156,8.7786,10.8116
kodim07.png,kodim07_b77d3f006f42__awgn_30_seed-20260811,awgn,30,20260811,glcm_homogeneity,11,9.4585,9.1934,11.2418
kodim07.png,kodim07_b77d3f006f42__awgn_30_seed-20260811,awgn,30,20260811,glcm_shared,11,9.5641,8.7134,10.8395
kodim07.png,kodim07_b77d3f006f42__awgn_30_seed-20260811,awgn,30,20260811,luma_conversion,11,0.6266,0.6022,0.7326
kodim07.png,kodim07_b77d3f006f42__awgn_30_seed-20260811,awgn,30,20260811,luma_sd,11,1.8186,1.574,2.0056
kodim07.png,kodim07_b77d3f006f42__awgn_30_seed-20260811,awgn,30,20260811,sobel_si,11,6.1959,5.803,6.6832
kodim07.png,kodim07_b77d3f006f42__awgn_5_seed-20260811,awgn,5,20260811,edge_fraction,11,10.5897,10.2343,13.2296
kodim07.png,kodim07_b77d3f006f42__awgn_5_seed-20260811,awgn,5,20260811,full_pipeline,11,29.5963,29.0106,32.3291
kodim07.png,kodim07_b77d3f006f42__awgn_5_seed-20260811,awgn,5,20260811,glcm_build,11,10.0905,9.4695,11.7207
kodim07.png,kodim07_b77d3f006f42__awgn_5_seed-20260811,awgn,5,20260811,glcm_contrast,11,9.9853,9.606,11.696
kodim07.png,kodim07_b77d3f006f42__awgn_5_seed-20260811,awgn,5,20260811,glcm_entropy,11,9.8765,9.5012,10.2135
kodim07.png,kodim07_b77d3f006f42__awgn_5_seed-20260811,awgn,5,20260811,glcm_homogeneity,11,10.0894,9.5496,13.1982
kodim07.png,kodim07_b77d3f006f42__awgn_5_seed-20260811,awgn,5,20260811,glcm_shared,11,10.3204,9.6987,11.2812
kodim07.png,kodim07_b77d3f006f42__awgn_5_seed-20260811,awgn,5,20260811,luma_conversion,11,0.6222,0.589,0.7726
kodim07.png,kodim07_b77d3f006f42__awgn_5_seed-20260811,awgn,5,20260811,luma_sd,11,1.7799,1.5225,3.0443
kodim07.png,kodim07_b77d3f006f42__awgn_5_seed-20260811,awgn,5,20260811,sobel_si,11,6.0201,5.7595,6.4902
kodim07.png,kodim07_b77d3f006f42__clean_0,clean,0,,edge_fraction,11,11.1661,10.5413,12.0893
kodim07.png,kodim07_b77d3f006f42__clean_0,clean,0,,full_pipeline,11,29.9574,29.3121,37.6822
kodim07.png,kodim07_b77d3f006f42__clean_0,clean,0,,glcm_build,11,9.8386,9.5831,10.8763
kodim07.png,kodim07_b77d3f006f42__clean_0,clean,0,,glcm_contrast,11,10.154,9.5708,11.0899
kodim07.png,kodim07_b77d3f006f42__clean_0,clean,0,,glcm_entropy,11,10.1075,9.6343,12.7857
kodim07.png,kodim07_b77d3f006f42__clean_0,clean,0,,glcm_homogeneity,11,10.2228,9.6398,12.96
kodim07.png,kodim07_b77d3f006f42__clean_0,clean,0,,glcm_shared,11,10.0686,9.5566,10.7172
kodim07.png,kodim07_b77d3f006f42__clean_0,clean,0,,luma_conversion,11,0.6512,0.6149,0.7309
kodim07.png,kodim07_b77d3f006f42__clean_0,clean,0,,luma_sd,11,1.7474,1.6566,2.2832
kodim07.png,kodim07_b77d3f006f42__clean_0,clean,0,,sobel_si,11,6.0083,5.9144,6.502
kodim07.png,kodim07_b77d3f006f42__stripes_16,stripes,16,,edge_fraction,11,11.2137,10.361,11.8271
kodim07.png,kodim07_b77d3f006f42__stripes_16,stripes,16,,full_pipeline,11,29.9712,28.9796,35.058
kodim07.png,kodim07_b77d3f006f42__stripes_16,stripes,16,,glcm_build,11,10.1271,9.459,11.8151
kodim07.png,kodim07_b77d3f006f42__stripes_16,stripes,16,,glcm_contrast,11,10.0477,9.7733,10.9476
kodim07.png,kodim07_b77d3f006f42__stripes_16,stripes,16,,glcm_entropy,11,9.8595,9.5358,11.2075
kodim07.png,kodim07_b77d3f006f42__stripes_16,stripes,16,,glcm_homogeneity,11,10.3234,9.7569,12.6944
kodim07.png,kodim07_b77d3f006f42__stripes_16,stripes,16,,glcm_shared,11,10.1419,9.5398,12.865
kodim07.png,kodim07_b77d3f006f42__stripes_16,stripes,16,,luma_conversion,11,0.6225,0.6062,0.7035
kodim07.png,kodim07_b77d3f006f42__stripes_16,stripes,16,,luma_sd,11,1.7893,1.5341,2.1043
kodim07.png,kodim07_b77d3f006f42__stripes_16,stripes,16,,sobel_si,11,5.9579,5.6218,7.3558
kodim07.png,kodim07_b77d3f006f42__stripes_32,stripes,32,,edge_fraction,11,11.0006,10.7507,11.3751
kodim07.png,kodim07_b77d3f006f42__stripes_32,stripes,32,,full_pipeline,11,29.6459,29.2295,33.4971
kodim07.png,kodim07_b77d3f006f42__stripes_32,stripes,32,,glcm_build,11,9.892,9.4513,10.5337
kodim07.png,kodim07_b77d3f006f42__stripes_32,stripes,32,,glcm_contrast,11,9.9553,9.6945,10.4638
kodim07.png,kodim07_b77d3f006f42__stripes_32,stripes,32,,glcm_entropy,11,10.0146,9.716,13.3317
kodim07.png,kodim07_b77d3f006f42__stripes_32,stripes,32,,glcm_homogeneity,11,9.9897,9.6867,10.8901
kodim07.png,kodim07_b77d3f006f42__stripes_32,stripes,32,,glcm_shared,11,9.9583,9.5756,13.3753
kodim07.png,kodim07_b77d3f006f42__stripes_32,stripes,32,,luma_conversion,11,0.6266,0.6141,0.7496
kodim07.png,kodim07_b77d3f006f42__stripes_32,stripes,32,,luma_sd,11,1.723,1.5448,1.8226
kodim07.png,kodim07_b77d3f006f42__stripes_32,stripes,32,,sobel_si,11,6.0745,5.7509,7.475
kodim07.png,kodim07_b77d3f006f42__stripes_8,stripes,8,,edge_fraction,11,10.811,10.4403,11.4974
kodim07.png,kodim07_b77d3f006f42__stripes_8,stripes,8,,full_pipeline,11,29.7672,29.3137,30.1762
kodim07.png,kodim07_b77d3f006f42__stripes_8,stripes,8,,glcm_build,11,10.0663,9.7022,10.312
kodim07.png,kodim07_b77d3f006f42__stripes_8,stripes,8,,glcm_contrast,11,10.0529,9.662,11.5766
kodim07.png,kodim07_b77d3f006f42__stripes_8,stripes,8,,glcm_entropy,11,10.2742,9.5799,13.2611
kodim07.png,kodim07_b77d3f006f42__stripes_8,stripes,8,,glcm_homogeneity,11,10.1194,9.5857,12.0848
kodim07.png,kodim07_b77d3f006f42__stripes_8,stripes,8,,glcm_shared,11,10.2224,9.5296,10.8708
kodim07.png,kodim07_b77d3f006f42__stripes_8,stripes,8,,luma_conversion,11,0.649,0.6078,0.756
kodim07.png,kodim07_b77d3f006f42__stripes_8,stripes,8,,luma_sd,11,1.6489,1.5268,1.7607
kodim07.png,kodim07_b77d3f006f42__stripes_8,stripes,8,,sobel_si,11,5.8417,5.5287,6.3775
kodim08.png,kodim08_ba23983c76b4__awgn_15_seed-20260811,awgn,15,20260811,edge_fraction,11,10.9116,10.2226,11.5745
kodim08.png,kodim08_ba23983c76b4__awgn_15_seed-20260811,awgn,15,20260811,full_pipeline,11,29.0433,28.6448,30.7381
kodim08.png,kodim08_ba23983c76b4__awgn_15_seed-20260811,awgn,15,20260811,glcm_build,11,9.3399,8.9093,9.856
kodim08.png,kodim08_ba23983c76b4__awgn_15_seed-20260811,awgn,15,20260811,glcm_contrast,11,9.3277,8.8799,12.5199
kodim08.png,kodim08_ba23983c76b4__awgn_15_seed-20260811,awgn,15,20260811,glcm_entropy,11,9.3282,9.1035,9.8067
kodim08.png,kodim08_ba23983c76b4__awgn_15_seed-20260811,awgn,15,20260811,glcm_homogeneity,11,9.2461,8.8623,12.2547
kodim08.png,kodim08_ba23983c76b4__awgn_15_seed-20260811,awgn,15,20260811,glcm_shared,11,9.45,9.0449,10.0038
kodim08.png,kodim08_ba23983c76b4__awgn_15_seed-20260811,awgn,15,20260811,luma_conversion,11,0.6364,0.6112,0.7471
kodim08.png,kodim08_ba23983c76b4__awgn_15_seed-20260811,awgn,15,20260811,luma_sd,11,1.6447,1.5504,2.2094
kodim08.png,kodim08_ba23983c76b4__awgn_15_seed-20260811,awgn,15,20260811,sobel_si,11,5.9377,5.7979,6.2316
kodim08.png,kodim08_ba23983c76b4__awgn_30_seed-20260811,awgn,30,20260811,edge_fraction,11,10.8877,10.5511,11.9989
kodim08.png,kodim08_ba23983c76b4__awgn_30_seed-20260811,awgn,30,20260811,full_pipeline,11,28.9159,28.5483,32.8842
kodim08.png,kodim08_ba23983c76b4__awgn_30_seed-20260811,awgn,30,20260811,glcm_build,11,9.4488,8.9775,10.5898
kodim08.png,kodim08_ba23983c76b4__awgn_30_seed-20260811,awgn,30,20260811,glcm_contrast,11,9.4839,8.9843,9.8213
kodim08.png,kodim08_ba23983c76b4__awgn_30_seed-20260811,awgn,30,20260811,glcm_entropy,11,9.3522,8.8042,9.6826
kodim08.png,kodim08_ba23983c76b4__awgn_30_seed-20260811,awgn,30,20260811,glcm_homogeneity,11,9.0247,8.6928,9.7051
kodim08.png,kodim08_ba23983c76b4__awgn_30_seed-20260811,awgn,30,20260811,glcm_shared,11,9.2174,8.7565,9.4789
kodim08.png,kodim08_ba23983c76b4__awgn_30_seed-20260811,awgn,30,20260811,luma_conversion,11,0.614,0.5929,0.7007
kodim08.png,kodim08_ba23983c76b4__awgn_30_seed-20260811,awgn,30,20260811,luma_sd,11,1.7516,1.6007,2.8606
kodim08.png,kodim08_ba23983c76b4__awgn_30_seed-20260811,awgn,30,20260811,sobel_si,11,6.1227,5.6354,6.5896
kodim08.png,kodim08_ba23983c76b4__awgn_5_seed-20260811,awgn,5,20260811,edge_fraction,11,10.9836,10.2413,11.3635
kodim08.png,kodim08_ba23983c76b4__awgn_5_seed-20260811,awgn,5,20260811,full_pipeline,11,29.1514,28.7549,29.8559
kodim08.png,kodim08_ba23983c76b4__awgn_5_seed-20260811,awgn,5,20260811,glcm_build,11,9.742,9.1141,12.4969
kodim08.png,kodim08_ba23983c76b4__awgn_5_seed-20260811,awgn,5,20260811,glcm_contrast,11,9.4821,9.0723,11.6013
kodim08.png,kodim08_ba23983c76b4__awgn_5_seed-20260811,awgn,5,20260811,glcm_entropy,11,9.4564,9.1441,10.2279
kodim08.png,kodim08_ba23983c76b4__awgn_5_seed-20260811,awgn,5,20260811,glcm_homogeneity,11,9.6727,9.038,10.0287
kodim08.png,kodim08_ba23983c76b4__awgn_5_seed-20260811,awgn,5,20260811,glcm_shared,11,9.5841,9.2062,9.908
kodim08.png,kodim08_ba23983c76b4__awgn_5_seed-20260811,awgn,5,20260811,luma_conversion,11,0.6318,0.597,0.7866
kodim08.png,kodim08_ba23983c76b4__awgn_5_seed-20260811,awgn,5,20260811,luma_sd,11,1.771,1.5719,2.1591
kodim08.png,kodim08_ba23983c76b4__awgn_5_seed-20260811,awgn,5,20260811,sobel_si,11,5.9947,5.795,7.8619
kodim08.png,kodim08_ba23983c76b4__clean_0,clean,0,,edge_fraction,11,10.6961,10.4103,11.1821
kodim08.png,kodim08_ba23983c76b4__clean_0,clean,0,,full_pipeline,11,29.0126,28.6722,30.8534
kodim08.png,kodim08_ba23983c76b4__clean_0,clean,0,,glcm_build,11,9.2451,9.0027,12.4512
kodim08.png,kodim08_ba23983c76b4__clean_0,clean,0,,glcm_contrast,11,9.5582,9.0228,10.5122
kodim08.png,kodim08_ba23983c76b4__clean_0,clean,0,,glcm_entropy,11,9.6386,9.0947,10.6487
kodim08.png,kodim08_ba23983c76b4__clean_0,clean,0,,glcm_homogeneity,11,9.4561,9.2056,9.8619
kodim08.png,kodim08_ba23983c76b4__clean_0,clean,0,,glcm_shared,11,9.5207,8.942,12.7247
kodim08.png,kodim08_ba23983c76b4__clean_0,clean,0,,luma_conversion,11,0.6273,0.613,0.728
kodim08.png,kodim08_ba23983c76b4__clean_0,clean,0,,luma_sd,11,1.6444,1.5587,2.3811
kodim08.png,kodim08_ba23983c76b4__clean_0,clean,0,,sobel_si,11,5.8692,5.6835,6.1866
kodim08.png,kodim08_ba23983c76b4__stripes_16,stripes,16,,edge_fraction,11,11.0344,10.6224,12.0814
kodim08.png,kodim08_ba23983c76b4__stripes_16,stripes,16,,full_pipeline,11,29.1803,28.8651,30.4149
kodim08.png,kodim08_ba23983c76b4__stripes_16,stripes,16,,glcm_build,11,9.7742,9.298,11.2756
kodim08.png,kodim08_ba23983c76b4__stripes_16,stripes,16,,glcm_contrast,11,9.6267,9.2217,12.6397
kodim08.png,kodim08_ba23983c76b4__stripes_16,stripes,16,,glcm_entropy,11,9.3676,9.1392,10.2386
kodim08.png,kodim08_ba23983c76b4__stripes_16,stripes,16,,glcm_homogeneity,11,9.4545,9.2469,12.8266
kodim08.png,kodim08_ba23983c76b4__stripes_16,stripes,16,,glcm_shared,11,9.4958,9.1706,10.3542
kodim08.png,kodim08_ba23983c76b4__stripes_16,stripes,16,,luma_conversion,11,0.6037,0.5888,0.7696
kodim08.png,kodim08_ba23983c76b4__stripes_16,stripes,16,,luma_sd,11,1.631,1.5586,1.8411
kodim08.png,kodim08_ba23983c76b4__stripes_16,stripes,16,,sobel_si,11,5.8515,5.781,6.0331
kodim08.png,kodim08_ba23983c76b4__stripes_32,stripes,32,,edge_fraction,11,10.9938,10.4762,14.5992
kodim08.png,kodim08_ba23983c76b4__stripes_32,stripes,32,,full_pipeline,11,29.3901,28.4389,31.8258
kodim08.png,kodim08_ba23983c76b4__stripes_32,stripes,32,,glcm_build,11,9.3608,9.1416,9.9409
kodim08.png,kodim08_ba23983c76b4__stripes_32,stripes,32,,glcm_contrast,11,9.6629,9.1706,12.4043
kodim08.png,kodim08_ba23983c76b4__stripes_32,stripes,32,,glcm_entropy,11,9.4911,9.1808,10.734
kodim08.png,kodim08_ba23983c76b4__stripes_32,stripes,32,,glcm_homogeneity,11,9.4726,9.3249,12.5064
kodim08.png,kodim08_ba23983c76b4__stripes_32,stripes,32,,glcm_shared,11,9.8378,9.4584,10.6271
kodim08.png,kodim08_ba23983c76b4__stripes_32,stripes,32,,luma_conversion,11,0.6811,0.6104,0.7735
kodim08.png,kodim08_ba23983c76b4__stripes_32,stripes,32,,luma_sd,11,1.7817,1.5626,2.3142
kodim08.png,kodim08_ba23983c76b4__stripes_32,stripes,32,,sobel_si,11,6.0797,5.6877,8.0197
kodim08.png,kodim08_ba23983c76b4__stripes_8,stripes,8,,edge_fraction,11,10.8511,10.4211,11.5932
kodim08.png,kodim08_ba23983c76b4__stripes_8,stripes,8,,full_pipeline,11,29.3413,28.9055,32.3679
kodim08.png,kodim08_ba23983c76b4__stripes_8,stripes,8,,glcm_build,11,9.4753,8.9039,11.4183
kodim08.png,kodim08_ba23983c76b4__stripes_8,stripes,8,,glcm_contrast,11,9.6048,9.1488,12.3061
kodim08.png,kodim08_ba23983c76b4__stripes_8,stripes,8,,glcm_entropy,11,9.6452,9.3066,9.9489
kodim08.png,kodim08_ba23983c76b4__stripes_8,stripes,8,,glcm_homogeneity,11,9.7981,9.4218,12.1475
kodim08.png,kodim08_ba23983c76b4__stripes_8,stripes,8,,glcm_shared,11,9.426,9.2029,10.1507
kodim08.png,kodim08_ba23983c76b4__stripes_8,stripes,8,,luma_conversion,11,0.631,0.6046,0.7734
kodim08.png,kodim08_ba23983c76b4__stripes_8,stripes,8,,luma_sd,11,1.893,1.5245,2.3237
kodim08.png,kodim08_ba23983c76b4__stripes_8,stripes,8,,sobel_si,11,6.0747,5.6213,6.9337
kodim09.png,kodim09_6a4361c2fc19__awgn_15_seed-20260811,awgn,15,20260811,edge_fraction,11,10.8606,10.5872,12.7257
kodim09.png,kodim09_6a4361c2fc19__awgn_15_seed-20260811,awgn,15,20260811,full_pipeline,11,29.4892,28.3866,34.7538
kodim09.png,kodim09_6a4361c2fc19__awgn_15_seed-20260811,awgn,15,20260811,glcm_build,11,9.2283,9.0446,10.2217
kodim09.png,kodim09_6a4361c2fc19__awgn_15_seed-20260811,awgn,15,20260811,glcm_contrast,11,9.5187,8.9773,10.7069
kodim09.png,kodim09_6a4361c2fc19__awgn_15_seed-20260811,awgn,15,20260811,glcm_entropy,11,9.7323,9.147,12.2121
kodim09.png,kodim09_6a4361c2fc19__awgn_15_seed-20260811,awgn,15,20260811,glcm_homogeneity,11,9.5464,9.2435,9.9754
kodim09.png,kodim09_6a4361c2fc19__awgn_15_seed-20260811,awgn,15,20260811,glcm_shared,11,9.5448,9.0745,10.3552
kodim09.png,kodim09_6a4361c2fc19__awgn_15_seed-20260811,awgn,15,20260811,luma_conversion,11,0.6276,0.5787,0.6924
kodim09.png,kodim09_6a4361c2fc19__awgn_15_seed-20260811,awgn,15,20260811,luma_sd,11,1.7253,1.5403,2.0218
kodim09.png,kodim09_6a4361c2fc19__awgn_15_seed-20260811,awgn,15,20260811,sobel_si,11,6.0694,5.7076,6.4832
kodim09.png,kodim09_6a4361c2fc19__awgn_30_seed-20260811,awgn,30,20260811,edge_fraction,11,10.9946,10.6274,11.7007
kodim09.png,kodim09_6a4361c2fc19__awgn_30_seed-20260811,awgn,30,20260811,full_pipeline,11,28.9572,28.5638,29.7606
kodim09.png,kodim09_6a4361c2fc19__awgn_30_seed-20260811,awgn,30,20260811,glcm_build,11,9.3556,9.061,11.3897
kodim09.png,kodim09_6a4361c2fc19__awgn_30_seed-20260811,awgn,30,20260811,glcm_contrast,11,9.1757,8.9307,10.5329
kodim09.png,kodim09_6a4361c2fc19__awgn_30_seed-20260811,awgn,30,20260811,glcm_entropy,11,9.0949,8.8637,10.2334
kodim09.png,kodim09_6a4361c2fc19__awgn_30_seed-20260811,awgn,30,20260811,glcm_homogeneity,11,9.1876,8.8287,10.8003
kodim09.png,kodim09_6a4361c2fc19__awgn_30_seed-20260811,awgn,30,20260811,glcm_shared,11,9.2012,8.8016,9.7061
kodim09.png,kodim09_6a4361c2fc19__awgn_30_seed-20260811,awgn,30,20260811,luma_conversion,11,0.6239,0.6051,0.7899
kodim09.png,kodim09_6a4361c2fc19__awgn_30_seed-20260811,awgn,30,20260811,luma_sd,11,1.7331,1.5472,2.9785
kodim09.png,kodim09_6a4361c2fc19__awgn_30_seed-20260811,awgn,30,20260811,sobel_si,11,5.9611,5.7503,6.1593
kodim09.png,kodim09_6a4361c2fc19__awgn_5_seed-20260811,awgn,5,20260811,edge_fraction,11,10.7679,10.3777,14.0952
kodim09.png,kodim09_6a4361c2fc19__awgn_5_seed-20260811,awgn,5,20260811,full_pipeline,11,29.8829,28.9828,35.6844
kodim09.png,kodim09_6a4361c2fc19__awgn_5_seed-20260811,awgn,5,20260811,glcm_build,11,10.0792,9.5755,11.0368
kodim09.png,kodim09_6a4361c2fc19__awgn_5_seed-20260811,awgn,5,20260811,glcm_contrast,11,10.0963,9.6801,10.5838
kodim09.png,kodim09_6a4361c2fc19__awgn_5_seed-20260811,awgn,5,20260811,glcm_entropy,11,10.0506,9.5105,11.052
kodim09.png,kodim09_6a4361c2fc19__awgn_5_seed-20260811,awgn,5,20260811,glcm_homogeneity,11,10.184,9.492,10.8704
kodim09.png,kodim09_6a4361c2fc19__awgn_5_seed-20260811,awgn,5,20260811,glcm_shared,11,10.3862,9.6977,10.7185
kodim09.png,kodim09_6a4361c2fc19__awgn_5_seed-20260811,awgn,5,20260811,luma_conversion,11,0.6296,0.5976,0.7276
kodim09.png,kodim09_6a4361c2fc19__awgn_5_seed-20260811,awgn,5,20260811,luma_sd,11,1.7511,1.5581,2.2454
kodim09.png,kodim09_6a4361c2fc19__awgn_5_seed-20260811,awgn,5,20260811,sobel_si,11,6.0121,5.6406,8.1942
kodim09.png,kodim09_6a4361c2fc19__clean_0,clean,0,,edge_fraction,11,11.4067,11.0666,14.0147
kodim09.png,kodim09_6a4361c2fc19__clean_0,clean,0,,full_pipeline,11,31.3248,31.0422,38.3461
kodim09.png,kodim09_6a4361c2fc19__clean_0,clean,0,,glcm_build,11,10.8844,10.2712,12.6835
kodim09.png,kodim09_6a4361c2fc19__clean_0,clean,0,,glcm_contrast,11,10.8376,10.4915,11.5991
kodim09.png,kodim09_6a4361c2fc19__clean_0,clean,0,,glcm_entropy,11,10.8651,10.4473,12.4787
kodim09.png,kodim09_6a4361c2fc19__clean_0,clean,0,,glcm_homogeneity,11,10.7504,10.5265,14.7704
kodim09.png,kodim09_6a4361c2fc19__clean_0,clean,0,,glcm_shared,11,10.8826,10.2845,17.192
kodim09.png,kodim09_6a4361c2fc19__clean_0,clean,0,,luma_conversion,11,0.6614,0.6127,0.8403
kodim09.png,kodim09_6a4361c2fc19__clean_0,clean,0,,luma_sd,11,1.8152,1.5987,2.17
kodim09.png,kodim09_6a4361c2fc19__clean_0,clean,0,,sobel_si,11,6.2415,5.9082,6.8262
kodim09.png,kodim09_6a4361c2fc19__stripes_16,stripes,16,,edge_fraction,11,11.5576,11.1893,12.7342
kodim09.png,kodim09_6a4361c2fc19__stripes_16,stripes,16,,full_pipeline,11,31.4052,30.7767,41.4542
kodim09.png,kodim09_6a4361c2fc19__stripes_16,stripes,16,,glcm_build,11,11.1686,10.478,13.4097
kodim09.png,kodim09_6a4361c2fc19__stripes_16,stripes,16,,glcm_contrast,11,10.612,10.1955,13.0734
kodim09.png,kodim09_6a4361c2fc19__stripes_16,stripes,16,,glcm_entropy,11,11.1268,10.7218,11.614
kodim09.png,kodim09_6a4361c2fc19__stripes_16,stripes,16,,glcm_homogeneity,11,11.0767,10.3961,12.5352
kodim09.png,kodim09_6a4361c2fc19__stripes_16,stripes,16,,glcm_shared,11,10.9095,10.2962,14.2093
kodim09.png,kodim09_6a4361c2fc19__stripes_16,stripes,16,,luma_conversion,11,0.7034,0.6229,0.7823
kodim09.png,kodim09_6a4361c2fc19__stripes_16,stripes,16,,luma_sd,11,1.9237,1.601,2.617
kodim09.png,kodim09_6a4361c2fc19__stripes_16,stripes,16,,sobel_si,11,6.2873,5.9924,8.9361
kodim09.png,kodim09_6a4361c2fc19__stripes_32,stripes,32,,edge_fraction,11,11.3148,10.8876,12.1122
kodim09.png,kodim09_6a4361c2fc19__stripes_32,stripes,32,,full_pipeline,11,31.0479,30.6099,40.3443
kodim09.png,kodim09_6a4361c2fc19__stripes_32,stripes,32,,glcm_build,11,10.7625,10.1698,12.5266
kodim09.png,kodim09_6a4361c2fc19__stripes_32,stripes,32,,glcm_contrast,11,10.8256,10.1753,11.7015
kodim09.png,kodim09_6a4361c2fc19__stripes_32,stripes,32,,glcm_entropy,11,10.885,10.1965,11.6387
kodim09.png,kodim09_6a4361c2fc19__stripes_32,stripes,32,,glcm_homogeneity,11,10.663,10.3442,11.5104
kodim09.png,kodim09_6a4361c2fc19__stripes_32,stripes,32,,glcm_shared,11,10.7249,10.2709,17.07
kodim09.png,kodim09_6a4361c2fc19__stripes_32,stripes,32,,luma_conversion,11,0.6296,0.5804,0.7739
kodim09.png,kodim09_6a4361c2fc19__stripes_32,stripes,32,,luma_sd,11,2.0309,1.6871,2.2203
kodim09.png,kodim09_6a4361c2fc19__stripes_32,stripes,32,,sobel_si,11,6.2402,5.9153,6.5505
kodim09.png,kodim09_6a4361c2fc19__stripes_8,stripes,8,,edge_fraction,11,10.7852,10.361,15.3331
kodim09.png,kodim09_6a4361c2fc19__stripes_8,stripes,8,,full_pipeline,11,29.8447,29.602,33.9992
kodim09.png,kodim09_6a4361c2fc19__stripes_8,stripes,8,,glcm_build,11,10.411,9.9525,10.7943
kodim09.png,kodim09_6a4361c2fc19__stripes_8,stripes,8,,glcm_contrast,11,10.2486,9.7924,11.9879
kodim09.png,kodim09_6a4361c2fc19__stripes_8,stripes,8,,glcm_entropy,11,10.1794,9.8595,10.7293
kodim09.png,kodim09_6a4361c2fc19__stripes_8,stripes,8,,glcm_homogeneity,11,10.2425,9.7216,10.6803
kodim09.png,kodim09_6a4361c2fc19__stripes_8,stripes,8,,glcm_shared,11,10.2269,9.7781,12.3879
kodim09.png,kodim09_6a4361c2fc19__stripes_8,stripes,8,,luma_conversion,11,0.662,0.613,0.7957
kodim09.png,kodim09_6a4361c2fc19__stripes_8,stripes,8,,luma_sd,11,1.6816,1.54,2.3406
kodim09.png,kodim09_6a4361c2fc19__stripes_8,stripes,8,,sobel_si,11,5.8235,5.575,8.1988
kodim10.png,kodim10_9dfb70f5867c__awgn_15_seed-20260811,awgn,15,20260811,edge_fraction,11,10.6588,10.3094,11.41
kodim10.png,kodim10_9dfb70f5867c__awgn_15_seed-20260811,awgn,15,20260811,full_pipeline,11,29.1561,28.9637,30.2706
kodim10.png,kodim10_9dfb70f5867c__awgn_15_seed-20260811,awgn,15,20260811,glcm_build,11,9.4975,8.7721,11.3167
kodim10.png,kodim10_9dfb70f5867c__awgn_15_seed-20260811,awgn,15,20260811,glcm_contrast,11,9.4628,9.0046,12.5829
kodim10.png,kodim10_9dfb70f5867c__awgn_15_seed-20260811,awgn,15,20260811,glcm_entropy,11,9.6856,9.0755,14.4353
kodim10.png,kodim10_9dfb70f5867c__awgn_15_seed-20260811,awgn,15,20260811,glcm_homogeneity,11,9.3674,8.9552,10.4026
kodim10.png,kodim10_9dfb70f5867c__awgn_15_seed-20260811,awgn,15,20260811,glcm_shared,11,9.5431,8.9735,17.1915
kodim10.png,kodim10_9dfb70f5867c__awgn_15_seed-20260811,awgn,15,20260811,luma_conversion,11,0.6284,0.607,0.738
kodim10.png,kodim10_9dfb70f5867c__awgn_15_seed-20260811,awgn,15,20260811,luma_sd,11,1.66,1.5527,2.0437
kodim10.png,kodim10_9dfb70f5867c__awgn_15_seed-20260811,awgn,15,20260811,sobel_si,11,5.8421,5.7515,8.1642
kodim10.png,kodim10_9dfb70f5867c__awgn_30_seed-20260811,awgn,30,20260811,edge_fraction,11,10.8499,10.2653,11.6134
kodim10.png,kodim10_9dfb70f5867c__awgn_30_seed-20260811,awgn,30,20260811,full_pipeline,11,28.8277,28.134,32.3848
kodim10.png,kodim10_9dfb70f5867c__awgn_30_seed-20260811,awgn,30,20260811,glcm_build,11,9.0517,8.6644,9.7941
kodim10.png,kodim10_9dfb70f5867c__awgn_30_seed-20260811,awgn,30,20260811,glcm_contrast,11,9.269,8.6371,9.9914
kodim10.png,kodim10_9dfb70f5867c__awgn_30_seed-20260811,awgn,30,20260811,glcm_entropy,11,9.2147,8.7708,10.6037
kodim10.png,kodim10_9dfb70f5867c__awgn_30_seed-20260811,awgn,30,20260811,glcm_homogeneity,11,8.9383,8.7838,11.206
kodim10.png,kodim10_9dfb70f5867c__awgn_30_seed-20260811,awgn,30,20260811,glcm_shared,11,9.2593,8.8988,12.5707
kodim10.png,kodim10_9dfb70f5867c__awgn_30_seed-20260811,awgn,30,20260811,luma_conversion,11,0.6236,0.5996,0.6897
kodim10.png,kodim10_9dfb70f5867c__awgn_30_seed-20260811,awgn,30,20260811,luma_sd,11,1.742,1.5456,2.0853
kodim10.png,kodim10_9dfb70f5867c__awgn_30_seed-20260811,awgn,30,20260811,sobel_si,11,5.9364,5.7223,6.8115
kodim10.png,kodim10_9dfb70f5867c__awgn_5_seed-20260811,awgn,5,20260811,edge_fraction,11,10.8456,10.3711,13.548
kodim10.png,kodim10_9dfb70f5867c__awgn_5_seed-20260811,awgn,5,20260811,full_pipeline,11,29.578,29.1177,30.4469
kodim10.png,kodim10_9dfb70f5867c__awgn_5_seed-20260811,awgn,5,20260811,glcm_build,11,9.831,9.4628,10.5314
kodim10.png,kodim10_9dfb70f5867c__awgn_5_seed-20260811,awgn,5,20260811,glcm_contrast,11,9.7875,9.5334,11.782
kodim10.png,kodim10_9dfb70f5867c__awgn_5_seed-20260811,awgn,5,20260811,glcm_entropy,11,9.801,9.559,12.4605
kodim10.png,kodim10_9dfb70f5867c__awgn_5_seed-20260811,awgn,5,20260811,glcm_homogeneity,11,9.7447,9.4059,12.2661
kodim10.png,kodim10_9dfb70f5867c__awgn_5_seed-20260811,awgn,5,20260811,glcm_shared,11,9.8831,9.529,11.7797
kodim10.png,kodim10_9dfb70f5867c__awgn_5_seed-20260811,awgn,5,20260811,luma_conversion,11,0.637,0.6131,0.7999
kodim10.png,kodim10_9dfb70f5867c__awgn_5_seed-20260811,awgn,5,20260811,luma_sd,11,1.6564,1.5482,2.1269
kodim10.png,kodim10_9dfb70f5867c__awgn_5_seed-20260811,awgn,5,20260811,sobel_si,11,6.174,5.7068,7.3689
kodim10.png,kodim10_9dfb70f5867c__clean_0,clean,0,,edge_fraction,11,10.7766,10.4071,11.9414
kodim10.png,kodim10_9dfb70f5867c__clean_0,clean,0,,full_pipeline,11,29.7909,29.2303,30.1979
kodim10.png,kodim10_9dfb70f5867c__clean_0,clean,0,,glcm_build,11,9.9939,9.5072,10.6634
kodim10.png,kodim10_9dfb70f5867c__clean_0,clean,0,,glcm_contrast,11,10.1799,9.6744,12.7436
kodim10.png,kodim10_9dfb70f5867c__clean_0,clean,0,,glcm_entropy,11,9.9531,9.5999,12.4615
kodim10.png,kodim10_9dfb70f5867c__clean_0,clean,0,,glcm_homogeneity,11,10.0392,9.5936,11.2295
kodim10.png,kodim10_9dfb70f5867c__clean_0,clean,0,,glcm_shared,11,10.3334,9.9714,10.8287
kodim10.png,kodim10_9dfb70f5867c__clean_0,clean,0,,luma_conversion,11,0.6248,0.6124,0.708
kodim10.png,kodim10_9dfb70f5867c__clean_0,clean,0,,luma_sd,11,1.6812,1.5334,1.9348
kodim10.png,kodim10_9dfb70f5867c__clean_0,clean,0,,sobel_si,11,6.0291,5.7943,7.5758
kodim10.png,kodim10_9dfb70f5867c__stripes_16,stripes,16,,edge_fraction,11,10.775,10.3502,11.5236
kodim10.png,kodim10_9dfb70f5867c__stripes_16,stripes,16,,full_pipeline,11,29.5023,29.0175,34.2378
kodim10.png,kodim10_9dfb70f5867c__stripes_16,stripes,16,,glcm_build,11,9.978,9.5556,11.657
kodim10.png,kodim10_9dfb70f5867c__stripes_16,stripes,16,,glcm_contrast,11,9.9836,9.5635,10.5245
kodim10.png,kodim10_9dfb70f5867c__stripes_16,stripes,16,,glcm_entropy,11,10.1858,9.7019,10.9723
kodim10.png,kodim10_9dfb70f5867c__stripes_16,stripes,16,,glcm_homogeneity,11,9.7119,9.5016,10.2574
kodim10.png,kodim10_9dfb70f5867c__stripes_16,stripes,16,,glcm_shared,11,9.881,9.3591,10.5495
kodim10.png,kodim10_9dfb70f5867c__stripes_16,stripes,16,,luma_conversion,11,0.624,0.6054,0.7618
kodim10.png,kodim10_9dfb70f5867c__stripes_16,stripes,16,,luma_sd,11,1.6771,1.5214,1.9302
kodim10.png,kodim10_9dfb70f5867c__stripes_16,stripes,16,,sobel_si,11,5.8492,5.6504,6.292
kodim10.png,kodim10_9dfb70f5867c__stripes_32,stripes,32,,edge_fraction,11,10.8109,10.5645,13.9806
kodim10.png,kodim10_9dfb70f5867c__stripes_32,stripes,32,,full_pipeline,11,29.6477,29.0566,36.2231
kodim10.png,kodim10_9dfb70f5867c__stripes_32,stripes,32,,glcm_build,11,9.7817,9.6158,12.8707
kodim10.png,kodim10_9dfb70f5867c__stripes_32,stripes,32,,glcm_contrast,11,9.7626,9.5929,11.1658
kodim10.png,kodim10_9dfb70f5867c__stripes_32,stripes,32,,glcm_entropy,11,9.9203,9.5381,10.7763
kodim10.png,kodim10_9dfb70f5867c__stripes_32,stripes,32,,glcm_homogeneity,11,9.8499,9.5836,10.8454
kodim10.png,kodim10_9dfb70f5867c__stripes_32,stripes,32,,glcm_shared,11,10.0029,9.7003,11.9114
kodim10.png,kodim10_9dfb70f5867c__stripes_32,stripes,32,,luma_conversion,11,0.6394,0.6047,0.8696
kodim10.png,kodim10_9dfb70f5867c__stripes_32,stripes,32,,luma_sd,11,1.7054,1.533,1.8592
kodim10.png,kodim10_9dfb70f5867c__stripes_32,stripes,32,,sobel_si,11,5.9553,5.7261,6.5318
kodim10.png,kodim10_9dfb70f5867c__stripes_8,stripes,8,,edge_fraction,11,10.8874,10.5404,14.3931
kodim10.png,kodim10_9dfb70f5867c__stripes_8,stripes,8,,full_pipeline,11,31.4657,29.0935,37.4642
kodim10.png,kodim10_9dfb70f5867c__stripes_8,stripes,8,,glcm_build,11,9.8238,9.5115,13.0536
kodim10.png,kodim10_9dfb70f5867c__stripes_8,stripes,8,,glcm_contrast,11,11.0134,9.3956,12.8592
kodim10.png,kodim10_9dfb70f5867c__stripes_8,stripes,8,,glcm_entropy,11,10.4304,9.5782,11.9759
kodim10.png,kodim10_9dfb70f5867c__stripes_8,stripes,8,,glcm_homogeneity,11,10.62,9.6031,12.596
kodim10.png,kodim10_9dfb70f5867c__stripes_8,stripes,8,,glcm_shared,11,10.1258,9.4725,11.9776
kodim10.png,kodim10_9dfb70f5867c__stripes_8,stripes,8,,luma_conversion,11,0.6621,0.6278,0.7644
kodim10.png,kodim10_9dfb70f5867c__stripes_8,stripes,8,,luma_sd,11,1.8352,1.652,2.1541
kodim10.png,kodim10_9dfb70f5867c__stripes_8,stripes,8,,sobel_si,11,6.3458,5.7053,8.2958
kodim11.png,kodim11_7936814b58b5__awgn_15_seed-20260811,awgn,15,20260811,edge_fraction,11,12.0726,10.7705,14.5803
kodim11.png,kodim11_7936814b58b5__awgn_15_seed-20260811,awgn,15,20260811,full_pipeline,11,32.1108,28.1058,37.462
kodim11.png,kodim11_7936814b58b5__awgn_15_seed-20260811,awgn,15,20260811,glcm_build,11,9.9763,9.3902,11.6731
kodim11.png,kodim11_7936814b58b5__awgn_15_seed-20260811,awgn,15,20260811,glcm_contrast,11,11.1876,9.426,12.0506
kodim11.png,kodim11_7936814b58b5__awgn_15_seed-20260811,awgn,15,20260811,glcm_entropy,11,11.2093,9.1024,12.7996
kodim11.png,kodim11_7936814b58b5__awgn_15_seed-20260811,awgn,15,20260811,glcm_homogeneity,11,11.4445,9.0335,12.5786
kodim11.png,kodim11_7936814b58b5__awgn_15_seed-20260811,awgn,15,20260811,glcm_shared,11,11.0252,9.2585,11.8902
kodim11.png,kodim11_7936814b58b5__awgn_15_seed-20260811,awgn,15,20260811,luma_conversion,11,0.6936,0.6117,0.7989
kodim11.png,kodim11_7936814b58b5__awgn_15_seed-20260811,awgn,15,20260811,luma_sd,11,2.0176,1.5873,2.1347
kodim11.png,kodim11_7936814b58b5__awgn_15_seed-20260811,awgn,15,20260811,sobel_si,11,7.432,5.7348,7.6855
kodim11.png,kodim11_7936814b58b5__awgn_30_seed-20260811,awgn,30,20260811,edge_fraction,11,10.4911,10.171,11.0111
kodim11.png,kodim11_7936814b58b5__awgn_30_seed-20260811,awgn,30,20260811,full_pipeline,11,27.7966,27.2845,29.1352
kodim11.png,kodim11_7936814b58b5__awgn_30_seed-20260811,awgn,30,20260811,glcm_build,11,8.8667,8.5017,10.6604
kodim11.png,kodim11_7936814b58b5__awgn_30_seed-20260811,awgn,30,20260811,glcm_contrast,11,8.8039,8.5317,9.3589
kodim11.png,kodim11_7936814b58b5__awgn_30_seed-20260811,awgn,30,20260811,glcm_entropy,11,8.6419,8.5721,9.215
kodim11.png,kodim11_7936814b58b5__awgn_30_seed-20260811,awgn,30,20260811,glcm_homogeneity,11,8.9078,8.6105,9.4346
kodim11.png,kodim11_7936814b58b5__awgn_30_seed-20260811,awgn,30,20260811,glcm_shared,11,8.8312,8.6429,9.5817
kodim11.png,kodim11_7936814b58b5__awgn_30_seed-20260811,awgn,30,20260811,luma_conversion,11,0.6141,0.6,0.6419
kodim11.png,kodim11_7936814b58b5__awgn_30_seed-20260811,awgn,30,20260811,luma_sd,11,1.6165,1.5225,1.7919
kodim11.png,kodim11_7936814b58b5__awgn_30_seed-20260811,awgn,30,20260811,sobel_si,11,5.7857,5.6796,5.9883
kodim11.png,kodim11_7936814b58b5__awgn_5_seed-20260811,awgn,5,20260811,edge_fraction,11,10.4763,10.3334,11.0917
kodim11.png,kodim11_7936814b58b5__awgn_5_seed-20260811,awgn,5,20260811,full_pipeline,11,28.5732,28.1434,30.1772
kodim11.png,kodim11_7936814b58b5__awgn_5_seed-20260811,awgn,5,20260811,glcm_build,11,9.6662,9.396,9.8327
kodim11.png,kodim11_7936814b58b5__awgn_5_seed-20260811,awgn,5,20260811,glcm_contrast,11,9.7392,9.4994,10.6143
kodim11.png,kodim11_7936814b58b5__awgn_5_seed-20260811,awgn,5,20260811,glcm_entropy,11,9.6388,9.5682,9.9632
kodim11.png,kodim11_7936814b58b5__awgn_5_seed-20260811,awgn,5,20260811,glcm_homogeneity,11,9.7643,9.4571,9.908
kodim11.png,kodim11_7936814b58b5__awgn_5_seed-20260811,awgn,5,20260811,glcm_shared,11,9.9515,9.5967,10.5282
kodim11.png,kodim11_7936814b58b5__awgn_5_seed-20260811,awgn,5,20260811,luma_conversion,11,0.6306,0.6062,0.7005
kodim11.png,kodim11_7936814b58b5__awgn_5_seed-20260811,awgn,5,20260811,luma_sd,11,1.6289,1.515,1.809
kodim11.png,kodim11_7936814b58b5__awgn_5_seed-20260811,awgn,5,20260811,sobel_si,11,5.8106,5.696,5.9654
kodim11.png,kodim11_7936814b58b5__clean_0,clean,0,,edge_fraction,11,10.576,10.4257,12.659
kodim11.png,kodim11_7936814b58b5__clean_0,clean,0,,full_pipeline,11,29.3388,28.7247,40.615
kodim11.png,kodim11_7936814b58b5__clean_0,clean,0,,glcm_build,11,10.0307,9.7545,13.5552
kodim11.png,kodim11_7936814b58b5__clean_0,clean,0,,glcm_contrast,11,10.0657,9.5965,11.1097
kodim11.png,kodim11_7936814b58b5__clean_0,clean,0,,glcm_entropy,11,10.1392,9.5957,11.8824
kodim11.png,kodim11_7936814b58b5__clean_0,clean,0,,glcm_homogeneity,11,10.2513,9.7907,11.48
kodim11.png,kodim11_7936814b58b5__clean_0,clean,0,,glcm_shared,11,10.0209,9.7841,10.9153
kodim11.png,kodim11_7936814b58b5__clean_0,clean,0,,luma_conversion,11,0.6694,0.6163,0.7281
kodim11.png,kodim11_7936814b58b5__clean_0,clean,0,,luma_sd,11,1.6821,1.5111,1.9694
kodim11.png,kodim11_7936814b58b5__clean_0,clean,0,,sobel_si,11,5.9916,5.6153,6.4486
kodim11.png,kodim11_7936814b58b5__stripes_16,stripes,16,,edge_fraction,11,10.3746,10.2197,10.8367
kodim11.png,kodim11_7936814b58b5__stripes_16,stripes,16,,full_pipeline,11,28.8837,28.5484,29.4839
kodim11.png,kodim11_7936814b58b5__stripes_16,stripes,16,,glcm_build,11,9.6976,9.5114,10.2262
kodim11.png,kodim11_7936814b58b5__stripes_16,stripes,16,,glcm_contrast,11,9.8733,9.4903,10.3276
kodim11.png,kodim11_7936814b58b5__stripes_16,stripes,16,,glcm_entropy,11,9.9072,9.6407,10.2902
kodim11.png,kodim11_7936814b58b5__stripes_16,stripes,16,,glcm_homogeneity,11,9.8751,9.6289,10.1327
kodim11.png,kodim11_7936814b58b5__stripes_16,stripes,16,,glcm_shared,11,9.7898,9.6824,11.2944
kodim11.png,kodim11_7936814b58b5__stripes_16,stripes,16,,luma_conversion,11,0.6348,0.606,0.7619
kodim11.png,kodim11_7936814b58b5__stripes_16,stripes,16,,luma_sd,11,1.6605,1.5574,1.9763
kodim11.png,kodim11_7936814b58b5__stripes_16,stripes,16,,sobel_si,11,5.7978,5.5959,6.0871
kodim11.png,kodim11_7936814b58b5__stripes_32,stripes,32,,edge_fraction,11,10.4962,10.1226,11.719
kodim11.png,kodim11_7936814b58b5__stripes_32,stripes,32,,full_pipeline,11,28.8068,28.3654,30.2797
kodim11.png,kodim11_7936814b58b5__stripes_32,stripes,32,,glcm_build,11,9.8406,9.5797,10.8554
kodim11.png,kodim11_7936814b58b5__stripes_32,stripes,32,,glcm_contrast,11,9.7702,9.4274,10.8163
kodim11.png,kodim11_7936814b58b5__stripes_32,stripes,32,,glcm_entropy,11,9.8709,9.5582,10.5106
kodim11.png,kodim11_7936814b58b5__stripes_32,stripes,32,,glcm_homogeneity,11,9.9028,9.6359,10.5263
kodim11.png,kodim11_7936814b58b5__stripes_32,stripes,32,,glcm_shared,11,9.8661,9.6496,10.9078
kodim11.png,kodim11_7936814b58b5__stripes_32,stripes,32,,luma_conversion,11,0.6233,0.6039,0.6538
kodim11.png,kodim11_7936814b58b5__stripes_32,stripes,32,,luma_sd,11,1.6488,1.5487,1.9711
kodim11.png,kodim11_7936814b58b5__stripes_32,stripes,32,,sobel_si,11,5.8247,5.6267,7.2207
kodim11.png,kodim11_7936814b58b5__stripes_8,stripes,8,,edge_fraction,11,10.401,10.2655,10.6367
kodim11.png,kodim11_7936814b58b5__stripes_8,stripes,8,,full_pipeline,11,29.433,28.6029,34.2685
kodim11.png,kodim11_7936814b58b5__stripes_8,stripes,8,,glcm_build,11,9.9588,9.5166,10.1315
kodim11.png,kodim11_7936814b58b5__stripes_8,stripes,8,,glcm_contrast,11,9.8708,9.6048,10.7929
kodim11.png,kodim11_7936814b58b5__stripes_8,stripes,8,,glcm_entropy,11,9.7733,9.4449,10.514
kodim11.png,kodim11_7936814b58b5__stripes_8,stripes,8,,glcm_homogeneity,11,9.8083,9.656,12.2225
kodim11.png,kodim11_7936814b58b5__stripes_8,stripes,8,,glcm_shared,11,9.903,9.755,10.6045
kodim11.png,kodim11_7936814b58b5__stripes_8,stripes,8,,luma_conversion,11,0.6399,0.6181,0.7193
kodim11.png,kodim11_7936814b58b5__stripes_8,stripes,8,,luma_sd,11,1.6024,1.5383,1.9451
kodim11.png,kodim11_7936814b58b5__stripes_8,stripes,8,,sobel_si,11,5.8444,5.6979,6.273
kodim12.png,kodim12_d78c37c2f04f__awgn_15_seed-20260811,awgn,15,20260811,edge_fraction,11,10.5264,10.341,10.7242
kodim12.png,kodim12_d78c37c2f04f__awgn_15_seed-20260811,awgn,15,20260811,full_pipeline,11,28.0928,27.5839,30.0343
kodim12.png,kodim12_d78c37c2f04f__awgn_15_seed-20260811,awgn,15,20260811,glcm_build,11,9.0448,8.9066,9.7827
kodim12.png,kodim12_d78c37c2f04f__awgn_15_seed-20260811,awgn,15,20260811,glcm_contrast,11,9.1943,8.9588,9.5928
kodim12.png,kodim12_d78c37c2f04f__awgn_15_seed-20260811,awgn,15,20260811,glcm_entropy,11,9.2175,8.9821,9.4631
kodim12.png,kodim12_d78c37c2f04f__awgn_15_seed-20260811,awgn,15,20260811,glcm_homogeneity,11,9.1931,8.8941,10.4011
kodim12.png,kodim12_d78c37c2f04f__awgn_15_seed-20260811,awgn,15,20260811,glcm_shared,11,9.2602,9.0365,9.5846
kodim12.png,kodim12_d78c37c2f04f__awgn_15_seed-20260811,awgn,15,20260811,luma_conversion,11,0.6164,0.5784,0.7256
kodim12.png,kodim12_d78c37c2f04f__awgn_15_seed-20260811,awgn,15,20260811,luma_sd,11,1.6098,1.5525,1.8873
kodim12.png,kodim12_d78c37c2f04f__awgn_15_seed-20260811,awgn,15,20260811,sobel_si,11,5.813,5.61,6.1043
kodim12.png,kodim12_d78c37c2f04f__awgn_30_seed-20260811,awgn,30,20260811,edge_fraction,11,11.0435,10.8521,11.5737
kodim12.png,kodim12_d78c37c2f04f__awgn_30_seed-20260811,awgn,30,20260811,full_pipeline,11,29.1156,28.6189,39.0221
kodim12.png,kodim12_d78c37c2f04f__awgn_30_seed-20260811,awgn,30,20260811,glcm_build,11,9.3008,9.1852,13.7524
kodim12.png,kodim12_d78c37c2f04f__awgn_30_seed-20260811,awgn,30,20260811,glcm_contrast,11,9.3502,9.1834,9.7189
kodim12.png,kodim12_d78c37c2f04f__awgn_30_seed-20260811,awgn,30,20260811,glcm_entropy,11,9.4182,9.2667,11.3277
kodim12.png,kodim12_d78c37c2f04f__awgn_30_seed-20260811,awgn,30,20260811,glcm_homogeneity,11,9.5129,9.2746,14.7421
kodim12.png,kodim12_d78c37c2f04f__awgn_30_seed-20260811,awgn,30,20260811,glcm_shared,11,9.4543,9.2206,13.157
kodim12.png,kodim12_d78c37c2f04f__awgn_30_seed-20260811,awgn,30,20260811,luma_conversion,11,0.6546,0.632,1.0662
kodim12.png,kodim12_d78c37c2f04f__awgn_30_seed-20260811,awgn,30,20260811,luma_sd,11,1.7617,1.545,2.2347
kodim12.png,kodim12_d78c37c2f04f__awgn_30_seed-20260811,awgn,30,20260811,sobel_si,11,6.1234,5.8744,8.9904
kodim12.png,kodim12_d78c37c2f04f__awgn_5_seed-20260811,awgn,5,20260811,edge_fraction,11,11.0062,10.8254,15.0976
kodim12.png,kodim12_d78c37c2f04f__awgn_5_seed-20260811,awgn,5,20260811,full_pipeline,11,29.9472,29.484,30.3622
kodim12.png,kodim12_d78c37c2f04f__awgn_5_seed-20260811,awgn,5,20260811,glcm_build,11,10.1829,9.8615,10.4665
kodim12.png,kodim12_d78c37c2f04f__awgn_5_seed-20260811,awgn,5,20260811,glcm_contrast,11,10.2702,10.1351,18.0552
kodim12.png,kodim12_d78c37c2f04f__awgn_5_seed-20260811,awgn,5,20260811,glcm_entropy,11,10.3749,10.1146,14.7282
kodim12.png,kodim12_d78c37c2f04f__awgn_5_seed-20260811,awgn,5,20260811,glcm_homogeneity,11,10.5337,10.1502,13.7827
kodim12.png,kodim12_d78c37c2f04f__awgn_5_seed-20260811,awgn,5,20260811,glcm_shared,11,10.3035,10.159,11.225
kodim12.png,kodim12_d78c37c2f04f__awgn_5_seed-20260811,awgn,5,20260811,luma_conversion,11,0.6199,0.6039,0.7338
kodim12.png,kodim12_d78c37c2f04f__awgn_5_seed-20260811,awgn,5,20260811,luma_sd,11,1.7902,1.5959,1.8588
kodim12.png,kodim12_d78c37c2f04f__awgn_5_seed-20260811,awgn,5,20260811,sobel_si,11,6.0294,5.8728,6.2549
kodim12.png,kodim12_d78c37c2f04f__clean_0,clean,0,,edge_fraction,11,11.0127,10.7483,11.3596
kodim12.png,kodim12_d78c37c2f04f__clean_0,clean,0,,full_pipeline,11,30.29,29.875,30.8633
kodim12.png,kodim12_d78c37c2f04f__clean_0,clean,0,,glcm_build,11,10.4308,10.2572,14.59
kodim12.png,kodim12_d78c37c2f04f__clean_0,clean,0,,glcm_contrast,11,10.473,10.1685,11.6964
kodim12.png,kodim12_d78c37c2f04f__clean_0,clean,0,,glcm_entropy,11,10.4577,10.19,13.1426
kodim12.png,kodim12_d78c37c2f04f__clean_0,clean,0,,glcm_homogeneity,11,10.4008,10.1807,11.1384
kodim12.png,kodim12_d78c37c2f04f__clean_0,clean,0,,glcm_shared,11,10.5928,10.2209,16.4884
kodim12.png,kodim12_d78c37c2f04f__clean_0,clean,0,,luma_conversion,11,0.6417,0.6226,0.7389
kodim12.png,kodim12_d78c37c2f04f__clean_0,clean,0,,luma_sd,11,1.7437,1.6112,2.0265
kodim12.png,kodim12_d78c37c2f04f__clean_0,clean,0,,sobel_si,11,6.0194,5.915,6.1784
kodim12.png,kodim12_d78c37c2f04f__stripes_16,stripes,16,,edge_fraction,11,10.5465,10.2954,11.3313
kodim12.png,kodim12_d78c37c2f04f__stripes_16,stripes,16,,full_pipeline,11,29.4119,28.3733,30.7191
kodim12.png,kodim12_d78c37c2f04f__stripes_16,stripes,16,,glcm_build,11,10.2895,9.7529,10.62
kodim12.png,kodim12_d78c37c2f04f__stripes_16,stripes,16,,glcm_contrast,11,10.0932,9.6969,11.3694
kodim12.png,kodim12_d78c37c2f04f__stripes_16,stripes,16,,glcm_entropy,11,10.0685,9.8703,10.8842
kodim12.png,kodim12_d78c37c2f04f__stripes_16,stripes,16,,glcm_homogeneity,11,10.1029,9.7848,10.7738
kodim12.png,kodim12_d78c37c2f04f__stripes_16,stripes,16,,glcm_shared,11,10.1008,9.8261,11.0587
kodim12.png,kodim12_d78c37c2f04f__stripes_16,stripes,16,,luma_conversion,11,0.6352,0.6039,0.6886
kodim12.png,kodim12_d78c37c2f04f__stripes_16,stripes,16,,luma_sd,11,1.7259,1.5241,1.8074
kodim12.png,kodim12_d78c37c2f04f__stripes_16,stripes,16,,sobel_si,11,5.843,5.4428,6.1024
kodim12.png,kodim12_d78c37c2f04f__stripes_32,stripes,32,,edge_fraction,11,10.5967,10.3883,10.9076
kodim12.png,kodim12_d78c37c2f04f__stripes_32,stripes,32,,full_pipeline,11,29.0616,28.4318,29.8445
kodim12.png,kodim12_d78c37c2f04f__stripes_32,stripes,32,,glcm_build,11,9.9145,9.5142,10.0576
kodim12.png,kodim12_d78c37c2f04f__stripes_32,stripes,32,,glcm_contrast,11,10.0232,9.5717,10.8183
kodim12.png,kodim12_d78c37c2f04f__stripes_32,stripes,32,,glcm_entropy,11,10.0451,9.6408,10.5802
kodim12.png,kodim12_d78c37c2f04f__stripes_32,stripes,32,,glcm_homogeneity,11,9.9268,9.6553,10.5769
kodim12.png,kodim12_d78c37c2f04f__stripes_32,stripes,32,,glcm_shared,11,9.9067,9.769,10.2066
kodim12.png,kodim12_d78c37c2f04f__stripes_32,stripes,32,,luma_conversion,11,0.6574,0.6191,0.8251
kodim12.png,kodim12_d78c37c2f04f__stripes_32,stripes,32,,luma_sd,11,1.6227,1.5065,1.8492
kodim12.png,kodim12_d78c37c2f04f__stripes_32,stripes,32,,sobel_si,11,5.8196,5.4826,6.1083
kodim12.png,kodim12_d78c37c2f04f__stripes_8,stripes,8,,edge_fraction,11,10.4477,10.2685,10.7603
kodim12.png,kodim12_d78c37c2f04f__stripes_8,stripes,8,,full_pipeline,11,28.9796,28.5963,30.2731
kodim12.png,kodim12_d78c37c2f04f__stripes_8,stripes,8,,glcm_build,11,10.045,9.5554,15.7958
kodim12.png,kodim12_d78c37c2f04f__stripes_8,stripes,8,,glcm_contrast,11,10.0837,9.8002,13.7387
kodim12.png,kodim12_d78c37c2f04f__stripes_8,stripes,8,,glcm_entropy,11,9.9219,9.7897,10.9254
kodim12.png,kodim12_d78c37c2f04f__stripes_8,stripes,8,,glcm_homogeneity,11,9.8934,9.7763,10.4151
kodim12.png,kodim12_d78c37c2f04f__stripes_8,stripes,8,,glcm_shared,11,10.0484,9.8653,10.1865
kodim12.png,kodim12_d78c37c2f04f__stripes_8,stripes,8,,luma_conversion,11,0.6314,0.611,1.3462
kodim12.png,kodim12_d78c37c2f04f__stripes_8,stripes,8,,luma_sd,11,1.6022,1.5017,1.8652
kodim12.png,kodim12_d78c37c2f04f__stripes_8,stripes,8,,sobel_si,11,5.7509,5.6639,8.1511
kodim13.png,kodim13_bc34a3ce58de__awgn_15_seed-20260811,awgn,15,20260811,edge_fraction,11,10.5131,10.3508,10.9584
kodim13.png,kodim13_bc34a3ce58de__awgn_15_seed-20260811,awgn,15,20260811,full_pipeline,11,27.8969,27.6009,29.8443
kodim13.png,kodim13_bc34a3ce58de__awgn_15_seed-20260811,awgn,15,20260811,glcm_build,11,8.9052,8.5818,9.0649
kodim13.png,kodim13_bc34a3ce58de__awgn_15_seed-20260811,awgn,15,20260811,glcm_contrast,11,8.9109,8.7394,9.4216
kodim13.png,kodim13_bc34a3ce58de__awgn_15_seed-20260811,awgn,15,20260811,glcm_entropy,11,8.8347,8.7061,9.2433
kodim13.png,kodim13_bc34a3ce58de__awgn_15_seed-20260811,awgn,15,20260811,glcm_homogeneity,11,8.8535,8.7191,9.2274
kodim13.png,kodim13_bc34a3ce58de__awgn_15_seed-20260811,awgn,15,20260811,glcm_shared,11,8.9764,8.676,9.2269
kodim13.png,kodim13_bc34a3ce58de__awgn_15_seed-20260811,awgn,15,20260811,luma_conversion,11,0.6252,0.6114,0.7536
kodim13.png,kodim13_bc34a3ce58de__awgn_15_seed-20260811,awgn,15,20260811,luma_sd,11,1.6528,1.5149,2.0086
kodim13.png,kodim13_bc34a3ce58de__awgn_15_seed-20260811,awgn,15,20260811,sobel_si,11,5.8338,5.467,6.0139
kodim13.png,kodim13_bc34a3ce58de__awgn_30_seed-20260811,awgn,30,20260811,edge_fraction,11,10.4045,10.1237,12.9466
kodim13.png,kodim13_bc34a3ce58de__awgn_30_seed-20260811,awgn,30,20260811,full_pipeline,11,27.7037,27.3408,37.4397
kodim13.png,kodim13_bc34a3ce58de__awgn_30_seed-20260811,awgn,30,20260811,glcm_build,11,8.9184,8.6481,13.5638
kodim13.png,kodim13_bc34a3ce58de__awgn_30_seed-20260811,awgn,30,20260811,glcm_contrast,11,8.8753,8.7111,9.3309
kodim13.png,kodim13_bc34a3ce58de__awgn_30_seed-20260811,awgn,30,20260811,glcm_entropy,11,8.8783,8.8004,9.4892
kodim13.png,kodim13_bc34a3ce58de__awgn_30_seed-20260811,awgn,30,20260811,glcm_homogeneity,11,8.835,8.6839,10.7958
kodim13.png,kodim13_bc34a3ce58de__awgn_30_seed-20260811,awgn,30,20260811,glcm_shared,11,8.9487,8.691,9.4704
kodim13.png,kodim13_bc34a3ce58de__awgn_30_seed-20260811,awgn,30,20260811,luma_conversion,11,0.6275,0.6056,0.8463
kodim13.png,kodim13_bc34a3ce58de__awgn_30_seed-20260811,awgn,30,20260811,luma_sd,11,1.5997,1.5333,1.8915
kodim13.png,kodim13_bc34a3ce58de__awgn_30_seed-20260811,awgn,30,20260811,sobel_si,11,5.8037,5.5676,6.0707
kodim13.png,kodim13_bc34a3ce58de__awgn_5_seed-20260811,awgn,5,20260811,edge_fraction,11,10.5027,10.1256,11.5947
kodim13.png,kodim13_bc34a3ce58de__awgn_5_seed-20260811,awgn,5,20260811,full_pipeline,11,28.323,27.9944,30.0625
kodim13.png,kodim13_bc34a3ce58de__awgn_5_seed-20260811,awgn,5,20260811,glcm_build,11,9.2161,8.9304,10.6999
kodim13.png,kodim13_bc34a3ce58de__awgn_5_seed-20260811,awgn,5,20260811,glcm_contrast,11,9.1688,8.9643,10.4527
kodim13.png,kodim13_bc34a3ce58de__awgn_5_seed-20260811,awgn,5,20260811,glcm_entropy,11,9.1766,8.9006,9.5992
kodim13.png,kodim13_bc34a3ce58de__awgn_5_seed-20260811,awgn,5,20260811,glcm_homogeneity,11,9.1652,9.0399,9.8454
kodim13.png,kodim13_bc34a3ce58de__awgn_5_seed-20260811,awgn,5,20260811,glcm_shared,11,9.3115,8.9339,9.6883
kodim13.png,kodim13_bc34a3ce58de__awgn_5_seed-20260811,awgn,5,20260811,luma_conversion,11,0.6297,0.607,0.692
kodim13.png,kodim13_bc34a3ce58de__awgn_5_seed-20260811,awgn,5,20260811,luma_sd,11,1.5815,1.4996,1.7414
kodim13.png,kodim13_bc34a3ce58de__awgn_5_seed-20260811,awgn,5,20260811,sobel_si,11,5.7501,5.5652,6.0417
kodim13.png,kodim13_bc34a3ce58de__clean_0,clean,0,,edge_fraction,11,10.475,10.1316,15.2047
kodim13.png,kodim13_bc34a3ce58de__clean_0,clean,0,,full_pipeline,11,27.9383,27.593,29.3639
kodim13.png,kodim13_bc34a3ce58de__clean_0,clean,0,,glcm_build,11,9.0328,8.9735,9.6128
kodim13.png,kodim13_bc34a3ce58de__clean_0,clean,0,,glcm_contrast,11,9.1501,9.0255,9.4127
kodim13.png,kodim13_bc34a3ce58de__clean_0,clean,0,,glcm_entropy,11,9.2591,9.0031,9.9833
kodim13.png,kodim13_bc34a3ce58de__clean_0,clean,0,,glcm_homogeneity,11,9.2059,8.9509,12.0535
kodim13.png,kodim13_bc34a3ce58de__clean_0,clean,0,,glcm_shared,11,9.3306,9.1328,10.1131
kodim13.png,kodim13_bc34a3ce58de__clean_0,clean,0,,luma_conversion,11,0.6228,0.61,0.6938
kodim13.png,kodim13_bc34a3ce58de__clean_0,clean,0,,luma_sd,11,1.5721,1.5227,1.7798
kodim13.png,kodim13_bc34a3ce58de__clean_0,clean,0,,sobel_si,11,5.8285,5.6259,6.2104
kodim13.png,kodim13_bc34a3ce58de__stripes_16,stripes,16,,edge_fraction,11,10.3482,10.095,10.861
kodim13.png,kodim13_bc34a3ce58de__stripes_16,stripes,16,,full_pipeline,11,27.894,27.798,28.2881
kodim13.png,kodim13_bc34a3ce58de__stripes_16,stripes,16,,glcm_build,11,9.1812,8.8107,9.5268
kodim13.png,kodim13_bc34a3ce58de__stripes_16,stripes,16,,glcm_contrast,11,9.1322,8.8962,9.6611
kodim13.png,kodim13_bc34a3ce58de__stripes_16,stripes,16,,glcm_entropy,11,9.2511,8.8118,9.4895
kodim13.png,kodim13_bc34a3ce58de__stripes_16,stripes,16,,glcm_homogeneity,11,9.0759,8.9093,9.5006
kodim13.png,kodim13_bc34a3ce58de__stripes_16,stripes,16,,glcm_shared,11,9.1339,8.8323,9.5273
kodim13.png,kodim13_bc34a3ce58de__stripes_16,stripes,16,,luma_conversion,11,0.6296,0.6045,0.7472
kodim13.png,kodim13_bc34a3ce58de__stripes_16,stripes,16,,luma_sd,11,1.591,1.5142,1.7785
kodim13.png,kodim13_bc34a3ce58de__stripes_16,stripes,16,,sobel_si,11,5.8273,5.5139,5.8832
kodim13.png,kodim13_bc34a3ce58de__stripes_32,stripes,32,,edge_fraction,11,10.5548,10.2982,11.191
kodim13.png,kodim13_bc34a3ce58de__stripes_32,stripes,32,,full_pipeline,11,28.3321,27.9115,28.7756
kodim13.png,kodim13_bc34a3ce58de__stripes_32,stripes,32,,glcm_build,11,9.3208,8.9848,9.6247
kodim13.png,kodim13_bc34a3ce58de__stripes_32,stripes,32,,glcm_contrast,11,9.0997,8.9137,9.6656
kodim13.png,kodim13_bc34a3ce58de__stripes_32,stripes,32,,glcm_entropy,11,9.2222,8.9998,10.2313
kodim13.png,kodim13_bc34a3ce58de__stripes_32,stripes,32,,glcm_homogeneity,11,9.0785,8.9184,9.5249
kodim13.png,kodim13_bc34a3ce58de__stripes_32,stripes,32,,glcm_shared,11,9.2034,8.9916,10.1439
kodim13.png,kodim13_bc34a3ce58de__stripes_32,stripes,32,,luma_conversion,11,0.6287,0.5929,0.6771
kodim13.png,kodim13_bc34a3ce58de__stripes_32,stripes,32,,luma_sd,11,1.6326,1.5555,1.8405
kodim13.png,kodim13_bc34a3ce58de__stripes_32,stripes,32,,sobel_si,11,5.7544,5.7134,6.2461
kodim13.png,kodim13_bc34a3ce58de__stripes_8,stripes,8,,edge_fraction,11,10.2866,10.1535,10.6086
kodim13.png,kodim13_bc34a3ce58de__stripes_8,stripes,8,,full_pipeline,11,27.9687,27.7296,29.4686
kodim13.png,kodim13_bc34a3ce58de__stripes_8,stripes,8,,glcm_build,11,8.9944,8.8842,9.2548
kodim13.png,kodim13_bc34a3ce58de__stripes_8,stripes,8,,glcm_contrast,11,9.1397,8.973,9.3841
kodim13.png,kodim13_bc34a3ce58de__stripes_8,stripes,8,,glcm_entropy,11,9.1827,8.937,9.3899
kodim13.png,kodim13_bc34a3ce58de__stripes_8,stripes,8,,glcm_homogeneity,11,9.0628,8.9133,9.4783
kodim13.png,kodim13_bc34a3ce58de__stripes_8,stripes,8,,glcm_shared,11,9.1704,9.0199,9.4796
kodim13.png,kodim13_bc34a3ce58de__stripes_8,stripes,8,,luma_conversion,11,0.6227,0.6033,0.7105
kodim13.png,kodim13_bc34a3ce58de__stripes_8,stripes,8,,luma_sd,11,1.6183,1.5094,1.7773
kodim13.png,kodim13_bc34a3ce58de__stripes_8,stripes,8,,sobel_si,11,5.732,5.558,5.9799
kodim14.png,kodim14_55a94550ff18__awgn_15_seed-20260811,awgn,15,20260811,edge_fraction,11,10.4288,10.2269,11.6869
kodim14.png,kodim14_55a94550ff18__awgn_15_seed-20260811,awgn,15,20260811,full_pipeline,11,27.9148,27.3536,29.6404
kodim14.png,kodim14_55a94550ff18__awgn_15_seed-20260811,awgn,15,20260811,glcm_build,11,9.1127,8.8134,10.9516
kodim14.png,kodim14_55a94550ff18__awgn_15_seed-20260811,awgn,15,20260811,glcm_contrast,11,8.9216,8.7141,9.4023
kodim14.png,kodim14_55a94550ff18__awgn_15_seed-20260811,awgn,15,20260811,glcm_entropy,11,9.1022,8.7867,11.277
kodim14.png,kodim14_55a94550ff18__awgn_15_seed-20260811,awgn,15,20260811,glcm_homogeneity,11,9.0512,8.7823,10.9216
kodim14.png,kodim14_55a94550ff18__awgn_15_seed-20260811,awgn,15,20260811,glcm_shared,11,9.1514,8.7795,10.191
kodim14.png,kodim14_55a94550ff18__awgn_15_seed-20260811,awgn,15,20260811,luma_conversion,11,0.6212,0.6015,0.7523
kodim14.png,kodim14_55a94550ff18__awgn_15_seed-20260811,awgn,15,20260811,luma_sd,11,1.6473,1.547,2.603
kodim14.png,kodim14_55a94550ff18__awgn_15_seed-20260811,awgn,15,20260811,sobel_si,11,5.7775,5.6342,6.0354
kodim14.png,kodim14_55a94550ff18__awgn_30_seed-20260811,awgn,30,20260811,edge_fraction,11,10.3912,10.2061,12.8918
kodim14.png,kodim14_55a94550ff18__awgn_30_seed-20260811,awgn,30,20260811,full_pipeline,11,27.7828,27.091,29.3747
kodim14.png,kodim14_55a94550ff18__awgn_30_seed-20260811,awgn,30,20260811,glcm_build,11,8.7393,8.5587,9.8654
kodim14.png,kodim14_55a94550ff18__awgn_30_seed-20260811,awgn,30,20260811,glcm_contrast,11,8.8338,8.6834,10.8338
kodim14.png,kodim14_55a94550ff18__awgn_30_seed-20260811,awgn,30,20260811,glcm_entropy,11,8.8744,8.5558,14.2693
kodim14.png,kodim14_55a94550ff18__awgn_30_seed-20260811,awgn,30,20260811,glcm_homogeneity,11,8.8533,8.5849,13.8705
kodim14.png,kodim14_55a94550ff18__awgn_30_seed-20260811,awgn,30,20260811,glcm_shared,11,8.7957,8.5249,11.0466
kodim14.png,kodim14_55a94550ff18__awgn_30_seed-20260811,awgn,30,20260811,luma_conversion,11,0.6086,0.5963,0.7086
kodim14.png,kodim14_55a94550ff18__awgn_30_seed-20260811,awgn,30,20260811,luma_sd,11,1.6966,1.554,2.1179
kodim14.png,kodim14_55a94550ff18__awgn_30_seed-20260811,awgn,30,20260811,sobel_si,11,5.7854,5.5607,6.9005
kodim14.png,kodim14_55a94550ff18__awgn_5_seed-20260811,awgn,5,20260811,edge_fraction,11,10.3433,10.1975,11.3267
kodim14.png,kodim14_55a94550ff18__awgn_5_seed-20260811,awgn,5,20260811,full_pipeline,11,28.2429,27.7205,29.1665
kodim14.png,kodim14_55a94550ff18__awgn_5_seed-20260811,awgn,5,20260811,glcm_build,11,9.1863,9.0963,10.1286
kodim14.png,kodim14_55a94550ff18__awgn_5_seed-20260811,awgn,5,20260811,glcm_contrast,11,9.2582,9.0559,10.3595
kodim14.png,kodim14_55a94550ff18__awgn_5_seed-20260811,awgn,5,20260811,glcm_entropy,11,9.2431,9.1468,9.3893
kodim14.png,kodim14_55a94550ff18__awgn_5_seed-20260811,awgn,5,20260811,glcm_homogeneity,11,9.2362,9.1076,9.5406
kodim14.png,kodim14_55a94550ff18__awgn_5_seed-20260811,awgn,5,20260811,glcm_shared,11,9.3023,9.1334,9.7746
kodim14.png,kodim14_55a94550ff18__awgn_5_seed-20260811,awgn,5,20260811,luma_conversion,11,0.6185,0.6013,0.6867
kodim14.png,kodim14_55a94550ff18__awgn_5_seed-20260811,awgn,5,20260811,luma_sd,11,1.7022,1.5216,1.9656
kodim14.png,kodim14_55a94550ff18__awgn_5_seed-20260811,awgn,5,20260811,sobel_si,11,5.7683,5.5847,6.1678
kodim14.png,kodim14_55a94550ff18__clean_0,clean,0,,edge_fraction,11,10.4373,10.1798,11.031
kodim14.png,kodim14_55a94550ff18__clean_0,clean,0,,full_pipeline,11,28.3474,27.7269,29.5216
kodim14.png,kodim14_55a94550ff18__clean_0,clean,0,,glcm_build,11,9.3614,9.038,9.9446
kodim14.png,kodim14_55a94550ff18__clean_0,clean,0,,glcm_contrast,11,9.4244,9.167,9.5733
kodim14.png,kodim14_55a94550ff18__clean_0,clean,0,,glcm_entropy,11,9.2688,9.175,10.1948
kodim14.png,kodim14_55a94550ff18__clean_0,clean,0,,glcm_homogeneity,11,9.4447,9.1641,9.9235
kodim14.png,kodim14_55a94550ff18__clean_0,clean,0,,glcm_shared,11,9.361,9.204,10.097
kodim14.png,kodim14_55a94550ff18__clean_0,clean,0,,luma_conversion,11,0.6209,0.5991,0.6903
kodim14.png,kodim14_55a94550ff18__clean_0,clean,0,,luma_sd,11,1.6774,1.5478,1.8408
kodim14.png,kodim14_55a94550ff18__clean_0,clean,0,,sobel_si,11,5.7263,5.5636,5.9141
kodim14.png,kodim14_55a94550ff18__stripes_16,stripes,16,,edge_fraction,11,10.6694,10.2238,14.6041
kodim14.png,kodim14_55a94550ff18__stripes_16,stripes,16,,full_pipeline,11,29.139,28.2317,37.3244
kodim14.png,kodim14_55a94550ff18__stripes_16,stripes,16,,glcm_build,11,9.6682,9.3222,12.0775
kodim14.png,kodim14_55a94550ff18__stripes_16,stripes,16,,glcm_contrast,11,9.5929,9.1089,12.1548
kodim14.png,kodim14_55a94550ff18__stripes_16,stripes,16,,glcm_entropy,11,9.8515,9.1658,12.4593
kodim14.png,kodim14_55a94550ff18__stripes_16,stripes,16,,glcm_homogeneity,11,9.4561,9.0779,12.7547
kodim14.png,kodim14_55a94550ff18__stripes_16,stripes,16,,glcm_shared,11,9.8435,9.1283,12.4691
kodim14.png,kodim14_55a94550ff18__stripes_16,stripes,16,,luma_conversion,11,0.6367,0.6091,0.7748
kodim14.png,kodim14_55a94550ff18__stripes_16,stripes,16,,luma_sd,11,1.617,1.5332,2.021
kodim14.png,kodim14_55a94550ff18__stripes_16,stripes,16,,sobel_si,11,5.7399,5.464,7.6932
kodim14.png,kodim14_55a94550ff18__stripes_32,stripes,32,,edge_fraction,11,10.848,10.3001,15.6392
kodim14.png,kodim14_55a94550ff18__stripes_32,stripes,32,,full_pipeline,11,34.5072,27.8263,39.1134
kodim14.png,kodim14_55a94550ff18__stripes_32,stripes,32,,glcm_build,11,9.8976,9.2085,12.0849
kodim14.png,kodim14_55a94550ff18__stripes_32,stripes,32,,glcm_contrast,11,10.0122,9.1941,12.3892
kodim14.png,kodim14_55a94550ff18__stripes_32,stripes,32,,glcm_entropy,11,9.985,9.1922,15.8183
kodim14.png,kodim14_55a94550ff18__stripes_32,stripes,32,,glcm_homogeneity,11,10.4673,8.9965,14.085
kodim14.png,kodim14_55a94550ff18__stripes_32,stripes,32,,glcm_shared,11,10.2885,9.3328,12.0922
kodim14.png,kodim14_55a94550ff18__stripes_32,stripes,32,,luma_conversion,11,0.6272,0.6055,0.8157
kodim14.png,kodim14_55a94550ff18__stripes_32,stripes,32,,luma_sd,11,1.9144,1.5411,2.0481
kodim14.png,kodim14_55a94550ff18__stripes_32,stripes,32,,sobel_si,11,6.6121,5.7267,8.7433
kodim14.png,kodim14_55a94550ff18__stripes_8,stripes,8,,edge_fraction,11,10.3863,10.2189,11.1151
kodim14.png,kodim14_55a94550ff18__stripes_8,stripes,8,,full_pipeline,11,28.2641,27.8533,28.8896
kodim14.png,kodim14_55a94550ff18__stripes_8,stripes,8,,glcm_build,11,9.3382,8.9859,9.9087
kodim14.png,kodim14_55a94550ff18__stripes_8,stripes,8,,glcm_contrast,11,9.2962,9.0884,9.5076
kodim14.png,kodim14_55a94550ff18__stripes_8,stripes,8,,glcm_entropy,11,9.3155,9.0504,9.6338
kodim14.png,kodim14_55a94550ff18__stripes_8,stripes,8,,glcm_homogeneity,11,9.3956,9.1393,10.1727
kodim14.png,kodim14_55a94550ff18__stripes_8,stripes,8,,glcm_shared,11,9.4945,9.2084,10.0489
kodim14.png,kodim14_55a94550ff18__stripes_8,stripes,8,,luma_conversion,11,0.6164,0.5994,0.7451
kodim14.png,kodim14_55a94550ff18__stripes_8,stripes,8,,luma_sd,11,1.5844,1.5204,1.667
kodim14.png,kodim14_55a94550ff18__stripes_8,stripes,8,,sobel_si,11,5.761,5.5683,6.418
kodim15.png,kodim15_7538cbb80cb9__awgn_15_seed-20260811,awgn,15,20260811,edge_fraction,11,10.818,10.1963,11.2813
kodim15.png,kodim15_7538cbb80cb9__awgn_15_seed-20260811,awgn,15,20260811,full_pipeline,11,29.3245,27.9811,30.7538
kodim15.png,kodim15_7538cbb80cb9__awgn_15_seed-20260811,awgn,15,20260811,glcm_build,11,9.6692,8.9833,14.6015
kodim15.png,kodim15_7538cbb80cb9__awgn_15_seed-20260811,awgn,15,20260811,glcm_contrast,11,9.9672,9.2596,10.2312
kodim15.png,kodim15_7538cbb80cb9__awgn_15_seed-20260811,awgn,15,20260811,glcm_entropy,11,9.6778,8.8591,13.033
kodim15.png,kodim15_7538cbb80cb9__awgn_15_seed-20260811,awgn,15,20260811,glcm_homogeneity,11,9.9526,9.0079,16.6984
kodim15.png,kodim15_7538cbb80cb9__awgn_15_seed-20260811,awgn,15,20260811,glcm_shared,11,9.6784,9.0656,13.2232
kodim15.png,kodim15_7538cbb80cb9__awgn_15_seed-20260811,awgn,15,20260811,luma_conversion,11,0.6422,0.6039,1.3121
kodim15.png,kodim15_7538cbb80cb9__awgn_15_seed-20260811,awgn,15,20260811,luma_sd,11,1.7796,1.5908,2.635
kodim15.png,kodim15_7538cbb80cb9__awgn_15_seed-20260811,awgn,15,20260811,sobel_si,11,6.025,5.5586,7.006
kodim15.png,kodim15_7538cbb80cb9__awgn_30_seed-20260811,awgn,30,20260811,edge_fraction,11,10.8766,10.6001,12.3234
kodim15.png,kodim15_7538cbb80cb9__awgn_30_seed-20260811,awgn,30,20260811,full_pipeline,11,29.0419,28.8584,30.3551
kodim15.png,kodim15_7538cbb80cb9__awgn_30_seed-20260811,awgn,30,20260811,glcm_build,11,9.5335,9.2722,14.05
kodim15.png,kodim15_7538cbb80cb9__awgn_30_seed-20260811,awgn,30,20260811,glcm_contrast,11,9.5305,9.3045,13.6924
kodim15.png,kodim15_7538cbb80cb9__awgn_30_seed-20260811,awgn,30,20260811,glcm_entropy,11,9.6785,9.2189,12.381
kodim15.png,kodim15_7538cbb80cb9__awgn_30_seed-20260811,awgn,30,20260811,glcm_homogeneity,11,9.3666,9.2378,13.9179
kodim15.png,kodim15_7538cbb80cb9__awgn_30_seed-20260811,awgn,30,20260811,glcm_shared,11,9.4509,9.2792,9.9442
kodim15.png,kodim15_7538cbb80cb9__awgn_30_seed-20260811,awgn,30,20260811,luma_conversion,11,0.6269,0.6111,0.7302
kodim15.png,kodim15_7538cbb80cb9__awgn_30_seed-20260811,awgn,30,20260811,luma_sd,11,1.8102,1.5238,2.0978
kodim15.png,kodim15_7538cbb80cb9__awgn_30_seed-20260811,awgn,30,20260811,sobel_si,11,5.9919,5.7883,6.327
kodim15.png,kodim15_7538cbb80cb9__awgn_5_seed-20260811,awgn,5,20260811,edge_fraction,11,11.2021,10.9285,16.2542
kodim15.png,kodim15_7538cbb80cb9__awgn_5_seed-20260811,awgn,5,20260811,full_pipeline,11,30.0361,29.6194,39.8709
kodim15.png,kodim15_7538cbb80cb9__awgn_5_seed-20260811,awgn,5,20260811,glcm_build,11,10.3843,9.961,14.4004
kodim15.png,kodim15_7538cbb80cb9__awgn_5_seed-20260811,awgn,5,20260811,glcm_contrast,11,10.5359,10.1145,11.8796
kodim15.png,kodim15_7538cbb80cb9__awgn_5_seed-20260811,awgn,5,20260811,glcm_entropy,11,10.2556,9.8651,13.8122
kodim15.png,kodim15_7538cbb80cb9__awgn_5_seed-20260811,awgn,5,20260811,glcm_homogeneity,11,10.4476,10.1692,14.5689
kodim15.png,kodim15_7538cbb80cb9__awgn_5_seed-20260811,awgn,5,20260811,glcm_shared,11,10.512,10.0813,14.596
kodim15.png,kodim15_7538cbb80cb9__awgn_5_seed-20260811,awgn,5,20260811,luma_conversion,11,0.6458,0.6135,0.7749
kodim15.png,kodim15_7538cbb80cb9__awgn_5_seed-20260811,awgn,5,20260811,luma_sd,11,1.9154,1.7334,2.0812
kodim15.png,kodim15_7538cbb80cb9__awgn_5_seed-20260811,awgn,5,20260811,sobel_si,11,5.8793,5.7623,6.3443
kodim15.png,kodim15_7538cbb80cb9__clean_0,clean,0,,edge_fraction,11,11.1413,10.5432,14.3317
kodim15.png,kodim15_7538cbb80cb9__clean_0,clean,0,,full_pipeline,11,29.8814,28.336,39.2968
kodim15.png,kodim15_7538cbb80cb9__clean_0,clean,0,,glcm_build,11,10.2144,9.4432,11.9578
kodim15.png,kodim15_7538cbb80cb9__clean_0,clean,0,,glcm_contrast,11,10.1688,9.6446,10.9045
kodim15.png,kodim15_7538cbb80cb9__clean_0,clean,0,,glcm_entropy,11,10.1462,9.581,10.7622
kodim15.png,kodim15_7538cbb80cb9__clean_0,clean,0,,glcm_homogeneity,11,10.1248,9.5169,10.5787
kodim15.png,kodim15_7538cbb80cb9__clean_0,clean,0,,glcm_shared,11,10.2575,9.9942,11.2519
kodim15.png,kodim15_7538cbb80cb9__clean_0,clean,0,,luma_conversion,11,0.6225,0.5987,0.9932
kodim15.png,kodim15_7538cbb80cb9__clean_0,clean,0,,luma_sd,11,1.7506,1.5033,2.9365
kodim15.png,kodim15_7538cbb80cb9__clean_0,clean,0,,sobel_si,11,5.9945,5.5926,6.3982
kodim15.png,kodim15_7538cbb80cb9__stripes_16,stripes,16,,edge_fraction,11,10.6024,10.2716,10.7864
kodim15.png,kodim15_7538cbb80cb9__stripes_16,stripes,16,,full_pipeline,11,28.5236,28.2741,31.3988
kodim15.png,kodim15_7538cbb80cb9__stripes_16,stripes,16,,glcm_build,11,9.599,9.3907,10.3441
kodim15.png,kodim15_7538cbb80cb9__stripes_16,stripes,16,,glcm_contrast,11,9.7463,9.4799,9.9671
kodim15.png,kodim15_7538cbb80cb9__stripes_16,stripes,16,,glcm_entropy,11,9.7554,9.499,10.0854
kodim15.png,kodim15_7538cbb80cb9__stripes_16,stripes,16,,glcm_homogeneity,11,9.7008,9.3415,12.3254
kodim15.png,kodim15_7538cbb80cb9__stripes_16,stripes,16,,glcm_shared,11,9.8286,9.4954,12.353
kodim15.png,kodim15_7538cbb80cb9__stripes_16,stripes,16,,luma_conversion,11,0.6179,0.5958,0.692
kodim15.png,kodim15_7538cbb80cb9__stripes_16,stripes,16,,luma_sd,11,1.6073,1.5272,1.7986
kodim15.png,kodim15_7538cbb80cb9__stripes_16,stripes,16,,sobel_si,11,5.7768,5.5194,5.9054
kodim15.png,kodim15_7538cbb80cb9__stripes_32,stripes,32,,edge_fraction,11,10.534,10.1481,11.6342
kodim15.png,kodim15_7538cbb80cb9__stripes_32,stripes,32,,full_pipeline,11,28.4422,28.24,29.4644
kodim15.png,kodim15_7538cbb80cb9__stripes_32,stripes,32,,glcm_build,11,9.6792,9.4625,9.8768
kodim15.png,kodim15_7538cbb80cb9__stripes_32,stripes,32,,glcm_contrast,11,9.6603,9.5002,10.0271
kodim15.png,kodim15_7538cbb80cb9__stripes_32,stripes,32,,glcm_entropy,11,9.749,9.5211,10.1093
kodim15.png,kodim15_7538cbb80cb9__stripes_32,stripes,32,,glcm_homogeneity,11,9.6839,9.6227,10.0227
kodim15.png,kodim15_7538cbb80cb9__stripes_32,stripes,32,,glcm_shared,11,9.7187,9.5387,10.0458
kodim15.png,kodim15_7538cbb80cb9__stripes_32,stripes,32,,luma_conversion,11,0.6138,0.6008,0.6743
kodim15.png,kodim15_7538cbb80cb9__stripes_32,stripes,32,,luma_sd,11,1.5914,1.5099,1.8607
kodim15.png,kodim15_7538cbb80cb9__stripes_32,stripes,32,,sobel_si,11,5.7272,5.6802,5.8872
kodim15.png,kodim15_7538cbb80cb9__stripes_8,stripes,8,,edge_fraction,11,10.4351,10.2276,10.8316
kodim15.png,kodim15_7538cbb80cb9__stripes_8,stripes,8,,full_pipeline,11,28.5817,28.3199,30.1945
kodim15.png,kodim15_7538cbb80cb9__stripes_8,stripes,8,,glcm_build,11,9.6492,9.4803,10.0337
kodim15.png,kodim15_7538cbb80cb9__stripes_8,stripes,8,,glcm_contrast,11,9.8155,9.5815,10.106
kodim15.png,kodim15_7538cbb80cb9__stripes_8,stripes,8,,glcm_entropy,11,9.7447,9.4334,10.5555
kodim15.png,kodim15_7538cbb80cb9__stripes_8,stripes,8,,glcm_homogeneity,11,9.8122,9.5007,10.8022
kodim15.png,kodim15_7538cbb80cb9__stripes_8,stripes,8,,glcm_shared,11,9.9021,9.6278,10.8966
kodim15.png,kodim15_7538cbb80cb9__stripes_8,stripes,8,,luma_conversion,11,0.6186,0.6027,0.6873
kodim15.png,kodim15_7538cbb80cb9__stripes_8,stripes,8,,luma_sd,11,1.593,1.5284,1.9659
kodim15.png,kodim15_7538cbb80cb9__stripes_8,stripes,8,,sobel_si,11,5.8279,5.6297,6.0336
kodim16.png,kodim16_a89c7268ccd4__awgn_15_seed-20260811,awgn,15,20260811,edge_fraction,11,10.5243,10.3683,15.5143
kodim16.png,kodim16_a89c7268ccd4__awgn_15_seed-20260811,awgn,15,20260811,full_pipeline,11,28.123,27.6301,29.478
kodim16.png,kodim16_a89c7268ccd4__awgn_15_seed-20260811,awgn,15,20260811,glcm_build,11,9.0004,8.8998,9.3868
kodim16.png,kodim16_a89c7268ccd4__awgn_15_seed-20260811,awgn,15,20260811,glcm_contrast,11,9.1271,8.8191,11.4385
kodim16.png,kodim16_a89c7268ccd4__awgn_15_seed-20260811,awgn,15,20260811,glcm_entropy,11,9.1748,8.8267,14.5721
kodim16.png,kodim16_a89c7268ccd4__awgn_15_seed-20260811,awgn,15,20260811,glcm_homogeneity,11,9.1613,8.8129,11.787
kodim16.png,kodim16_a89c7268ccd4__awgn_15_seed-20260811,awgn,15,20260811,glcm_shared,11,9.0908,8.9075,9.8822
kodim16.png,kodim16_a89c7268ccd4__awgn_15_seed-20260811,awgn,15,20260811,luma_conversion,11,0.6171,0.6014,0.8557
kodim16.png,kodim16_a89c7268ccd4__awgn_15_seed-20260811,awgn,15,20260811,luma_sd,11,1.5709,1.5056,1.8389
kodim16.png,kodim16_a89c7268ccd4__awgn_15_seed-20260811,awgn,15,20260811,sobel_si,11,5.8269,5.6219,6.3563
kodim16.png,kodim16_a89c7268ccd4__awgn_30_seed-20260811,awgn,30,20260811,edge_fraction,11,10.3594,10.1454,10.7747
kodim16.png,kodim16_a89c7268ccd4__awgn_30_seed-20260811,awgn,30,20260811,full_pipeline,11,27.7577,27.3694,28.1491
kodim16.png,kodim16_a89c7268ccd4__awgn_30_seed-20260811,awgn,30,20260811,glcm_build,11,8.7622,8.578,9.2532
kodim16.png,kodim16_a89c7268ccd4__awgn_30_seed-20260811,awgn,30,20260811,glcm_contrast,11,8.7589,8.6743,9.8704
kodim16.png,kodim16_a89c7268ccd4__awgn_30_seed-20260811,awgn,30,20260811,glcm_entropy,11,8.7382,8.4857,9.3977
kodim16.png,kodim16_a89c7268ccd4__awgn_30_seed-20260811,awgn,30,20260811,glcm_homogeneity,11,8.7532,8.6059,9.5098
kodim16.png,kodim16_a89c7268ccd4__awgn_30_seed-20260811,awgn,30,20260811,glcm_shared,11,8.9029,8.7042,9.515
kodim16.png,kodim16_a89c7268ccd4__awgn_30_seed-20260811,awgn,30,20260811,luma_conversion,11,0.6299,0.6147,0.7379
kodim16.png,kodim16_a89c7268ccd4__awgn_30_seed-20260811,awgn,30,20260811,luma_sd,11,1.5725,1.499,1.8445
kodim16.png,kodim16_a89c7268ccd4__awgn_30_seed-20260811,awgn,30,20260811,sobel_si,11,5.7758,5.6072,5.896
kodim16.png,kodim16_a89c7268ccd4__awgn_5_seed-20260811,awgn,5,20260811,edge_fraction,11,10.5016,10.1618,10.6732
kodim16.png,kodim16_a89c7268ccd4__awgn_5_seed-20260811,awgn,5,20260811,full_pipeline,11,28.4445,28.2895,30.5198
kodim16.png,kodim16_a89c7268ccd4__awgn_5_seed-20260811,awgn,5,20260811,glcm_build,11,9.6421,9.4779,10.164
kodim16.png,kodim16_a89c7268ccd4__awgn_5_seed-20260811,awgn,5,20260811,glcm_contrast,11,9.7441,9.552,11.7407
kodim16.png,kodim16_a89c7268ccd4__awgn_5_seed-20260811,awgn,5,20260811,glcm_entropy,11,9.7481,9.5304,11.6232
kodim16.png,kodim16_a89c7268ccd4__awgn_5_seed-20260811,awgn,5,20260811,glcm_homogeneity,11,9.7813,9.4784,10.4427
kodim16.png,kodim16_a89c7268ccd4__awgn_5_seed-20260811,awgn,5,20260811,glcm_shared,11,9.9087,9.4778,10.7519
kodim16.png,kodim16_a89c7268ccd4__awgn_5_seed-20260811,awgn,5,20260811,luma_conversion,11,0.612,0.5735,0.6412
kodim16.png,kodim16_a89c7268ccd4__awgn_5_seed-20260811,awgn,5,20260811,luma_sd,11,1.6182,1.5234,1.8645
kodim16.png,kodim16_a89c7268ccd4__awgn_5_seed-20260811,awgn,5,20260811,sobel_si,11,5.8014,5.6006,5.894
kodim16.png,kodim16_a89c7268ccd4__clean_0,clean,0,,edge_fraction,11,10.4582,10.1091,10.7421
kodim16.png,kodim16_a89c7268ccd4__clean_0,clean,0,,full_pipeline,11,28.9761,28.571,29.607
kodim16.png,kodim16_a89c7268ccd4__clean_0,clean,0,,glcm_build,11,10.0024,9.657,10.3077
kodim16.png,kodim16_a89c7268ccd4__clean_0,clean,0,,glcm_contrast,11,9.8826,9.7317,10.5633
kodim16.png,kodim16_a89c7268ccd4__clean_0,clean,0,,glcm_entropy,11,9.9819,9.7301,10.5626
kodim16.png,kodim16_a89c7268ccd4__clean_0,clean,0,,glcm_homogeneity,11,9.9393,9.7498,10.2693
kodim16.png,kodim16_a89c7268ccd4__clean_0,clean,0,,glcm_shared,11,9.9935,9.6919,10.2985
kodim16.png,kodim16_a89c7268ccd4__clean_0,clean,0,,luma_conversion,11,0.618,0.6052,0.7522
kodim16.png,kodim16_a89c7268ccd4__clean_0,clean,0,,luma_sd,11,1.6479,1.5709,1.8415
kodim16.png,kodim16_a89c7268ccd4__clean_0,clean,0,,sobel_si,11,5.8595,5.6356,6.2847
kodim16.png,kodim16_a89c7268ccd4__stripes_16,stripes,16,,edge_fraction,11,10.3158,10.2067,10.8026
kodim16.png,kodim16_a89c7268ccd4__stripes_16,stripes,16,,full_pipeline,11,28.4789,28.2047,30.0519
kodim16.png,kodim16_a89c7268ccd4__stripes_16,stripes,16,,glcm_build,11,9.6779,9.5332,9.8957
kodim16.png,kodim16_a89c7268ccd4__stripes_16,stripes,16,,glcm_contrast,11,9.6462,9.5557,10.6811
kodim16.png,kodim16_a89c7268ccd4__stripes_16,stripes,16,,glcm_entropy,11,9.8377,9.5602,12.731
kodim16.png,kodim16_a89c7268ccd4__stripes_16,stripes,16,,glcm_homogeneity,11,9.8049,9.5219,10.2538
kodim16.png,kodim16_a89c7268ccd4__stripes_16,stripes,16,,glcm_shared,11,9.7936,9.6382,10.9682
kodim16.png,kodim16_a89c7268ccd4__stripes_16,stripes,16,,luma_conversion,11,0.6197,0.6032,0.7445
kodim16.png,kodim16_a89c7268ccd4__stripes_16,stripes,16,,luma_sd,11,1.586,1.5428,1.8986
kodim16.png,kodim16_a89c7268ccd4__stripes_16,stripes,16,,sobel_si,11,5.7502,5.6399,6.0048
kodim16.png,kodim16_a89c7268ccd4__stripes_32,stripes,32,,edge_fraction,11,10.4751,10.1912,10.5576
kodim16.png,kodim16_a89c7268ccd4__stripes_32,stripes,32,,full_pipeline,11,28.5355,28.158,40.9876
kodim16.png,kodim16_a89c7268ccd4__stripes_32,stripes,32,,glcm_build,11,9.7104,9.4758,10.2273
kodim16.png,kodim16_a89c7268ccd4__stripes_32,stripes,32,,glcm_contrast,11,9.6569,9.4844,10.381
kodim16.png,kodim16_a89c7268ccd4__stripes_32,stripes,32,,glcm_entropy,11,9.6927,9.499,10.234
kodim16.png,kodim16_a89c7268ccd4__stripes_32,stripes,32,,glcm_homogeneity,11,9.6214,9.4805,10.4759
kodim16.png,kodim16_a89c7268ccd4__stripes_32,stripes,32,,glcm_shared,11,9.782,9.4814,10.0127
kodim16.png,kodim16_a89c7268ccd4__stripes_32,stripes,32,,luma_conversion,11,0.604,0.5675,0.6733
kodim16.png,kodim16_a89c7268ccd4__stripes_32,stripes,32,,luma_sd,11,1.6154,1.5094,1.7555
kodim16.png,kodim16_a89c7268ccd4__stripes_32,stripes,32,,sobel_si,11,5.7132,5.5369,5.8718
kodim16.png,kodim16_a89c7268ccd4__stripes_8,stripes,8,,edge_fraction,11,10.3826,10.2253,11.0858
kodim16.png,kodim16_a89c7268ccd4__stripes_8,stripes,8,,full_pipeline,11,28.783,28.3148,29.5791
kodim16.png,kodim16_a89c7268ccd4__stripes_8,stripes,8,,glcm_build,11,9.7919,9.5742,10.3793
kodim16.png,kodim16_a89c7268ccd4__stripes_8,stripes,8,,glcm_contrast,11,9.8082,9.6679,12.0049
kodim16.png,kodim16_a89c7268ccd4__stripes_8,stripes,8,,glcm_entropy,11,9.8213,9.617,10.4128
kodim16.png,kodim16_a89c7268ccd4__stripes_8,stripes,8,,glcm_homogeneity,11,9.8638,9.561,10.2341
kodim16.png,kodim16_a89c7268ccd4__stripes_8,stripes,8,,glcm_shared,11,10.0603,9.6483,10.781
kodim16.png,kodim16_a89c7268ccd4__stripes_8,stripes,8,,luma_conversion,11,0.6343,0.6138,0.756
kodim16.png,kodim16_a89c7268ccd4__stripes_8,stripes,8,,luma_sd,11,1.6567,1.5171,1.815
kodim16.png,kodim16_a89c7268ccd4__stripes_8,stripes,8,,sobel_si,11,5.7238,5.5154,5.9572
kodim17.png,kodim17_37afcc89fbdc__awgn_15_seed-20260811,awgn,15,20260811,edge_fraction,11,11.1295,10.288,14.8124
kodim17.png,kodim17_37afcc89fbdc__awgn_15_seed-20260811,awgn,15,20260811,full_pipeline,11,31.5201,27.9438,38.3754
kodim17.png,kodim17_37afcc89fbdc__awgn_15_seed-20260811,awgn,15,20260811,glcm_build,11,9.8092,8.937,11.8764
kodim17.png,kodim17_37afcc89fbdc__awgn_15_seed-20260811,awgn,15,20260811,glcm_contrast,11,9.4132,9.0519,13.2652
kodim17.png,kodim17_37afcc89fbdc__awgn_15_seed-20260811,awgn,15,20260811,glcm_entropy,11,9.4163,8.9831,12.5771
kodim17.png,kodim17_37afcc89fbdc__awgn_15_seed-20260811,awgn,15,20260811,glcm_homogeneity,11,10.1223,8.999,14.1954
kodim17.png,kodim17_37afcc89fbdc__awgn_15_seed-20260811,awgn,15,20260811,glcm_shared,11,9.6554,8.9314,11.8361
kodim17.png,kodim17_37afcc89fbdc__awgn_15_seed-20260811,awgn,15,20260811,luma_conversion,11,0.6547,0.6077,0.7743
kodim17.png,kodim17_37afcc89fbdc__awgn_15_seed-20260811,awgn,15,20260811,luma_sd,11,1.6668,1.5549,2.1591
kodim17.png,kodim17_37afcc89fbdc__awgn_15_seed-20260811,awgn,15,20260811,sobel_si,11,5.9108,5.6628,8.239
kodim17.png,kodim17_37afcc89fbdc__awgn_30_seed-20260811,awgn,30,20260811,edge_fraction,11,11.1606,10.4566,15.0648
kodim17.png,kodim17_37afcc89fbdc__awgn_30_seed-20260811,awgn,30,20260811,full_pipeline,11,33.2627,28.8911,37.6151
kodim17.png,kodim17_37afcc89fbdc__awgn_30_seed-20260811,awgn,30,20260811,glcm_build,11,10.0045,8.9287,12.1694
kodim17.png,kodim17_37afcc89fbdc__awgn_30_seed-20260811,awgn,30,20260811,glcm_contrast,11,9.5852,9.2382,12.2234
kodim17.png,kodim17_37afcc89fbdc__awgn_30_seed-20260811,awgn,30,20260811,glcm_entropy,11,10.4887,9.2203,13.5317
kodim17.png,kodim17_37afcc89fbdc__awgn_30_seed-20260811,awgn,30,20260811,glcm_homogeneity,11,9.9489,8.9805,16.0705
kodim17.png,kodim17_37afcc89fbdc__awgn_30_seed-20260811,awgn,30,20260811,glcm_shared,11,10.2458,8.9742,12.2155
kodim17.png,kodim17_37afcc89fbdc__awgn_30_seed-20260811,awgn,30,20260811,luma_conversion,11,0.6917,0.6248,0.8671
kodim17.png,kodim17_37afcc89fbdc__awgn_30_seed-20260811,awgn,30,20260811,luma_sd,11,2.0324,1.5543,2.2298
kodim17.png,kodim17_37afcc89fbdc__awgn_30_seed-20260811,awgn,30,20260811,sobel_si,11,7.0433,5.6826,8.0662
kodim17.png,kodim17_37afcc89fbdc__awgn_5_seed-20260811,awgn,5,20260811,edge_fraction,11,10.5109,10.2606,11.3276
kodim17.png,kodim17_37afcc89fbdc__awgn_5_seed-20260811,awgn,5,20260811,full_pipeline,11,28.9335,28.4056,38.3134
kodim17.png,kodim17_37afcc89fbdc__awgn_5_seed-20260811,awgn,5,20260811,glcm_build,11,9.6865,9.4973,12.1535
kodim17.png,kodim17_37afcc89fbdc__awgn_5_seed-20260811,awgn,5,20260811,glcm_contrast,11,9.599,9.3122,10.2726
kodim17.png,kodim17_37afcc89fbdc__awgn_5_seed-20260811,awgn,5,20260811,glcm_entropy,11,9.6547,9.4371,11.061
kodim17.png,kodim17_37afcc89fbdc__awgn_5_seed-20260811,awgn,5,20260811,glcm_homogeneity,11,9.5812,9.3588,11.4705
kodim17.png,kodim17_37afcc89fbdc__awgn_5_seed-20260811,awgn,5,20260811,glcm_shared,11,9.7841,9.3932,12.5144
kodim17.png,kodim17_37afcc89fbdc__awgn_5_seed-20260811,awgn,5,20260811,luma_conversion,11,0.6245,0.5976,0.7827
kodim17.png,kodim17_37afcc89fbdc__awgn_5_seed-20260811,awgn,5,20260811,luma_sd,11,1.7173,1.5445,2.1591
kodim17.png,kodim17_37afcc89fbdc__awgn_5_seed-20260811,awgn,5,20260811,sobel_si,11,5.8258,5.5758,6.4624
kodim17.png,kodim17_37afcc89fbdc__clean_0,clean,0,,edge_fraction,11,10.5223,10.2996,12.5787
kodim17.png,kodim17_37afcc89fbdc__clean_0,clean,0,,full_pipeline,11,28.6131,28.0248,29.9675
kodim17.png,kodim17_37afcc89fbdc__clean_0,clean,0,,glcm_build,11,9.6672,9.335,10.3652
kodim17.png,kodim17_37afcc89fbdc__clean_0,clean,0,,glcm_contrast,11,9.7846,9.3991,12.1929
kodim17.png,kodim17_37afcc89fbdc__clean_0,clean,0,,glcm_entropy,11,9.7661,9.5707,10.5446
kodim17.png,kodim17_37afcc89fbdc__clean_0,clean,0,,glcm_homogeneity,11,9.8123,9.694,12.2124
kodim17.png,kodim17_37afcc89fbdc__clean_0,clean,0,,glcm_shared,11,9.6704,9.4338,9.9842
kodim17.png,kodim17_37afcc89fbdc__clean_0,clean,0,,luma_conversion,11,0.6231,0.6053,0.7819
kodim17.png,kodim17_37afcc89fbdc__clean_0,clean,0,,luma_sd,11,1.688,1.5698,2.1522
kodim17.png,kodim17_37afcc89fbdc__clean_0,clean,0,,sobel_si,11,5.8886,5.561,7.9785
kodim17.png,kodim17_37afcc89fbdc__stripes_16,stripes,16,,edge_fraction,11,10.6284,10.4254,11.0441
kodim17.png,kodim17_37afcc89fbdc__stripes_16,stripes,16,,full_pipeline,11,28.8958,28.3649,30.5928
kodim17.png,kodim17_37afcc89fbdc__stripes_16,stripes,16,,glcm_build,11,9.6359,9.4142,10.84
kodim17.png,kodim17_37afcc89fbdc__stripes_16,stripes,16,,glcm_contrast,11,9.6768,9.4307,10.7595
kodim17.png,kodim17_37afcc89fbdc__stripes_16,stripes,16,,glcm_entropy,11,9.7045,9.5274,10.1476
kodim17.png,kodim17_37afcc89fbdc__stripes_16,stripes,16,,glcm_homogeneity,11,9.7537,9.4653,10.1381
kodim17.png,kodim17_37afcc89fbdc__stripes_16,stripes,16,,glcm_shared,11,9.8902,9.7085,10.3614
kodim17.png,kodim17_37afcc89fbdc__stripes_16,stripes,16,,luma_conversion,11,0.6153,0.5972,0.6375
kodim17.png,kodim17_37afcc89fbdc__stripes_16,stripes,16,,luma_sd,11,1.7434,1.5327,1.9385
kodim17.png,kodim17_37afcc89fbdc__stripes_16,stripes,16,,sobel_si,11,5.7563,5.6371,6.0058
kodim17.png,kodim17_37afcc89fbdc__stripes_32,stripes,32,,edge_fraction,11,11.0399,10.2075,13.1341
kodim17.png,kodim17_37afcc89fbdc__stripes_32,stripes,32,,full_pipeline,11,29.3315,28.1798,42.0986
kodim17.png,kodim17_37afcc89fbdc__stripes_32,stripes,32,,glcm_build,11,10.0312,9.3901,13.6142
kodim17.png,kodim17_37afcc89fbdc__stripes_32,stripes,32,,glcm_contrast,11,10.2166,9.5407,11.7102
kodim17.png,kodim17_37afcc89fbdc__stripes_32,stripes,32,,glcm_entropy,11,10.0908,9.6701,13.6323
kodim17.png,kodim17_37afcc89fbdc__stripes_32,stripes,32,,glcm_homogeneity,11,10.2637,9.5046,18.7761
kodim17.png,kodim17_37afcc89fbdc__stripes_32,stripes,32,,glcm_shared,11,10.1104,9.7019,10.6244
kodim17.png,kodim17_37afcc89fbdc__stripes_32,stripes,32,,luma_conversion,11,0.6157,0.6017,0.8087
kodim17.png,kodim17_37afcc89fbdc__stripes_32,stripes,32,,luma_sd,11,1.7056,1.606,1.9288
kodim17.png,kodim17_37afcc89fbdc__stripes_32,stripes,32,,sobel_si,11,5.9704,5.5026,8.2551
kodim17.png,kodim17_37afcc89fbdc__stripes_8,stripes,8,,edge_fraction,11,11.1451,10.9062,16.9735
kodim17.png,kodim17_37afcc89fbdc__stripes_8,stripes,8,,full_pipeline,11,30.1679,29.5458,40.6369
kodim17.png,kodim17_37afcc89fbdc__stripes_8,stripes,8,,glcm_build,11,10.3827,10.0834,11.3841
kodim17.png,kodim17_37afcc89fbdc__stripes_8,stripes,8,,glcm_contrast,11,10.5007,9.981,13.0287
kodim17.png,kodim17_37afcc89fbdc__stripes_8,stripes,8,,glcm_entropy,11,10.317,9.9717,10.7699
kodim17.png,kodim17_37afcc89fbdc__stripes_8,stripes,8,,glcm_homogeneity,11,10.3464,10.0597,12.9645
kodim17.png,kodim17_37afcc89fbdc__stripes_8,stripes,8,,glcm_shared,11,10.3614,10.0741,16.3905
kodim17.png,kodim17_37afcc89fbdc__stripes_8,stripes,8,,luma_conversion,11,0.6455,0.6193,0.7181
kodim17.png,kodim17_37afcc89fbdc__stripes_8,stripes,8,,luma_sd,11,1.7612,1.5834,2.2892
kodim17.png,kodim17_37afcc89fbdc__stripes_8,stripes,8,,sobel_si,11,5.9758,5.7218,7.0455
kodim18.png,kodim18_1a9258c36598__awgn_15_seed-20260811,awgn,15,20260811,edge_fraction,11,10.944,10.7075,13.1285
kodim18.png,kodim18_1a9258c36598__awgn_15_seed-20260811,awgn,15,20260811,full_pipeline,11,29.0908,28.6859,37.582
kodim18.png,kodim18_1a9258c36598__awgn_15_seed-20260811,awgn,15,20260811,glcm_build,11,9.3596,9.2292,9.737
kodim18.png,kodim18_1a9258c36598__awgn_15_seed-20260811,awgn,15,20260811,glcm_contrast,11,9.5016,9.1711,10.458
kodim18.png,kodim18_1a9258c36598__awgn_15_seed-20260811,awgn,15,20260811,glcm_entropy,11,9.524,9.2579,10.1969
kodim18.png,kodim18_1a9258c36598__awgn_15_seed-20260811,awgn,15,20260811,glcm_homogeneity,11,9.5596,9.3045,14.1661
kodim18.png,kodim18_1a9258c36598__awgn_15_seed-20260811,awgn,15,20260811,glcm_shared,11,9.7437,9.287,9.965
kodim18.png,kodim18_1a9258c36598__awgn_15_seed-20260811,awgn,15,20260811,luma_conversion,11,0.64,0.604,0.7377
kodim18.png,kodim18_1a9258c36598__awgn_15_seed-20260811,awgn,15,20260811,luma_sd,11,1.6779,1.6041,1.8125
kodim18.png,kodim18_1a9258c36598__awgn_15_seed-20260811,awgn,15,20260811,sobel_si,11,6.0183,5.8582,6.147
kodim18.png,kodim18_1a9258c36598__awgn_30_seed-20260811,awgn,30,20260811,edge_fraction,11,11.1382,10.888,14.7181
kodim18.png,kodim18_1a9258c36598__awgn_30_seed-20260811,awgn,30,20260811,full_pipeline,11,29.125,28.9055,38.3778
kodim18.png,kodim18_1a9258c36598__awgn_30_seed-20260811,awgn,30,20260811,glcm_build,11,9.313,9.1201,11.5707
kodim18.png,kodim18_1a9258c36598__awgn_30_seed-20260811,awgn,30,20260811,glcm_contrast,11,9.4352,9.1392,9.6286
kodim18.png,kodim18_1a9258c36598__awgn_30_seed-20260811,awgn,30,20260811,glcm_entropy,11,9.574,9.2357,9.8391
kodim18.png,kodim18_1a9258c36598__awgn_30_seed-20260811,awgn,30,20260811,glcm_homogeneity,11,9.4635,9.1489,10.3073
kodim18.png,kodim18_1a9258c36598__awgn_30_seed-20260811,awgn,30,20260811,glcm_shared,11,9.3966,9.1169,9.7659
kodim18.png,kodim18_1a9258c36598__awgn_30_seed-20260811,awgn,30,20260811,luma_conversion,11,0.6262,0.6147,0.6589
kodim18.png,kodim18_1a9258c36598__awgn_30_seed-20260811,awgn,30,20260811,luma_sd,11,1.814,1.6161,2.1269
kodim18.png,kodim18_1a9258c36598__awgn_30_seed-20260811,awgn,30,20260811,sobel_si,11,6.0297,5.8653,9.9537
kodim18.png,kodim18_1a9258c36598__awgn_5_seed-20260811,awgn,5,20260811,edge_fraction,11,10.7952,10.355,11.2951
kodim18.png,kodim18_1a9258c36598__awgn_5_seed-20260811,awgn,5,20260811,full_pipeline,11,29.35,27.987,37.5111
kodim18.png,kodim18_1a9258c36598__awgn_5_seed-20260811,awgn,5,20260811,glcm_build,11,9.634,9.0542,10.7857
kodim18.png,kodim18_1a9258c36598__awgn_5_seed-20260811,awgn,5,20260811,glcm_contrast,11,9.6024,9.2115,10.1617
kodim18.png,kodim18_1a9258c36598__awgn_5_seed-20260811,awgn,5,20260811,glcm_entropy,11,9.7382,9.3426,10.2508
kodim18.png,kodim18_1a9258c36598__awgn_5_seed-20260811,awgn,5,20260811,glcm_homogeneity,11,9.598,9.011,10.006
kodim18.png,kodim18_1a9258c36598__awgn_5_seed-20260811,awgn,5,20260811,glcm_shared,11,9.6368,9.1607,9.9642
kodim18.png,kodim18_1a9258c36598__awgn_5_seed-20260811,awgn,5,20260811,luma_conversion,11,0.6262,0.5942,0.6965
kodim18.png,kodim18_1a9258c36598__awgn_5_seed-20260811,awgn,5,20260811,luma_sd,11,1.6672,1.5605,2.1633
kodim18.png,kodim18_1a9258c36598__awgn_5_seed-20260811,awgn,5,20260811,sobel_si,11,5.9036,5.5853,6.0759
kodim18.png,kodim18_1a9258c36598__clean_0,clean,0,,edge_fraction,11,10.9079,10.4029,11.1388
kodim18.png,kodim18_1a9258c36598__clean_0,clean,0,,full_pipeline,11,29.6825,28.0357,31.3128
kodim18.png,kodim18_1a9258c36598__clean_0,clean,0,,glcm_build,11,9.8356,9.4414,10.2761
kodim18.png,kodim18_1a9258c36598__clean_0,clean,0,,glcm_contrast,11,9.7797,9.3931,10.1078
kodim18.png,kodim18_1a9258c36598__clean_0,clean,0,,glcm_entropy,11,9.8648,9.2263,10.4108
kodim18.png,kodim18_1a9258c36598__clean_0,clean,0,,glcm_homogeneity,11,9.9661,9.5463,10.163
kodim18.png,kodim18_1a9258c36598__clean_0,clean,0,,glcm_shared,11,10.017,9.4484,10.7836
kodim18.png,kodim18_1a9258c36598__clean_0,clean,0,,luma_conversion,11,0.6342,0.6058,0.6823
kodim18.png,kodim18_1a9258c36598__clean_0,clean,0,,luma_sd,11,1.7306,1.6331,1.8959
kodim18.png,kodim18_1a9258c36598__clean_0,clean,0,,sobel_si,11,6.0788,5.9669,6.3622
kodim18.png,kodim18_1a9258c36598__stripes_16,stripes,16,,edge_fraction,11,10.9254,10.4078,11.4909
kodim18.png,kodim18_1a9258c36598__stripes_16,stripes,16,,full_pipeline,11,28.9408,28.1907,29.954
kodim18.png,kodim18_1a9258c36598__stripes_16,stripes,16,,glcm_build,11,9.4509,9.3245,9.9348
kodim18.png,kodim18_1a9258c36598__stripes_16,stripes,16,,glcm_contrast,11,9.7307,9.2752,10.4424
kodim18.png,kodim18_1a9258c36598__stripes_16,stripes,16,,glcm_entropy,11,9.6563,9.378,10.6745
kodim18.png,kodim18_1a9258c36598__stripes_16,stripes,16,,glcm_homogeneity,11,9.6211,9.3524,10.4233
kodim18.png,kodim18_1a9258c36598__stripes_16,stripes,16,,glcm_shared,11,9.6271,9.3252,10.2004
kodim18.png,kodim18_1a9258c36598__stripes_16,stripes,16,,luma_conversion,11,0.648,0.6013,0.726
kodim18.png,kodim18_1a9258c36598__stripes_16,stripes,16,,luma_sd,11,1.7319,1.5143,2.0125
kodim18.png,kodim18_1a9258c36598__stripes_16,stripes,16,,sobel_si,11,5.8836,5.6773,6.311
kodim18.png,kodim18_1a9258c36598__stripes_32,stripes,32,,edge_fraction,11,10.5164,10.3286,11.0282
kodim18.png,kodim18_1a9258c36598__stripes_32,stripes,32,,full_pipeline,11,28.4957,28.2321,29.4345
kodim18.png,kodim18_1a9258c36598__stripes_32,stripes,32,,glcm_build,11,9.4649,9.1723,9.6616
kodim18.png,kodim18_1a9258c36598__stripes_32,stripes,32,,glcm_contrast,11,9.3968,9.1894,10.1981
kodim18.png,kodim18_1a9258c36598__stripes_32,stripes,32,,glcm_entropy,11,9.4778,9.2757,9.95
kodim18.png,kodim18_1a9258c36598__stripes_32,stripes,32,,glcm_homogeneity,11,9.3946,9.2059,9.6312
kodim18.png,kodim18_1a9258c36598__stripes_32,stripes,32,,glcm_shared,11,9.397,9.2883,9.6652
kodim18.png,kodim18_1a9258c36598__stripes_32,stripes,32,,luma_conversion,11,0.6237,0.6153,0.7292
kodim18.png,kodim18_1a9258c36598__stripes_32,stripes,32,,luma_sd,11,1.6357,1.5537,1.7604
kodim18.png,kodim18_1a9258c36598__stripes_32,stripes,32,,sobel_si,11,5.8382,5.6749,5.9467
kodim18.png,kodim18_1a9258c36598__stripes_8,stripes,8,,edge_fraction,11,10.6038,10.2904,10.7277
kodim18.png,kodim18_1a9258c36598__stripes_8,stripes,8,,full_pipeline,11,28.3408,27.8676,29.0356
kodim18.png,kodim18_1a9258c36598__stripes_8,stripes,8,,glcm_build,11,9.3662,9.0506,9.7009
kodim18.png,kodim18_1a9258c36598__stripes_8,stripes,8,,glcm_contrast,11,9.3929,9.2078,10.296
kodim18.png,kodim18_1a9258c36598__stripes_8,stripes,8,,glcm_entropy,11,9.2937,9.1838,9.6887
kodim18.png,kodim18_1a9258c36598__stripes_8,stripes,8,,glcm_homogeneity,11,9.398,9.2226,9.6133
kodim18.png,kodim18_1a9258c36598__stripes_8,stripes,8,,glcm_shared,11,9.4357,9.2609,9.7465
kodim18.png,kodim18_1a9258c36598__stripes_8,stripes,8,,luma_conversion,11,0.6251,0.6006,0.6596
kodim18.png,kodim18_1a9258c36598__stripes_8,stripes,8,,luma_sd,11,1.6213,1.5225,1.959
kodim18.png,kodim18_1a9258c36598__stripes_8,stripes,8,,sobel_si,11,5.8577,5.6249,5.9594
kodim19.png,kodim19_b7450b264b1b__awgn_15_seed-20260811,awgn,15,20260811,edge_fraction,11,10.6601,10.5327,10.8458
kodim19.png,kodim19_b7450b264b1b__awgn_15_seed-20260811,awgn,15,20260811,full_pipeline,11,28.2671,28.0757,30.4935
kodim19.png,kodim19_b7450b264b1b__awgn_15_seed-20260811,awgn,15,20260811,glcm_build,11,9.0723,8.9807,9.5361
kodim19.png,kodim19_b7450b264b1b__awgn_15_seed-20260811,awgn,15,20260811,glcm_contrast,11,9.1098,8.9937,9.7567
kodim19.png,kodim19_b7450b264b1b__awgn_15_seed-20260811,awgn,15,20260811,glcm_entropy,11,9.1222,8.8339,9.6774
kodim19.png,kodim19_b7450b264b1b__awgn_15_seed-20260811,awgn,15,20260811,glcm_homogeneity,11,9.2316,8.9881,9.9094
kodim19.png,kodim19_b7450b264b1b__awgn_15_seed-20260811,awgn,15,20260811,glcm_shared,11,9.2171,9.049,10.0495
kodim19.png,kodim19_b7450b264b1b__awgn_15_seed-20260811,awgn,15,20260811,luma_conversion,11,0.6769,0.603,0.7456
kodim19.png,kodim19_b7450b264b1b__awgn_15_seed-20260811,awgn,15,20260811,luma_sd,11,1.5883,1.534,1.8016
kodim19.png,kodim19_b7450b264b1b__awgn_15_seed-20260811,awgn,15,20260811,sobel_si,11,5.948,5.7232,6.0863
kodim19.png,kodim19_b7450b264b1b__awgn_30_seed-20260811,awgn,30,20260811,edge_fraction,11,10.6299,10.3305,11.1078
kodim19.png,kodim19_b7450b264b1b__awgn_30_seed-20260811,awgn,30,20260811,full_pipeline,11,27.615,27.331,28.9294
kodim19.png,kodim19_b7450b264b1b__awgn_30_seed-20260811,awgn,30,20260811,glcm_build,11,8.6733,8.5255,8.8786
kodim19.png,kodim19_b7450b264b1b__awgn_30_seed-20260811,awgn,30,20260811,glcm_contrast,11,8.8794,8.5986,9.2497
kodim19.png,kodim19_b7450b264b1b__awgn_30_seed-20260811,awgn,30,20260811,glcm_entropy,11,8.8852,8.7389,9.087
kodim19.png,kodim19_b7450b264b1b__awgn_30_seed-20260811,awgn,30,20260811,glcm_homogeneity,11,8.8034,8.7231,9.0287
kodim19.png,kodim19_b7450b264b1b__awgn_30_seed-20260811,awgn,30,20260811,glcm_shared,11,8.8468,8.6586,9.0275
kodim19.png,kodim19_b7450b264b1b__awgn_30_seed-20260811,awgn,30,20260811,luma_conversion,11,0.6218,0.6039,0.7229
kodim19.png,kodim19_b7450b264b1b__awgn_30_seed-20260811,awgn,30,20260811,luma_sd,11,1.7377,1.5703,2.6029
kodim19.png,kodim19_b7450b264b1b__awgn_30_seed-20260811,awgn,30,20260811,sobel_si,11,5.7812,5.6121,6.1037
kodim19.png,kodim19_b7450b264b1b__awgn_5_seed-20260811,awgn,5,20260811,edge_fraction,11,10.4985,10.3137,10.7505
kodim19.png,kodim19_b7450b264b1b__awgn_5_seed-20260811,awgn,5,20260811,full_pipeline,11,28.5354,28.2258,28.9158
kodim19.png,kodim19_b7450b264b1b__awgn_5_seed-20260811,awgn,5,20260811,glcm_build,11,9.4539,9.2619,9.7012
kodim19.png,kodim19_b7450b264b1b__awgn_5_seed-20260811,awgn,5,20260811,glcm_contrast,11,9.4261,9.23,10.2136
kodim19.png,kodim19_b7450b264b1b__awgn_5_seed-20260811,awgn,5,20260811,glcm_entropy,11,9.4253,9.3458,9.7888
kodim19.png,kodim19_b7450b264b1b__awgn_5_seed-20260811,awgn,5,20260811,glcm_homogeneity,11,9.4711,9.3175,9.6883
kodim19.png,kodim19_b7450b264b1b__awgn_5_seed-20260811,awgn,5,20260811,glcm_shared,11,9.5643,9.3578,10.0192
kodim19.png,kodim19_b7450b264b1b__awgn_5_seed-20260811,awgn,5,20260811,luma_conversion,11,0.6287,0.602,0.7108
kodim19.png,kodim19_b7450b264b1b__awgn_5_seed-20260811,awgn,5,20260811,luma_sd,11,1.6446,1.5273,2.2072
kodim19.png,kodim19_b7450b264b1b__awgn_5_seed-20260811,awgn,5,20260811,sobel_si,11,5.8183,5.7013,6.2857
kodim19.png,kodim19_b7450b264b1b__clean_0,clean,0,,edge_fraction,11,10.38,10.0983,10.7924
kodim19.png,kodim19_b7450b264b1b__clean_0,clean,0,,full_pipeline,11,28.4986,27.8778,28.7692
kodim19.png,kodim19_b7450b264b1b__clean_0,clean,0,,glcm_build,11,9.477,9.3503,10.168
kodim19.png,kodim19_b7450b264b1b__clean_0,clean,0,,glcm_contrast,11,9.5305,9.4281,9.9673
kodim19.png,kodim19_b7450b264b1b__clean_0,clean,0,,glcm_entropy,11,9.5909,9.4081,10.4502
kodim19.png,kodim19_b7450b264b1b__clean_0,clean,0,,glcm_homogeneity,11,9.5855,9.4058,9.8028
kodim19.png,kodim19_b7450b264b1b__clean_0,clean,0,,glcm_shared,11,9.6032,9.3732,9.8117
kodim19.png,kodim19_b7450b264b1b__clean_0,clean,0,,luma_conversion,11,0.6106,0.607,0.7168
kodim19.png,kodim19_b7450b264b1b__clean_0,clean,0,,luma_sd,11,1.6248,1.5316,1.8417
kodim19.png,kodim19_b7450b264b1b__clean_0,clean,0,,sobel_si,11,5.7604,5.617,5.9432
kodim19.png,kodim19_b7450b264b1b__stripes_16,stripes,16,,edge_fraction,11,10.5409,10.3076,10.8357
kodim19.png,kodim19_b7450b264b1b__stripes_16,stripes,16,,full_pipeline,11,28.7745,28.3281,30.9442
kodim19.png,kodim19_b7450b264b1b__stripes_16,stripes,16,,glcm_build,11,9.5396,9.4334,10.9528
kodim19.png,kodim19_b7450b264b1b__stripes_16,stripes,16,,glcm_contrast,11,9.6649,9.4585,9.8617
kodim19.png,kodim19_b7450b264b1b__stripes_16,stripes,16,,glcm_entropy,11,9.6746,9.456,9.9911
kodim19.png,kodim19_b7450b264b1b__stripes_16,stripes,16,,glcm_homogeneity,11,9.6462,9.3969,10.2026
kodim19.png,kodim19_b7450b264b1b__stripes_16,stripes,16,,glcm_shared,11,9.7346,9.4446,11.2617
kodim19.png,kodim19_b7450b264b1b__stripes_16,stripes,16,,luma_conversion,11,0.6243,0.6,0.6693
kodim19.png,kodim19_b7450b264b1b__stripes_16,stripes,16,,luma_sd,11,1.5965,1.557,1.8146
kodim19.png,kodim19_b7450b264b1b__stripes_16,stripes,16,,sobel_si,11,5.8831,5.5717,6.069
kodim19.png,kodim19_b7450b264b1b__stripes_32,stripes,32,,edge_fraction,11,10.4991,10.3516,10.8765
kodim19.png,kodim19_b7450b264b1b__stripes_32,stripes,32,,full_pipeline,11,28.3708,27.9816,28.7359
kodim19.png,kodim19_b7450b264b1b__stripes_32,stripes,32,,glcm_build,11,9.3937,9.1364,9.6406
kodim19.png,kodim19_b7450b264b1b__stripes_32,stripes,32,,glcm_contrast,11,9.6226,9.3381,10.5193
kodim19.png,kodim19_b7450b264b1b__stripes_32,stripes,32,,glcm_entropy,11,9.6115,9.2842,10.1499
kodim19.png,kodim19_b7450b264b1b__stripes_32,stripes,32,,glcm_homogeneity,11,9.57,9.3515,10.4863
kodim19.png,kodim19_b7450b264b1b__stripes_32,stripes,32,,glcm_shared,11,9.5989,9.2833,10.1388
kodim19.png,kodim19_b7450b264b1b__stripes_32,stripes,32,,luma_conversion,11,0.6222,0.5994,0.7775
kodim19.png,kodim19_b7450b264b1b__stripes_32,stripes,32,,luma_sd,11,1.6306,1.5285,1.9141
kodim19.png,kodim19_b7450b264b1b__stripes_32,stripes,32,,sobel_si,11,5.8009,5.5557,5.9274
kodim19.png,kodim19_b7450b264b1b__stripes_8,stripes,8,,edge_fraction,11,10.4571,10.2203,12.6517
kodim19.png,kodim19_b7450b264b1b__stripes_8,stripes,8,,full_pipeline,11,28.35,28.0863,28.9102
kodim19.png,kodim19_b7450b264b1b__stripes_8,stripes,8,,glcm_build,11,9.5878,9.278,9.9048
kodim19.png,kodim19_b7450b264b1b__stripes_8,stripes,8,,glcm_contrast,11,9.638,9.3166,10.0119
kodim19.png,kodim19_b7450b264b1b__stripes_8,stripes,8,,glcm_entropy,11,9.5155,9.3565,9.993
kodim19.png,kodim19_b7450b264b1b__stripes_8,stripes,8,,glcm_homogeneity,11,9.5122,9.3104,10.0374
kodim19.png,kodim19_b7450b264b1b__stripes_8,stripes,8,,glcm_shared,11,9.6697,9.4411,9.9934
kodim19.png,kodim19_b7450b264b1b__stripes_8,stripes,8,,luma_conversion,11,0.6074,0.5877,0.6499
kodim19.png,kodim19_b7450b264b1b__stripes_8,stripes,8,,luma_sd,11,1.6367,1.5354,1.8769
kodim19.png,kodim19_b7450b264b1b__stripes_8,stripes,8,,sobel_si,11,5.7756,5.5525,6.0583
kodim20.png,kodim20_3b46c71e3b92__awgn_15_seed-20260811,awgn,15,20260811,edge_fraction,11,10.5004,10.191,11.0098
kodim20.png,kodim20_3b46c71e3b92__awgn_15_seed-20260811,awgn,15,20260811,full_pipeline,11,28.9324,28.4551,29.1685
kodim20.png,kodim20_3b46c71e3b92__awgn_15_seed-20260811,awgn,15,20260811,glcm_build,11,9.7125,9.5509,10.3772
kodim20.png,kodim20_3b46c71e3b92__awgn_15_seed-20260811,awgn,15,20260811,glcm_contrast,11,9.904,9.5952,11.1999
kodim20.png,kodim20_3b46c71e3b92__awgn_15_seed-20260811,awgn,15,20260811,glcm_entropy,11,9.8569,9.6277,10.0559
kodim20.png,kodim20_3b46c71e3b92__awgn_15_seed-20260811,awgn,15,20260811,glcm_homogeneity,11,9.7643,9.5156,11.1716
kodim20.png,kodim20_3b46c71e3b92__awgn_15_seed-20260811,awgn,15,20260811,glcm_shared,11,9.8579,9.6624,10.1243
kodim20.png,kodim20_3b46c71e3b92__awgn_15_seed-20260811,awgn,15,20260811,luma_conversion,11,0.6142,0.5873,0.7142
kodim20.png,kodim20_3b46c71e3b92__awgn_15_seed-20260811,awgn,15,20260811,luma_sd,11,1.6092,1.536,1.8745
kodim20.png,kodim20_3b46c71e3b92__awgn_15_seed-20260811,awgn,15,20260811,sobel_si,11,5.7485,5.53,5.9521
kodim20.png,kodim20_3b46c71e3b92__awgn_30_seed-20260811,awgn,30,20260811,edge_fraction,11,10.4583,10.1861,10.6777
kodim20.png,kodim20_3b46c71e3b92__awgn_30_seed-20260811,awgn,30,20260811,full_pipeline,11,28.1921,27.8693,28.5441
kodim20.png,kodim20_3b46c71e3b92__awgn_30_seed-20260811,awgn,30,20260811,glcm_build,11,9.2776,9.0525,10.154
kodim20.png,kodim20_3b46c71e3b92__awgn_30_seed-20260811,awgn,30,20260811,glcm_contrast,11,9.4115,9.1576,9.7391
kodim20.png,kodim20_3b46c71e3b92__awgn_30_seed-20260811,awgn,30,20260811,glcm_entropy,11,9.3641,9.163,9.9332
kodim20.png,kodim20_3b46c71e3b92__awgn_30_seed-20260811,awgn,30,20260811,glcm_homogeneity,11,9.31,9.1995,10.0772
kodim20.png,kodim20_3b46c71e3b92__awgn_30_seed-20260811,awgn,30,20260811,glcm_shared,11,9.4,9.0998,9.7095
kodim20.png,kodim20_3b46c71e3b92__awgn_30_seed-20260811,awgn,30,20260811,luma_conversion,11,0.6039,0.5964,0.7341
kodim20.png,kodim20_3b46c71e3b92__awgn_30_seed-20260811,awgn,30,20260811,luma_sd,11,1.6367,1.5443,1.9308
kodim20.png,kodim20_3b46c71e3b92__awgn_30_seed-20260811,awgn,30,20260811,sobel_si,11,5.7604,5.6401,6.445
kodim20.png,kodim20_3b46c71e3b92__awgn_5_seed-20260811,awgn,5,20260811,edge_fraction,11,10.3448,10.1781,15.0844
kodim20.png,kodim20_3b46c71e3b92__awgn_5_seed-20260811,awgn,5,20260811,full_pipeline,11,28.9734,28.6621,36.8208
kodim20.png,kodim20_3b46c71e3b92__awgn_5_seed-20260811,awgn,5,20260811,glcm_build,11,10.1416,9.9346,10.2879
kodim20.png,kodim20_3b46c71e3b92__awgn_5_seed-20260811,awgn,5,20260811,glcm_contrast,11,10.0846,9.9429,10.5842
kodim20.png,kodim20_3b46c71e3b92__awgn_5_seed-20260811,awgn,5,20260811,glcm_entropy,11,10.2652,9.9256,11.0135
kodim20.png,kodim20_3b46c71e3b92__awgn_5_seed-20260811,awgn,5,20260811,glcm_homogeneity,11,10.0833,9.9126,10.3941
kodim20.png,kodim20_3b46c71e3b92__awgn_5_seed-20260811,awgn,5,20260811,glcm_shared,11,10.2193,9.8695,11.9647
kodim20.png,kodim20_3b46c71e3b92__awgn_5_seed-20260811,awgn,5,20260811,luma_conversion,11,0.618,0.5978,0.7415
kodim20.png,kodim20_3b46c71e3b92__awgn_5_seed-20260811,awgn,5,20260811,luma_sd,11,1.6107,1.5735,1.8352
kodim20.png,kodim20_3b46c71e3b92__awgn_5_seed-20260811,awgn,5,20260811,sobel_si,11,5.6651,5.5256,5.9714
kodim20.png,kodim20_3b46c71e3b92__clean_0,clean,0,,edge_fraction,11,10.503,10.3984,10.8269
kodim20.png,kodim20_3b46c71e3b92__clean_0,clean,0,,full_pipeline,11,28.9388,28.7421,30.1078
kodim20.png,kodim20_3b46c71e3b92__clean_0,clean,0,,glcm_build,11,10.1324,9.7706,11.1125
kodim20.png,kodim20_3b46c71e3b92__clean_0,clean,0,,glcm_contrast,11,10.1672,9.8944,10.9893
kodim20.png,kodim20_3b46c71e3b92__clean_0,clean,0,,glcm_entropy,11,10.2547,9.9129,10.7569
kodim20.png,kodim20_3b46c71e3b92__clean_0,clean,0,,glcm_homogeneity,11,10.3092,10.0274,10.8545
kodim20.png,kodim20_3b46c71e3b92__clean_0,clean,0,,glcm_shared,11,10.2886,9.9514,10.6915
kodim20.png,kodim20_3b46c71e3b92__clean_0,clean,0,,luma_conversion,11,0.6133,0.595,0.7426
kodim20.png,kodim20_3b46c71e3b92__clean_0,clean,0,,luma_sd,11,1.6682,1.5543,1.8747
kodim20.png,kodim20_3b46c71e3b92__clean_0,clean,0,,sobel_si,11,5.9761,5.629,6.6475
kodim20.png,kodim20_3b46c71e3b92__stripes_16,stripes,16,,edge_fraction,11,10.5943,10.406,10.8361
kodim20.png,kodim20_3b46c71e3b92__stripes_16,stripes,16,,full_pipeline,11,29.2021,29.0236,29.9655
kodim20.png,kodim20_3b46c71e3b92__stripes_16,stripes,16,,glcm_build,11,10.0016,9.8759,10.8604
kodim20.png,kodim20_3b46c71e3b92__stripes_16,stripes,16,,glcm_contrast,11,10.1298,9.9951,10.477
kodim20.png,kodim20_3b46c71e3b92__stripes_16,stripes,16,,glcm_entropy,11,10.298,9.9385,11.2355
kodim20.png,kodim20_3b46c71e3b92__stripes_16,stripes,16,,glcm_homogeneity,11,10.2477,9.9089,10.7256
kodim20.png,kodim20_3b46c71e3b92__stripes_16,stripes,16,,glcm_shared,11,10.1101,9.9976,10.3575
kodim20.png,kodim20_3b46c71e3b92__stripes_16,stripes,16,,luma_conversion,11,0.6182,0.5771,0.6698
kodim20.png,kodim20_3b46c71e3b92__stripes_16,stripes,16,,luma_sd,11,1.6848,1.5564,1.8959
kodim20.png,kodim20_3b46c71e3b92__stripes_16,stripes,16,,sobel_si,11,5.8118,5.6548,5.9922
kodim20.png,kodim20_3b46c71e3b92__stripes_32,stripes,32,,edge_fraction,11,10.5741,10.2359,12.0503
kodim20.png,kodim20_3b46c71e3b92__stripes_32,stripes,32,,full_pipeline,11,29.3052,28.732,31.9328
kodim20.png,kodim20_3b46c71e3b92__stripes_32,stripes,32,,glcm_build,11,10.1571,9.8639,15.087
kodim20.png,kodim20_3b46c71e3b92__stripes_32,stripes,32,,glcm_contrast,11,10.1806,9.9083,13.0835
kodim20.png,kodim20_3b46c71e3b92__stripes_32,stripes,32,,glcm_entropy,11,10.2216,9.9136,12.0409
kodim20.png,kodim20_3b46c71e3b92__stripes_32,stripes,32,,glcm_homogeneity,11,10.181,9.8132,10.9767
kodim20.png,kodim20_3b46c71e3b92__stripes_32,stripes,32,,glcm_shared,11,10.1874,10.0015,10.6181
kodim20.png,kodim20_3b46c71e3b92__stripes_32,stripes,32,,luma_conversion,11,0.6136,0.5978,0.7316
kodim20.png,kodim20_3b46c71e3b92__stripes_32,stripes,32,,luma_sd,11,1.6126,1.504,2.0605
kodim20.png,kodim20_3b46c71e3b92__stripes_32,stripes,32,,sobel_si,11,5.8326,5.5157,7.7917
kodim20.png,kodim20_3b46c71e3b92__stripes_8,stripes,8,,edge_fraction,11,11.1414,10.6828,14.8213
kodim20.png,kodim20_3b46c71e3b92__stripes_8,stripes,8,,full_pipeline,11,30.5308,30.0593,36.8851
kodim20.png,kodim20_3b46c71e3b92__stripes_8,stripes,8,,glcm_build,11,10.7611,10.305,17.2574
kodim20.png,kodim20_3b46c71e3b92__stripes_8,stripes,8,,glcm_contrast,11,10.7485,10.4579,10.9827
kodim20.png,kodim20_3b46c71e3b92__stripes_8,stripes,8,,glcm_entropy,11,10.9445,10.5045,11.2909
kodim20.png,kodim20_3b46c71e3b92__stripes_8,stripes,8,,glcm_homogeneity,11,10.8161,10.4801,11.358
kodim20.png,kodim20_3b46c71e3b92__stripes_8,stripes,8,,glcm_shared,11,10.8769,10.4523,11.3627
kodim20.png,kodim20_3b46c71e3b92__stripes_8,stripes,8,,luma_conversion,11,0.6291,0.6067,0.7877
kodim20.png,kodim20_3b46c71e3b92__stripes_8,stripes,8,,luma_sd,11,1.8351,1.5792,2.0601
kodim20.png,kodim20_3b46c71e3b92__stripes_8,stripes,8,,sobel_si,11,6.1346,5.8184,6.2788
kodim21.png,kodim21_ac958597c820__awgn_15_seed-20260811,awgn,15,20260811,edge_fraction,11,11.2265,10.8605,13.5068
kodim21.png,kodim21_ac958597c820__awgn_15_seed-20260811,awgn,15,20260811,full_pipeline,11,29.7611,29.2312,42.4669
kodim21.png,kodim21_ac958597c820__awgn_15_seed-20260811,awgn,15,20260811,glcm_build,11,9.8538,9.4725,14.001
kodim21.png,kodim21_ac958597c820__awgn_15_seed-20260811,awgn,15,20260811,glcm_contrast,11,9.8488,9.3908,11.5985
kodim21.png,kodim21_ac958597c820__awgn_15_seed-20260811,awgn,15,20260811,glcm_entropy,11,9.9725,9.5393,12.444
kodim21.png,kodim21_ac958597c820__awgn_15_seed-20260811,awgn,15,20260811,glcm_homogeneity,11,9.7017,9.5221,12.8461
kodim21.png,kodim21_ac958597c820__awgn_15_seed-20260811,awgn,15,20260811,glcm_shared,11,10.173,9.5782,11.7579
kodim21.png,kodim21_ac958597c820__awgn_15_seed-20260811,awgn,15,20260811,luma_conversion,11,0.6562,0.6125,0.8347
kodim21.png,kodim21_ac958597c820__awgn_15_seed-20260811,awgn,15,20260811,luma_sd,11,1.7065,1.6603,2.2017
kodim21.png,kodim21_ac958597c820__awgn_15_seed-20260811,awgn,15,20260811,sobel_si,11,6.087,5.9518,7.8947
kodim21.png,kodim21_ac958597c820__awgn_30_seed-20260811,awgn,30,20260811,edge_fraction,11,11.9165,11.0363,16.8313
kodim21.png,kodim21_ac958597c820__awgn_30_seed-20260811,awgn,30,20260811,full_pipeline,11,30.2781,28.9288,38.7333
kodim21.png,kodim21_ac958597c820__awgn_30_seed-20260811,awgn,30,20260811,glcm_build,11,9.7047,9.4857,11.9654
kodim21.png,kodim21_ac958597c820__awgn_30_seed-20260811,awgn,30,20260811,glcm_contrast,11,9.8299,9.2533,14.2419
kodim21.png,kodim21_ac958597c820__awgn_30_seed-20260811,awgn,30,20260811,glcm_entropy,11,10.1719,9.314,13.7804
kodim21.png,kodim21_ac958597c820__awgn_30_seed-20260811,awgn,30,20260811,glcm_homogeneity,11,9.8756,9.3536,13.2991
kodim21.png,kodim21_ac958597c820__awgn_30_seed-20260811,awgn,30,20260811,glcm_shared,11,10.1477,9.3738,12.3444
kodim21.png,kodim21_ac958597c820__awgn_30_seed-20260811,awgn,30,20260811,luma_conversion,11,0.6446,0.6105,0.7469
kodim21.png,kodim21_ac958597c820__awgn_30_seed-20260811,awgn,30,20260811,luma_sd,11,1.886,1.7042,2.3929
kodim21.png,kodim21_ac958597c820__awgn_30_seed-20260811,awgn,30,20260811,sobel_si,11,6.2959,6.0361,8.8969
kodim21.png,kodim21_ac958597c820__awgn_5_seed-20260811,awgn,5,20260811,edge_fraction,11,10.5689,10.105,13.4594
kodim21.png,kodim21_ac958597c820__awgn_5_seed-20260811,awgn,5,20260811,full_pipeline,11,28.5372,28.0274,29.2549
kodim21.png,kodim21_ac958597c820__awgn_5_seed-20260811,awgn,5,20260811,glcm_build,11,9.6207,9.3163,14.9217
kodim21.png,kodim21_ac958597c820__awgn_5_seed-20260811,awgn,5,20260811,glcm_contrast,11,9.6446,9.3243,16.6168
kodim21.png,kodim21_ac958597c820__awgn_5_seed-20260811,awgn,5,20260811,glcm_entropy,11,9.6081,9.4086,9.8318
kodim21.png,kodim21_ac958597c820__awgn_5_seed-20260811,awgn,5,20260811,glcm_homogeneity,11,9.6091,9.3133,10.3591
kodim21.png,kodim21_ac958597c820__awgn_5_seed-20260811,awgn,5,20260811,glcm_shared,11,9.5179,9.3423,10.0682
kodim21.png,kodim21_ac958597c820__awgn_5_seed-20260811,awgn,5,20260811,luma_conversion,11,0.623,0.6072,0.6901
kodim21.png,kodim21_ac958597c820__awgn_5_seed-20260811,awgn,5,20260811,luma_sd,11,1.7095,1.5505,1.8978
kodim21.png,kodim21_ac958597c820__awgn_5_seed-20260811,awgn,5,20260811,sobel_si,11,5.7739,5.55,6.2261
kodim21.png,kodim21_ac958597c820__clean_0,clean,0,,edge_fraction,11,10.3875,10.2407,10.6374
kodim21.png,kodim21_ac958597c820__clean_0,clean,0,,full_pipeline,11,28.5524,28.2994,29.9437
kodim21.png,kodim21_ac958597c820__clean_0,clean,0,,glcm_build,11,9.7644,9.5256,10.002
kodim21.png,kodim21_ac958597c820__clean_0,clean,0,,glcm_contrast,11,9.731,9.616,10.2809
kodim21.png,kodim21_ac958597c820__clean_0,clean,0,,glcm_entropy,11,9.8302,9.5822,10.1219
kodim21.png,kodim21_ac958597c820__clean_0,clean,0,,glcm_homogeneity,11,9.7881,9.5441,10.0974
kodim21.png,kodim21_ac958597c820__clean_0,clean,0,,glcm_shared,11,9.8863,9.7767,10.0163
kodim21.png,kodim21_ac958597c820__clean_0,clean,0,,luma_conversion,11,0.6171,0.6139,0.678
kodim21.png,kodim21_ac958597c820__clean_0,clean,0,,luma_sd,11,1.6795,1.4934,1.8698
kodim21.png,kodim21_ac958597c820__clean_0,clean,0,,sobel_si,11,5.7773,5.6778,6.2202
kodim21.png,kodim21_ac958597c820__stripes_16,stripes,16,,edge_fraction,11,10.4693,10.1317,10.9961
kodim21.png,kodim21_ac958597c820__stripes_16,stripes,16,,full_pipeline,11,28.6516,28.5169,29.8023
kodim21.png,kodim21_ac958597c820__stripes_16,stripes,16,,glcm_build,11,9.6929,9.5077,9.9127
kodim21.png,kodim21_ac958597c820__stripes_16,stripes,16,,glcm_contrast,11,9.8452,9.6048,12.454
kodim21.png,kodim21_ac958597c820__stripes_16,stripes,16,,glcm_entropy,11,9.7569,9.5178,10.067
kodim21.png,kodim21_ac958597c820__stripes_16,stripes,16,,glcm_homogeneity,11,9.8079,9.5201,10.2868
kodim21.png,kodim21_ac958597c820__stripes_16,stripes,16,,glcm_shared,11,9.9766,9.5808,12.4579
kodim21.png,kodim21_ac958597c820__stripes_16,stripes,16,,luma_conversion,11,0.6315,0.6065,0.7755
kodim21.png,kodim21_ac958597c820__stripes_16,stripes,16,,luma_sd,11,1.6725,1.5077,2.0484
kodim21.png,kodim21_ac958597c820__stripes_16,stripes,16,,sobel_si,11,5.7522,5.5379,7.9812
kodim21.png,kodim21_ac958597c820__stripes_32,stripes,32,,edge_fraction,11,10.3657,10.1732,10.7134
kodim21.png,kodim21_ac958597c820__stripes_32,stripes,32,,full_pipeline,11,28.8151,28.2967,29.8889
kodim21.png,kodim21_ac958597c820__stripes_32,stripes,32,,glcm_build,11,9.7942,9.5235,10.1315
kodim21.png,kodim21_ac958597c820__stripes_32,stripes,32,,glcm_contrast,11,9.7785,9.5556,10.0385
kodim21.png,kodim21_ac958597c820__stripes_32,stripes,32,,glcm_entropy,11,9.7872,9.4789,10.6251
kodim21.png,kodim21_ac958597c820__stripes_32,stripes,32,,glcm_homogeneity,11,9.8474,9.5841,11.0041
kodim21.png,kodim21_ac958597c820__stripes_32,stripes,32,,glcm_shared,11,9.8519,9.5876,11.0787
kodim21.png,kodim21_ac958597c820__stripes_32,stripes,32,,luma_conversion,11,0.6285,0.6026,0.7907
kodim21.png,kodim21_ac958597c820__stripes_32,stripes,32,,luma_sd,11,1.6919,1.5469,2.0574
kodim21.png,kodim21_ac958597c820__stripes_32,stripes,32,,sobel_si,11,5.7693,5.5537,6.1064
kodim21.png,kodim21_ac958597c820__stripes_8,stripes,8,,edge_fraction,11,10.4604,9.9842,10.6683
kodim21.png,kodim21_ac958597c820__stripes_8,stripes,8,,full_pipeline,11,28.73,28.2578,30.0085
kodim21.png,kodim21_ac958597c820__stripes_8,stripes,8,,glcm_build,11,9.7226,9.617,10.1516
kodim21.png,kodim21_ac958597c820__stripes_8,stripes,8,,glcm_contrast,11,9.8728,9.5423,10.9933
kodim21.png,kodim21_ac958597c820__stripes_8,stripes,8,,glcm_entropy,11,9.966,9.5402,10.2174
kodim21.png,kodim21_ac958597c820__stripes_8,stripes,8,,glcm_homogeneity,11,9.7914,9.5759,9.9951
kodim21.png,kodim21_ac958597c820__stripes_8,stripes,8,,glcm_shared,11,9.7904,9.6435,10.4687
kodim21.png,kodim21_ac958597c820__stripes_8,stripes,8,,luma_conversion,11,0.6482,0.6135,0.7616
kodim21.png,kodim21_ac958597c820__stripes_8,stripes,8,,luma_sd,11,1.6074,1.54,1.8006
kodim21.png,kodim21_ac958597c820__stripes_8,stripes,8,,sobel_si,11,5.8061,5.5369,6.1966
kodim22.png,kodim22_1cee58eb1f2d__awgn_15_seed-20260811,awgn,15,20260811,edge_fraction,11,10.3825,10.1792,12.0565
kodim22.png,kodim22_1cee58eb1f2d__awgn_15_seed-20260811,awgn,15,20260811,full_pipeline,11,28.1192,27.5988,29.8367
kodim22.png,kodim22_1cee58eb1f2d__awgn_15_seed-20260811,awgn,15,20260811,glcm_build,11,8.9761,8.8607,9.3763
kodim22.png,kodim22_1cee58eb1f2d__awgn_15_seed-20260811,awgn,15,20260811,glcm_contrast,11,9.0892,8.9177,11.3401
kodim22.png,kodim22_1cee58eb1f2d__awgn_15_seed-20260811,awgn,15,20260811,glcm_entropy,11,9.0156,8.7953,10.9859
kodim22.png,kodim22_1cee58eb1f2d__awgn_15_seed-20260811,awgn,15,20260811,glcm_homogeneity,11,9.0671,8.8282,9.2299
kodim22.png,kodim22_1cee58eb1f2d__awgn_15_seed-20260811,awgn,15,20260811,glcm_shared,11,9.1796,8.8646,10.5084
kodim22.png,kodim22_1cee58eb1f2d__awgn_15_seed-20260811,awgn,15,20260811,luma_conversion,11,0.6331,0.6019,0.8535
kodim22.png,kodim22_1cee58eb1f2d__awgn_15_seed-20260811,awgn,15,20260811,luma_sd,11,1.7218,1.5336,1.9053
kodim22.png,kodim22_1cee58eb1f2d__awgn_15_seed-20260811,awgn,15,20260811,sobel_si,11,5.8496,5.5658,7.624
kodim22.png,kodim22_1cee58eb1f2d__awgn_30_seed-20260811,awgn,30,20260811,edge_fraction,11,10.5831,10.1253,10.7472
kodim22.png,kodim22_1cee58eb1f2d__awgn_30_seed-20260811,awgn,30,20260811,full_pipeline,11,27.5343,27.3642,29.7858
kodim22.png,kodim22_1cee58eb1f2d__awgn_30_seed-20260811,awgn,30,20260811,glcm_build,11,8.698,8.5431,9.3318
kodim22.png,kodim22_1cee58eb1f2d__awgn_30_seed-20260811,awgn,30,20260811,glcm_contrast,11,8.7518,8.6086,9.0096
kodim22.png,kodim22_1cee58eb1f2d__awgn_30_seed-20260811,awgn,30,20260811,glcm_entropy,11,8.8569,8.5819,9.1658
kodim22.png,kodim22_1cee58eb1f2d__awgn_30_seed-20260811,awgn,30,20260811,glcm_homogeneity,11,8.7751,8.6355,9.4021
kodim22.png,kodim22_1cee58eb1f2d__awgn_30_seed-20260811,awgn,30,20260811,glcm_shared,11,8.7259,8.6401,9.0598
kodim22.png,kodim22_1cee58eb1f2d__awgn_30_seed-20260811,awgn,30,20260811,luma_conversion,11,0.6215,0.614,0.7344
kodim22.png,kodim22_1cee58eb1f2d__awgn_30_seed-20260811,awgn,30,20260811,luma_sd,11,1.5992,1.5292,1.9703
kodim22.png,kodim22_1cee58eb1f2d__awgn_30_seed-20260811,awgn,30,20260811,sobel_si,11,5.7157,5.531,5.9079
kodim22.png,kodim22_1cee58eb1f2d__awgn_5_seed-20260811,awgn,5,20260811,edge_fraction,11,10.4019,10.1355,11.2003
kodim22.png,kodim22_1cee58eb1f2d__awgn_5_seed-20260811,awgn,5,20260811,full_pipeline,11,28.4339,28.1778,29.4789
kodim22.png,kodim22_1cee58eb1f2d__awgn_5_seed-20260811,awgn,5,20260811,glcm_build,11,9.5221,9.2969,10.086
kodim22.png,kodim22_1cee58eb1f2d__awgn_5_seed-20260811,awgn,5,20260811,glcm_contrast,11,9.612,9.4528,9.8578
kodim22.png,kodim22_1cee58eb1f2d__awgn_5_seed-20260811,awgn,5,20260811,glcm_entropy,11,9.5234,9.2522,11.5583
kodim22.png,kodim22_1cee58eb1f2d__awgn_5_seed-20260811,awgn,5,20260811,glcm_homogeneity,11,9.6846,9.3491,10.7127
kodim22.png,kodim22_1cee58eb1f2d__awgn_5_seed-20260811,awgn,5,20260811,glcm_shared,11,9.5675,9.3275,9.6779
kodim22.png,kodim22_1cee58eb1f2d__awgn_5_seed-20260811,awgn,5,20260811,luma_conversion,11,0.6205,0.6019,0.6861
kodim22.png,kodim22_1cee58eb1f2d__awgn_5_seed-20260811,awgn,5,20260811,luma_sd,11,1.7133,1.5567,1.8125
kodim22.png,kodim22_1cee58eb1f2d__awgn_5_seed-20260811,awgn,5,20260811,sobel_si,11,5.7087,5.6312,5.8635
kodim22.png,kodim22_1cee58eb1f2d__clean_0,clean,0,,edge_fraction,11,10.3765,10.1723,11.135
kodim22.png,kodim22_1cee58eb1f2d__clean_0,clean,0,,full_pipeline,11,28.5516,28.2729,32.2207
kodim22.png,kodim22_1cee58eb1f2d__clean_0,clean,0,,glcm_build,11,9.6597,9.3903,9.986
kodim22.png,kodim22_1cee58eb1f2d__clean_0,clean,0,,glcm_contrast,11,9.6326,9.4496,10.1858
kodim22.png,kodim22_1cee58eb1f2d__clean_0,clean,0,,glcm_entropy,11,9.6144,9.4664,11.3261
kodim22.png,kodim22_1cee58eb1f2d__clean_0,clean,0,,glcm_homogeneity,11,9.6519,9.4262,9.939
kodim22.png,kodim22_1cee58eb1f2d__clean_0,clean,0,,glcm_shared,11,9.7019,9.4911,10.0741
kodim22.png,kodim22_1cee58eb1f2d__clean_0,clean,0,,luma_conversion,11,0.6218,0.5998,0.7309
kodim22.png,kodim22_1cee58eb1f2d__clean_0,clean,0,,luma_sd,11,1.7182,1.5427,1.8445
kodim22.png,kodim22_1cee58eb1f2d__clean_0,clean,0,,sobel_si,11,5.7105,5.5055,6.4447
kodim22.png,kodim22_1cee58eb1f2d__stripes_16,stripes,16,,edge_fraction,11,10.4772,10.2387,11.9277
kodim22.png,kodim22_1cee58eb1f2d__stripes_16,stripes,16,,full_pipeline,11,28.4103,28.0447,35.9188
kodim22.png,kodim22_1cee58eb1f2d__stripes_16,stripes,16,,glcm_build,11,9.4754,9.3765,12.106
kodim22.png,kodim22_1cee58eb1f2d__stripes_16,stripes,16,,glcm_contrast,11,9.6054,9.5095,10.4059
kodim22.png,kodim22_1cee58eb1f2d__stripes_16,stripes,16,,glcm_entropy,11,9.7254,9.5364,13.5512
kodim22.png,kodim22_1cee58eb1f2d__stripes_16,stripes,16,,glcm_homogeneity,11,9.6758,9.4991,12.3407
kodim22.png,kodim22_1cee58eb1f2d__stripes_16,stripes,16,,glcm_shared,11,9.6148,9.3828,9.8938
kodim22.png,kodim22_1cee58eb1f2d__stripes_16,stripes,16,,luma_conversion,11,0.6196,0.5944,0.8412
kodim22.png,kodim22_1cee58eb1f2d__stripes_16,stripes,16,,luma_sd,11,1.6221,1.5275,1.8034
kodim22.png,kodim22_1cee58eb1f2d__stripes_16,stripes,16,,sobel_si,11,5.7019,5.4813,6.0378
kodim22.png,kodim22_1cee58eb1f2d__stripes_32,stripes,32,,edge_fraction,11,10.5995,10.2351,11.1088
kodim22.png,kodim22_1cee58eb1f2d__stripes_32,stripes,32,,full_pipeline,11,28.5752,28.2854,29.0375
kodim22.png,kodim22_1cee58eb1f2d__stripes_32,stripes,32,,glcm_build,11,9.6999,9.3972,10.1913
kodim22.png,kodim22_1cee58eb1f2d__stripes_32,stripes,32,,glcm_contrast,11,9.68,9.4173,9.9743
kodim22.png,kodim22_1cee58eb1f2d__stripes_32,stripes,32,,glcm_entropy,11,9.7024,9.3652,10.0368
kodim22.png,kodim22_1cee58eb1f2d__stripes_32,stripes,32,,glcm_homogeneity,11,9.6978,9.4745,10.0772
kodim22.png,kodim22_1cee58eb1f2d__stripes_32,stripes,32,,glcm_shared,11,9.6839,9.5284,10.1183
kodim22.png,kodim22_1cee58eb1f2d__stripes_32,stripes,32,,luma_conversion,11,0.6169,0.6108,0.7715
kodim22.png,kodim22_1cee58eb1f2d__stripes_32,stripes,32,,luma_sd,11,1.5823,1.5486,1.773
kodim22.png,kodim22_1cee58eb1f2d__stripes_32,stripes,32,,sobel_si,11,5.7045,5.6066,6.6002
kodim22.png,kodim22_1cee58eb1f2d__stripes_8,stripes,8,,edge_fraction,11,10.5027,10.3098,11.2078
kodim22.png,kodim22_1cee58eb1f2d__stripes_8,stripes,8,,full_pipeline,11,28.5103,28.2019,29.7885
kodim22.png,kodim22_1cee58eb1f2d__stripes_8,stripes,8,,glcm_build,11,9.6541,9.4558,10.4065
kodim22.png,kodim22_1cee58eb1f2d__stripes_8,stripes,8,,glcm_contrast,11,9.69,9.4176,10.0861
kodim22.png,kodim22_1cee58eb1f2d__stripes_8,stripes,8,,glcm_entropy,11,9.7449,9.4947,10.4948
kodim22.png,kodim22_1cee58eb1f2d__stripes_8,stripes,8,,glcm_homogeneity,11,9.6035,9.4645,10.5269
kodim22.png,kodim22_1cee58eb1f2d__stripes_8,stripes,8,,glcm_shared,11,9.7191,9.4511,9.8554
kodim22.png,kodim22_1cee58eb1f2d__stripes_8,stripes,8,,luma_conversion,11,0.6216,0.6097,0.7883
kodim22.png,kodim22_1cee58eb1f2d__stripes_8,stripes,8,,luma_sd,11,1.7725,1.5214,1.8632
kodim22.png,kodim22_1cee58eb1f2d__stripes_8,stripes,8,,sobel_si,11,5.6434,5.5375,5.9218
kodim23.png,kodim23_e3111a2fd4da__awgn_15_seed-20260811,awgn,15,20260811,edge_fraction,11,10.4691,10.1892,10.6254
kodim23.png,kodim23_e3111a2fd4da__awgn_15_seed-20260811,awgn,15,20260811,full_pipeline,11,27.8548,27.3943,36.3189
kodim23.png,kodim23_e3111a2fd4da__awgn_15_seed-20260811,awgn,15,20260811,glcm_build,11,8.9784,8.8009,9.3794
kodim23.png,kodim23_e3111a2fd4da__awgn_15_seed-20260811,awgn,15,20260811,glcm_contrast,11,9.1735,8.7781,12.9819
kodim23.png,kodim23_e3111a2fd4da__awgn_15_seed-20260811,awgn,15,20260811,glcm_entropy,11,9.1693,8.9399,9.3904
kodim23.png,kodim23_e3111a2fd4da__awgn_15_seed-20260811,awgn,15,20260811,glcm_homogeneity,11,9.2004,8.9663,9.7651
kodim23.png,kodim23_e3111a2fd4da__awgn_15_seed-20260811,awgn,15,20260811,glcm_shared,11,9.141,8.8264,12.8569
kodim23.png,kodim23_e3111a2fd4da__awgn_15_seed-20260811,awgn,15,20260811,luma_conversion,11,0.6248,0.6096,0.7139
kodim23.png,kodim23_e3111a2fd4da__awgn_15_seed-20260811,awgn,15,20260811,luma_sd,11,1.6243,1.5186,1.8037
kodim23.png,kodim23_e3111a2fd4da__awgn_15_seed-20260811,awgn,15,20260811,sobel_si,11,5.8652,5.5411,5.9887
kodim23.png,kodim23_e3111a2fd4da__awgn_30_seed-20260811,awgn,30,20260811,edge_fraction,11,10.4552,10.2205,10.7423
kodim23.png,kodim23_e3111a2fd4da__awgn_30_seed-20260811,awgn,30,20260811,full_pipeline,11,27.9667,27.4089,29.448
kodim23.png,kodim23_e3111a2fd4da__awgn_30_seed-20260811,awgn,30,20260811,glcm_build,11,8.8747,8.5481,9.3972
kodim23.png,kodim23_e3111a2fd4da__awgn_30_seed-20260811,awgn,30,20260811,glcm_contrast,11,8.8305,8.6619,9.2079
kodim23.png,kodim23_e3111a2fd4da__awgn_30_seed-20260811,awgn,30,20260811,glcm_entropy,11,8.7975,8.6212,9.2069
kodim23.png,kodim23_e3111a2fd4da__awgn_30_seed-20260811,awgn,30,20260811,glcm_homogeneity,11,8.9282,8.5345,9.3085
kodim23.png,kodim23_e3111a2fd4da__awgn_30_seed-20260811,awgn,30,20260811,glcm_shared,11,9.0628,8.6331,9.6594
kodim23.png,kodim23_e3111a2fd4da__awgn_30_seed-20260811,awgn,30,20260811,luma_conversion,11,0.6243,0.605,0.6495
kodim23.png,kodim23_e3111a2fd4da__awgn_30_seed-20260811,awgn,30,20260811,luma_sd,11,1.6756,1.5676,1.9032
kodim23.png,kodim23_e3111a2fd4da__awgn_30_seed-20260811,awgn,30,20260811,sobel_si,11,5.7773,5.503,5.9661
kodim23.png,kodim23_e3111a2fd4da__awgn_5_seed-20260811,awgn,5,20260811,edge_fraction,11,10.6753,10.4634,11.9491
kodim23.png,kodim23_e3111a2fd4da__awgn_5_seed-20260811,awgn,5,20260811,full_pipeline,11,28.9849,28.3445,31.7024
kodim23.png,kodim23_e3111a2fd4da__awgn_5_seed-20260811,awgn,5,20260811,glcm_build,11,9.8795,9.5294,13.601
kodim23.png,kodim23_e3111a2fd4da__awgn_5_seed-20260811,awgn,5,20260811,glcm_contrast,11,9.803,9.5832,15.5687
kodim23.png,kodim23_e3111a2fd4da__awgn_5_seed-20260811,awgn,5,20260811,glcm_entropy,11,9.9346,9.6062,10.5887
kodim23.png,kodim23_e3111a2fd4da__awgn_5_seed-20260811,awgn,5,20260811,glcm_homogeneity,11,9.7892,9.5193,14.8996
kodim23.png,kodim23_e3111a2fd4da__awgn_5_seed-20260811,awgn,5,20260811,glcm_shared,11,10.2024,9.455,14.2264
kodim23.png,kodim23_e3111a2fd4da__awgn_5_seed-20260811,awgn,5,20260811,luma_conversion,11,0.657,0.6157,1.2569
kodim23.png,kodim23_e3111a2fd4da__awgn_5_seed-20260811,awgn,5,20260811,luma_sd,11,1.6908,1.525,2.0008
kodim23.png,kodim23_e3111a2fd4da__awgn_5_seed-20260811,awgn,5,20260811,sobel_si,11,6.0094,5.6041,6.6953
kodim23.png,kodim23_e3111a2fd4da__clean_0,clean,0,,edge_fraction,11,10.4476,10.1258,11.2562
kodim23.png,kodim23_e3111a2fd4da__clean_0,clean,0,,full_pipeline,11,28.5529,28.2735,31.2506
kodim23.png,kodim23_e3111a2fd4da__clean_0,clean,0,,glcm_build,11,9.7751,9.5444,10.3645
kodim23.png,kodim23_e3111a2fd4da__clean_0,clean,0,,glcm_contrast,11,9.829,9.4486,10.5669
kodim23.png,kodim23_e3111a2fd4da__clean_0,clean,0,,glcm_entropy,11,9.7731,9.4934,10.6795
kodim23.png,kodim23_e3111a2fd4da__clean_0,clean,0,,glcm_homogeneity,11,9.6763,9.4046,10.9439
kodim23.png,kodim23_e3111a2fd4da__clean_0,clean,0,,glcm_shared,11,9.9279,9.5453,10.8911
kodim23.png,kodim23_e3111a2fd4da__clean_0,clean,0,,luma_conversion,11,0.6353,0.61,0.7915
kodim23.png,kodim23_e3111a2fd4da__clean_0,clean,0,,luma_sd,11,1.6572,1.5165,2.2734
kodim23.png,kodim23_e3111a2fd4da__clean_0,clean,0,,sobel_si,11,5.7671,5.5754,6.0787
kodim23.png,kodim23_e3111a2fd4da__stripes_16,stripes,16,,edge_fraction,11,11.0182,10.3778,12.837
kodim23.png,kodim23_e3111a2fd4da__stripes_16,stripes,16,,full_pipeline,11,29.8319,28.3573,43.4075
kodim23.png,kodim23_e3111a2fd4da__stripes_16,stripes,16,,glcm_build,11,10.215,9.6292,10.9674
kodim23.png,kodim23_e3111a2fd4da__stripes_16,stripes,16,,glcm_contrast,11,10.0866,9.4049,13.6853
kodim23.png,kodim23_e3111a2fd4da__stripes_16,stripes,16,,glcm_entropy,11,10.1925,9.6335,10.8768
kodim23.png,kodim23_e3111a2fd4da__stripes_16,stripes,16,,glcm_homogeneity,11,9.9714,9.3565,12.9382
kodim23.png,kodim23_e3111a2fd4da__stripes_16,stripes,16,,glcm_shared,11,9.9257,9.3755,10.7971
kodim23.png,kodim23_e3111a2fd4da__stripes_16,stripes,16,,luma_conversion,11,0.6302,0.6123,0.7491
kodim23.png,kodim23_e3111a2fd4da__stripes_16,stripes,16,,luma_sd,11,1.759,1.5315,2.0444
kodim23.png,kodim23_e3111a2fd4da__stripes_16,stripes,16,,sobel_si,11,5.8482,5.5951,6.1903
kodim23.png,kodim23_e3111a2fd4da__stripes_32,stripes,32,,edge_fraction,11,11.1475,10.8435,15.319
kodim23.png,kodim23_e3111a2fd4da__stripes_32,stripes,32,,full_pipeline,11,30.6147,29.3284,31.848
kodim23.png,kodim23_e3111a2fd4da__stripes_32,stripes,32,,glcm_build,11,10.6065,10.091,13.0897
kodim23.png,kodim23_e3111a2fd4da__stripes_32,stripes,32,,glcm_contrast,11,10.4252,10.0144,11.0827
kodim23.png,kodim23_e3111a2fd4da__stripes_32,stripes,32,,glcm_entropy,11,10.4804,9.8609,14.125
kodim23.png,kodim23_e3111a2fd4da__stripes_32,stripes,32,,glcm_homogeneity,11,10.4112,10.179,15.7662
kodim23.png,kodim23_e3111a2fd4da__stripes_32,stripes,32,,glcm_shared,11,10.363,10.0334,16.9643
kodim23.png,kodim23_e3111a2fd4da__stripes_32,stripes,32,,luma_conversion,11,0.6567,0.6343,0.7789
kodim23.png,kodim23_e3111a2fd4da__stripes_32,stripes,32,,luma_sd,11,1.781,1.6358,2.1145
kodim23.png,kodim23_e3111a2fd4da__stripes_32,stripes,32,,sobel_si,11,6.1969,5.685,8.6751
kodim23.png,kodim23_e3111a2fd4da__stripes_8,stripes,8,,edge_fraction,11,10.9302,10.7085,13.5348
kodim23.png,kodim23_e3111a2fd4da__stripes_8,stripes,8,,full_pipeline,11,29.9237,29.5466,34.4749
kodim23.png,kodim23_e3111a2fd4da__stripes_8,stripes,8,,glcm_build,11,10.4222,9.9647,15.243
kodim23.png,kodim23_e3111a2fd4da__stripes_8,stripes,8,,glcm_contrast,11,10.2307,10.0065,16.2206
kodim23.png,kodim23_e3111a2fd4da__stripes_8,stripes,8,,glcm_entropy,11,10.3455,10.0481,10.7703
kodim23.png,kodim23_e3111a2fd4da__stripes_8,stripes,8,,glcm_homogeneity,11,10.3354,10.0702,10.5857
kodim23.png,kodim23_e3111a2fd4da__stripes_8,stripes,8,,glcm_shared,11,10.2818,10.1043,11.4443
kodim23.png,kodim23_e3111a2fd4da__stripes_8,stripes,8,,luma_conversion,11,0.6297,0.6133,0.6619
kodim23.png,kodim23_e3111a2fd4da__stripes_8,stripes,8,,luma_sd,11,1.8172,1.7065,2.2853
kodim23.png,kodim23_e3111a2fd4da__stripes_8,stripes,8,,sobel_si,11,5.9811,5.7824,9.0495
kodim24.png,kodim24_1071c68372cc__awgn_15_seed-20260811,awgn,15,20260811,edge_fraction,11,10.8932,10.6976,11.2231
kodim24.png,kodim24_1071c68372cc__awgn_15_seed-20260811,awgn,15,20260811,full_pipeline,11,29.2636,27.864,36.5887
kodim24.png,kodim24_1071c68372cc__awgn_15_seed-20260811,awgn,15,20260811,glcm_build,11,9.6184,8.9313,12.0422
kodim24.png,kodim24_1071c68372cc__awgn_15_seed-20260811,awgn,15,20260811,glcm_contrast,11,9.5561,9.2441,10.8599
kodim24.png,kodim24_1071c68372cc__awgn_15_seed-20260811,awgn,15,20260811,glcm_entropy,11,9.7359,9.0454,10.6569
kodim24.png,kodim24_1071c68372cc__awgn_15_seed-20260811,awgn,15,20260811,glcm_homogeneity,11,9.6285,9.1695,15.1224
kodim24.png,kodim24_1071c68372cc__awgn_15_seed-20260811,awgn,15,20260811,glcm_shared,11,9.5028,8.8267,9.8776
kodim24.png,kodim24_1071c68372cc__awgn_15_seed-20260811,awgn,15,20260811,luma_conversion,11,0.6656,0.6127,0.7465
kodim24.png,kodim24_1071c68372cc__awgn_15_seed-20260811,awgn,15,20260811,luma_sd,11,1.7795,1.5941,1.9314
kodim24.png,kodim24_1071c68372cc__awgn_15_seed-20260811,awgn,15,20260811,sobel_si,11,5.9793,5.8523,6.1746
kodim24.png,kodim24_1071c68372cc__awgn_30_seed-20260811,awgn,30,20260811,edge_fraction,11,10.2441,10.1278,15.1461
kodim24.png,kodim24_1071c68372cc__awgn_30_seed-20260811,awgn,30,20260811,full_pipeline,11,27.6502,27.3051,33.284
kodim24.png,kodim24_1071c68372cc__awgn_30_seed-20260811,awgn,30,20260811,glcm_build,11,8.7685,8.6174,9.6589
kodim24.png,kodim24_1071c68372cc__awgn_30_seed-20260811,awgn,30,20260811,glcm_contrast,11,8.7854,8.5873,9.3748
kodim24.png,kodim24_1071c68372cc__awgn_30_seed-20260811,awgn,30,20260811,glcm_entropy,11,8.8401,8.5394,9.1499
kodim24.png,kodim24_1071c68372cc__awgn_30_seed-20260811,awgn,30,20260811,glcm_homogeneity,11,8.8548,8.6412,9.4657
kodim24.png,kodim24_1071c68372cc__awgn_30_seed-20260811,awgn,30,20260811,glcm_shared,11,8.8548,8.6799,14.2576
kodim24.png,kodim24_1071c68372cc__awgn_30_seed-20260811,awgn,30,20260811,luma_conversion,11,0.6225,0.6058,1.3181
kodim24.png,kodim24_1071c68372cc__awgn_30_seed-20260811,awgn,30,20260811,luma_sd,11,1.5988,1.5196,1.7392
kodim24.png,kodim24_1071c68372cc__awgn_30_seed-20260811,awgn,30,20260811,sobel_si,11,5.7713,5.5675,6.0132
kodim24.png,kodim24_1071c68372cc__awgn_5_seed-20260811,awgn,5,20260811,edge_fraction,11,11.5679,11.1445,14.343
kodim24.png,kodim24_1071c68372cc__awgn_5_seed-20260811,awgn,5,20260811,full_pipeline,11,29.8529,28.2803,36.9548
kodim24.png,kodim24_1071c68372cc__awgn_5_seed-20260811,awgn,5,20260811,glcm_build,11,10.1827,9.2148,13.5356
kodim24.png,kodim24_1071c68372cc__awgn_5_seed-20260811,awgn,5,20260811,glcm_contrast,11,9.9688,9.4387,12.5947
kodim24.png,kodim24_1071c68372cc__awgn_5_seed-20260811,awgn,5,20260811,glcm_entropy,11,10.2538,9.7438,11.9812
kodim24.png,kodim24_1071c68372cc__awgn_5_seed-20260811,awgn,5,20260811,glcm_homogeneity,11,10.1222,9.1552,11.8289
kodim24.png,kodim24_1071c68372cc__awgn_5_seed-20260811,awgn,5,20260811,glcm_shared,11,10.3069,9.2722,15.5103
kodim24.png,kodim24_1071c68372cc__awgn_5_seed-20260811,awgn,5,20260811,luma_conversion,11,0.6258,0.6029,0.7741
kodim24.png,kodim24_1071c68372cc__awgn_5_seed-20260811,awgn,5,20260811,luma_sd,11,1.7458,1.6862,2.0453
kodim24.png,kodim24_1071c68372cc__awgn_5_seed-20260811,awgn,5,20260811,sobel_si,11,6.1439,5.7136,8.628
kodim24.png,kodim24_1071c68372cc__clean_0,clean,0,,edge_fraction,11,10.2899,10.1193,10.5295
kodim24.png,kodim24_1071c68372cc__clean_0,clean,0,,full_pipeline,11,28.3893,28.0087,30.1856
kodim24.png,kodim24_1071c68372cc__clean_0,clean,0,,glcm_build,11,9.3794,9.0994,9.713
kodim24.png,kodim24_1071c68372cc__clean_0,clean,0,,glcm_contrast,11,9.3234,9.1489,9.6434
kodim24.png,kodim24_1071c68372cc__clean_0,clean,0,,glcm_entropy,11,9.3849,9.0749,10.2658
kodim24.png,kodim24_1071c68372cc__clean_0,clean,0,,glcm_homogeneity,11,9.4805,9.1993,9.8281
kodim24.png,kodim24_1071c68372cc__clean_0,clean,0,,glcm_shared,11,9.4981,9.0745,9.8492
kodim24.png,kodim24_1071c68372cc__clean_0,clean,0,,luma_conversion,11,0.621,0.6104,0.7027
kodim24.png,kodim24_1071c68372cc__clean_0,clean,0,,luma_sd,11,1.6352,1.579,1.8537
kodim24.png,kodim24_1071c68372cc__clean_0,clean,0,,sobel_si,11,5.7322,5.5725,5.9122
kodim24.png,kodim24_1071c68372cc__stripes_16,stripes,16,,edge_fraction,11,10.5319,10.2888,11.0374
kodim24.png,kodim24_1071c68372cc__stripes_16,stripes,16,,full_pipeline,11,28.138,27.8902,35.87
kodim24.png,kodim24_1071c68372cc__stripes_16,stripes,16,,glcm_build,11,9.4115,9.0808,13.8145
kodim24.png,kodim24_1071c68372cc__stripes_16,stripes,16,,glcm_contrast,11,9.3789,9.1647,14.6627
kodim24.png,kodim24_1071c68372cc__stripes_16,stripes,16,,glcm_entropy,11,9.3855,9.2159,17.1994
kodim24.png,kodim24_1071c68372cc__stripes_16,stripes,16,,glcm_homogeneity,11,9.4712,9.2182,13.8567
kodim24.png,kodim24_1071c68372cc__stripes_16,stripes,16,,glcm_shared,11,9.377,9.2978,11.3279
kodim24.png,kodim24_1071c68372cc__stripes_16,stripes,16,,luma_conversion,11,0.6147,0.6048,0.7078
kodim24.png,kodim24_1071c68372cc__stripes_16,stripes,16,,luma_sd,11,1.718,1.5645,3.0621
kodim24.png,kodim24_1071c68372cc__stripes_16,stripes,16,,sobel_si,11,5.7318,5.5528,7.7447
kodim24.png,kodim24_1071c68372cc__stripes_32,stripes,32,,edge_fraction,11,10.3476,10.1947,10.5037
kodim24.png,kodim24_1071c68372cc__stripes_32,stripes,32,,full_pipeline,11,28.1313,27.7991,30.993
kodim24.png,kodim24_1071c68372cc__stripes_32,stripes,32,,glcm_build,11,9.3002,9.1242,9.462
kodim24.png,kodim24_1071c68372cc__stripes_32,stripes,32,,glcm_contrast,11,9.2197,9.0605,9.7011
kodim24.png,kodim24_1071c68372cc__stripes_32,stripes,32,,glcm_entropy,11,9.3225,9.1429,9.4065
kodim24.png,kodim24_1071c68372cc__stripes_32,stripes,32,,glcm_homogeneity,11,9.3352,9.1712,9.6571
kodim24.png,kodim24_1071c68372cc__stripes_32,stripes,32,,glcm_shared,11,9.2216,9.0431,9.6482
kodim24.png,kodim24_1071c68372cc__stripes_32,stripes,32,,luma_conversion,11,0.6255,0.5956,0.6967
kodim24.png,kodim24_1071c68372cc__stripes_32,stripes,32,,luma_sd,11,1.6112,1.5366,1.8727
kodim24.png,kodim24_1071c68372cc__stripes_32,stripes,32,,sobel_si,11,5.7259,5.5318,5.8355
kodim24.png,kodim24_1071c68372cc__stripes_8,stripes,8,,edge_fraction,11,10.5672,10.3571,10.9433
kodim24.png,kodim24_1071c68372cc__stripes_8,stripes,8,,full_pipeline,11,28.2021,27.9554,29.552
kodim24.png,kodim24_1071c68372cc__stripes_8,stripes,8,,glcm_build,11,9.3181,9.1064,9.9714
kodim24.png,kodim24_1071c68372cc__stripes_8,stripes,8,,glcm_contrast,11,9.3951,9.1632,9.6611
kodim24.png,kodim24_1071c68372cc__stripes_8,stripes,8,,glcm_entropy,11,9.3351,9.2471,9.5552
kodim24.png,kodim24_1071c68372cc__stripes_8,stripes,8,,glcm_homogeneity,11,9.4129,9.1673,9.899
kodim24.png,kodim24_1071c68372cc__stripes_8,stripes,8,,glcm_shared,11,9.3624,9.1628,9.5674
kodim24.png,kodim24_1071c68372cc__stripes_8,stripes,8,,luma_conversion,11,0.6098,0.5928,0.6698
kodim24.png,kodim24_1071c68372cc__stripes_8,stripes,8,,luma_sd,11,1.6756,1.531,1.9003
kodim24.png,kodim24_1071c68372cc__stripes_8,stripes,8,,sobel_si,11,5.7767,5.6044,5.9003
