source,stimulus,distortion,level,seed,qp,coded_picture_bits,psnr_y_db,psnr_u_db,psnr_v_db,psnr_yuv_db,bitstream_bytes,file_bpp,encode_seconds,reference,chroma_format,encoder_log,encoder_log_sha256,log_hash_previously_recorded
kodim01.png,kodim01_a56e27cbf5f8__awgn_15_seed-20260811,awgn,15,20260811,22,1417072,41.4006,48.8685,47.2083,44.583,177134,3.6038004557291665,214.40382469999895,actual_encoder_input,444,results/vtm_content_partition_task2_completion/run/encoded/kodim01_a56e27cbf5f8__awgn_15_seed-20260811/QP22/baseline/kodim01_a56e27cbf5f8__awgn_15_seed-20260811_QP22_baseline_enc.log,12b29da0a95ae2a052bdb215162eaecd5d89cce0af35d02ddde536007c8611a7,False
kodim01.png,kodim01_a56e27cbf5f8__awgn_15_seed-20260811,awgn,15,20260811,27,1044840,36.4441,47.5253,45.3821,40.403,130605,2.65716552734375,343.9448354999986,actual_encoder_input,444,results/vtm_content_partition_four_qp/encoded/kodim01_a56e27cbf5f8__awgn_15_seed-20260811/QP27/baseline/kodim01_a56e27cbf5f8__awgn_15_seed-20260811_QP27_baseline_enc.log,16ee33a1538dc955f512e09d460af46ebabc35132372548b708e86b1a4112186,True
kodim01.png,kodim01_a56e27cbf5f8__awgn_15_seed-20260811,awgn,15,20260811,32,695360,31.4191,46.1072,43.4472,35.7896,86920,1.7683919270833333,166.11304259999815,actual_encoder_input,444,results/vtm_content_partition_task2_completion/run/encoded/kodim01_a56e27cbf5f8__awgn_15_seed-20260811/QP32/baseline/kodim01_a56e27cbf5f8__awgn_15_seed-20260811_QP32_baseline_enc.log,57a16e95940cf7b94bffc68a632db0e4009fcce549f21650233bf2afc97a227b,False
kodim01.png,kodim01_a56e27cbf5f8__awgn_15_seed-20260811,awgn,15,20260811,37,302536,25.7917,44.5542,41.6918,30.3967,37817,0.7693888346354166,139.107740200001,actual_encoder_input,444,results/vtm_content_partition_task2_completion/run/encoded/kodim01_a56e27cbf5f8__awgn_15_seed-20260811/QP37/baseline/kodim01_a56e27cbf5f8__awgn_15_seed-20260811_QP37_baseline_enc.log,0d28893c603bfd3d14eb636d69abc200428e0627929df914df38532b987ac0ac,False
kodim01.png,kodim01_a56e27cbf5f8__awgn_30_seed-20260811,awgn,30,20260811,22,1746048,41.298,46.56,46.273,43.9854,218256,4.4404296875,237.7126494999975,actual_encoder_input,444,results/vtm_content_partition_task2_completion/run/encoded/kodim01_a56e27cbf5f8__awgn_30_seed-20260811/QP22/baseline/kodim01_a56e27cbf5f8__awgn_30_seed-20260811_QP22_baseline_enc.log,fb25bd88840ed03888f7c6ef39405d35260082852ec96cbaee11cf1182561168,False
kodim01.png,kodim01_a56e27cbf5f8__awgn_30_seed-20260811,awgn,30,20260811,27,1360400,36.3862,45.0641,44.0121,39.9902,170050,3.4596761067708335,380.5696174000004,actual_encoder_input,444,results/vtm_content_partition_four_qp/encoded/kodim01_a56e27cbf5f8__awgn_30_seed-20260811/QP27/baseline/kodim01_a56e27cbf5f8__awgn_30_seed-20260811_QP27_baseline_enc.log,bc67a112f3163de1f50bfa9e4cb4299e992fe6794cf92142815a56e9d8efbfaa,True
kodim01.png,kodim01_a56e27cbf5f8__awgn_30_seed-20260811,awgn,30,20260811,32,993520,31.4329,43.8408,41.8368,35.6026,124190,2.5266520182291665,173.3383161999991,actual_encoder_input,444,results/vtm_content_partition_task2_completion/run/encoded/kodim01_a56e27cbf5f8__awgn_30_seed-20260811/QP32/baseline/kodim01_a56e27cbf5f8__awgn_30_seed-20260811_QP32_baseline_enc.log,950f605a031c6b2af89297b2b4c4bf9ef97afaf9bcce19f0c3e0f052bb1fed16,False
kodim01.png,kodim01_a56e27cbf5f8__awgn_30_seed-20260811,awgn,30,20260811,37,645176,26.3636,42.5333,40.2234,30.8602,80647,1.6407674153645833,150.69328130000213,actual_encoder_input,444,results/vtm_content_partition_task2_completion/run/encoded/kodim01_a56e27cbf5f8__awgn_30_seed-20260811/QP37/baseline/kodim01_a56e27cbf5f8__awgn_30_seed-20260811_QP37_baseline_enc.log,ae31709dca1eaf07843805def3459f9b944d7e587238e3e118a7b25de31a8121,False
kodim01.png,kodim01_a56e27cbf5f8__awgn_5_seed-20260811,awgn,5,20260811,22,1076744,41.4343,49.6131,47.3643,44.7214,134593,2.7383015950520835,201.85642249999728,actual_encoder_input,444,results/vtm_content_partition_task2_completion/run/encoded/kodim01_a56e27cbf5f8__awgn_5_seed-20260811/QP22/baseline/kodim01_a56e27cbf5f8__awgn_5_seed-20260811_QP22_baseline_enc.log,3199c278aba2909232ef7bdf15c5170ff53f5e1acdb6829fcb976c79a4eb445e,False
kodim01.png,kodim01_a56e27cbf5f8__awgn_5_seed-20260811,awgn,5,20260811,27,689432,36.1033,48.4515,45.8121,40.2106,86179,1.7533162434895833,331.2843553999992,actual_encoder_input,444,results/vtm_content_partition_four_qp/encoded/kodim01_a56e27cbf5f8__awgn_5_seed-20260811/QP27/baseline/kodim01_a56e27cbf5f8__awgn_5_seed-20260811_QP27_baseline_enc.log,4be1063272fe38ae67a8e025aa83cbfa3266fb71803eeccb8075df8716d897d8,True
kodim01.png,kodim01_a56e27cbf5f8__awgn_5_seed-20260811,awgn,5,20260811,32,360744,31.6444,47.0781,44.1205,36.0606,45093,0.91741943359375,136.03941569999733,actual_encoder_input,444,results/vtm_content_partition_task2_completion/run/encoded/kodim01_a56e27cbf5f8__awgn_5_seed-20260811/QP32/baseline/kodim01_a56e27cbf5f8__awgn_5_seed-20260811_QP32_baseline_enc.log,a0a1dd5dda2ebfcad4af306e37dae91be025b8438f5d0d2936c5eeecff294592,False
kodim01.png,kodim01_a56e27cbf5f8__awgn_5_seed-20260811,awgn,5,20260811,37,161056,28.0849,45.1197,42.1294,32.6063,20132,0.4095865885416667,96.82844520000071,actual_encoder_input,444,results/vtm_content_partition_task2_completion/run/encoded/kodim01_a56e27cbf5f8__awgn_5_seed-20260811/QP37/baseline/kodim01_a56e27cbf5f8__awgn_5_seed-20260811_QP37_baseline_enc.log,bb5277b03a51b06bff0be05dac8768ad7e6c05c6e39a043dde4dfab59bfcf656,False
kodim01.png,kodim01_a56e27cbf5f8__clean_0,clean,0,,22,874408,41.741,49.8929,47.5973,45.0118,109301,2.2237345377604165,257.55610650000017,actual_encoder_input,444,results/vtm_content_partition_study/run/encoded/kodim01_a56e27cbf5f8__clean_0/QP22/baseline/kodim01_a56e27cbf5f8__clean_0_QP22_baseline_enc.log,cd68f6f33c8ca0cde7bfc52d174e569052ad60fea8e7a43079c4ff38ca80c7ef,False
kodim01.png,kodim01_a56e27cbf5f8__clean_0,clean,0,,27,574080,37.1888,48.6085,45.8148,41.1346,71760,1.4599609375,191.9795161999973,actual_encoder_input,444,results/vtm_content_partition_study/run/encoded/kodim01_a56e27cbf5f8__clean_0/QP27/baseline/kodim01_a56e27cbf5f8__clean_0_QP27_baseline_enc.log,1068c4e302120a4f1093562e3078c4f15bf617826588ae321e58bdd56e754ea2,False
kodim01.png,kodim01_a56e27cbf5f8__clean_0,clean,0,,32,329376,32.8111,46.9238,44.101,37.117,41172,0.837646484375,161.21283439999752,actual_encoder_input,444,results/vtm_content_partition_study/run/encoded/kodim01_a56e27cbf5f8__clean_0/QP32/baseline/kodim01_a56e27cbf5f8__clean_0_QP32_baseline_enc.log,a851b76409f612f86d65fa9916d98f9508efa8625058abba4340202663321923,False
kodim01.png,kodim01_a56e27cbf5f8__clean_0,clean,0,,37,154344,28.9014,45.2698,42.0116,33.3709,19293,0.39251708984375,117.90626429999975,actual_encoder_input,444,results/vtm_content_partition_study/run/encoded/kodim01_a56e27cbf5f8__clean_0/QP37/baseline/kodim01_a56e27cbf5f8__clean_0_QP37_baseline_enc.log,d4b6d2d3c85415bf753c5aceade1a048319aeaafccad8945366945cec244e4f7,False
kodim01.png,kodim01_a56e27cbf5f8__stripes_16,stripes,16,,22,896032,41.7071,49.7857,47.5615,44.9695,112004,2.2787272135416665,195.34351590000006,actual_encoder_input,444,results/vtm_content_partition_task2_completion/run/encoded/kodim01_a56e27cbf5f8__stripes_16/QP22/baseline/kodim01_a56e27cbf5f8__stripes_16_QP22_baseline_enc.log,c360bbfe35b875f5cee096b75f8d705eea292bc9d3de7afd937177517c90e4c5,False
kodim01.png,kodim01_a56e27cbf5f8__stripes_16,stripes,16,,27,590400,37.1112,48.3106,45.7619,41.0463,73800,1.50146484375,246.5463180000006,actual_encoder_input,444,results/vtm_content_partition_four_qp/encoded/kodim01_a56e27cbf5f8__stripes_16/QP27/baseline/kodim01_a56e27cbf5f8__stripes_16_QP27_baseline_enc.log,2287b21f6045534e7f1323d25f2205abc65ca959f8d405035a9d89d16f72e757,True
kodim01.png,kodim01_a56e27cbf5f8__stripes_16,stripes,16,,32,340712,32.7165,46.8247,44.0121,37.0226,42589,0.8664754231770834,126.49518800000078,actual_encoder_input,444,results/vtm_content_partition_task2_completion/run/encoded/kodim01_a56e27cbf5f8__stripes_16/QP32/baseline/kodim01_a56e27cbf5f8__stripes_16_QP32_baseline_enc.log,fd445529adeac885cd34ab4beeaf85f3bbe1671a664bb5f9e261e0fa5dbc1217,False
kodim01.png,kodim01_a56e27cbf5f8__stripes_16,stripes,16,,37,161360,28.7987,44.8725,41.8967,33.2611,20170,0.4103597005208333,94.1251353000007,actual_encoder_input,444,results/vtm_content_partition_task2_completion/run/encoded/kodim01_a56e27cbf5f8__stripes_16/QP37/baseline/kodim01_a56e27cbf5f8__stripes_16_QP37_baseline_enc.log,a3445deeab92e34d2a186b8e824c42d0df90d99843f23dd73e52818c0db8cee7,False
kodim01.png,kodim01_a56e27cbf5f8__stripes_32,stripes,32,,22,909128,41.6632,49.2556,47.4552,44.8581,113641,2.3120320638020835,175.71946899999966,actual_encoder_input,444,results/vtm_content_partition_task2_completion/run/encoded/kodim01_a56e27cbf5f8__stripes_32/QP22/baseline/kodim01_a56e27cbf5f8__stripes_32_QP22_baseline_enc.log,9848563714983403990bc74abd22f6e05f067af2225ecb033ea8756ce7351648,False
kodim01.png,kodim01_a56e27cbf5f8__stripes_32,stripes,32,,27,600656,37.0747,47.6027,45.6561,40.9568,75082,1.5275472005208333,243.25679789999776,actual_encoder_input,444,results/vtm_content_partition_four_qp/encoded/kodim01_a56e27cbf5f8__stripes_32/QP27/baseline/kodim01_a56e27cbf5f8__stripes_32_QP27_baseline_enc.log,1e528aa48588b8333894dfc0913bc0b144634e28bce4e0a40676a67e6cbe1b04,True
kodim01.png,kodim01_a56e27cbf5f8__stripes_32,stripes,32,,32,350984,32.7216,45.9887,43.8516,36.9843,43873,0.8925984700520834,100.01783350000187,actual_encoder_input,444,results/vtm_content_partition_task2_completion/run/encoded/kodim01_a56e27cbf5f8__stripes_32/QP32/baseline/kodim01_a56e27cbf5f8__stripes_32_QP32_baseline_enc.log,9616f950a24fbe7d8024a14ad23539c023d9466dc51ffd835fba6f14df617c0f,False
kodim01.png,kodim01_a56e27cbf5f8__stripes_32,stripes,32,,37,166424,28.7432,44.2375,41.6376,33.1819,20803,0.4232381184895833,76.52360000000044,actual_encoder_input,444,results/vtm_content_partition_task2_completion/run/encoded/kodim01_a56e27cbf5f8__stripes_32/QP37/baseline/kodim01_a56e27cbf5f8__stripes_32_QP37_baseline_enc.log,edfd4131c6f25299c14b7ef8ed7b0f55c49f8256989af7aa89a41ffc62ac3e94,False
kodim01.png,kodim01_a56e27cbf5f8__stripes_8,stripes,8,,22,885720,41.7097,49.8491,47.5891,44.9834,110715,2.25250244140625,194.96097510000254,actual_encoder_input,444,results/vtm_content_partition_task2_completion/run/encoded/kodim01_a56e27cbf5f8__stripes_8/QP22/baseline/kodim01_a56e27cbf5f8__stripes_8_QP22_baseline_enc.log,08d4721cb35f58b43bf2d5e474946f6781ab2b8468f833757101dc19cd030511,False
kodim01.png,kodim01_a56e27cbf5f8__stripes_8,stripes,8,,27,581976,37.1251,48.4371,45.8395,41.0743,72747,1.48004150390625,250.0290853999977,actual_encoder_input,444,results/vtm_content_partition_four_qp/encoded/kodim01_a56e27cbf5f8__stripes_8/QP27/baseline/kodim01_a56e27cbf5f8__stripes_8_QP27_baseline_enc.log,2f8ed93e95b994d52183d6aa0579233aefe0bb859ef7f632fdf30307757dac54,True
kodim01.png,kodim01_a56e27cbf5f8__stripes_8,stripes,8,,32,334784,32.7403,47.0909,44.0522,37.0557,41848,0.8513997395833334,121.79016660000343,actual_encoder_input,444,results/vtm_content_partition_task2_completion/run/encoded/kodim01_a56e27cbf5f8__stripes_8/QP32/baseline/kodim01_a56e27cbf5f8__stripes_8_QP32_baseline_enc.log,b2e627746d760df344dbd296ac5cc4a79969020f8399da67fcf6c1bb7611d127,False
kodim01.png,kodim01_a56e27cbf5f8__stripes_8,stripes,8,,37,158136,28.8498,44.9521,41.8763,33.3095,19767,0.40216064453125,91.17933669999911,actual_encoder_input,444,results/vtm_content_partition_task2_completion/run/encoded/kodim01_a56e27cbf5f8__stripes_8/QP37/baseline/kodim01_a56e27cbf5f8__stripes_8_QP37_baseline_enc.log,7859ba638f6ced73750d3ff2138051c13fee60115170a8ec1210a8a4fc744b43,False
kodim02.png,kodim02_4f4b74a79237__awgn_15_seed-20260811,awgn,15,20260811,22,1340264,41.3546,46.5189,45.714,43.8961,167533,3.4084676106770835,357.34446580000076,actual_encoder_input,444,results/vtm_content_partition_qp_extension/run/encoded/kodim02_4f4b74a79237__awgn_15_seed-20260811/QP22/baseline/kodim02_4f4b74a79237__awgn_15_seed-20260811_QP22_baseline_enc.log,ef624eda56eeb725005a1bd74176e1fcc541a4c3f35ce196dd2c6a3520ec2278,False
kodim02.png,kodim02_4f4b74a79237__awgn_15_seed-20260811,awgn,15,20260811,27,949328,36.4321,45.5737,43.4196,39.9911,118666,2.4142659505208335,335.84841830000005,actual_encoder_input,444,results/vtm_content_partition_four_qp/encoded/kodim02_4f4b74a79237__awgn_15_seed-20260811/QP27/baseline/kodim02_4f4b74a79237__awgn_15_seed-20260811_QP27_baseline_enc.log,65a284c851ede15374f1f45c293dc8d294c925efc6c0038cbb72d31849160e83,True
kodim02.png,kodim02_4f4b74a79237__awgn_15_seed-20260811,awgn,15,20260811,32,585024,31.4266,44.4777,40.9983,35.5536,73128,1.48779296875,252.0460841999993,actual_encoder_input,444,results/vtm_content_partition_study/run/encoded/kodim02_4f4b74a79237__awgn_15_seed-20260811/QP32/baseline/kodim02_4f4b74a79237__awgn_15_seed-20260811_QP32_baseline_enc.log,c9b9d425bdd3ed315f3d0e02fe19ced95cc8e9a7b20135f5a1bb7d15d6b75920,False
kodim02.png,kodim02_4f4b74a79237__awgn_15_seed-20260811,awgn,15,20260811,37,159104,25.5515,43.2343,38.5011,30.038,19888,0.4046223958333333,184.7176032999996,actual_encoder_input,444,results/vtm_content_partition_qp_extension/run/encoded/kodim02_4f4b74a79237__awgn_15_seed-20260811/QP37/baseline/kodim02_4f4b74a79237__awgn_15_seed-20260811_QP37_baseline_enc.log,582574753e8bfeaef76236beedb228a4dbb2dec1b14be78a42c66f23baed5cec,False
kodim02.png,kodim02_4f4b74a79237__awgn_30_seed-20260811,awgn,30,20260811,22,1907504,41.2714,42.8454,43.2577,42.371,238438,4.851033528645833,394.2920715,actual_encoder_input,444,results/vtm_content_partition_qp_extension/run/encoded/kodim02_4f4b74a79237__awgn_30_seed-20260811/QP22/baseline/kodim02_4f4b74a79237__awgn_30_seed-20260811_QP22_baseline_enc.log,dd019fd4279f56ffe27e56b9dc89b4893ed2c4a9f48a53fff0e19b5b654095b2,False
kodim02.png,kodim02_4f4b74a79237__awgn_30_seed-20260811,awgn,30,20260811,27,1352816,36.3623,39.6576,40.2368,38.3965,169102,3.4403889973958335,419.85869589999857,actual_encoder_input,444,results/vtm_content_partition_four_qp/encoded/kodim02_4f4b74a79237__awgn_30_seed-20260811/QP27/baseline/kodim02_4f4b74a79237__awgn_30_seed-20260811_QP27_baseline_enc.log,735f0ad802c93353b6930c7af1f77ef0fca3f378012a2748294f31ce79930035,True
kodim02.png,kodim02_4f4b74a79237__awgn_30_seed-20260811,awgn,30,20260811,32,940776,31.4112,38.655,37.8427,34.6716,117597,2.39251708984375,290.9305849000011,actual_encoder_input,444,results/vtm_content_partition_study/run/encoded/kodim02_4f4b74a79237__awgn_30_seed-20260811/QP32/baseline/kodim02_4f4b74a79237__awgn_30_seed-20260811_QP32_baseline_enc.log,e9cdd22d8a79dbf3428e207bcfa93ee0f833150451a55ead7b8fa9204243e37c,False
kodim02.png,kodim02_4f4b74a79237__awgn_30_seed-20260811,awgn,30,20260811,37,576136,26.3455,37.652,36.2506,30.4118,72017,1.4651896158854167,235.44625090000045,actual_encoder_input,444,results/vtm_content_partition_qp_extension/run/encoded/kodim02_4f4b74a79237__awgn_30_seed-20260811/QP37/baseline/kodim02_4f4b74a79237__awgn_30_seed-20260811_QP37_baseline_enc.log,dd1b4c268c69a8b8ebb7030822cfb2c7626dda670746f585544c0cdcfbfa85b8,False
kodim02.png,kodim02_4f4b74a79237__awgn_5_seed-20260811,awgn,5,20260811,22,842440,41.4629,49.6394,45.9409,44.4478,105305,2.1424357096354165,328.06802759999846,actual_encoder_input,444,results/vtm_content_partition_qp_extension/run/encoded/kodim02_4f4b74a79237__awgn_5_seed-20260811/QP22/baseline/kodim02_4f4b74a79237__awgn_5_seed-20260811_QP22_baseline_enc.log,3d901d40434bdf6e313ff4b1b5c31e2ec4fd80d19d01474b16faf87634a976a5,False
kodim02.png,kodim02_4f4b74a79237__awgn_5_seed-20260811,awgn,5,20260811,27,430656,36.0173,48.4379,43.6706,39.8933,53832,1.09521484375,300.7349312000006,actual_encoder_input,444,results/vtm_content_partition_four_qp/encoded/kodim02_4f4b74a79237__awgn_5_seed-20260811/QP27/baseline/kodim02_4f4b74a79237__awgn_5_seed-20260811_QP27_baseline_enc.log,4d008fb0db6c6b3a763dee19f688840021a960ba5cd9f44288d1969fca0de990,True
kodim02.png,kodim02_4f4b74a79237__awgn_5_seed-20260811,awgn,5,20260811,32,127840,32.3084,46.8728,41.3244,36.4336,15980,0.3251139322916667,148.1384169999983,actual_encoder_input,444,results/vtm_content_partition_study/run/encoded/kodim02_4f4b74a79237__awgn_5_seed-20260811/QP32/baseline/kodim02_4f4b74a79237__awgn_5_seed-20260811_QP32_baseline_enc.log,c4b1a8538c6d86761d5e30a023a3909c7c44ec207eb24a50fc9ff5be8ed6a924,False
kodim02.png,kodim02_4f4b74a79237__awgn_5_seed-20260811,awgn,5,20260811,37,46456,30.5826,45.0399,38.774,34.6076,5807,0.11814371744791667,71.75964000000386,actual_encoder_input,444,results/vtm_content_partition_qp_extension/run/encoded/kodim02_4f4b74a79237__awgn_5_seed-20260811/QP37/baseline/kodim02_4f4b74a79237__awgn_5_seed-20260811_QP37_baseline_enc.log,ad5a2137bf60380b95df4654ab2b3d49945f401603f8adc483802cd33bc9faad,False
kodim02.png,kodim02_4f4b74a79237__clean_0,clean,0,,22,462464,42.2801,49.9835,46.1236,45.0581,57808,1.1761067708333333,258.57335519999833,actual_encoder_input,444,results/vtm_content_partition_study/run/encoded/kodim02_4f4b74a79237__clean_0/QP22/baseline/kodim02_4f4b74a79237__clean_0_QP22_baseline_enc.log,62462999b33f3fbce21aee40d2a22c9205f6748f01f74d62d05b7ad6404101c0,False
kodim02.png,kodim02_4f4b74a79237__clean_0,clean,0,,27,240648,38.6483,48.6095,43.7163,41.9205,30081,0.61199951171875,180.4036855000013,actual_encoder_input,444,results/vtm_content_partition_study/run/encoded/kodim02_4f4b74a79237__clean_0/QP27/baseline/kodim02_4f4b74a79237__clean_0_QP27_baseline_enc.log,9678f1e6f39962f08fd1a2d0f1e96491ac5f5052b9cf2a93e6ff82f92110d7e9,False
kodim02.png,kodim02_4f4b74a79237__clean_0,clean,0,,32,109944,35.4654,46.9386,41.2827,38.9876,13743,0.27960205078125,115.16464339999948,actual_encoder_input,444,results/vtm_content_partition_study/run/encoded/kodim02_4f4b74a79237__clean_0/QP32/baseline/kodim02_4f4b74a79237__clean_0_QP32_baseline_enc.log,a63a81e5b208db28c227ba165ff351524bc77d24036c747511a953ba3d91a786,False
kodim02.png,kodim02_4f4b74a79237__clean_0,clean,0,,37,44992,32.8588,45.1551,38.8102,36.4475,5624,0.11442057291666667,55.57321159999992,actual_encoder_input,444,results/vtm_content_partition_study/run/encoded/kodim02_4f4b74a79237__clean_0/QP37/baseline/kodim02_4f4b74a79237__clean_0_QP37_baseline_enc.log,8794490924b11c1434831957840284ab11b094387ec35fba497f2296dcb00177,False
kodim02.png,kodim02_4f4b74a79237__stripes_16,stripes,16,,22,500696,42.1755,49.6932,46.0956,44.953,62587,1.2733357747395833,268.4576498000024,actual_encoder_input,444,results/vtm_content_partition_qp_extension/run/encoded/kodim02_4f4b74a79237__stripes_16/QP22/baseline/kodim02_4f4b74a79237__stripes_16_QP22_baseline_enc.log,f2272e1f4d695a02f7e5b0c352236fcca363d2096861714554e3832697aa8c8a,False
kodim02.png,kodim02_4f4b74a79237__stripes_16,stripes,16,,27,265464,38.4716,48.2592,43.687,41.7632,33183,0.67510986328125,217.07829910000146,actual_encoder_input,444,results/vtm_content_partition_four_qp/encoded/kodim02_4f4b74a79237__stripes_16/QP27/baseline/kodim02_4f4b74a79237__stripes_16_QP27_baseline_enc.log,d5a088e68cf655e9b3d9367efb34907f92318decbbeed86d56849950776e1a8e,True
kodim02.png,kodim02_4f4b74a79237__stripes_16,stripes,16,,32,125488,35.2507,46.5823,41.2874,38.8074,15686,0.3191324869791667,126.49472569999489,actual_encoder_input,444,results/vtm_content_partition_study/run/encoded/kodim02_4f4b74a79237__stripes_16/QP32/baseline/kodim02_4f4b74a79237__stripes_16_QP32_baseline_enc.log,d9746e44cf1d58a90bbd39b5a10bd0d81e6396f78a86e12fa1c17870c3d4a789,False
kodim02.png,kodim02_4f4b74a79237__stripes_16,stripes,16,,37,52440,32.5505,44.8012,38.6985,36.1745,6555,0.13336181640625,64.73587209999823,actual_encoder_input,444,results/vtm_content_partition_qp_extension/run/encoded/kodim02_4f4b74a79237__stripes_16/QP37/baseline/kodim02_4f4b74a79237__stripes_16_QP37_baseline_enc.log,364a518c1b721ecc46ff4c23abab0912df60796e3e176c930976f06d2a3df123,False
kodim02.png,kodim02_4f4b74a79237__stripes_32,stripes,32,,22,521480,42.1648,47.8903,45.9414,44.6657,65185,1.3261922200520833,274.77996919999714,actual_encoder_input,444,results/vtm_content_partition_qp_extension/run/encoded/kodim02_4f4b74a79237__stripes_32/QP22/baseline/kodim02_4f4b74a79237__stripes_32_QP22_baseline_enc.log,941e4ad25b69fb72f78eaa1ac5b2567db9f11fea1c1ed3f70f363af7fc82b9b3,False
kodim02.png,kodim02_4f4b74a79237__stripes_32,stripes,32,,27,275168,38.4546,46.0726,43.5082,41.5074,34396,0.6997884114583334,225.51598880000165,actual_encoder_input,444,results/vtm_content_partition_four_qp/encoded/kodim02_4f4b74a79237__stripes_32/QP27/baseline/kodim02_4f4b74a79237__stripes_32_QP27_baseline_enc.log,d39b70db2c4fbd101f6eab3ab38ee455a6958d12323bd470ee3f1fa374f0716f,True
kodim02.png,kodim02_4f4b74a79237__stripes_32,stripes,32,,32,129480,35.2156,44.2704,41.0797,38.5771,16185,0.32928466796875,128.5704537999991,actual_encoder_input,444,results/vtm_content_partition_study/run/encoded/kodim02_4f4b74a79237__stripes_32/QP32/baseline/kodim02_4f4b74a79237__stripes_32_QP32_baseline_enc.log,2e2272dc3df6859ff195ca1a50d76905c57b8cd2623f15715b31c2a0e99ead27,False
kodim02.png,kodim02_4f4b74a79237__stripes_32,stripes,32,,37,55176,32.5213,42.6087,38.619,36.0098,6897,0.14031982421875,67.97143440000218,actual_encoder_input,444,results/vtm_content_partition_qp_extension/run/encoded/kodim02_4f4b74a79237__stripes_32/QP37/baseline/kodim02_4f4b74a79237__stripes_32_QP37_baseline_enc.log,0122d457ad94329922d4617103f4f9ac57c5ff2cbfc9e7ece54dccdac04b537d,False
kodim02.png,kodim02_4f4b74a79237__stripes_8,stripes,8,,22,485928,42.162,49.8819,46.0983,44.9658,60741,1.23577880859375,278.4186478999982,actual_encoder_input,444,results/vtm_content_partition_qp_extension/run/encoded/kodim02_4f4b74a79237__stripes_8/QP22/baseline/kodim02_4f4b74a79237__stripes_8_QP22_baseline_enc.log,db2443925731bbc05f99808054d3989e05eb5ad75f2ecbaf7fc033ec26b582ab,False
kodim02.png,kodim02_4f4b74a79237__stripes_8,stripes,8,,27,257888,38.5214,48.5128,43.7087,41.8218,32236,0.6558430989583334,220.2571597999995,actual_encoder_input,444,results/vtm_content_partition_four_qp/encoded/kodim02_4f4b74a79237__stripes_8/QP27/baseline/kodim02_4f4b74a79237__stripes_8_QP27_baseline_enc.log,506ca13e2426149f580d0d3a4c04719cc0a6c5e431d30b4c67fdd85bf75f141f,True
kodim02.png,kodim02_4f4b74a79237__stripes_8,stripes,8,,32,121688,35.339,46.7372,41.2572,38.8768,15211,0.3094685872395833,123.84886410000036,actual_encoder_input,444,results/vtm_content_partition_study/run/encoded/kodim02_4f4b74a79237__stripes_8/QP32/baseline/kodim02_4f4b74a79237__stripes_8_QP32_baseline_enc.log,af5fa29174d094f7750bd7d25a9e2cb32f80e86541fbafce87180792f0edd8d2,False
kodim02.png,kodim02_4f4b74a79237__stripes_8,stripes,8,,37,50608,32.6437,44.9462,38.7512,36.2625,6326,0.12870279947916666,65.3057570000019,actual_encoder_input,444,results/vtm_content_partition_qp_extension/run/encoded/kodim02_4f4b74a79237__stripes_8/QP37/baseline/kodim02_4f4b74a79237__stripes_8_QP37_baseline_enc.log,cbd749a6aa8bb054406867f9f305bdc55fa8a3bb760b808d811c22643787de33,False
kodim03.png,kodim03_e25ca1ff2f0c__awgn_15_seed-20260811,awgn,15,20260811,22,1293816,41.3756,48.2818,48.3572,44.6724,161727,3.29034423828125,180.76303850000113,actual_encoder_input,444,results/vtm_content_partition_task2_completion/run/encoded/kodim03_e25ca1ff2f0c__awgn_15_seed-20260811/QP22/baseline/kodim03_e25ca1ff2f0c__awgn_15_seed-20260811_QP22_baseline_enc.log,4a0518d86db0bd2b1533110430d3f25cab7523db0f03a234af709d82aaf08466,False
kodim03.png,kodim03_e25ca1ff2f0c__awgn_15_seed-20260811,awgn,15,20260811,27,918480,36.4223,46.4601,46.432,40.4057,114810,2.3358154296875,290.0516411999997,actual_encoder_input,444,results/vtm_content_partition_four_qp/encoded/kodim03_e25ca1ff2f0c__awgn_15_seed-20260811/QP27/baseline/kodim03_e25ca1ff2f0c__awgn_15_seed-20260811_QP27_baseline_enc.log,96d68537d7d06ff3dabec84db826fec93d6fa6fd1e8ea90c8d3364eeafecf7a4,True
kodim03.png,kodim03_e25ca1ff2f0c__awgn_15_seed-20260811,awgn,15,20260811,32,565136,31.3984,44.648,44.5214,35.7713,70642,1.4372151692708333,141.8446124999973,actual_encoder_input,444,results/vtm_content_partition_task2_completion/run/encoded/kodim03_e25ca1ff2f0c__awgn_15_seed-20260811/QP32/baseline/kodim03_e25ca1ff2f0c__awgn_15_seed-20260811_QP32_baseline_enc.log,6b65e55d1074bac80a624728038e69155d7644e8ff7df079ed140581f2ddb5c6,False
kodim03.png,kodim03_e25ca1ff2f0c__awgn_15_seed-20260811,awgn,15,20260811,37,138080,25.4718,43.227,42.5703,30.0883,17260,0.3511555989583333,97.51606159999938,actual_encoder_input,444,results/vtm_content_partition_task2_completion/run/encoded/kodim03_e25ca1ff2f0c__awgn_15_seed-20260811/QP37/baseline/kodim03_e25ca1ff2f0c__awgn_15_seed-20260811_QP37_baseline_enc.log,8054cb14355e40621626df40dead0aade1fc62589e6819c2750241add079e2f2,False
kodim03.png,kodim03_e25ca1ff2f0c__awgn_30_seed-20260811,awgn,30,20260811,22,1744264,41.2947,46.2418,46.8918,44.0364,218033,4.435892740885417,222.0142631000017,actual_encoder_input,444,results/vtm_content_partition_task2_completion/run/encoded/kodim03_e25ca1ff2f0c__awgn_30_seed-20260811/QP22/baseline/kodim03_e25ca1ff2f0c__awgn_30_seed-20260811_QP22_baseline_enc.log,13b5e9c7768568f3fed5c38f9eee0366e10b2e95195bdbee85ee846f082ccf74,False
kodim03.png,kodim03_e25ca1ff2f0c__awgn_30_seed-20260811,awgn,30,20260811,27,1314536,36.3974,42.8337,44.2119,39.7304,164317,3.3430379231770835,322.69647690000056,actual_encoder_input,444,results/vtm_content_partition_four_qp/encoded/kodim03_e25ca1ff2f0c__awgn_30_seed-20260811/QP27/baseline/kodim03_e25ca1ff2f0c__awgn_30_seed-20260811_QP27_baseline_enc.log,a2cc825fcc8a8316dce6fc8b544d30e32b6f3cf91c3b1b37ff73931186c7ba77,True
kodim03.png,kodim03_e25ca1ff2f0c__awgn_30_seed-20260811,awgn,30,20260811,32,939816,31.4528,41.2246,42.2042,35.4703,117477,2.39007568359375,170.6445649999987,actual_encoder_input,444,results/vtm_content_partition_task2_completion/run/encoded/kodim03_e25ca1ff2f0c__awgn_30_seed-20260811/QP32/baseline/kodim03_e25ca1ff2f0c__awgn_30_seed-20260811_QP32_baseline_enc.log,2ced4024764019657964cc1da09b3ffb7b3ccc7c8a2560afa159c770865abb53,False
kodim03.png,kodim03_e25ca1ff2f0c__awgn_30_seed-20260811,awgn,30,20260811,37,584968,26.3671,39.7237,40.679,30.7912,73121,1.4876505533854167,147.35295190000033,actual_encoder_input,444,results/vtm_content_partition_task2_completion/run/encoded/kodim03_e25ca1ff2f0c__awgn_30_seed-20260811/QP37/baseline/kodim03_e25ca1ff2f0c__awgn_30_seed-20260811_QP37_baseline_enc.log,5ad28ecdc3943067a8a359ee7f3dbf34416c05854745e6d614e2a75d7e89caf3,False
kodim03.png,kodim03_e25ca1ff2f0c__awgn_5_seed-20260811,awgn,5,20260811,22,755744,41.5561,50.6286,48.9949,45.174,94468,1.9219563802083333,136.80070859999978,actual_encoder_input,444,results/vtm_content_partition_task2_completion/run/encoded/kodim03_e25ca1ff2f0c__awgn_5_seed-20260811/QP22/baseline/kodim03_e25ca1ff2f0c__awgn_5_seed-20260811_QP22_baseline_enc.log,f2a7db52b20f391f3c68bb762ddbdaf84de083b8b0b9d65944a1e89f3108bdd6,False
kodim03.png,kodim03_e25ca1ff2f0c__awgn_5_seed-20260811,awgn,5,20260811,27,340480,35.9517,48.6827,47.1283,40.1937,42560,0.8658854166666666,241.38726889999816,actual_encoder_input,444,results/vtm_content_partition_four_qp/encoded/kodim03_e25ca1ff2f0c__awgn_5_seed-20260811/QP27/baseline/kodim03_e25ca1ff2f0c__awgn_5_seed-20260811_QP27_baseline_enc.log,aded0730b95a5ab57a836d81531b8ca97b208fac8c00e90db7ebd7e57717e366,True
kodim03.png,kodim03_e25ca1ff2f0c__awgn_5_seed-20260811,awgn,5,20260811,32,98672,32.9642,46.9869,45.4421,37.3368,12334,0.2509358723958333,58.75706540000101,actual_encoder_input,444,results/vtm_content_partition_task2_completion/run/encoded/kodim03_e25ca1ff2f0c__awgn_5_seed-20260811/QP32/baseline/kodim03_e25ca1ff2f0c__awgn_5_seed-20260811_QP32_baseline_enc.log,d324a5935de81d75903be89711f580958e97e15728b472d366eb4433866ca06a,False
kodim03.png,kodim03_e25ca1ff2f0c__awgn_5_seed-20260811,awgn,5,20260811,37,45464,31.4267,45.0416,43.2983,35.7506,5683,0.11562093098958333,30.03540019999855,actual_encoder_input,444,results/vtm_content_partition_task2_completion/run/encoded/kodim03_e25ca1ff2f0c__awgn_5_seed-20260811/QP37/baseline/kodim03_e25ca1ff2f0c__awgn_5_seed-20260811_QP37_baseline_enc.log,a127c3b97878ed836b067adff3fd42959a929cbe2dbb5320f836f401f41f04e3,False
kodim03.png,kodim03_e25ca1ff2f0c__clean_0,clean,0,,22,284368,44.1275,50.8275,48.9881,47.0226,35546,0.7231852213541666,149.28786080000282,actual_encoder_input,444,results/vtm_content_partition_study/run/encoded/kodim03_e25ca1ff2f0c__clean_0/QP22/baseline/kodim03_e25ca1ff2f0c__clean_0_QP22_baseline_enc.log,67b87aa854306a8ae9a6a78ceaab55d7b9a06474a9c7c4c4821dd0e37b6ffe60,False
kodim03.png,kodim03_e25ca1ff2f0c__clean_0,clean,0,,27,163744,40.866,49.0304,47.266,44.2331,20468,0.4164225260416667,104.36258519999683,actual_encoder_input,444,results/vtm_content_partition_study/run/encoded/kodim03_e25ca1ff2f0c__clean_0/QP27/baseline/kodim03_e25ca1ff2f0c__clean_0_QP27_baseline_enc.log,25735fedc800fd6a26a4ea35519f25921f5bc57db5bdf3f7edf1069eb0757538,False
kodim03.png,kodim03_e25ca1ff2f0c__clean_0,clean,0,,32,88624,37.6231,47.0273,45.3979,41.3167,11078,0.22538248697916666,70.42575379999835,actual_encoder_input,444,results/vtm_content_partition_study/run/encoded/kodim03_e25ca1ff2f0c__clean_0/QP32/baseline/kodim03_e25ca1ff2f0c__clean_0_QP32_baseline_enc.log,d0acab656fad1c56de1b40922c09e0fe92919354c51e5b287f6e5373fb4f6079,False
kodim03.png,kodim03_e25ca1ff2f0c__clean_0,clean,0,,37,43152,34.3625,45.0457,43.1678,38.2804,5394,0.1097412109375,43.44278829999894,actual_encoder_input,444,results/vtm_content_partition_study/run/encoded/kodim03_e25ca1ff2f0c__clean_0/QP37/baseline/kodim03_e25ca1ff2f0c__clean_0_QP37_baseline_enc.log,d84fdcfc925a906ea524e58be89de14f2716650dab257e217d76a8de7ab8a4dc,False
kodim03.png,kodim03_e25ca1ff2f0c__stripes_16,stripes,16,,22,319464,44.044,50.4596,48.8794,46.8932,39933,0.81243896484375,84.19153269999879,actual_encoder_input,444,results/vtm_content_partition_task2_completion/run/encoded/kodim03_e25ca1ff2f0c__stripes_16/QP22/baseline/kodim03_e25ca1ff2f0c__stripes_16_QP22_baseline_enc.log,f49ee8bff0551cbc302cda643c062752b617bb48994ccd06dbbfb742d04baeb3,False
kodim03.png,kodim03_e25ca1ff2f0c__stripes_16,stripes,16,,27,190368,40.7532,48.4744,47.1784,44.0732,23796,0.484130859375,129.30592650000108,actual_encoder_input,444,results/vtm_content_partition_four_qp/encoded/kodim03_e25ca1ff2f0c__stripes_16/QP27/baseline/kodim03_e25ca1ff2f0c__stripes_16_QP27_baseline_enc.log,b7fa8b7004b8789d5a17bda737c8493dd37a318157c2838f54966b1096c76c0e,True
kodim03.png,kodim03_e25ca1ff2f0c__stripes_16,stripes,16,,32,106968,37.4169,46.2968,45.2876,41.0731,13371,0.27203369140625,43.53762300000017,actual_encoder_input,444,results/vtm_content_partition_task2_completion/run/encoded/kodim03_e25ca1ff2f0c__stripes_16/QP32/baseline/kodim03_e25ca1ff2f0c__stripes_16_QP32_baseline_enc.log,54f9e71c279734e110592628d8f85ee585c0d4a6141ca780ee7cce933768fe8d,False
kodim03.png,kodim03_e25ca1ff2f0c__stripes_16,stripes,16,,37,55528,34.1261,43.9892,43.0369,37.9922,6941,0.14121500651041666,27.00417010000092,actual_encoder_input,444,results/vtm_content_partition_task2_completion/run/encoded/kodim03_e25ca1ff2f0c__stripes_16/QP37/baseline/kodim03_e25ca1ff2f0c__stripes_16_QP37_baseline_enc.log,ccf430429970a5dae332dbcf63ad77e0f773d5fada961bab3f520baad9431ffc,False
kodim03.png,kodim03_e25ca1ff2f0c__stripes_32,stripes,32,,22,339984,43.9954,50.0037,48.7656,46.7688,42498,0.8646240234375,96.97794889999932,actual_encoder_input,444,results/vtm_content_partition_task2_completion/run/encoded/kodim03_e25ca1ff2f0c__stripes_32/QP22/baseline/kodim03_e25ca1ff2f0c__stripes_32_QP22_baseline_enc.log,c4a8d138d4b52a14bc35368183ace7ccb008ee7450611ecd485d342efba4451e,False
kodim03.png,kodim03_e25ca1ff2f0c__stripes_32,stripes,32,,27,203336,40.6957,47.7281,46.9736,43.9024,25417,0.5171101888020834,130.0352673999987,actual_encoder_input,444,results/vtm_content_partition_four_qp/encoded/kodim03_e25ca1ff2f0c__stripes_32/QP27/baseline/kodim03_e25ca1ff2f0c__stripes_32_QP27_baseline_enc.log,68655ce74566fe2d61f36d813ed0149346004c1274c433f398a892184e66b17b,True
kodim03.png,kodim03_e25ca1ff2f0c__stripes_32,stripes,32,,32,115720,37.3439,45.4383,45.0156,40.8896,14465,0.2942911783854167,45.5554607999984,actual_encoder_input,444,results/vtm_content_partition_task2_completion/run/encoded/kodim03_e25ca1ff2f0c__stripes_32/QP32/baseline/kodim03_e25ca1ff2f0c__stripes_32_QP32_baseline_enc.log,7dc6e7dcfca75d45b8a9b3b014cffdb7786d0cd076657c6d8fee32d87ff42bdb,False
kodim03.png,kodim03_e25ca1ff2f0c__stripes_32,stripes,32,,37,60760,33.9882,43.0348,42.8484,37.7745,7595,0.15452067057291666,28.221539099999063,actual_encoder_input,444,results/vtm_content_partition_task2_completion/run/encoded/kodim03_e25ca1ff2f0c__stripes_32/QP37/baseline/kodim03_e25ca1ff2f0c__stripes_32_QP37_baseline_enc.log,6c3bc1e0bf7967bfdf2af8528377547d9e21512742b9a6464a9f745d372f0881,False
kodim03.png,kodim03_e25ca1ff2f0c__stripes_8,stripes,8,,22,325880,44.118,50.9305,49.2145,47.0776,40735,0.8287556966145834,117.02680450000116,actual_encoder_input,444,results/vtm_content_partition_task2_completion/run/encoded/kodim03_e25ca1ff2f0c__stripes_8/QP22/baseline/kodim03_e25ca1ff2f0c__stripes_8_QP22_baseline_enc.log,8c247a9dc079a27338c7163e80c4af776b1d78840282fc27cf246499a857fa37,False
kodim03.png,kodim03_e25ca1ff2f0c__stripes_8,stripes,8,,27,192352,41.0002,48.9457,47.4708,44.3541,24044,0.4891764322916667,130.63308469999902,actual_encoder_input,444,results/vtm_content_partition_four_qp/encoded/kodim03_e25ca1ff2f0c__stripes_8/QP27/baseline/kodim03_e25ca1ff2f0c__stripes_8_QP27_baseline_enc.log,2009913c6d4d5045b0ec451c20c66f403546ccceedb2facf9309f037089c4462,True
kodim03.png,kodim03_e25ca1ff2f0c__stripes_8,stripes,8,,32,107104,37.7565,46.9109,45.5415,41.4285,13388,0.2723795572916667,43.72714730000007,actual_encoder_input,444,results/vtm_content_partition_task2_completion/run/encoded/kodim03_e25ca1ff2f0c__stripes_8/QP32/baseline/kodim03_e25ca1ff2f0c__stripes_8_QP32_baseline_enc.log,aecc1c14bc8df89db03d752f63294b3babcff2a2a7f18175e8360d859bcf009f,False
kodim03.png,kodim03_e25ca1ff2f0c__stripes_8,stripes,8,,37,54544,34.4812,44.7345,43.2953,38.3685,6818,0.13871256510416666,27.174703299999237,actual_encoder_input,444,results/vtm_content_partition_task2_completion/run/encoded/kodim03_e25ca1ff2f0c__stripes_8/QP37/baseline/kodim03_e25ca1ff2f0c__stripes_8_QP37_baseline_enc.log,b55f3d38f3e5f724da0cc5048ce9d496ded682638bfc20470e26b66d28b90d03,False
kodim04.png,kodim04_e3b946107c5d__awgn_15_seed-20260811,awgn,15,20260811,22,1350296,41.3748,50.2833,45.9344,44.4477,168787,3.4339803059895835,311.4394547999982,actual_encoder_input,444,results/vtm_content_partition_qp_extension/run/encoded/kodim04_e3b946107c5d__awgn_15_seed-20260811/QP22/baseline/kodim04_e3b946107c5d__awgn_15_seed-20260811_QP22_baseline_enc.log,a30225043659e444ca4114915dfe42277d092a500d70e7edb0a95c6e69e40877,False
kodim04.png,kodim04_e3b946107c5d__awgn_15_seed-20260811,awgn,15,20260811,27,959176,36.4262,48.8053,43.4641,40.2088,119897,2.4393107096354165,301.9948508999987,actual_encoder_input,444,results/vtm_content_partition_four_qp/encoded/kodim04_e3b946107c5d__awgn_15_seed-20260811/QP27/baseline/kodim04_e3b946107c5d__awgn_15_seed-20260811_QP27_baseline_enc.log,301188a5c6d7ef94d66b048e3a20d455daf43ef13f3fe7902e4bca2d31f6ed00,True
kodim04.png,kodim04_e3b946107c5d__awgn_15_seed-20260811,awgn,15,20260811,32,595352,31.3978,47.4181,40.9136,35.6122,74419,1.5140584309895833,236.86462259999826,actual_encoder_input,444,results/vtm_content_partition_study/run/encoded/kodim04_e3b946107c5d__awgn_15_seed-20260811/QP32/baseline/kodim04_e3b946107c5d__awgn_15_seed-20260811_QP32_baseline_enc.log,15f3a493d7d3615a57d412530fa5af90f51f42b7d92fb3922f06aa0d1bc4fb69,False
kodim04.png,kodim04_e3b946107c5d__awgn_15_seed-20260811,awgn,15,20260811,37,168472,25.5079,45.7657,38.5773,30.0312,21059,0.4284464518229167,180.206494500002,actual_encoder_input,444,results/vtm_content_partition_qp_extension/run/encoded/kodim04_e3b946107c5d__awgn_15_seed-20260811/QP37/baseline/kodim04_e3b946107c5d__awgn_15_seed-20260811_QP37_baseline_enc.log,10e60e905ddf58f4ad7716b0c81b8f6e3eff0d00d32cf9c6594ce38c3945b084,False
kodim04.png,kodim04_e3b946107c5d__awgn_30_seed-20260811,awgn,30,20260811,22,1789088,41.2753,47.9545,44.2252,43.6866,223636,4.549886067708333,321.0554396000007,actual_encoder_input,444,results/vtm_content_partition_qp_extension/run/encoded/kodim04_e3b946107c5d__awgn_30_seed-20260811/QP22/baseline/kodim04_e3b946107c5d__awgn_30_seed-20260811_QP22_baseline_enc.log,bceaef0547feca7d286fc478150a6f6e737f7ac1624a5bfaa60d490dfbd08bc8,False
kodim04.png,kodim04_e3b946107c5d__awgn_30_seed-20260811,awgn,30,20260811,27,1352544,36.377,46.5169,40.9873,39.5563,169068,3.439697265625,347.19600229999924,actual_encoder_input,444,results/vtm_content_partition_four_qp/encoded/kodim04_e3b946107c5d__awgn_30_seed-20260811/QP27/baseline/kodim04_e3b946107c5d__awgn_30_seed-20260811_QP27_baseline_enc.log,feded0b304fd6d351718a93373c46364c47de3b418c629339b4a66c904fe9917,True
kodim04.png,kodim04_e3b946107c5d__awgn_30_seed-20260811,awgn,30,20260811,32,953072,31.4207,45.1586,38.2489,35.2233,119134,2.4237874348958335,259.1613576000018,actual_encoder_input,444,results/vtm_content_partition_study/run/encoded/kodim04_e3b946107c5d__awgn_30_seed-20260811/QP32/baseline/kodim04_e3b946107c5d__awgn_30_seed-20260811_QP32_baseline_enc.log,9fcec5374022357b9c5e1ed0434914122067fc3fcc67fb516731ab17a2e3a139,False
kodim04.png,kodim04_e3b946107c5d__awgn_30_seed-20260811,awgn,30,20260811,37,592232,26.3594,43.9387,36.5325,30.6635,74029,1.5061238606770833,227.15760020000016,actual_encoder_input,444,results/vtm_content_partition_qp_extension/run/encoded/kodim04_e3b946107c5d__awgn_30_seed-20260811/QP37/baseline/kodim04_e3b946107c5d__awgn_30_seed-20260811_QP37_baseline_enc.log,b477d231b40758f51b84735c997d5515232e68b970b26d6ba387221c38d7b6df,False
kodim04.png,kodim04_e3b946107c5d__awgn_5_seed-20260811,awgn,5,20260811,22,852784,41.4162,50.9688,46.393,44.6378,106598,2.1687418619791665,285.31043579999823,actual_encoder_input,444,results/vtm_content_partition_qp_extension/run/encoded/kodim04_e3b946107c5d__awgn_5_seed-20260811/QP22/baseline/kodim04_e3b946107c5d__awgn_5_seed-20260811_QP22_baseline_enc.log,574873f33f95fb4d0ccee54f9088608b09b4b49079c2978c71a49acbe95ebb5b,False
kodim04.png,kodim04_e3b946107c5d__awgn_5_seed-20260811,awgn,5,20260811,27,440088,35.9873,49.5233,43.9504,39.9517,55011,1.11920166015625,264.4315045000003,actual_encoder_input,444,results/vtm_content_partition_four_qp/encoded/kodim04_e3b946107c5d__awgn_5_seed-20260811/QP27/baseline/kodim04_e3b946107c5d__awgn_5_seed-20260811_QP27_baseline_enc.log,cc5bb4630ea5b8e9d555dcebdb8f9abfd55a9cedcf6b033fdb59e13bcf14ffa9,True
kodim04.png,kodim04_e3b946107c5d__awgn_5_seed-20260811,awgn,5,20260811,32,144008,32.3478,48.1667,41.635,36.5346,18001,0.3662312825520833,144.60597509999934,actual_encoder_input,444,results/vtm_content_partition_study/run/encoded/kodim04_e3b946107c5d__awgn_5_seed-20260811/QP32/baseline/kodim04_e3b946107c5d__awgn_5_seed-20260811_QP32_baseline_enc.log,14d40a0638917577699776fc4fea269695c3be700bfdfac1649eee01aa44a10d,False
kodim04.png,kodim04_e3b946107c5d__awgn_5_seed-20260811,awgn,5,20260811,37,58840,30.4487,46.4225,39.2793,34.5897,7355,0.14963785807291666,72.06808640000236,actual_encoder_input,444,results/vtm_content_partition_qp_extension/run/encoded/kodim04_e3b946107c5d__awgn_5_seed-20260811/QP37/baseline/kodim04_e3b946107c5d__awgn_5_seed-20260811_QP37_baseline_enc.log,20a6ce059e747110bc99ebcc1860d878d7cf186a2804931925c7b2b8df9c55da,False
kodim04.png,kodim04_e3b946107c5d__clean_0,clean,0,,22,476744,42.328,51.0882,46.5028,45.2938,59593,1.2124226888020833,226.91146939999817,actual_encoder_input,444,results/vtm_content_partition_study/run/encoded/kodim04_e3b946107c5d__clean_0/QP22/baseline/kodim04_e3b946107c5d__clean_0_QP22_baseline_enc.log,64a4c0b95fae9d35d394b5d317c73d71c511a9af5a0bab069b2f229775f14ffd,False
kodim04.png,kodim04_e3b946107c5d__clean_0,clean,0,,27,256704,38.6789,49.6923,44.0985,42.0946,32088,0.65283203125,158.29451939999853,actual_encoder_input,444,results/vtm_content_partition_study/run/encoded/kodim04_e3b946107c5d__clean_0/QP27/baseline/kodim04_e3b946107c5d__clean_0_QP27_baseline_enc.log,d3db952d5419c77af5dfc51665126aadff91908f5ef226169fb4fb686dd535cd,False
kodim04.png,kodim04_e3b946107c5d__clean_0,clean,0,,32,126112,35.4291,48.2086,41.7948,39.1159,15764,0.3207194010416667,110.19368730000133,actual_encoder_input,444,results/vtm_content_partition_study/run/encoded/kodim04_e3b946107c5d__clean_0/QP32/baseline/kodim04_e3b946107c5d__clean_0_QP32_baseline_enc.log,5f10eec54caf366e2704a05db90adb7ee1ad68e798e351ab40fe7bebdf78c7d2,False
kodim04.png,kodim04_e3b946107c5d__clean_0,clean,0,,37,56464,32.5965,46.3868,39.2126,36.3649,7058,0.14359537760416666,62.48614689999886,actual_encoder_input,444,results/vtm_content_partition_study/run/encoded/kodim04_e3b946107c5d__clean_0/QP37/baseline/kodim04_e3b946107c5d__clean_0_QP37_baseline_enc.log,9d973040e3a9e4192ad38ca053b3ee1c163c126650be8fcbd322493d09d845ba,False
kodim04.png,kodim04_e3b946107c5d__stripes_16,stripes,16,,22,511232,42.2268,50.9481,46.4351,45.1976,63904,1.3001302083333333,222.55615509999916,actual_encoder_input,444,results/vtm_content_partition_qp_extension/run/encoded/kodim04_e3b946107c5d__stripes_16/QP22/baseline/kodim04_e3b946107c5d__stripes_16_QP22_baseline_enc.log,11c912f0492781aeaaac54defeadbeaed8ab8999729c7ee38d686d7dad5ce257,False
kodim04.png,kodim04_e3b946107c5d__stripes_16,stripes,16,,27,284872,38.5846,49.5034,43.9928,41.9925,35609,0.7244669596354166,184.5119298999998,actual_encoder_input,444,results/vtm_content_partition_four_qp/encoded/kodim04_e3b946107c5d__stripes_16/QP27/baseline/kodim04_e3b946107c5d__stripes_16_QP27_baseline_enc.log,063526291b97a1b141e62cfde8f2c2ad952f1b13b803aa8ffcc29483eb006178,True
kodim04.png,kodim04_e3b946107c5d__stripes_16,stripes,16,,32,144608,35.2582,47.9942,41.5582,38.9313,18076,0.3677571614583333,112.43224370000098,actual_encoder_input,444,results/vtm_content_partition_study/run/encoded/kodim04_e3b946107c5d__stripes_16/QP32/baseline/kodim04_e3b946107c5d__stripes_16_QP32_baseline_enc.log,89097c6de1543e93e19dd46afb1cae45dd44cdb71ae807a87b8b37233b1fa744,False
kodim04.png,kodim04_e3b946107c5d__stripes_16,stripes,16,,37,66192,32.3272,46.1116,38.8736,36.0833,8274,0.1683349609375,64.71846289999667,actual_encoder_input,444,results/vtm_content_partition_qp_extension/run/encoded/kodim04_e3b946107c5d__stripes_16/QP37/baseline/kodim04_e3b946107c5d__stripes_16_QP37_baseline_enc.log,b5cb0f364259dc21232848bf20720adbc3e4642f2fa83c862dac07648a8af31a,False
kodim04.png,kodim04_e3b946107c5d__stripes_32,stripes,32,,22,527184,42.1588,50.3282,46.241,45.0461,65898,1.3406982421875,223.26061749999644,actual_encoder_input,444,results/vtm_content_partition_qp_extension/run/encoded/kodim04_e3b946107c5d__stripes_32/QP22/baseline/kodim04_e3b946107c5d__stripes_32_QP22_baseline_enc.log,6c778d296f0c76a991ef93aa81863fc80741b137853e2f7a0aab85b27717c061,False
kodim04.png,kodim04_e3b946107c5d__stripes_32,stripes,32,,27,295952,38.5329,48.7395,43.708,41.8457,36994,0.7526448567708334,181.62663030000112,actual_encoder_input,444,results/vtm_content_partition_four_qp/encoded/kodim04_e3b946107c5d__stripes_32/QP27/baseline/kodim04_e3b946107c5d__stripes_32_QP27_baseline_enc.log,919c9ff8bb667948fe5dd9e6633a356715260d0928fd97e403e33928443ad534,True
kodim04.png,kodim04_e3b946107c5d__stripes_32,stripes,32,,32,150632,35.1725,47.2183,41.233,38.7705,18829,0.3830769856770833,111.4242710000035,actual_encoder_input,444,results/vtm_content_partition_study/run/encoded/kodim04_e3b946107c5d__stripes_32/QP32/baseline/kodim04_e3b946107c5d__stripes_32_QP32_baseline_enc.log,075b463b51a48b4938b9b2b5e2a804c107a410271ccad061308161ae45eb78c3,False
kodim04.png,kodim04_e3b946107c5d__stripes_32,stripes,32,,37,70984,32.2883,45.5873,38.6331,35.9915,8873,0.18052164713541666,65.33740709999984,actual_encoder_input,444,results/vtm_content_partition_qp_extension/run/encoded/kodim04_e3b946107c5d__stripes_32/QP37/baseline/kodim04_e3b946107c5d__stripes_32_QP37_baseline_enc.log,7ba3184ee5a93c68daf7196846b93f55cfe2283c3a655787588b3ae4dac2ee9c,False
kodim04.png,kodim04_e3b946107c5d__stripes_8,stripes,8,,22,497536,42.2322,51.0737,46.444,45.2144,62192,1.2652994791666667,223.4543451999998,actual_encoder_input,444,results/vtm_content_partition_qp_extension/run/encoded/kodim04_e3b946107c5d__stripes_8/QP22/baseline/kodim04_e3b946107c5d__stripes_8_QP22_baseline_enc.log,10ea045916e327f0c521597799b4f0fc229de5de39d9f4c1ce721e9e7a72424f,False
kodim04.png,kodim04_e3b946107c5d__stripes_8,stripes,8,,27,274056,38.6058,49.5197,44.0506,42.0211,34257,0.69696044921875,185.27341840000008,actual_encoder_input,444,results/vtm_content_partition_four_qp/encoded/kodim04_e3b946107c5d__stripes_8/QP27/baseline/kodim04_e3b946107c5d__stripes_8_QP27_baseline_enc.log,25d390733e7811520227a0fe9cb78a42678e303f1b72a84dcc0795cf5fffb458,True
kodim04.png,kodim04_e3b946107c5d__stripes_8,stripes,8,,32,137232,35.2938,48.0591,41.5981,38.9689,17154,0.3489990234375,110.45204229999945,actual_encoder_input,444,results/vtm_content_partition_study/run/encoded/kodim04_e3b946107c5d__stripes_8/QP32/baseline/kodim04_e3b946107c5d__stripes_8_QP32_baseline_enc.log,afecdebe04222aaec35860a339acd3cf545e372f89773a93ede762b20bba267e,False
kodim04.png,kodim04_e3b946107c5d__stripes_8,stripes,8,,37,62848,32.4367,46.0045,39.053,36.1976,7856,0.15983072916666666,65.20442919999914,actual_encoder_input,444,results/vtm_content_partition_qp_extension/run/encoded/kodim04_e3b946107c5d__stripes_8/QP37/baseline/kodim04_e3b946107c5d__stripes_8_QP37_baseline_enc.log,ecde725e4c4f209382dd3080a752cc1003a46aa3b64d4ffb1af32ef9e6086aa1,False
kodim05.png,kodim05_10349e963c5c__awgn_15_seed-20260811,awgn,15,20260811,22,1512512,41.5124,46.3093,45.2811,43.8501,189064,3.8465169270833335,217.16968240000278,actual_encoder_input,444,results/vtm_content_partition_task2_completion/run/encoded/kodim05_10349e963c5c__awgn_15_seed-20260811/QP22/baseline/kodim05_10349e963c5c__awgn_15_seed-20260811_QP22_baseline_enc.log,39f0ba9a8159c0a72353b6c5117d5ea5b411f095be5701b1e40fd291fca45884,False
kodim05.png,kodim05_10349e963c5c__awgn_15_seed-20260811,awgn,15,20260811,27,1097248,36.5673,43.967,43.0924,39.8631,137156,2.7904459635416665,316.19175769999856,actual_encoder_input,444,results/vtm_content_partition_four_qp/encoded/kodim05_10349e963c5c__awgn_15_seed-20260811/QP27/baseline/kodim05_10349e963c5c__awgn_15_seed-20260811_QP27_baseline_enc.log,0a23ec2497b1b9ab26783262f811f3d879c6d261dce45ecef5a52d3690b1c764,True
kodim05.png,kodim05_10349e963c5c__awgn_15_seed-20260811,awgn,15,20260811,32,722480,31.4985,41.9466,41.0003,35.4694,90310,1.8373616536458333,160.01677180000115,actual_encoder_input,444,results/vtm_content_partition_task2_completion/run/encoded/kodim05_10349e963c5c__awgn_15_seed-20260811/QP32/baseline/kodim05_10349e963c5c__awgn_15_seed-20260811_QP32_baseline_enc.log,2b297c223c866f869eee1334bb7ee07a03b6b0212bc5205a371da7d5c397bcd8,False
kodim05.png,kodim05_10349e963c5c__awgn_15_seed-20260811,awgn,15,20260811,37,302280,25.7294,39.637,38.7648,30.1249,37785,0.76873779296875,128.4866525999969,actual_encoder_input,444,results/vtm_content_partition_task2_completion/run/encoded/kodim05_10349e963c5c__awgn_15_seed-20260811/QP37/baseline/kodim05_10349e963c5c__awgn_15_seed-20260811_QP37_baseline_enc.log,f2126c57ba81f7bb696a7c046179906b55dc3b9c495b01c98cf80d28c02587a9,False
kodim05.png,kodim05_10349e963c5c__awgn_30_seed-20260811,awgn,30,20260811,22,1878088,41.5193,44.8414,43.9212,43.1931,234761,4.776224772135417,179.00401649999912,actual_encoder_input,444,results/vtm_content_partition_task2_completion/run/encoded/kodim05_10349e963c5c__awgn_30_seed-20260811/QP22/baseline/kodim05_10349e963c5c__awgn_30_seed-20260811_QP22_baseline_enc.log,aa7c004cf26035d3fee7d0c2cc0471595723b3d3a2e401e17b4f4abff2ec1524,False
kodim05.png,kodim05_10349e963c5c__awgn_30_seed-20260811,awgn,30,20260811,27,1418176,36.6208,42.268,41.4464,39.3464,177272,3.6066080729166665,351.16090509999776,actual_encoder_input,444,results/vtm_content_partition_four_qp/encoded/kodim05_10349e963c5c__awgn_30_seed-20260811/QP27/baseline/kodim05_10349e963c5c__awgn_30_seed-20260811_QP27_baseline_enc.log,bf67f2a527345dd0fb7f8e72451483950bee139abef1fd7f2975617ba7c63775,True
kodim05.png,kodim05_10349e963c5c__awgn_30_seed-20260811,awgn,30,20260811,32,1018808,31.623,40.2879,39.2812,35.2299,127351,2.5909627278645835,147.58797449999838,actual_encoder_input,444,results/vtm_content_partition_task2_completion/run/encoded/kodim05_10349e963c5c__awgn_30_seed-20260811/QP32/baseline/kodim05_10349e963c5c__awgn_30_seed-20260811_QP32_baseline_enc.log,d3eb0f8a42d1bfcfd52a55f3cd3ae1b3824d8440609914b61604711a190a4bb5,False
kodim05.png,kodim05_10349e963c5c__awgn_30_seed-20260811,awgn,30,20260811,37,657456,26.5426,38.5021,37.4403,30.7257,82182,1.6719970703125,128.65341210000042,actual_encoder_input,444,results/vtm_content_partition_task2_completion/run/encoded/kodim05_10349e963c5c__awgn_30_seed-20260811/QP37/baseline/kodim05_10349e963c5c__awgn_30_seed-20260811_QP37_baseline_enc.log,455245a8512ebfddd1a8baa0b44c1c429707f2bc7e766e1bff60162a6458a51c,False
kodim05.png,kodim05_10349e963c5c__awgn_5_seed-20260811,awgn,5,20260811,22,1118600,41.4473,46.9913,46.0993,44.1191,139825,2.8447469075520835,220.93844209999952,actual_encoder_input,444,results/vtm_content_partition_task2_completion/run/encoded/kodim05_10349e963c5c__awgn_5_seed-20260811/QP22/baseline/kodim05_10349e963c5c__awgn_5_seed-20260811_QP22_baseline_enc.log,4517e5117ea93e3872d493c0ca173795c790884f427573edad769d81357ac524,False
kodim05.png,kodim05_10349e963c5c__awgn_5_seed-20260811,awgn,5,20260811,27,688104,36.099,44.8004,43.9526,39.7349,86013,1.74993896484375,285.0216257000029,actual_encoder_input,444,results/vtm_content_partition_four_qp/encoded/kodim05_10349e963c5c__awgn_5_seed-20260811/QP27/baseline/kodim05_10349e963c5c__awgn_5_seed-20260811_QP27_baseline_enc.log,e0586ce018b0299b8febf38a9d35e5b27b8660efcae76415244e15b644873b05,True
kodim05.png,kodim05_10349e963c5c__awgn_5_seed-20260811,awgn,5,20260811,32,361216,32.0406,42.5793,41.6004,36.0236,45152,0.9186197916666666,143.18155430000115,actual_encoder_input,444,results/vtm_content_partition_task2_completion/run/encoded/kodim05_10349e963c5c__awgn_5_seed-20260811/QP32/baseline/kodim05_10349e963c5c__awgn_5_seed-20260811_QP32_baseline_enc.log,c5ace08eb947e2e1497f7cc9cc6d5484c561f5cbfd731170c850eee8db3837b0,False
kodim05.png,kodim05_10349e963c5c__awgn_5_seed-20260811,awgn,5,20260811,37,192224,28.8906,40.0268,39.0325,32.966,24028,0.4888509114583333,108.5403819000021,actual_encoder_input,444,results/vtm_content_partition_task2_completion/run/encoded/kodim05_10349e963c5c__awgn_5_seed-20260811/QP37/baseline/kodim05_10349e963c5c__awgn_5_seed-20260811_QP37_baseline_enc.log,7a44174c68537d05625b62624c3db538a2ff745fc3d91cae0e80a6743782b936,False
kodim05.png,kodim05_10349e963c5c__clean_0,clean,0,,22,853176,42.1472,47.385,46.3708,44.6717,106647,2.16973876953125,259.9120378000007,actual_encoder_input,444,results/vtm_content_partition_study/run/encoded/kodim05_10349e963c5c__clean_0/QP22/baseline/kodim05_10349e963c5c__clean_0_QP22_baseline_enc.log,930a142578bdf0ea352ef10b346aecfd1e53f88ba66c922c4c2cbcce11b4e8f5,False
kodim05.png,kodim05_10349e963c5c__clean_0,clean,0,,27,553368,37.9272,44.9554,44.0185,41.1021,69171,1.40728759765625,217.45971279999867,actual_encoder_input,444,results/vtm_content_partition_study/run/encoded/kodim05_10349e963c5c__clean_0/QP27/baseline/kodim05_10349e963c5c__clean_0_QP27_baseline_enc.log,577cd594fd04eabdc5726c36a070d4e41896bce73a586294722fd8e99bbe90a3,False
kodim05.png,kodim05_10349e963c5c__clean_0,clean,0,,32,335488,33.827,42.5639,41.5972,37.4559,41936,0.8531901041666666,181.89406210000016,actual_encoder_input,444,results/vtm_content_partition_study/run/encoded/kodim05_10349e963c5c__clean_0/QP32/baseline/kodim05_10349e963c5c__clean_0_QP32_baseline_enc.log,593e239403f824ad03e2ed153a21988b369878624a75c0402b6feea7b584b6f7,False
kodim05.png,kodim05_10349e963c5c__clean_0,clean,0,,37,187000,29.9846,40.0752,39.0337,33.8836,23375,0.4755655924479167,140.38585789999706,actual_encoder_input,444,results/vtm_content_partition_study/run/encoded/kodim05_10349e963c5c__clean_0/QP37/baseline/kodim05_10349e963c5c__clean_0_QP37_baseline_enc.log,76a86a9a3e015524cddffb9ba6cc2286973e4622df1ca8f415988dfec21e9375,False
kodim05.png,kodim05_10349e963c5c__stripes_16,stripes,16,,22,885880,42.103,47.1828,46.1878,44.5675,110735,2.2529093424479165,145.9425145999994,actual_encoder_input,444,results/vtm_content_partition_task2_completion/run/encoded/kodim05_10349e963c5c__stripes_16/QP22/baseline/kodim05_10349e963c5c__stripes_16_QP22_baseline_enc.log,6b9d4ef4d81de65cdcea0e817444ba35020f029bfbce774e1659049d8da818e0,False
kodim05.png,kodim05_10349e963c5c__stripes_16,stripes,16,,27,578912,37.861,44.7428,43.8456,40.9973,72364,1.4722493489583333,260.5559530999999,actual_encoder_input,444,results/vtm_content_partition_four_qp/encoded/kodim05_10349e963c5c__stripes_16/QP27/baseline/kodim05_10349e963c5c__stripes_16_QP27_baseline_enc.log,ea70f79ad4b66456089fe3905679dfa755aa4b60a85f77e92a810af0bd6c7c60,True
kodim05.png,kodim05_10349e963c5c__stripes_16,stripes,16,,32,353560,33.7416,42.3685,41.4667,37.3533,44195,0.8991495768229166,101.02737100000013,actual_encoder_input,444,results/vtm_content_partition_task2_completion/run/encoded/kodim05_10349e963c5c__stripes_16/QP32/baseline/kodim05_10349e963c5c__stripes_16_QP32_baseline_enc.log,f7612f29bbbfc253a46cc462f0054d6170c24024e2049dd9dfb2d91291d7e270,False
kodim05.png,kodim05_10349e963c5c__stripes_16,stripes,16,,37,198504,29.8811,39.8708,38.955,33.7745,24813,0.50482177734375,76.08808390000195,actual_encoder_input,444,results/vtm_content_partition_task2_completion/run/encoded/kodim05_10349e963c5c__stripes_16/QP37/baseline/kodim05_10349e963c5c__stripes_16_QP37_baseline_enc.log,d6230a99895d3d6628ad6356c997a688bc013fc29a0306b84169bc19334e7fb5,False
kodim05.png,kodim05_10349e963c5c__stripes_32,stripes,32,,22,922336,42.1168,46.8013,45.6657,44.3796,115292,2.3456217447916665,147.13142399999924,actual_encoder_input,444,results/vtm_content_partition_task2_completion/run/encoded/kodim05_10349e963c5c__stripes_32/QP22/baseline/kodim05_10349e963c5c__stripes_32_QP22_baseline_enc.log,184170a1ddcdb45fdc090e9ca474484ee6bc840c2b978de0a6c7d9a6f4f3a886,False
kodim05.png,kodim05_10349e963c5c__stripes_32,stripes,32,,27,602048,37.8335,44.3314,43.3393,40.8281,75256,1.5310872395833333,276.1442637,actual_encoder_input,444,results/vtm_content_partition_four_qp/encoded/kodim05_10349e963c5c__stripes_32/QP27/baseline/kodim05_10349e963c5c__stripes_32_QP27_baseline_enc.log,030817b3209e07e7c9c3fd1cfc76543920c0971b99e93d96fa63576c9fbc23db,True
kodim05.png,kodim05_10349e963c5c__stripes_32,stripes,32,,32,368832,33.689,41.9957,41.0239,37.2138,46104,0.93798828125,105.62287310000102,actual_encoder_input,444,results/vtm_content_partition_task2_completion/run/encoded/kodim05_10349e963c5c__stripes_32/QP32/baseline/kodim05_10349e963c5c__stripes_32_QP32_baseline_enc.log,7a1502111e8b742c34b7670120aef1ffe7a0a4b3a5c01f08de387ec8b1cc7f61,False
kodim05.png,kodim05_10349e963c5c__stripes_32,stripes,32,,37,208304,29.8132,39.548,38.5374,33.6486,26038,0.5297444661458334,80.12552569999752,actual_encoder_input,444,results/vtm_content_partition_task2_completion/run/encoded/kodim05_10349e963c5c__stripes_32/QP37/baseline/kodim05_10349e963c5c__stripes_32_QP37_baseline_enc.log,9712d89d500730cd9f532a6b67a70d7f14418a65d364503bf02d7231f27e8ec6,False
kodim05.png,kodim05_10349e963c5c__stripes_8,stripes,8,,22,867136,42.0876,47.2827,46.3286,44.6085,108392,2.2052408854166665,138.70967949999977,actual_encoder_input,444,results/vtm_content_partition_task2_completion/run/encoded/kodim05_10349e963c5c__stripes_8/QP22/baseline/kodim05_10349e963c5c__stripes_8_QP22_baseline_enc.log,dc412935c105c5ea37475dc885ac53a3d3905c36ba28acd1231c68acd62ea38e,False
kodim05.png,kodim05_10349e963c5c__stripes_8,stripes,8,,27,565464,37.8791,44.8765,43.9655,41.049,70683,1.43804931640625,255.7471953000022,actual_encoder_input,444,results/vtm_content_partition_four_qp/encoded/kodim05_10349e963c5c__stripes_8/QP27/baseline/kodim05_10349e963c5c__stripes_8_QP27_baseline_enc.log,79471b80d0f8d4dd534501606da00b23cd0952b859710d81b726eb4512fd0cdb,True
kodim05.png,kodim05_10349e963c5c__stripes_8,stripes,8,,32,343664,33.7721,42.4839,41.6286,37.4094,42958,0.8739827473958334,98.70320240000001,actual_encoder_input,444,results/vtm_content_partition_task2_completion/run/encoded/kodim05_10349e963c5c__stripes_8/QP32/baseline/kodim05_10349e963c5c__stripes_8_QP32_baseline_enc.log,d80c363ce2adb3891d0e74725de180b42b0cf16789bae39dc22c9e00a161aa70,False
kodim05.png,kodim05_10349e963c5c__stripes_8,stripes,8,,37,192920,29.9444,39.9784,39.0533,33.8449,24115,0.4906209309895833,74.25760530000116,actual_encoder_input,444,results/vtm_content_partition_task2_completion/run/encoded/kodim05_10349e963c5c__stripes_8/QP37/baseline/kodim05_10349e963c5c__stripes_8_QP37_baseline_enc.log,f1608a3cd26569970e991aead46c676fec91d24b47b960870cca267586e7c5de,False
kodim06.png,kodim06_363510303b71__awgn_15_seed-20260811,awgn,15,20260811,22,1374080,41.3946,46.7969,47.3207,44.28,171760,3.4944661458333335,185.67138550000163,actual_encoder_input,444,results/vtm_content_partition_task2_completion/run/encoded/kodim06_363510303b71__awgn_15_seed-20260811/QP22/baseline/kodim06_363510303b71__awgn_15_seed-20260811_QP22_baseline_enc.log,4fb380244aa9a71ac1e9847cfb1b926e0bafc5bd8629c54fd1e5d0a7e566307c,False
kodim06.png,kodim06_363510303b71__awgn_15_seed-20260811,awgn,15,20260811,27,971752,36.4903,43.9875,45.5289,40.113,121469,2.4712931315104165,307.1151439999994,actual_encoder_input,444,results/vtm_content_partition_four_qp/encoded/kodim06_363510303b71__awgn_15_seed-20260811/QP27/baseline/kodim06_363510303b71__awgn_15_seed-20260811_QP27_baseline_enc.log,162fb9f424c93eb5796b8837b340398bdcb5b1652613e05dabb58d7be6e22547,True
kodim06.png,kodim06_363510303b71__awgn_15_seed-20260811,awgn,15,20260811,32,618368,31.4467,42.6114,43.6251,35.6602,77296,1.5725911458333333,133.22947909999857,actual_encoder_input,444,results/vtm_content_partition_task2_completion/run/encoded/kodim06_363510303b71__awgn_15_seed-20260811/QP32/baseline/kodim06_363510303b71__awgn_15_seed-20260811_QP32_baseline_enc.log,220b97968d95a92c3bfd8f638c2c96ba2b80a6d9a26d519c3a009a05ed4bdb37,False
kodim06.png,kodim06_363510303b71__awgn_15_seed-20260811,awgn,15,20260811,37,223816,25.7798,41.8723,41.849,30.342,27977,0.5691935221354166,95.44071059999987,actual_encoder_input,444,results/vtm_content_partition_task2_completion/run/encoded/kodim06_363510303b71__awgn_15_seed-20260811/QP37/baseline/kodim06_363510303b71__awgn_15_seed-20260811_QP37_baseline_enc.log,88bab2ca286e41c8d44578f5af2e7707971add177fb31dc01d177bc894fa865d,False
kodim06.png,kodim06_363510303b71__awgn_30_seed-20260811,awgn,30,20260811,22,1753576,41.3292,45.8256,46.1528,43.8359,219197,4.459574381510417,235.7447831999998,actual_encoder_input,444,results/vtm_content_partition_task2_completion/run/encoded/kodim06_363510303b71__awgn_30_seed-20260811/QP22/baseline/kodim06_363510303b71__awgn_30_seed-20260811_QP22_baseline_enc.log,5fcf330d055b1923a33e6f8f18c6f1f101b79e2b37d4f7c842a3bb64b1aa3a62,False
kodim06.png,kodim06_363510303b71__awgn_30_seed-20260811,awgn,30,20260811,27,1335424,36.4747,42.6541,44.3038,39.7664,166928,3.3961588541666665,340.57542960000137,actual_encoder_input,444,results/vtm_content_partition_four_qp/encoded/kodim06_363510303b71__awgn_30_seed-20260811/QP27/baseline/kodim06_363510303b71__awgn_30_seed-20260811_QP27_baseline_enc.log,48a90e0dd732c6202995c89a651d2937bc9d71b91f908fb75ccb55cdea5e5721,True
kodim06.png,kodim06_363510303b71__awgn_30_seed-20260811,awgn,30,20260811,32,938640,31.509,39.5162,42.7211,35.3675,117330,2.3870849609375,187.72381060000043,actual_encoder_input,444,results/vtm_content_partition_task2_completion/run/encoded/kodim06_363510303b71__awgn_30_seed-20260811/QP32/baseline/kodim06_363510303b71__awgn_30_seed-20260811_QP32_baseline_enc.log,a8a95f85e9d90563cfbbc3cd1f9b24356e9dc8e2ba3e8d0759076e9d255ed44b,False
kodim06.png,kodim06_363510303b71__awgn_30_seed-20260811,awgn,30,20260811,37,591432,26.4432,38.5777,41.0438,30.817,73929,1.50408935546875,160.62048279999726,actual_encoder_input,444,results/vtm_content_partition_task2_completion/run/encoded/kodim06_363510303b71__awgn_30_seed-20260811/QP37/baseline/kodim06_363510303b71__awgn_30_seed-20260811_QP37_baseline_enc.log,e9a77b2927e753738301162038de14738b0ca27c9311d252dc7e68ba5c1185ef,False
kodim06.png,kodim06_363510303b71__awgn_5_seed-20260811,awgn,5,20260811,22,933376,41.4302,48.1679,47.8491,44.6177,116672,2.3736979166666665,151.56457690000025,actual_encoder_input,444,results/vtm_content_partition_task2_completion/run/encoded/kodim06_363510303b71__awgn_5_seed-20260811/QP22/baseline/kodim06_363510303b71__awgn_5_seed-20260811_QP22_baseline_enc.log,458eaf360b112d099f6882aa412b198a8ca12986baf27531e811c015d2000293,False
kodim06.png,kodim06_363510303b71__awgn_5_seed-20260811,awgn,5,20260811,27,546096,36.1495,46.7419,46.0978,40.1709,68262,1.3887939453125,256.15349320000314,actual_encoder_input,444,results/vtm_content_partition_four_qp/encoded/kodim06_363510303b71__awgn_5_seed-20260811/QP27/baseline/kodim06_363510303b71__awgn_5_seed-20260811_QP27_baseline_enc.log,55d8e1597b261537f1b7ba854944487a3946a86d5adc792168fc6d657f72151f,True
kodim06.png,kodim06_363510303b71__awgn_5_seed-20260811,awgn,5,20260811,32,256808,32.2006,45.303,44.2436,36.513,32101,0.6530965169270834,82.81810140000016,actual_encoder_input,444,results/vtm_content_partition_task2_completion/run/encoded/kodim06_363510303b71__awgn_5_seed-20260811/QP32/baseline/kodim06_363510303b71__awgn_5_seed-20260811_QP32_baseline_enc.log,53a14358e6d08cb24500348de5e998ee7c469f2cfd4eded6d8a452982e4bbcf1,False
kodim06.png,kodim06_363510303b71__awgn_5_seed-20260811,awgn,5,20260811,37,123032,29.3232,43.6665,42.2543,33.7293,15379,0.3128865559895833,51.56796609999947,actual_encoder_input,444,results/vtm_content_partition_task2_completion/run/encoded/kodim06_363510303b71__awgn_5_seed-20260811/QP37/baseline/kodim06_363510303b71__awgn_5_seed-20260811_QP37_baseline_enc.log,931f6dba6c88af6a423f80cfab5e1924953e670fc199e2492d32e50fd7db5cdd,False
kodim06.png,kodim06_363510303b71__clean_0,clean,0,,22,662480,42.2477,48.8517,47.9801,45.2995,82810,1.6847737630208333,242.41812990000108,actual_encoder_input,444,results/vtm_content_partition_study/run/encoded/kodim06_363510303b71__clean_0/QP22/baseline/kodim06_363510303b71__clean_0_QP22_baseline_enc.log,519c8ad77ba9098496fb18dbe257d3f38b934a742853fdfb7ca734e1a34e28df,False
kodim06.png,kodim06_363510303b71__clean_0,clean,0,,27,413360,38.063,47.236,46.1266,41.7718,51670,1.0512288411458333,177.81463630000144,actual_encoder_input,444,results/vtm_content_partition_study/run/encoded/kodim06_363510303b71__clean_0/QP27/baseline/kodim06_363510303b71__clean_0_QP27_baseline_enc.log,6ae64947b9f5c41bbf510e0bb3e9951d24dcfbcb48616b9690770bbf238e2d17,False
kodim06.png,kodim06_363510303b71__clean_0,clean,0,,32,235800,34.1163,45.6429,44.3376,38.2228,29475,0.59967041015625,134.24031419999665,actual_encoder_input,444,results/vtm_content_partition_study/run/encoded/kodim06_363510303b71__clean_0/QP32/baseline/kodim06_363510303b71__clean_0_QP32_baseline_enc.log,fb0f95caf29ca9b9278adc13f02729fb10d24b70a1135f487f82a5985f1e66b8,False
kodim06.png,kodim06_363510303b71__clean_0,clean,0,,37,117024,30.4685,44.0868,42.3591,34.7937,14628,0.297607421875,89.60666260000289,actual_encoder_input,444,results/vtm_content_partition_study/run/encoded/kodim06_363510303b71__clean_0/QP37/baseline/kodim06_363510303b71__clean_0_QP37_baseline_enc.log,f4a2ff01c27c5ad1f91ebe5e58d46c39a178f7fe9299b133fd9f93364a339f22,False
kodim06.png,kodim06_363510303b71__stripes_16,stripes,16,,22,674840,42.2005,48.6658,47.9302,45.2311,84355,1.7162068684895833,175.8564789000011,actual_encoder_input,444,results/vtm_content_partition_task2_completion/run/encoded/kodim06_363510303b71__stripes_16/QP22/baseline/kodim06_363510303b71__stripes_16_QP22_baseline_enc.log,f74411600b31503700b17c59b3625fa1bf4be6f410a16f521aa5d43dc8b7189e,False
kodim06.png,kodim06_363510303b71__stripes_16,stripes,16,,27,422168,37.9882,46.8858,46.0545,41.6705,52771,1.0736287434895833,205.9118133999982,actual_encoder_input,444,results/vtm_content_partition_four_qp/encoded/kodim06_363510303b71__stripes_16/QP27/baseline/kodim06_363510303b71__stripes_16_QP27_baseline_enc.log,63676a51cafaa7c712eaa542a07ede8719f67573f1c2d7841a5e5fe0eb1cbe26,True
kodim06.png,kodim06_363510303b71__stripes_16,stripes,16,,32,243288,34.074,45.0926,44.1656,38.1374,30411,0.61871337890625,100.8180377000026,actual_encoder_input,444,results/vtm_content_partition_task2_completion/run/encoded/kodim06_363510303b71__stripes_16/QP32/baseline/kodim06_363510303b71__stripes_16_QP32_baseline_enc.log,3abad0abb5e7b49a4ed4a0efae1b0cf9ca761b5a31ffcf13b1c1018f2251b67e,False
kodim06.png,kodim06_363510303b71__stripes_16,stripes,16,,37,121992,30.4445,43.2773,42.0229,34.7173,15249,0.31024169921875,64.82953819999966,actual_encoder_input,444,results/vtm_content_partition_task2_completion/run/encoded/kodim06_363510303b71__stripes_16/QP37/baseline/kodim06_363510303b71__stripes_16_QP37_baseline_enc.log,e2dded4cf896bb909e1a073d94dc62b0dc521f30685f9af28bc6494ead16ccd8,False
kodim06.png,kodim06_363510303b71__stripes_32,stripes,32,,22,686832,42.2131,48.4401,47.8783,45.1953,85854,1.7467041015625,175.05375619999904,actual_encoder_input,444,results/vtm_content_partition_task2_completion/run/encoded/kodim06_363510303b71__stripes_32/QP22/baseline/kodim06_363510303b71__stripes_32_QP22_baseline_enc.log,5e84855adb0a43acb3bd6fcfc32604f4cfdb89c7c0e4b4e6ce79f81dc0d1f139,False
kodim06.png,kodim06_363510303b71__stripes_32,stripes,32,,27,431776,37.9863,46.5188,45.9735,41.6209,53972,1.0980631510416667,205.20368980000057,actual_encoder_input,444,results/vtm_content_partition_four_qp/encoded/kodim06_363510303b71__stripes_32/QP27/baseline/kodim06_363510303b71__stripes_32_QP27_baseline_enc.log,8a420dcbc80309e75f5118e377e2f6fd3a71ec8d4c52d8d14de62a7c9acedc8f,True
kodim06.png,kodim06_363510303b71__stripes_32,stripes,32,,32,247616,34.0179,44.5089,43.9164,38.0275,30952,0.6297200520833334,99.9014294999979,actual_encoder_input,444,results/vtm_content_partition_task2_completion/run/encoded/kodim06_363510303b71__stripes_32/QP32/baseline/kodim06_363510303b71__stripes_32_QP32_baseline_enc.log,f3916d6547a62e88b44d0a9f9a7c6d0b04f3ac5ae7935ce3c58a007364a05105,False
kodim06.png,kodim06_363510303b71__stripes_32,stripes,32,,37,125776,30.3929,42.5581,41.8506,34.6247,15722,0.3198649088541667,63.23767130000124,actual_encoder_input,444,results/vtm_content_partition_task2_completion/run/encoded/kodim06_363510303b71__stripes_32/QP37/baseline/kodim06_363510303b71__stripes_32_QP37_baseline_enc.log,80f363d2175a3d34e02f83e7eaca0036e620c83ac70261766fbf616a28728a0a,False
kodim06.png,kodim06_363510303b71__stripes_8,stripes,8,,22,667880,42.1884,48.7478,47.9531,45.2394,83485,1.6985066731770833,170.7373630999973,actual_encoder_input,444,results/vtm_content_partition_task2_completion/run/encoded/kodim06_363510303b71__stripes_8/QP22/baseline/kodim06_363510303b71__stripes_8_QP22_baseline_enc.log,176684887f030766ce436970f60ec1e0cf4f71a9d52fb7b888546460b4b6efd6,False
kodim06.png,kodim06_363510303b71__stripes_8,stripes,8,,27,416800,37.9843,47.064,46.0948,41.6899,52100,1.0599772135416667,202.72194519999903,actual_encoder_input,444,results/vtm_content_partition_four_qp/encoded/kodim06_363510303b71__stripes_8/QP27/baseline/kodim06_363510303b71__stripes_8_QP27_baseline_enc.log,9ce2598cfab7a56316314d722b6bdea516e66d64a34239508fa37a94ef3b44bc,True
kodim06.png,kodim06_363510303b71__stripes_8,stripes,8,,32,239200,34.0896,45.393,44.1667,38.1704,29900,0.6083170572916666,98.94707610000114,actual_encoder_input,444,results/vtm_content_partition_task2_completion/run/encoded/kodim06_363510303b71__stripes_8/QP32/baseline/kodim06_363510303b71__stripes_8_QP32_baseline_enc.log,fddbf5ad672d0c6834a7e0b91baec9d9f880a33f37c3b4b1a018f73ac25bbc9a,False
kodim06.png,kodim06_363510303b71__stripes_8,stripes,8,,37,119560,30.4689,43.5389,42.2063,34.7621,14945,0.3040568033854167,64.95229960000142,actual_encoder_input,444,results/vtm_content_partition_task2_completion/run/encoded/kodim06_363510303b71__stripes_8/QP37/baseline/kodim06_363510303b71__stripes_8_QP37_baseline_enc.log,b0848d0dab5db227ecc486fdcbc89c318548cff9b17669cd9309f3a5f70fa6ab,False
kodim07.png,kodim07_b77d3f006f42__awgn_15_seed-20260811,awgn,15,20260811,22,1336096,41.3742,47.8612,47.9566,44.5491,167012,3.3978678385416665,217.1229964999984,actual_encoder_input,444,results/vtm_content_partition_task2_completion/run/encoded/kodim07_b77d3f006f42__awgn_15_seed-20260811/QP22/baseline/kodim07_b77d3f006f42__awgn_15_seed-20260811_QP22_baseline_enc.log,ead3fc1446e218d325123e13e1b978c965ed320b8ea517bebcf9a6b021e807c1,False
kodim07.png,kodim07_b77d3f006f42__awgn_15_seed-20260811,awgn,15,20260811,27,954480,36.4057,46.0441,45.9312,40.3125,119310,2.4273681640625,293.21374260000084,actual_encoder_input,444,results/vtm_content_partition_four_qp/encoded/kodim07_b77d3f006f42__awgn_15_seed-20260811/QP27/baseline/kodim07_b77d3f006f42__awgn_15_seed-20260811_QP27_baseline_enc.log,9bd0393f41abe3cf173de9a5e4c5471a531bc7b111b26f17381394c418e577b5,True
kodim07.png,kodim07_b77d3f006f42__awgn_15_seed-20260811,awgn,15,20260811,32,596696,31.3736,43.9388,43.6964,35.676,74587,1.5174763997395833,178.25831599999947,actual_encoder_input,444,results/vtm_content_partition_task2_completion/run/encoded/kodim07_b77d3f006f42__awgn_15_seed-20260811/QP32/baseline/kodim07_b77d3f006f42__awgn_15_seed-20260811_QP32_baseline_enc.log,aa874dc29050a174fc8176c679386d0b35532699576f8cd01ffe20218df3c011,False
kodim07.png,kodim07_b77d3f006f42__awgn_15_seed-20260811,awgn,15,20260811,37,158928,25.3847,41.6204,41.7012,29.9558,19866,0.4041748046875,126.80251700000008,actual_encoder_input,444,results/vtm_content_partition_task2_completion/run/encoded/kodim07_b77d3f006f42__awgn_15_seed-20260811/QP37/baseline/kodim07_b77d3f006f42__awgn_15_seed-20260811_QP37_baseline_enc.log,3e6d805f29799a9fd4dd8fb4c94391f1f8685b7e158d38a236af85dbfadeaeb4,False
kodim07.png,kodim07_b77d3f006f42__awgn_30_seed-20260811,awgn,30,20260811,22,1755968,41.2756,46.2454,46.9537,44.0357,219496,4.465657552083333,219.2844359999981,actual_encoder_input,444,results/vtm_content_partition_task2_completion/run/encoded/kodim07_b77d3f006f42__awgn_30_seed-20260811/QP22/baseline/kodim07_b77d3f006f42__awgn_30_seed-20260811_QP22_baseline_enc.log,9955089602e0b2228eb9cf7bcda0cbf7bb09cb2c75990771b5c3cbcaad95ee47,False
kodim07.png,kodim07_b77d3f006f42__awgn_30_seed-20260811,awgn,30,20260811,27,1342584,36.4266,43.1061,44.7771,39.8592,167823,3.41436767578125,330.627273099999,actual_encoder_input,444,results/vtm_content_partition_four_qp/encoded/kodim07_b77d3f006f42__awgn_30_seed-20260811/QP27/baseline/kodim07_b77d3f006f42__awgn_30_seed-20260811_QP27_baseline_enc.log,7a48f50158ef4c50d7842c0ae6704a5fb8700f57c2243145bd98ea34102acf59,True
kodim07.png,kodim07_b77d3f006f42__awgn_30_seed-20260811,awgn,30,20260811,32,965728,31.4362,41.3378,42.6304,35.4951,120716,2.4559733072916665,186.0768074000007,actual_encoder_input,444,results/vtm_content_partition_task2_completion/run/encoded/kodim07_b77d3f006f42__awgn_30_seed-20260811/QP32/baseline/kodim07_b77d3f006f42__awgn_30_seed-20260811_QP32_baseline_enc.log,b549451a209d953a19c0148f520708a0f341e91257b2c18c71b3c73ab6e223f1,False
kodim07.png,kodim07_b77d3f006f42__awgn_30_seed-20260811,awgn,30,20260811,37,606224,26.317,39.5176,40.6052,30.7335,75778,1.5417073567708333,157.81995470000038,actual_encoder_input,444,results/vtm_content_partition_task2_completion/run/encoded/kodim07_b77d3f006f42__awgn_30_seed-20260811/QP37/baseline/kodim07_b77d3f006f42__awgn_30_seed-20260811_QP37_baseline_enc.log,18712505ecb5e172639bd993861f5a588d80de3ac030b14d4871d06ba1fcf8b0,False
kodim07.png,kodim07_b77d3f006f42__awgn_5_seed-20260811,awgn,5,20260811,22,838880,41.9032,49.8032,48.6614,45.2973,104860,2.1333821614583335,198.43894999999975,actual_encoder_input,444,results/vtm_content_partition_task2_completion/run/encoded/kodim07_b77d3f006f42__awgn_5_seed-20260811/QP22/baseline/kodim07_b77d3f006f42__awgn_5_seed-20260811_QP22_baseline_enc.log,b5bd6b4e6ff151f57f76732e2f596477a29f6867ba64b66d1913b4f06385b88e,False
kodim07.png,kodim07_b77d3f006f42__awgn_5_seed-20260811,awgn,5,20260811,27,448152,36.7112,47.7749,46.7491,40.7732,56019,1.13970947265625,262.68245659999957,actual_encoder_input,444,results/vtm_content_partition_four_qp/encoded/kodim07_b77d3f006f42__awgn_5_seed-20260811/QP27/baseline/kodim07_b77d3f006f42__awgn_5_seed-20260811_QP27_baseline_enc.log,a683bb5ae7f4afac8d1a948b88a3b401955d6dd30c85af72106a8a06e7179132,True
kodim07.png,kodim07_b77d3f006f42__awgn_5_seed-20260811,awgn,5,20260811,32,147984,33.1458,45.4588,44.6721,37.3898,18498,0.3763427734375,106.52809839999827,actual_encoder_input,444,results/vtm_content_partition_task2_completion/run/encoded/kodim07_b77d3f006f42__awgn_5_seed-20260811/QP32/baseline/kodim07_b77d3f006f42__awgn_5_seed-20260811_QP32_baseline_enc.log,d9f9b1af37378015a533b5f755540fb391f6eda9b1147603da875c7ab3806759,False
kodim07.png,kodim07_b77d3f006f42__awgn_5_seed-20260811,awgn,5,20260811,37,79032,31.5146,42.5301,42.1824,35.6229,9879,0.20098876953125,58.78589930000089,actual_encoder_input,444,results/vtm_content_partition_task2_completion/run/encoded/kodim07_b77d3f006f42__awgn_5_seed-20260811/QP37/baseline/kodim07_b77d3f006f42__awgn_5_seed-20260811_QP37_baseline_enc.log,a10f150305eee64060f63e7ee8f7f75437b3c0d8aad68079c0ad16540ac1f7eb,False
kodim07.png,kodim07_b77d3f006f42__clean_0,clean,0,,22,363704,44.1681,50.0022,48.7162,46.866,45463,0.9249471028645834,189.47474779999902,actual_encoder_input,444,results/vtm_content_partition_study/run/encoded/kodim07_b77d3f006f42__clean_0/QP22/baseline/kodim07_b77d3f006f42__clean_0_QP22_baseline_enc.log,57d43541f584678ab640f22d4f19cba71b198c87de9164d0980e0796437ae1a6,False
kodim07.png,kodim07_b77d3f006f42__clean_0,clean,0,,27,227016,41.154,47.955,46.8381,44.2255,28377,0.57733154296875,140.17199059999984,actual_encoder_input,444,results/vtm_content_partition_study/run/encoded/kodim07_b77d3f006f42__clean_0/QP27/baseline/kodim07_b77d3f006f42__clean_0_QP27_baseline_enc.log,eb39c2f592013f2ac6a248e8f4197bab50fba24d63a56c2973105a99feaa1ed2,False
kodim07.png,kodim07_b77d3f006f42__clean_0,clean,0,,32,137136,37.914,45.5322,44.774,41.2892,17142,0.3487548828125,105.91326889999982,actual_encoder_input,444,results/vtm_content_partition_study/run/encoded/kodim07_b77d3f006f42__clean_0/QP32/baseline/kodim07_b77d3f006f42__clean_0_QP32_baseline_enc.log,c1ad49548c23e1fb6b91a91e883975e5a99175bbc72c69a9f4669b3f40395cbb,False
kodim07.png,kodim07_b77d3f006f42__clean_0,clean,0,,37,78128,34.4982,42.6397,42.2509,38.0598,9766,0.19868977864583334,72.68608630000017,actual_encoder_input,444,results/vtm_content_partition_study/run/encoded/kodim07_b77d3f006f42__clean_0/QP37/baseline/kodim07_b77d3f006f42__clean_0_QP37_baseline_enc.log,f24c114d6619b5acc8cfa8b72869bf170aca707e464d9eddfb8fdd9dc8b977bd,False
kodim07.png,kodim07_b77d3f006f42__stripes_16,stripes,16,,22,374072,43.8855,49.4169,48.3902,46.5236,46759,0.9513142903645834,126.53383810000014,actual_encoder_input,444,results/vtm_content_partition_task2_completion/run/encoded/kodim07_b77d3f006f42__stripes_16/QP22/baseline/kodim07_b77d3f006f42__stripes_16_QP22_baseline_enc.log,364521977a0bf7fcac3db0a3e4ff03940cc4476f4a430bfb89e579c7e4df4acb,False
kodim07.png,kodim07_b77d3f006f42__stripes_16,stripes,16,,27,236104,40.6968,47.2988,46.4568,43.7533,29513,0.6004435221354166,149.1357257999989,actual_encoder_input,444,results/vtm_content_partition_four_qp/encoded/kodim07_b77d3f006f42__stripes_16/QP27/baseline/kodim07_b77d3f006f42__stripes_16_QP27_baseline_enc.log,55aaeb17155fca744c4f7efeb491f2796c5df032937188926fdce8faeb850cba,True
kodim07.png,kodim07_b77d3f006f42__stripes_16,stripes,16,,32,144856,37.3361,44.9829,44.2973,40.7298,18107,0.3683878580729167,75.65358840000044,actual_encoder_input,444,results/vtm_content_partition_task2_completion/run/encoded/kodim07_b77d3f006f42__stripes_16/QP32/baseline/kodim07_b77d3f006f42__stripes_16_QP32_baseline_enc.log,d6453014ccb20a9dcdbf2f33885cfc63c1160112f83b8d5c14595527b4dd4dad,False
kodim07.png,kodim07_b77d3f006f42__stripes_16,stripes,16,,37,82320,33.7816,42.0757,41.6992,37.3813,10290,0.2093505859375,47.28149720000147,actual_encoder_input,444,results/vtm_content_partition_task2_completion/run/encoded/kodim07_b77d3f006f42__stripes_16/QP37/baseline/kodim07_b77d3f006f42__stripes_16_QP37_baseline_enc.log,b47747eea3409e29608bc1553d8cdef10b9840afc148f804b897cb7ae120a2ee,False
kodim07.png,kodim07_b77d3f006f42__stripes_32,stripes,32,,22,399448,43.8392,48.7147,48.1998,46.3269,49931,1.0158487955729167,121.38062229999923,actual_encoder_input,444,results/vtm_content_partition_task2_completion/run/encoded/kodim07_b77d3f006f42__stripes_32/QP22/baseline/kodim07_b77d3f006f42__stripes_32_QP22_baseline_enc.log,b384fce45ac42fc226c4f100ca20fd29f3cea5c31bce20473d299d692be19d7f,False
kodim07.png,kodim07_b77d3f006f42__stripes_32,stripes,32,,27,251888,40.5667,46.5426,46.2563,43.5127,31486,0.6405843098958334,157.5591115999996,actual_encoder_input,444,results/vtm_content_partition_four_qp/encoded/kodim07_b77d3f006f42__stripes_32/QP27/baseline/kodim07_b77d3f006f42__stripes_32_QP27_baseline_enc.log,32631ea6edee0ab913eccaf393cc70ae5bbf5716b0e41ce8420fa07eacb3f9c1,True
kodim07.png,kodim07_b77d3f006f42__stripes_32,stripes,32,,32,152448,37.1439,44.0609,44.0526,40.4317,19056,0.3876953125,76.37497820000135,actual_encoder_input,444,results/vtm_content_partition_task2_completion/run/encoded/kodim07_b77d3f006f42__stripes_32/QP32/baseline/kodim07_b77d3f006f42__stripes_32_QP32_baseline_enc.log,7eeb76d570491c17bf53f8645397bd12a6cf290ad813f92b54401d116c54779d,False
kodim07.png,kodim07_b77d3f006f42__stripes_32,stripes,32,,37,87616,33.6403,41.3189,41.5038,37.1593,10952,0.22281901041666666,51.190513999998075,actual_encoder_input,444,results/vtm_content_partition_task2_completion/run/encoded/kodim07_b77d3f006f42__stripes_32/QP37/baseline/kodim07_b77d3f006f42__stripes_32_QP37_baseline_enc.log,2ed8b0b5a7cf1fb065d66159132e31ab01b64503a16133633ae56f55c002a080,False
kodim07.png,kodim07_b77d3f006f42__stripes_8,stripes,8,,22,372000,43.7969,49.7753,48.5942,46.5711,46500,0.946044921875,138.58506839999973,actual_encoder_input,444,results/vtm_content_partition_task2_completion/run/encoded/kodim07_b77d3f006f42__stripes_8/QP22/baseline/kodim07_b77d3f006f42__stripes_8_QP22_baseline_enc.log,144353fa1c003b0fe923f081edecfba11382daa0f1d2f00b5191279d19c445af,False
kodim07.png,kodim07_b77d3f006f42__stripes_8,stripes,8,,27,230112,40.6669,47.7242,46.6054,43.8194,28764,0.585205078125,151.83782059999794,actual_encoder_input,444,results/vtm_content_partition_four_qp/encoded/kodim07_b77d3f006f42__stripes_8/QP27/baseline/kodim07_b77d3f006f42__stripes_8_QP27_baseline_enc.log,ad303b71801258e17557f7d289376e562d8e08f5005db5e2d1a817c4bd487d3e,True
kodim07.png,kodim07_b77d3f006f42__stripes_8,stripes,8,,32,139256,37.398,45.1633,44.4273,40.8164,17407,0.3541463216145833,75.00044510000225,actual_encoder_input,444,results/vtm_content_partition_task2_completion/run/encoded/kodim07_b77d3f006f42__stripes_8/QP32/baseline/kodim07_b77d3f006f42__stripes_8_QP32_baseline_enc.log,3e23466046e332f2d691b4bf73e031709502f077df80b7dce8068c0457ee7e7a,False
kodim07.png,kodim07_b77d3f006f42__stripes_8,stripes,8,,37,79536,33.9287,42.3417,41.8597,37.5433,9942,0.2022705078125,50.90858970000045,actual_encoder_input,444,results/vtm_content_partition_task2_completion/run/encoded/kodim07_b77d3f006f42__stripes_8/QP37/baseline/kodim07_b77d3f006f42__stripes_8_QP37_baseline_enc.log,b6b6049d382bd304a6991b5cc731be51d161fa27d29e940f8567626d801262e7,False
kodim08.png,kodim08_ba23983c76b4__awgn_15_seed-20260811,awgn,15,20260811,22,1487960,41.4581,46.4565,45.2704,43.8437,185995,3.7840779622395835,336.7281473999974,actual_encoder_input,444,results/vtm_content_partition_qp_extension/run/encoded/kodim08_ba23983c76b4__awgn_15_seed-20260811/QP22/baseline/kodim08_ba23983c76b4__awgn_15_seed-20260811_QP22_baseline_enc.log,0e45f12a995d21b4dbf014afe939f7aeb39210358479669e6d9782cc826977d7,False
kodim08.png,kodim08_ba23983c76b4__awgn_15_seed-20260811,awgn,15,20260811,27,1076856,36.5157,44.5437,42.8423,39.8553,134607,2.73858642578125,327.2615174999992,actual_encoder_input,444,results/vtm_content_partition_four_qp/encoded/kodim08_ba23983c76b4__awgn_15_seed-20260811/QP27/baseline/kodim08_ba23983c76b4__awgn_15_seed-20260811_QP27_baseline_enc.log,8f01639749f857c0cb64654653c9bf5cb0de9e08b578dd4403fb8cbec9816fee,True
kodim08.png,kodim08_ba23983c76b4__awgn_15_seed-20260811,awgn,15,20260811,32,714976,31.504,43.0038,41.0561,35.5502,89372,1.8182779947916667,252.37531330000274,actual_encoder_input,444,results/vtm_content_partition_study/run/encoded/kodim08_ba23983c76b4__awgn_15_seed-20260811/QP32/baseline/kodim08_ba23983c76b4__awgn_15_seed-20260811_QP32_baseline_enc.log,9418fcf604bc7cdc1c90c7b1988cf153a77dafe4f5b3a318a2e03a51ecae2f16,False
kodim08.png,kodim08_ba23983c76b4__awgn_15_seed-20260811,awgn,15,20260811,37,300664,25.7583,41.4307,38.8279,30.2097,37583,0.7646280924479166,206.1953183000005,actual_encoder_input,444,results/vtm_content_partition_qp_extension/run/encoded/kodim08_ba23983c76b4__awgn_15_seed-20260811/QP37/baseline/kodim08_ba23983c76b4__awgn_15_seed-20260811_QP37_baseline_enc.log,ec3e3130c95e1aba8be9feda0ed5fc607eef55738e8132a3fd1342de43c295fb,False
kodim08.png,kodim08_ba23983c76b4__awgn_30_seed-20260811,awgn,30,20260811,22,1833456,41.4375,45.5524,44.4341,43.4457,229182,4.6627197265625,352.36938080000255,actual_encoder_input,444,results/vtm_content_partition_qp_extension/run/encoded/kodim08_ba23983c76b4__awgn_30_seed-20260811/QP22/baseline/kodim08_ba23983c76b4__awgn_30_seed-20260811_QP22_baseline_enc.log,315757a74e143c71fa6b541eeabe6ed9b954619fa3b784f28fb2d581dc9ceedd,False
kodim08.png,kodim08_ba23983c76b4__awgn_30_seed-20260811,awgn,30,20260811,27,1396024,36.5321,43.2202,41.7172,39.4923,174503,3.5502726236979165,355.1675719999985,actual_encoder_input,444,results/vtm_content_partition_four_qp/encoded/kodim08_ba23983c76b4__awgn_30_seed-20260811/QP27/baseline/kodim08_ba23983c76b4__awgn_30_seed-20260811_QP27_baseline_enc.log,01e33962fc8fe448ea64214fb5e847c0749809683502fc9bc467d1470b593434,True
kodim08.png,kodim08_ba23983c76b4__awgn_30_seed-20260811,awgn,30,20260811,32,1009920,31.5722,41.3036,39.7027,35.3391,126240,2.568359375,268.5173300999995,actual_encoder_input,444,results/vtm_content_partition_study/run/encoded/kodim08_ba23983c76b4__awgn_30_seed-20260811/QP32/baseline/kodim08_ba23983c76b4__awgn_30_seed-20260811_QP32_baseline_enc.log,a32a8afc5cb7f4a68ec6634b6880e9970fd4c1f8c1c1a316669649f6d068f480,False
kodim08.png,kodim08_ba23983c76b4__awgn_30_seed-20260811,awgn,30,20260811,37,654864,26.4957,39.8856,37.8743,30.7801,81858,1.6654052734375,238.0673811000015,actual_encoder_input,444,results/vtm_content_partition_qp_extension/run/encoded/kodim08_ba23983c76b4__awgn_30_seed-20260811/QP37/baseline/kodim08_ba23983c76b4__awgn_30_seed-20260811_QP37_baseline_enc.log,454346b019fb75ebccc2310af1b90b8eec877aa1783f65621c902412171f5127,False
kodim08.png,kodim08_ba23983c76b4__awgn_5_seed-20260811,awgn,5,20260811,22,1105472,41.4522,47.2078,45.8811,44.1111,138184,2.8113606770833335,315.0252818000008,actual_encoder_input,444,results/vtm_content_partition_qp_extension/run/encoded/kodim08_ba23983c76b4__awgn_5_seed-20260811/QP22/baseline/kodim08_ba23983c76b4__awgn_5_seed-20260811_QP22_baseline_enc.log,c1973fdb0d4e90b7cbeed30734dfc934a183cd7a0ccdaf03a97e701458ba5a09,False
kodim08.png,kodim08_ba23983c76b4__awgn_5_seed-20260811,awgn,5,20260811,27,690856,36.1688,45.3266,43.784,39.8188,86357,1.7569376627604167,297.71536229999765,actual_encoder_input,444,results/vtm_content_partition_four_qp/encoded/kodim08_ba23983c76b4__awgn_5_seed-20260811/QP27/baseline/kodim08_ba23983c76b4__awgn_5_seed-20260811_QP27_baseline_enc.log,6039202dbc7d99ee049cdf215f565e1872c2367035b1ab8afe5442c2438ca1b7,True
kodim08.png,kodim08_ba23983c76b4__awgn_5_seed-20260811,awgn,5,20260811,32,342536,31.7431,43.6281,41.6774,35.8461,42817,0.8711140950520834,208.80776459999834,actual_encoder_input,444,results/vtm_content_partition_study/run/encoded/kodim08_ba23983c76b4__awgn_5_seed-20260811/QP32/baseline/kodim08_ba23983c76b4__awgn_5_seed-20260811_QP32_baseline_enc.log,85ce199c6beb96a560153979d239404d6cc81422555e672af6dfed3852111882,False
kodim08.png,kodim08_ba23983c76b4__awgn_5_seed-20260811,awgn,5,20260811,37,181960,28.7945,41.7009,39.3992,33.0035,22745,0.4627482096354167,139.63561629999458,actual_encoder_input,444,results/vtm_content_partition_qp_extension/run/encoded/kodim08_ba23983c76b4__awgn_5_seed-20260811/QP37/baseline/kodim08_ba23983c76b4__awgn_5_seed-20260811_QP37_baseline_enc.log,165002ca7e7fc6fb5ca1970c51e5918c092cb026fd8ed03cd09d7f8b553b5068,False
kodim08.png,kodim08_ba23983c76b4__clean_0,clean,0,,22,867520,41.4603,47.2879,46.0808,44.1728,108440,2.2062174479166665,297.3399924999976,actual_encoder_input,444,results/vtm_content_partition_study/run/encoded/kodim08_ba23983c76b4__clean_0/QP22/baseline/kodim08_ba23983c76b4__clean_0_QP22_baseline_enc.log,d4453e371b6961cce8d3ae3aec9d4adb29966404f6cffe9d5a6ff3c561851ae4,False
kodim08.png,kodim08_ba23983c76b4__clean_0,clean,0,,27,534912,37.1117,45.3774,43.9209,40.5553,66864,1.3603515625,243.9099180000012,actual_encoder_input,444,results/vtm_content_partition_study/run/encoded/kodim08_ba23983c76b4__clean_0/QP27/baseline/kodim08_ba23983c76b4__clean_0_QP27_baseline_enc.log,07871e2bb4ff387c34f38a5c97c682b0a9c83eb56ef410eccaa46bf149e5ebdb,False
kodim08.png,kodim08_ba23983c76b4__clean_0,clean,0,,32,316424,33.3169,43.637,41.8688,37.1804,39553,0.8047078450520834,188.2369104999998,actual_encoder_input,444,results/vtm_content_partition_study/run/encoded/kodim08_ba23983c76b4__clean_0/QP32/baseline/kodim08_ba23983c76b4__clean_0_QP32_baseline_enc.log,826452e8a914a595c1214a4900594d618bc16ea9389f1863de427033d2acaa5c,False
kodim08.png,kodim08_ba23983c76b4__clean_0,clean,0,,37,175720,29.8011,41.776,39.4507,33.8836,21965,0.4468790690104167,135.21135700000013,actual_encoder_input,444,results/vtm_content_partition_study/run/encoded/kodim08_ba23983c76b4__clean_0/QP37/baseline/kodim08_ba23983c76b4__clean_0_QP37_baseline_enc.log,1f1df5130edb18c9a7a906ce563fd454a09df9c9ab5bca2dac6a6397080a5256,False
kodim08.png,kodim08_ba23983c76b4__stripes_16,stripes,16,,22,906768,41.454,47.2007,45.8134,44.096,113346,2.3060302734375,305.9867868000001,actual_encoder_input,444,results/vtm_content_partition_qp_extension/run/encoded/kodim08_ba23983c76b4__stripes_16/QP22/baseline/kodim08_ba23983c76b4__stripes_16_QP22_baseline_enc.log,806cf20cb24afcdb4e64fb63f40109bc8e6cde90ba0e2bd4fde54f08c306a77f,False
kodim08.png,kodim08_ba23983c76b4__stripes_16,stripes,16,,27,567496,37.0994,45.2776,43.6521,40.493,70937,1.4432169596354167,273.8749755000026,actual_encoder_input,444,results/vtm_content_partition_four_qp/encoded/kodim08_ba23983c76b4__stripes_16/QP27/baseline/kodim08_ba23983c76b4__stripes_16_QP27_baseline_enc.log,fe2c80c23530c75b67c518b53af8c6410a6e34266c148b5a769fa1d4b8635231,True
kodim08.png,kodim08_ba23983c76b4__stripes_16,stripes,16,,32,340016,33.2556,43.5519,41.5556,37.088,42502,0.8647054036458334,190.13117290000082,actual_encoder_input,444,results/vtm_content_partition_study/run/encoded/kodim08_ba23983c76b4__stripes_16/QP32/baseline/kodim08_ba23983c76b4__stripes_16_QP32_baseline_enc.log,cd1b1f8cfba6cdecce39f23dbd2ef96964f3684021d8c1b0a510cf9dd6b252e0,False
kodim08.png,kodim08_ba23983c76b4__stripes_16,stripes,16,,37,190888,29.6392,41.6018,39.2282,33.7154,23861,0.4854532877604167,139.14846119999856,actual_encoder_input,444,results/vtm_content_partition_qp_extension/run/encoded/kodim08_ba23983c76b4__stripes_16/QP37/baseline/kodim08_ba23983c76b4__stripes_16_QP37_baseline_enc.log,e4dcba3a4944e7c10e1f718b42a1b065cfe37e891a3bd0181bd8d969808e2fb7,False
kodim08.png,kodim08_ba23983c76b4__stripes_32,stripes,32,,22,931232,41.4907,46.8454,45.6463,44.0204,116404,2.3682454427083335,303.9414767999988,actual_encoder_input,444,results/vtm_content_partition_qp_extension/run/encoded/kodim08_ba23983c76b4__stripes_32/QP22/baseline/kodim08_ba23983c76b4__stripes_32_QP22_baseline_enc.log,6631fa55d50c29f28ce53418ba33a1910d9c0adbfcc9088e0e5e2ad818a30a44,False
kodim08.png,kodim08_ba23983c76b4__stripes_32,stripes,32,,27,589208,37.1456,44.8385,43.4511,40.4424,73651,1.4984334309895833,276.4060121000002,actual_encoder_input,444,results/vtm_content_partition_four_qp/encoded/kodim08_ba23983c76b4__stripes_32/QP27/baseline/kodim08_ba23983c76b4__stripes_32_QP27_baseline_enc.log,8123ced86114d05e22da4d3d3ccd50990c034d87930b7b7a6da196330f1fea8d,True
kodim08.png,kodim08_ba23983c76b4__stripes_32,stripes,32,,32,355312,33.2077,43.1325,41.3906,36.997,44414,0.9036051432291666,194.16572019999876,actual_encoder_input,444,results/vtm_content_partition_study/run/encoded/kodim08_ba23983c76b4__stripes_32/QP32/baseline/kodim08_ba23983c76b4__stripes_32_QP32_baseline_enc.log,8dbafec08e884c76e4af9a23570e7d6dc29ecd62a8aef9b022ee0c632f11a74a,False
kodim08.png,kodim08_ba23983c76b4__stripes_32,stripes,32,,37,200704,29.5762,41.1832,38.9921,33.6158,25088,0.5104166666666666,147.21727999999712,actual_encoder_input,444,results/vtm_content_partition_qp_extension/run/encoded/kodim08_ba23983c76b4__stripes_32/QP37/baseline/kodim08_ba23983c76b4__stripes_32_QP37_baseline_enc.log,7c03bf232449bf30e1a5753087a0532652338bda63808d8b9fec93b927d47c18,False
kodim08.png,kodim08_ba23983c76b4__stripes_8,stripes,8,,22,888832,41.4419,47.2242,45.9691,44.1268,111104,2.2604166666666665,298.5466446999999,actual_encoder_input,444,results/vtm_content_partition_qp_extension/run/encoded/kodim08_ba23983c76b4__stripes_8/QP22/baseline/kodim08_ba23983c76b4__stripes_8_QP22_baseline_enc.log,e96e3799fbb7ee0bdd372e5fbde4bb60f728fd5eacaadebe865c45c5eb12ae33,False
kodim08.png,kodim08_ba23983c76b4__stripes_8,stripes,8,,27,552208,37.1156,45.3406,43.8063,40.5363,69026,1.4043375651041667,267.99747990000105,actual_encoder_input,444,results/vtm_content_partition_four_qp/encoded/kodim08_ba23983c76b4__stripes_8/QP27/baseline/kodim08_ba23983c76b4__stripes_8_QP27_baseline_enc.log,cd6f572441619802abb9d36297dfee9e8654a3a7e15dbf7f9dcde19730086121,True
kodim08.png,kodim08_ba23983c76b4__stripes_8,stripes,8,,32,328352,33.2606,43.6531,41.7882,37.1267,41044,0.8350423177083334,184.84621329999936,actual_encoder_input,444,results/vtm_content_partition_study/run/encoded/kodim08_ba23983c76b4__stripes_8/QP32/baseline/kodim08_ba23983c76b4__stripes_8_QP32_baseline_enc.log,9a1febd3efac61b12cc47418b5ebaf36e955270b51762246036ba47775e0815d,False
kodim08.png,kodim08_ba23983c76b4__stripes_8,stripes,8,,37,183584,29.7207,41.7194,39.2712,33.7951,22948,0.4668782552083333,139.30838660000154,actual_encoder_input,444,results/vtm_content_partition_qp_extension/run/encoded/kodim08_ba23983c76b4__stripes_8/QP37/baseline/kodim08_ba23983c76b4__stripes_8_QP37_baseline_enc.log,b098966fded63953fa5ede06fe7ec8a91573a0ec47faf682dd0992a64436848e,False
kodim09.png,kodim09_6a4361c2fc19__awgn_15_seed-20260811,awgn,15,20260811,22,1285992,41.3664,50.0862,48.0767,44.8421,160749,3.27044677734375,160.6361743999987,actual_encoder_input,444,results/vtm_content_partition_task2_completion/run/encoded/kodim09_6a4361c2fc19__awgn_15_seed-20260811/QP22/baseline/kodim09_6a4361c2fc19__awgn_15_seed-20260811_QP22_baseline_enc.log,8c96225d0413270208055dd26c0cfe367a1e89d8f642156ace988df41a61214e,False
kodim09.png,kodim09_6a4361c2fc19__awgn_15_seed-20260811,awgn,15,20260811,27,921320,36.4081,48.3755,46.8186,40.5552,115165,2.3430379231770835,279.7767918000027,actual_encoder_input,444,results/vtm_content_partition_four_qp/encoded/kodim09_6a4361c2fc19__awgn_15_seed-20260811/QP27/baseline/kodim09_6a4361c2fc19__awgn_15_seed-20260811_QP27_baseline_enc.log,f1c0821c00114210d30e0224ca7bbd96070494d1a97eb794ffdcb0b1b5d7e6b3,True
kodim09.png,kodim09_6a4361c2fc19__awgn_15_seed-20260811,awgn,15,20260811,32,572832,31.3941,46.5001,45.2774,35.8644,71604,1.456787109375,118.19192150000163,actual_encoder_input,444,results/vtm_content_partition_task2_completion/run/encoded/kodim09_6a4361c2fc19__awgn_15_seed-20260811/QP32/baseline/kodim09_6a4361c2fc19__awgn_15_seed-20260811_QP32_baseline_enc.log,6557e9b112585053f2c95f8d2501ef7a9c28710ea40a5d8dd141c7b0ccadf9ed,False
kodim09.png,kodim09_6a4361c2fc19__awgn_15_seed-20260811,awgn,15,20260811,37,141336,25.3535,45.0132,43.7581,30.0164,17667,0.35943603515625,82.1835471000013,actual_encoder_input,444,results/vtm_content_partition_task2_completion/run/encoded/kodim09_6a4361c2fc19__awgn_15_seed-20260811/QP37/baseline/kodim09_6a4361c2fc19__awgn_15_seed-20260811_QP37_baseline_enc.log,31da00a2f8ec0220cf7b540ab3c7fa7154c36f8dfceb7b5b544ae59db8b5012e,False
kodim09.png,kodim09_6a4361c2fc19__awgn_30_seed-20260811,awgn,30,20260811,22,1665392,41.266,49.0052,47.4444,44.547,208174,4.235310872395833,158.17660030000116,actual_encoder_input,444,results/vtm_content_partition_task2_completion/run/encoded/kodim09_6a4361c2fc19__awgn_30_seed-20260811/QP22/baseline/kodim09_6a4361c2fc19__awgn_30_seed-20260811_QP22_baseline_enc.log,7ccb264a807652ad1629df4d0839fa65e8d16b68f31fc57fc4ebde7c60599ec7,False
kodim09.png,kodim09_6a4361c2fc19__awgn_30_seed-20260811,awgn,30,20260811,27,1301776,36.3834,46.9829,45.8128,40.3586,162722,3.3105875651041665,303.9828155000032,actual_encoder_input,444,results/vtm_content_partition_four_qp/encoded/kodim09_6a4361c2fc19__awgn_30_seed-20260811/QP27/baseline/kodim09_6a4361c2fc19__awgn_30_seed-20260811_QP27_baseline_enc.log,fb3202e8e0daddcb6f3e1d5cbc6f93f6d00f9e77c1c0457e7fafd695c8f0bd54,True
kodim09.png,kodim09_6a4361c2fc19__awgn_30_seed-20260811,awgn,30,20260811,32,945592,31.4274,45.3809,44.5495,35.8285,118199,2.4047648111979165,126.91267589999916,actual_encoder_input,444,results/vtm_content_partition_task2_completion/run/encoded/kodim09_6a4361c2fc19__awgn_30_seed-20260811/QP32/baseline/kodim09_6a4361c2fc19__awgn_30_seed-20260811_QP32_baseline_enc.log,a7fd690e0d35b000928e8db683f7c254f1086cfdedc823f00638f70b8ddc0a35,False
kodim09.png,kodim09_6a4361c2fc19__awgn_30_seed-20260811,awgn,30,20260811,37,594936,26.3448,43.6301,43.0761,30.9461,74367,1.51300048828125,111.80542659999992,actual_encoder_input,444,results/vtm_content_partition_task2_completion/run/encoded/kodim09_6a4361c2fc19__awgn_30_seed-20260811/QP37/baseline/kodim09_6a4361c2fc19__awgn_30_seed-20260811_QP37_baseline_enc.log,a2b78d2b3463341dccbf803106e368a8f5cf6005cea605dc73c17cfd8822a03f,False
kodim09.png,kodim09_6a4361c2fc19__awgn_5_seed-20260811,awgn,5,20260811,22,749984,41.3926,50.477,48.3447,44.941,93748,1.9073079427083333,150.71638209999946,actual_encoder_input,444,results/vtm_content_partition_task2_completion/run/encoded/kodim09_6a4361c2fc19__awgn_5_seed-20260811/QP22/baseline/kodim09_6a4361c2fc19__awgn_5_seed-20260811_QP22_baseline_enc.log,dfcf1b96466f24fe2d91293efbae23c8214100671702232ff8dce0785516510e,False
kodim09.png,kodim09_6a4361c2fc19__awgn_5_seed-20260811,awgn,5,20260811,27,365152,35.9833,48.9206,47.1942,40.2372,45644,0.9286295572916666,240.00877059999766,actual_encoder_input,444,results/vtm_content_partition_four_qp/encoded/kodim09_6a4361c2fc19__awgn_5_seed-20260811/QP27/baseline/kodim09_6a4361c2fc19__awgn_5_seed-20260811_QP27_baseline_enc.log,619216ef370d4ddcfc9600aac64d80fabea24f3532caac3dd16fd3d1b702b15e,True
kodim09.png,kodim09_6a4361c2fc19__awgn_5_seed-20260811,awgn,5,20260811,32,106728,32.7779,47.3738,45.8204,37.1975,13341,0.27142333984375,63.399880299999495,actual_encoder_input,444,results/vtm_content_partition_task2_completion/run/encoded/kodim09_6a4361c2fc19__awgn_5_seed-20260811/QP32/baseline/kodim09_6a4361c2fc19__awgn_5_seed-20260811_QP32_baseline_enc.log,127511ed2b6c1a186e0b96e65fc5220f529b21e019fb9716ae7830ed993f7f6e,False
kodim09.png,kodim09_6a4361c2fc19__awgn_5_seed-20260811,awgn,5,20260811,37,54424,31.2631,45.3839,43.8478,35.6446,6803,0.13840738932291666,33.215486600001896,actual_encoder_input,444,results/vtm_content_partition_task2_completion/run/encoded/kodim09_6a4361c2fc19__awgn_5_seed-20260811/QP37/baseline/kodim09_6a4361c2fc19__awgn_5_seed-20260811_QP37_baseline_enc.log,5d03d2e857a11780633cdc20fbc7f5db978f56eac39c5d9a239afc03e0626f50,False
kodim09.png,kodim09_6a4361c2fc19__clean_0,clean,0,,22,284888,41.9424,50.5979,48.3518,45.3627,35611,0.7245076497395834,183.00257350000174,actual_encoder_input,444,results/vtm_content_partition_study/run/encoded/kodim09_6a4361c2fc19__clean_0/QP22/baseline/kodim09_6a4361c2fc19__clean_0_QP22_baseline_enc.log,bf8c438ce8d544de211ce3d5dd0ad99056c46a425a02eb7a9969535c3145f1f3,False
kodim09.png,kodim09_6a4361c2fc19__clean_0,clean,0,,27,169520,39.7442,49.1165,47.2142,43.394,21190,0.4311116536458333,106.20004300000073,actual_encoder_input,444,results/vtm_content_partition_study/run/encoded/kodim09_6a4361c2fc19__clean_0/QP27/baseline/kodim09_6a4361c2fc19__clean_0_QP27_baseline_enc.log,33532c421244949d362bc8372c78a1b133d38ac0301f9c4d7a2833ee3e0c0fee,False
kodim09.png,kodim09_6a4361c2fc19__clean_0,clean,0,,32,98112,37.0747,47.4453,45.875,40.9694,12264,0.24951171875,73.8039847,actual_encoder_input,444,results/vtm_content_partition_study/run/encoded/kodim09_6a4361c2fc19__clean_0/QP32/baseline/kodim09_6a4361c2fc19__clean_0_QP32_baseline_enc.log,00d0ac2db03d19b7c6c7b092132a582c22f6185acd65daa4556e40307168fbd6,False
kodim09.png,kodim09_6a4361c2fc19__clean_0,clean,0,,37,52800,34.0952,45.4006,43.8599,38.1491,6600,0.13427734375,46.67791980000038,actual_encoder_input,444,results/vtm_content_partition_study/run/encoded/kodim09_6a4361c2fc19__clean_0/QP37/baseline/kodim09_6a4361c2fc19__clean_0_QP37_baseline_enc.log,703c02de0482db74d932059bc1907879b02654e2f6af97b93d311b8706dac8d4,False
kodim09.png,kodim09_6a4361c2fc19__stripes_16,stripes,16,,22,311096,41.89,50.4726,48.2919,45.3017,38887,0.7911580403645834,98.03634519999832,actual_encoder_input,444,results/vtm_content_partition_task2_completion/run/encoded/kodim09_6a4361c2fc19__stripes_16/QP22/baseline/kodim09_6a4361c2fc19__stripes_16_QP22_baseline_enc.log,3f0f0fa3c143602abfbc4bc4744d427055ee4f8967f5646b816193b94c610282,False
kodim09.png,kodim09_6a4361c2fc19__stripes_16,stripes,16,,27,187128,39.6214,48.7777,47.1128,43.2544,23391,0.47589111328125,132.5965651000006,actual_encoder_input,444,results/vtm_content_partition_four_qp/encoded/kodim09_6a4361c2fc19__stripes_16/QP27/baseline/kodim09_6a4361c2fc19__stripes_16_QP27_baseline_enc.log,955eaaa290b612b433eb26eb93596d8e8334f2a4e5d79df91c77e81d45c57e1c,True
kodim09.png,kodim09_6a4361c2fc19__stripes_16,stripes,16,,32,110000,36.8814,47.0996,45.6685,40.763,13750,0.2797444661458333,43.70506269999896,actual_encoder_input,444,results/vtm_content_partition_task2_completion/run/encoded/kodim09_6a4361c2fc19__stripes_16/QP32/baseline/kodim09_6a4361c2fc19__stripes_16_QP32_baseline_enc.log,867f20c07f463f50876fd5ddf609ccf2640685e0209a7645f2e2c7f7dd249e46,False
kodim09.png,kodim09_6a4361c2fc19__stripes_16,stripes,16,,37,59936,33.8205,44.9086,43.7643,37.876,7492,0.15242513020833334,27.757122099999833,actual_encoder_input,444,results/vtm_content_partition_task2_completion/run/encoded/kodim09_6a4361c2fc19__stripes_16/QP37/baseline/kodim09_6a4361c2fc19__stripes_16_QP37_baseline_enc.log,c9ea76ca0b6feb2db6f051f4ef3e2ca7c5a2d098929444694458a4ceb4e78655,False
kodim09.png,kodim09_6a4361c2fc19__stripes_32,stripes,32,,22,323544,41.8698,50.2806,48.2394,45.2584,40443,0.82281494140625,98.09824089999893,actual_encoder_input,444,results/vtm_content_partition_task2_completion/run/encoded/kodim09_6a4361c2fc19__stripes_32/QP22/baseline/kodim09_6a4361c2fc19__stripes_32_QP22_baseline_enc.log,c46745c88e7b5c151cf3fde61566285ef762cc8b9e36b1f91dc4dc3c62b93271,False
kodim09.png,kodim09_6a4361c2fc19__stripes_32,stripes,32,,27,196624,39.5576,48.5829,46.9662,43.1668,24578,0.5000406901041666,133.4313418999991,actual_encoder_input,444,results/vtm_content_partition_four_qp/encoded/kodim09_6a4361c2fc19__stripes_32/QP27/baseline/kodim09_6a4361c2fc19__stripes_32_QP27_baseline_enc.log,ded58aaf5f85ccf8636e9335e8afcb62cb0f892db95ba5352335f60bac5b9682,True
kodim09.png,kodim09_6a4361c2fc19__stripes_32,stripes,32,,32,116896,36.7973,46.6458,45.5359,40.644,14612,0.2972819010416667,43.661191099999996,actual_encoder_input,444,results/vtm_content_partition_task2_completion/run/encoded/kodim09_6a4361c2fc19__stripes_32/QP32/baseline/kodim09_6a4361c2fc19__stripes_32_QP32_baseline_enc.log,1a07db112164c2270408c220e21325391683a3e9c31f5663015f5d11ea65ea64,False
kodim09.png,kodim09_6a4361c2fc19__stripes_32,stripes,32,,37,64824,33.7615,44.6538,43.7139,37.8046,8103,0.16485595703125,28.737860700002784,actual_encoder_input,444,results/vtm_content_partition_task2_completion/run/encoded/kodim09_6a4361c2fc19__stripes_32/QP37/baseline/kodim09_6a4361c2fc19__stripes_32_QP37_baseline_enc.log,5516257407b461e7b489eaf476540848e3f5010be43d6bc9d1fc48b48c4ba608,False
kodim09.png,kodim09_6a4361c2fc19__stripes_8,stripes,8,,22,301736,41.8764,50.4961,48.3533,45.3043,37717,0.7673543294270834,97.873412500001,actual_encoder_input,444,results/vtm_content_partition_task2_completion/run/encoded/kodim09_6a4361c2fc19__stripes_8/QP22/baseline/kodim09_6a4361c2fc19__stripes_8_QP22_baseline_enc.log,ea82274d5b42c40c2e7a490aa67b68b066f84ee990ce77a0db75534e1951ab50,False
kodim09.png,kodim09_6a4361c2fc19__stripes_8,stripes,8,,27,180744,39.655,48.9385,47.1645,43.3022,22593,0.45965576171875,128.60784870000134,actual_encoder_input,444,results/vtm_content_partition_four_qp/encoded/kodim09_6a4361c2fc19__stripes_8/QP27/baseline/kodim09_6a4361c2fc19__stripes_8_QP27_baseline_enc.log,5be5707ead9210a01a0b30948759f50855bc069c27460fec8270d47ce487cabe,True
kodim09.png,kodim09_6a4361c2fc19__stripes_8,stripes,8,,32,104984,36.94,47.1808,45.7787,40.8289,13123,0.2669881184895833,42.79374870000174,actual_encoder_input,444,results/vtm_content_partition_task2_completion/run/encoded/kodim09_6a4361c2fc19__stripes_8/QP32/baseline/kodim09_6a4361c2fc19__stripes_8_QP32_baseline_enc.log,6ad72a5afecfb68f31abe910acc65d9715866a0b516e32332c6599b73679da4c,False
kodim09.png,kodim09_6a4361c2fc19__stripes_8,stripes,8,,37,57136,33.9292,45.1685,43.8792,37.9951,7142,0.14530436197916666,27.204405500000576,actual_encoder_input,444,results/vtm_content_partition_task2_completion/run/encoded/kodim09_6a4361c2fc19__stripes_8/QP37/baseline/kodim09_6a4361c2fc19__stripes_8_QP37_baseline_enc.log,080adc140264a6559230560068c360a85aa242af81d4dcaba7dffc2a6f0ff022,False
kodim10.png,kodim10_9dfb70f5867c__awgn_15_seed-20260811,awgn,15,20260811,22,1297000,41.3799,49.4403,47.7845,44.7361,162125,3.2984415690104165,296.94500950000656,actual_encoder_input,444,results/vtm_content_partition_qp_extension/run/encoded/kodim10_9dfb70f5867c__awgn_15_seed-20260811/QP22/baseline/kodim10_9dfb70f5867c__awgn_15_seed-20260811_QP22_baseline_enc.log,2ef8444ae7f5a74bd308d1534566f27fd6d529689a5f66e7f160e7d187d8742a,False
kodim10.png,kodim10_9dfb70f5867c__awgn_15_seed-20260811,awgn,15,20260811,27,926648,36.4252,47.5416,46.2826,40.4752,115831,2.3565877278645835,289.2801122000019,actual_encoder_input,444,results/vtm_content_partition_four_qp/encoded/kodim10_9dfb70f5867c__awgn_15_seed-20260811/QP27/baseline/kodim10_9dfb70f5867c__awgn_15_seed-20260811_QP27_baseline_enc.log,ce9f52a2619cc0e288c085d0777b9c618f2a6f7193a14d01f546dae577877c93,True
kodim10.png,kodim10_9dfb70f5867c__awgn_15_seed-20260811,awgn,15,20260811,32,577008,31.4146,45.5742,44.5565,35.824,72126,1.4674072265625,222.01218780000272,actual_encoder_input,444,results/vtm_content_partition_study/run/encoded/kodim10_9dfb70f5867c__awgn_15_seed-20260811/QP32/baseline/kodim10_9dfb70f5867c__awgn_15_seed-20260811_QP32_baseline_enc.log,8a33532c5f445f1842a8b10b2b8b245f53bdcd2ca03c652870261a2dcb6002a1,False
kodim10.png,kodim10_9dfb70f5867c__awgn_15_seed-20260811,awgn,15,20260811,37,147488,25.4228,43.9875,42.8917,30.058,18436,0.3750813802083333,165.76361570000154,actual_encoder_input,444,results/vtm_content_partition_qp_extension/run/encoded/kodim10_9dfb70f5867c__awgn_15_seed-20260811/QP37/baseline/kodim10_9dfb70f5867c__awgn_15_seed-20260811_QP37_baseline_enc.log,bf151edba3a912450d7c7923ef0f45656c96b03c4821f76b0dc64e0aa7a81bcb,False
kodim10.png,kodim10_9dfb70f5867c__awgn_30_seed-20260811,awgn,30,20260811,22,1672600,41.2986,48.6199,47.3708,44.5093,209075,4.253641764322917,298.11088259999815,actual_encoder_input,444,results/vtm_content_partition_qp_extension/run/encoded/kodim10_9dfb70f5867c__awgn_30_seed-20260811/QP22/baseline/kodim10_9dfb70f5867c__awgn_30_seed-20260811_QP22_baseline_enc.log,0d43452e96007ac22d1c8dae1ce59205756d119c5fa6b064de40c5b47253f2f0,False
kodim10.png,kodim10_9dfb70f5867c__awgn_30_seed-20260811,awgn,30,20260811,27,1305472,36.4027,46.6516,45.7622,40.3449,163184,3.3199869791666665,304.95304730000134,actual_encoder_input,444,results/vtm_content_partition_four_qp/encoded/kodim10_9dfb70f5867c__awgn_30_seed-20260811/QP27/baseline/kodim10_9dfb70f5867c__awgn_30_seed-20260811_QP27_baseline_enc.log,cc3d1e714dd46406a93463060e1fdba857bff97d35c2169c4c4e4c5c26ba76c3,True
kodim10.png,kodim10_9dfb70f5867c__awgn_30_seed-20260811,awgn,30,20260811,32,945072,31.4377,44.8619,44.1101,35.797,118134,2.4034423828125,238.59800999999788,actual_encoder_input,444,results/vtm_content_partition_study/run/encoded/kodim10_9dfb70f5867c__awgn_30_seed-20260811/QP32/baseline/kodim10_9dfb70f5867c__awgn_30_seed-20260811_QP32_baseline_enc.log,c7bc8f36c4de3e026135d2ccb6536a768041f5dbce221ee6e332f0dc27da1fe0,False
kodim10.png,kodim10_9dfb70f5867c__awgn_30_seed-20260811,awgn,30,20260811,37,595504,26.3809,43.0277,42.2661,30.9509,74438,1.5144449869791667,214.63692970000557,actual_encoder_input,444,results/vtm_content_partition_qp_extension/run/encoded/kodim10_9dfb70f5867c__awgn_30_seed-20260811/QP37/baseline/kodim10_9dfb70f5867c__awgn_30_seed-20260811_QP37_baseline_enc.log,643675809604e0c0b938768c749c42920886b04bfd82e52a282831a1ccf6c009,False
kodim10.png,kodim10_9dfb70f5867c__awgn_5_seed-20260811,awgn,5,20260811,22,766792,41.4066,49.881,48.0335,44.844,95849,1.9500528971354167,274.967759799998,actual_encoder_input,444,results/vtm_content_partition_qp_extension/run/encoded/kodim10_9dfb70f5867c__awgn_5_seed-20260811/QP22/baseline/kodim10_9dfb70f5867c__awgn_5_seed-20260811_QP22_baseline_enc.log,718169588946f23b415359ab039038f5a3ef3dae26c160fc036a913c5eb9245b,False
kodim10.png,kodim10_9dfb70f5867c__awgn_5_seed-20260811,awgn,5,20260811,27,375880,35.9987,48.3215,46.6497,40.1832,46985,0.9559122721354166,247.65792569999758,actual_encoder_input,444,results/vtm_content_partition_four_qp/encoded/kodim10_9dfb70f5867c__awgn_5_seed-20260811/QP27/baseline/kodim10_9dfb70f5867c__awgn_5_seed-20260811_QP27_baseline_enc.log,7f38eede982147187d50d0ffdde76fb6c59a56fa281d17a3611351db2bbfef97,True
kodim10.png,kodim10_9dfb70f5867c__awgn_5_seed-20260811,awgn,5,20260811,32,112808,32.7385,46.3209,45.0695,37.0868,14101,0.2868855794270833,125.4334017000001,actual_encoder_input,444,results/vtm_content_partition_study/run/encoded/kodim10_9dfb70f5867c__awgn_5_seed-20260811/QP32/baseline/kodim10_9dfb70f5867c__awgn_5_seed-20260811_QP32_baseline_enc.log,0bd2ba73a661ed03697d13c92ddb10191e99c6300e33ef1472cd61538c8f7d88,False
kodim10.png,kodim10_9dfb70f5867c__awgn_5_seed-20260811,awgn,5,20260811,37,57104,31.1698,44.3175,42.9553,35.4693,7138,0.14522298177083334,65.27140299999883,actual_encoder_input,444,results/vtm_content_partition_qp_extension/run/encoded/kodim10_9dfb70f5867c__awgn_5_seed-20260811/QP37/baseline/kodim10_9dfb70f5867c__awgn_5_seed-20260811_QP37_baseline_enc.log,69c0cca411063f6b75fcf83bb51831eb9bcb47eb326d69fa1f77d825eda49dd5,False
kodim10.png,kodim10_9dfb70f5867c__clean_0,clean,0,,22,312520,42.07,50.0022,48.0722,45.3427,39065,0.7947794596354166,213.30792490000022,actual_encoder_input,444,results/vtm_content_partition_study/run/encoded/kodim10_9dfb70f5867c__clean_0/QP22/baseline/kodim10_9dfb70f5867c__clean_0_QP22_baseline_enc.log,03b13e4a78f6be0ab2038bf6d86b4ab1580b7ab01d7ac40449bac87bc92e4ba0,False
kodim10.png,kodim10_9dfb70f5867c__clean_0,clean,0,,27,181224,39.6158,48.4482,46.7184,43.1625,22653,0.46087646484375,129.86939370000255,actual_encoder_input,444,results/vtm_content_partition_study/run/encoded/kodim10_9dfb70f5867c__clean_0/QP27/baseline/kodim10_9dfb70f5867c__clean_0_QP27_baseline_enc.log,d270f46a379c105fda62878307d8f37aaa2115e2e72f514c5ee3003a2cd1937a,False
kodim10.png,kodim10_9dfb70f5867c__clean_0,clean,0,,32,102896,36.8311,46.3708,45.11,40.5993,12862,0.2616780598958333,84.44030719999864,actual_encoder_input,444,results/vtm_content_partition_study/run/encoded/kodim10_9dfb70f5867c__clean_0/QP32/baseline/kodim10_9dfb70f5867c__clean_0_QP32_baseline_enc.log,791470a7fce2085019752df0229050c7ac5f22e52b7aa6dd95096f5b2c859066,False
kodim10.png,kodim10_9dfb70f5867c__clean_0,clean,0,,37,55320,33.8371,44.2908,43.0429,37.7799,6915,0.14068603515625,49.676367899999605,actual_encoder_input,444,results/vtm_content_partition_study/run/encoded/kodim10_9dfb70f5867c__clean_0/QP37/baseline/kodim10_9dfb70f5867c__clean_0_QP37_baseline_enc.log,47dfa726111f38394f29312f87d99e36dd1a09e1975662c898d542eeb002f39c,False
kodim10.png,kodim10_9dfb70f5867c__stripes_16,stripes,16,,22,364192,42.0358,49.9208,48.0466,45.3047,45524,0.9261881510416666,212.42205560000002,actual_encoder_input,444,results/vtm_content_partition_qp_extension/run/encoded/kodim10_9dfb70f5867c__stripes_16/QP22/baseline/kodim10_9dfb70f5867c__stripes_16_QP22_baseline_enc.log,abb6e8166dc487a068dfcdefb9baa9d3d44ab14cb52f7a66ce1d0b323585d24b,False
kodim10.png,kodim10_9dfb70f5867c__stripes_16,stripes,16,,27,212296,39.4097,48.165,46.5729,42.9576,26537,0.5398966471354166,158.43780649999826,actual_encoder_input,444,results/vtm_content_partition_four_qp/encoded/kodim10_9dfb70f5867c__stripes_16/QP27/baseline/kodim10_9dfb70f5867c__stripes_16_QP27_baseline_enc.log,6cf3e826f291eb47d1ec91ceaa9e10e3b3a0d925088e71b773266bc6c29c7fe4,True
kodim10.png,kodim10_9dfb70f5867c__stripes_16,stripes,16,,32,120568,36.4564,46.0215,44.9764,40.2545,15071,0.3066202799479167,97.4554430000062,actual_encoder_input,444,results/vtm_content_partition_study/run/encoded/kodim10_9dfb70f5867c__stripes_16/QP32/baseline/kodim10_9dfb70f5867c__stripes_16_QP32_baseline_enc.log,ea6555165dc085465cdd14a5eca2445b78b2d6da38ee8e741c637f397d4123cd,False
kodim10.png,kodim10_9dfb70f5867c__stripes_16,stripes,16,,37,65152,33.4616,43.8096,42.7248,37.4022,8144,0.16569010416666666,57.618884100003925,actual_encoder_input,444,results/vtm_content_partition_qp_extension/run/encoded/kodim10_9dfb70f5867c__stripes_16/QP37/baseline/kodim10_9dfb70f5867c__stripes_16_QP37_baseline_enc.log,f0a97beea4bbaa9dd03c870e8970f0ee0cad077d0f41d7aa730a02bc567467e0,False
kodim10.png,kodim10_9dfb70f5867c__stripes_32,stripes,32,,22,381944,41.9989,49.7617,47.9418,45.2414,47743,0.9713338216145834,208.89443849999952,actual_encoder_input,444,results/vtm_content_partition_qp_extension/run/encoded/kodim10_9dfb70f5867c__stripes_32/QP22/baseline/kodim10_9dfb70f5867c__stripes_32_QP22_baseline_enc.log,fec6cc6e85c16565db372330e5e68170b37eddc0fcbdb7b6d06fa7a55520f64f,False
kodim10.png,kodim10_9dfb70f5867c__stripes_32,stripes,32,,27,224800,39.3106,47.9398,46.4757,42.8459,28100,0.5716959635416666,161.29674050000176,actual_encoder_input,444,results/vtm_content_partition_four_qp/encoded/kodim10_9dfb70f5867c__stripes_32/QP27/baseline/kodim10_9dfb70f5867c__stripes_32_QP27_baseline_enc.log,81aba494a2f0f1b46b4f0c8af9ad0b472fc3436631ab3b13f183a37d73960e67,True
kodim10.png,kodim10_9dfb70f5867c__stripes_32,stripes,32,,32,128352,36.3687,45.8369,44.7192,40.1389,16044,0.326416015625,97.96260649999749,actual_encoder_input,444,results/vtm_content_partition_study/run/encoded/kodim10_9dfb70f5867c__stripes_32/QP32/baseline/kodim10_9dfb70f5867c__stripes_32_QP32_baseline_enc.log,f1d214a6adb2af0fea1f27482d93526bb8211b64731bb09592adc7a3e1d6ba64,False
kodim10.png,kodim10_9dfb70f5867c__stripes_32,stripes,32,,37,68912,33.2823,43.8023,42.6902,37.2497,8614,0.17525227864583334,60.1180011999968,actual_encoder_input,444,results/vtm_content_partition_qp_extension/run/encoded/kodim10_9dfb70f5867c__stripes_32/QP37/baseline/kodim10_9dfb70f5867c__stripes_32_QP37_baseline_enc.log,2c10841ca804e79b443ffa937eb4e46430e814978cd84f04fc20e412bd0b2d40,False
kodim10.png,kodim10_9dfb70f5867c__stripes_8,stripes,8,,22,348120,42.0027,49.9875,48.0621,45.2916,43515,0.88531494140625,215.78003220000392,actual_encoder_input,444,results/vtm_content_partition_qp_extension/run/encoded/kodim10_9dfb70f5867c__stripes_8/QP22/baseline/kodim10_9dfb70f5867c__stripes_8_QP22_baseline_enc.log,b31e79761710dffa6dbafaf24e760d4d1458e3823bd5e3843d294c09ed1df835,False
kodim10.png,kodim10_9dfb70f5867c__stripes_8,stripes,8,,27,201784,39.4165,48.2597,46.6954,42.9897,25223,0.5131632486979166,156.2111506000001,actual_encoder_input,444,results/vtm_content_partition_four_qp/encoded/kodim10_9dfb70f5867c__stripes_8/QP27/baseline/kodim10_9dfb70f5867c__stripes_8_QP27_baseline_enc.log,df4e9b73b66d7b01671391c9a9d45024ae63dd3acfb5db85e56b2653584b20ce,True
kodim10.png,kodim10_9dfb70f5867c__stripes_8,stripes,8,,32,114200,36.5676,46.1775,45.0398,40.3643,14275,0.2904256184895833,92.21354460000293,actual_encoder_input,444,results/vtm_content_partition_study/run/encoded/kodim10_9dfb70f5867c__stripes_8/QP32/baseline/kodim10_9dfb70f5867c__stripes_8_QP32_baseline_enc.log,4aef0250d1cd1fa116ae099021d77f005f3eb833c0616bc422be945fdd1c0884,False
kodim10.png,kodim10_9dfb70f5867c__stripes_8,stripes,8,,37,61328,33.5581,44.1789,42.9523,37.5316,7666,0.15596516927083334,56.61849480000092,actual_encoder_input,444,results/vtm_content_partition_qp_extension/run/encoded/kodim10_9dfb70f5867c__stripes_8/QP37/baseline/kodim10_9dfb70f5867c__stripes_8_QP37_baseline_enc.log,50eeff4c9159109fd2cc3753ad6f1f307b1f8134555972d20779d6d3ee714a40,False
kodim11.png,kodim11_7936814b58b5__awgn_15_seed-20260811,awgn,15,20260811,22,1365752,41.3857,48.6297,45.9921,44.2962,170719,3.4732869466145835,311.28118109999923,actual_encoder_input,444,results/vtm_content_partition_qp_extension/run/encoded/kodim11_7936814b58b5__awgn_15_seed-20260811/QP22/baseline/kodim11_7936814b58b5__awgn_15_seed-20260811_QP22_baseline_enc.log,07c8e1d6e0ec5ee83a24a53a968183f90c4e0ddb1f45efd4036c0533989043be,False
kodim11.png,kodim11_7936814b58b5__awgn_15_seed-20260811,awgn,15,20260811,27,982112,36.4487,47.097,43.9537,40.2033,122764,2.4976399739583335,310.79442290000225,actual_encoder_input,444,results/vtm_content_partition_four_qp/encoded/kodim11_7936814b58b5__awgn_15_seed-20260811/QP27/baseline/kodim11_7936814b58b5__awgn_15_seed-20260811_QP27_baseline_enc.log,25c0adb25fca092091d67acb3fe9e9094864539cdb5ded54a31b847c2de026e3,True
kodim11.png,kodim11_7936814b58b5__awgn_15_seed-20260811,awgn,15,20260811,32,624880,31.4486,45.4854,41.7826,35.6811,78110,1.5891520182291667,245.83468680000078,actual_encoder_input,444,results/vtm_content_partition_study/run/encoded/kodim11_7936814b58b5__awgn_15_seed-20260811/QP32/baseline/kodim11_7936814b58b5__awgn_15_seed-20260811_QP32_baseline_enc.log,7862ac0c87945318b9c4ab0b6df5f00049d7cbcd33259bd889b32b9308149b61,False
kodim11.png,kodim11_7936814b58b5__awgn_15_seed-20260811,awgn,15,20260811,37,201328,25.5532,43.7872,39.6676,30.0968,25166,0.5120035807291666,178.3806581999961,actual_encoder_input,444,results/vtm_content_partition_qp_extension/run/encoded/kodim11_7936814b58b5__awgn_15_seed-20260811/QP37/baseline/kodim11_7936814b58b5__awgn_15_seed-20260811_QP37_baseline_enc.log,bb27ee71d964f1c9e32ff25692c3154e44559d199b462bf820c0909eba62b7b1,False
kodim11.png,kodim11_7936814b58b5__awgn_30_seed-20260811,awgn,30,20260811,22,1760192,41.41,47.2979,45.374,43.9823,220024,4.476399739583333,331.6027197000003,actual_encoder_input,444,results/vtm_content_partition_qp_extension/run/encoded/kodim11_7936814b58b5__awgn_30_seed-20260811/QP22/baseline/kodim11_7936814b58b5__awgn_30_seed-20260811_QP22_baseline_enc.log,0087e4b0f59be4ccca146b0f902aca3fa986b4902a6ff7de119c4a8330081cb3,False
kodim11.png,kodim11_7936814b58b5__awgn_30_seed-20260811,awgn,30,20260811,27,1329120,36.4872,45.3296,42.2277,39.8058,166140,3.380126953125,334.3708955999973,actual_encoder_input,444,results/vtm_content_partition_four_qp/encoded/kodim11_7936814b58b5__awgn_30_seed-20260811/QP27/baseline/kodim11_7936814b58b5__awgn_30_seed-20260811_QP27_baseline_enc.log,d20afc1f21c67ed2cb52a5f1e1e2b6ea063fb99d7ec5e152feb8e7b0ce7e2e0b,True
kodim11.png,kodim11_7936814b58b5__awgn_30_seed-20260811,awgn,30,20260811,32,955768,31.5054,44.0055,40.425,35.5413,119471,2.4306437174479165,262.9667480999997,actual_encoder_input,444,results/vtm_content_partition_study/run/encoded/kodim11_7936814b58b5__awgn_30_seed-20260811/QP32/baseline/kodim11_7936814b58b5__awgn_30_seed-20260811_QP32_baseline_enc.log,217d36262a583bccf4f541b3d7cda17c3e47094ec64ab3f22d66be956dd040d0,False
kodim11.png,kodim11_7936814b58b5__awgn_30_seed-20260811,awgn,30,20260811,37,602448,26.4276,42.5029,38.5893,30.8426,75306,1.5321044921875,223.61141009999847,actual_encoder_input,444,results/vtm_content_partition_qp_extension/run/encoded/kodim11_7936814b58b5__awgn_30_seed-20260811/QP37/baseline/kodim11_7936814b58b5__awgn_30_seed-20260811_QP37_baseline_enc.log,cd0f84a47890849866e9d041140dafbb19da3ea21851951f9a71e40a88089bbe,False
kodim11.png,kodim11_7936814b58b5__awgn_5_seed-20260811,awgn,5,20260811,22,923128,41.4073,49.747,47.0373,44.6553,115391,2.3476359049479165,278.38650040000357,actual_encoder_input,444,results/vtm_content_partition_qp_extension/run/encoded/kodim11_7936814b58b5__awgn_5_seed-20260811/QP22/baseline/kodim11_7936814b58b5__awgn_5_seed-20260811_QP22_baseline_enc.log,66d54c397300696a04553bd899d0cf4e1d865623f0ea567dd30ab3c771959fd4,False
kodim11.png,kodim11_7936814b58b5__awgn_5_seed-20260811,awgn,5,20260811,27,514344,35.9433,48.2719,44.8702,39.9718,64293,1.30804443359375,280.26670990000275,actual_encoder_input,444,results/vtm_content_partition_four_qp/encoded/kodim11_7936814b58b5__awgn_5_seed-20260811/QP27/baseline/kodim11_7936814b58b5__awgn_5_seed-20260811_QP27_baseline_enc.log,0dc967e1ab4cf1a453be88c71d44e8d5a7b8c5af4e419b2639d2d1e18c8e86d5,True
kodim11.png,kodim11_7936814b58b5__awgn_5_seed-20260811,awgn,5,20260811,32,213936,32.1302,46.511,42.5263,36.3793,26742,0.5440673828125,160.422934000002,actual_encoder_input,444,results/vtm_content_partition_study/run/encoded/kodim11_7936814b58b5__awgn_5_seed-20260811/QP32/baseline/kodim11_7936814b58b5__awgn_5_seed-20260811_QP32_baseline_enc.log,5ef1d13869d1cc0beab83f3ba41f11eb7e599e2c253765ace39cd15ed390080a,False
kodim11.png,kodim11_7936814b58b5__awgn_5_seed-20260811,awgn,5,20260811,37,96560,29.6633,44.5457,40.1213,33.9327,12070,0.24556477864583334,94.05310979999922,actual_encoder_input,444,results/vtm_content_partition_qp_extension/run/encoded/kodim11_7936814b58b5__awgn_5_seed-20260811/QP37/baseline/kodim11_7936814b58b5__awgn_5_seed-20260811_QP37_baseline_enc.log,e539c98ddd24c3ffd58637a8a18887ca9a0c9293e1a1b17dbabf6e107081a5ab,False
kodim11.png,kodim11_7936814b58b5__clean_0,clean,0,,22,600064,42.2527,50.0647,47.2142,45.308,75008,1.5260416666666667,246.24582880000162,actual_encoder_input,444,results/vtm_content_partition_study/run/encoded/kodim11_7936814b58b5__clean_0/QP22/baseline/kodim11_7936814b58b5__clean_0_QP22_baseline_enc.log,9fff6477dc7124d2d45ee87838d69c491543dc591e57641a4656d02e6082e9e9,False
kodim11.png,kodim11_7936814b58b5__clean_0,clean,0,,27,356936,38.1945,48.4328,44.8717,41.7944,44617,0.9077351888020834,189.959562,actual_encoder_input,444,results/vtm_content_partition_study/run/encoded/kodim11_7936814b58b5__clean_0/QP27/baseline/kodim11_7936814b58b5__clean_0_QP27_baseline_enc.log,1936c76ee74b7ffbdd9752cb02c20eab651ffd8cec8c1bff5c2f027a7688789f,False
kodim11.png,kodim11_7936814b58b5__clean_0,clean,0,,32,192320,34.4818,46.6317,42.5948,38.4059,24040,0.4890950520833333,135.79085730000224,actual_encoder_input,444,results/vtm_content_partition_study/run/encoded/kodim11_7936814b58b5__clean_0/QP32/baseline/kodim11_7936814b58b5__clean_0_QP32_baseline_enc.log,60824b2a932dc8f9a72bb9355ecdebd407fb26f9f0340e6e95502dd75d86c7b7,False
kodim11.png,kodim11_7936814b58b5__clean_0,clean,0,,37,92816,31.2088,44.726,40.1482,35.2902,11602,0.23604329427083334,82.52847580000162,actual_encoder_input,444,results/vtm_content_partition_study/run/encoded/kodim11_7936814b58b5__clean_0/QP37/baseline/kodim11_7936814b58b5__clean_0_QP37_baseline_enc.log,2066439e582c1ce1b8e1147bf3d9092708910f87bba0c531dd1357c6b43a7c72,False
kodim11.png,kodim11_7936814b58b5__stripes_16,stripes,16,,22,621336,42.2052,49.6762,47.0729,45.201,77667,1.58013916015625,241.20229209999525,actual_encoder_input,444,results/vtm_content_partition_qp_extension/run/encoded/kodim11_7936814b58b5__stripes_16/QP22/baseline/kodim11_7936814b58b5__stripes_16_QP22_baseline_enc.log,fa5635d3c6e4efaf9205ddaf3445bd92e45c70e6da70befbcef26396419e2939,False
kodim11.png,kodim11_7936814b58b5__stripes_16,stripes,16,,27,372376,38.1135,47.9537,44.7487,41.6765,46547,0.9470011393229166,212.9132357999988,actual_encoder_input,444,results/vtm_content_partition_four_qp/encoded/kodim11_7936814b58b5__stripes_16/QP27/baseline/kodim11_7936814b58b5__stripes_16_QP27_baseline_enc.log,40bbf4c2808b6440d2a82503bb2758b8904be789f8495de20e86e03d01c327dc,True
kodim11.png,kodim11_7936814b58b5__stripes_16,stripes,16,,32,203912,34.3947,46.1845,42.4566,38.2936,25489,0.5185750325520834,139.1388356000025,actual_encoder_input,444,results/vtm_content_partition_study/run/encoded/kodim11_7936814b58b5__stripes_16/QP32/baseline/kodim11_7936814b58b5__stripes_16_QP32_baseline_enc.log,9dd6c13fc821a4b4db435e93c4f4314eb86d6fd9f59fd7f8b3dafccd546f38e2,False
kodim11.png,kodim11_7936814b58b5__stripes_16,stripes,16,,37,100568,31.0943,44.1126,39.9604,35.1477,12571,0.2557576497395833,88.59045499999775,actual_encoder_input,444,results/vtm_content_partition_qp_extension/run/encoded/kodim11_7936814b58b5__stripes_16/QP37/baseline/kodim11_7936814b58b5__stripes_16_QP37_baseline_enc.log,8278d95e7075ad19c87cb7b534e1bc074c689eaa864d6a3d2bb556773547aab3,False
kodim11.png,kodim11_7936814b58b5__stripes_32,stripes,32,,22,638680,42.2132,49.1502,46.7864,45.0774,79835,1.6242472330729167,236.8498378000004,actual_encoder_input,444,results/vtm_content_partition_qp_extension/run/encoded/kodim11_7936814b58b5__stripes_32/QP22/baseline/kodim11_7936814b58b5__stripes_32_QP22_baseline_enc.log,0b7b04710772d507a683501af23e2b9b03b9bacccd938cc5735a255b8932e34e,False
kodim11.png,kodim11_7936814b58b5__stripes_32,stripes,32,,27,384288,38.1325,47.3082,44.3441,41.5679,48036,0.977294921875,216.10056449999684,actual_encoder_input,444,results/vtm_content_partition_four_qp/encoded/kodim11_7936814b58b5__stripes_32/QP27/baseline/kodim11_7936814b58b5__stripes_32_QP27_baseline_enc.log,8664e7095a71e9059036a001b66d96f45ca297ed2e0eeb9940c2f7335fb6d93c,True
kodim11.png,kodim11_7936814b58b5__stripes_32,stripes,32,,32,210776,34.3642,45.424,41.937,38.1551,26347,0.5360310872395834,140.50970909999887,actual_encoder_input,444,results/vtm_content_partition_study/run/encoded/kodim11_7936814b58b5__stripes_32/QP32/baseline/kodim11_7936814b58b5__stripes_32_QP32_baseline_enc.log,f4104607cde15091c1cadd67ff45888a50834689c1ec04e84e1cf586978dffca,False
kodim11.png,kodim11_7936814b58b5__stripes_32,stripes,32,,37,104632,31.0276,43.5644,39.5873,35.0248,13079,0.2660929361979167,89.21116720000282,actual_encoder_input,444,results/vtm_content_partition_qp_extension/run/encoded/kodim11_7936814b58b5__stripes_32/QP37/baseline/kodim11_7936814b58b5__stripes_32_QP37_baseline_enc.log,de4a470af1677e3e6d571a86b8ddd4a7164cb6f0f80f296976a1c1a689b21538,False
kodim11.png,kodim11_7936814b58b5__stripes_8,stripes,8,,22,611376,42.2016,50.0025,47.1853,45.2604,76422,1.5548095703125,235.98818110000138,actual_encoder_input,444,results/vtm_content_partition_qp_extension/run/encoded/kodim11_7936814b58b5__stripes_8/QP22/baseline/kodim11_7936814b58b5__stripes_8_QP22_baseline_enc.log,e1dba49f7622b4a6827d1b559485ede6e13709d351dcce5b148b983b0e6bcdd2,False
kodim11.png,kodim11_7936814b58b5__stripes_8,stripes,8,,27,365784,38.156,48.2805,44.8591,41.7518,45723,0.93023681640625,205.62190610000107,actual_encoder_input,444,results/vtm_content_partition_four_qp/encoded/kodim11_7936814b58b5__stripes_8/QP27/baseline/kodim11_7936814b58b5__stripes_8_QP27_baseline_enc.log,f400534787fc3d7d0758ee93340a1bf26f42390ec4de80b1611de79211e12f6e,True
kodim11.png,kodim11_7936814b58b5__stripes_8,stripes,8,,32,198360,34.418,46.4881,42.5072,38.3351,24795,0.50445556640625,135.3922281999985,actual_encoder_input,444,results/vtm_content_partition_study/run/encoded/kodim11_7936814b58b5__stripes_8/QP32/baseline/kodim11_7936814b58b5__stripes_8_QP32_baseline_enc.log,d1f3b0c163e47b7657ec5dccfb8545357642480bff8f56764a00653f391ed226,False
kodim11.png,kodim11_7936814b58b5__stripes_8,stripes,8,,37,97632,31.1311,44.5952,40.1994,35.2243,12204,0.248291015625,85.63853059999383,actual_encoder_input,444,results/vtm_content_partition_qp_extension/run/encoded/kodim11_7936814b58b5__stripes_8/QP37/baseline/kodim11_7936814b58b5__stripes_8_QP37_baseline_enc.log,7b2d9e51eaf0423fc9aebb992f6be1ea2e3d51ee35074b62d2f025660d231ff8,False
kodim12.png,kodim12_d78c37c2f04f__awgn_15_seed-20260811,awgn,15,20260811,22,1282728,41.3815,48.9537,47.7203,44.6691,160341,3.26214599609375,303.87298379999993,actual_encoder_input,444,results/vtm_content_partition_qp_extension/run/encoded/kodim12_d78c37c2f04f__awgn_15_seed-20260811/QP22/baseline/kodim12_d78c37c2f04f__awgn_15_seed-20260811_QP22_baseline_enc.log,9ee02ce9bd21bcc2e2aa50cd4b6ce726745cff62ddd1dce7b60e669e262084b3,False
kodim12.png,kodim12_d78c37c2f04f__awgn_15_seed-20260811,awgn,15,20260811,27,903664,36.4275,47.0677,45.8966,40.4095,112958,2.2981363932291665,283.5348312999995,actual_encoder_input,444,results/vtm_content_partition_four_qp/encoded/kodim12_d78c37c2f04f__awgn_15_seed-20260811/QP27/baseline/kodim12_d78c37c2f04f__awgn_15_seed-20260811_QP27_baseline_enc.log,bea679b6f033ed4f4e26076ef56575250d3d10bfa96d58bc39d81f56fe435666,True
kodim12.png,kodim12_d78c37c2f04f__awgn_15_seed-20260811,awgn,15,20260811,32,554312,31.4096,45.7504,44.1264,35.8054,69289,1.4096883138020833,224.81839839999884,actual_encoder_input,444,results/vtm_content_partition_study/run/encoded/kodim12_d78c37c2f04f__awgn_15_seed-20260811/QP32/baseline/kodim12_d78c37c2f04f__awgn_15_seed-20260811_QP32_baseline_enc.log,4652430ffa31e795dc92ba3a14a8a844434ef7a3f4b59c0ee601d354223c493b,False
kodim12.png,kodim12_d78c37c2f04f__awgn_15_seed-20260811,awgn,15,20260811,37,137248,25.5308,44.4861,42.4282,30.1604,17156,0.3490397135416667,162.53988460000255,actual_encoder_input,444,results/vtm_content_partition_qp_extension/run/encoded/kodim12_d78c37c2f04f__awgn_15_seed-20260811/QP37/baseline/kodim12_d78c37c2f04f__awgn_15_seed-20260811_QP37_baseline_enc.log,19325ca760bebf416f832bf85d555839ff0f6402a2b8d9ed7cb5ed305adf6fe6,False
kodim12.png,kodim12_d78c37c2f04f__awgn_30_seed-20260811,awgn,30,20260811,22,1693328,41.3145,47.3483,46.6684,44.2085,211666,4.306355794270833,310.4311316000021,actual_encoder_input,444,results/vtm_content_partition_qp_extension/run/encoded/kodim12_d78c37c2f04f__awgn_30_seed-20260811/QP22/baseline/kodim12_d78c37c2f04f__awgn_30_seed-20260811_QP22_baseline_enc.log,d6318acc5cff5d7fa49c3dc55cacaa65ba26917ad3aac3e044f55453f03a03b0,False
kodim12.png,kodim12_d78c37c2f04f__awgn_30_seed-20260811,awgn,30,20260811,27,1287344,36.4239,44.5811,44.0637,39.9728,160918,3.2738850911458335,309.02539179999803,actual_encoder_input,444,results/vtm_content_partition_four_qp/encoded/kodim12_d78c37c2f04f__awgn_30_seed-20260811/QP27/baseline/kodim12_d78c37c2f04f__awgn_30_seed-20260811_QP27_baseline_enc.log,efe2fe1cc8870efd6a9120a1c64e1fe64a20133934f14d72b8c8cc9928944f7e,True
kodim12.png,kodim12_d78c37c2f04f__awgn_30_seed-20260811,awgn,30,20260811,32,919896,31.4463,43.5838,42.3452,35.6392,114987,2.33941650390625,245.06409939999867,actual_encoder_input,444,results/vtm_content_partition_study/run/encoded/kodim12_d78c37c2f04f__awgn_30_seed-20260811/QP32/baseline/kodim12_d78c37c2f04f__awgn_30_seed-20260811_QP32_baseline_enc.log,ebcc355be3eeba0b43b5df66d5379a7319c028a203e278ecc6159b2b5113317b,False
kodim12.png,kodim12_d78c37c2f04f__awgn_30_seed-20260811,awgn,30,20260811,37,570728,26.388,42.3865,40.9306,30.9051,71341,1.4514363606770833,213.8444926000011,actual_encoder_input,444,results/vtm_content_partition_qp_extension/run/encoded/kodim12_d78c37c2f04f__awgn_30_seed-20260811/QP37/baseline/kodim12_d78c37c2f04f__awgn_30_seed-20260811_QP37_baseline_enc.log,5f75f234bb33d5c3a0f12b0425387eb4fcd957066b64c04c64b528d47f29ec24,False
kodim12.png,kodim12_d78c37c2f04f__awgn_5_seed-20260811,awgn,5,20260811,22,750048,41.3904,49.8511,48.4809,44.8972,93756,1.907470703125,270.08572920000006,actual_encoder_input,444,results/vtm_content_partition_qp_extension/run/encoded/kodim12_d78c37c2f04f__awgn_5_seed-20260811/QP22/baseline/kodim12_d78c37c2f04f__awgn_5_seed-20260811_QP22_baseline_enc.log,483ed6911e12314d57dfa4ddede047573d05af06712bf44f88934306b3aff698,False
kodim12.png,kodim12_d78c37c2f04f__awgn_5_seed-20260811,awgn,5,20260811,27,360832,35.9849,48.5686,46.8992,40.2017,45104,0.9176432291666666,231.0781332000006,actual_encoder_input,444,results/vtm_content_partition_four_qp/encoded/kodim12_d78c37c2f04f__awgn_5_seed-20260811/QP27/baseline/kodim12_d78c37c2f04f__awgn_5_seed-20260811_QP27_baseline_enc.log,900e31862ea439bed8e43ac44f733318a92495c69323a4d710f59b43ef8e1d3c,True
kodim12.png,kodim12_d78c37c2f04f__awgn_5_seed-20260811,awgn,5,20260811,32,105328,32.6468,47.1379,45.222,37.0405,13166,0.2678629557291667,116.855241199999,actual_encoder_input,444,results/vtm_content_partition_study/run/encoded/kodim12_d78c37c2f04f__awgn_5_seed-20260811/QP32/baseline/kodim12_d78c37c2f04f__awgn_5_seed-20260811_QP32_baseline_enc.log,6cc303bd4c96b56b70facc6f71f12ac050ddd1948669491931500d07c910eead,False
kodim12.png,kodim12_d78c37c2f04f__awgn_5_seed-20260811,awgn,5,20260811,37,43952,31.0361,45.4403,43.353,35.4135,5494,0.11177571614583333,59.32067190000089,actual_encoder_input,444,results/vtm_content_partition_qp_extension/run/encoded/kodim12_d78c37c2f04f__awgn_5_seed-20260811/QP37/baseline/kodim12_d78c37c2f04f__awgn_5_seed-20260811_QP37_baseline_enc.log,54c9edafb2ca98c362d0e2fca581f08365566a93d4910905222334eced53994f,False
kodim12.png,kodim12_d78c37c2f04f__clean_0,clean,0,,22,351144,42.7739,50.236,48.7572,45.9871,43893,0.89300537109375,190.62897130000056,actual_encoder_input,444,results/vtm_content_partition_study/run/encoded/kodim12_d78c37c2f04f__clean_0/QP22/baseline/kodim12_d78c37c2f04f__clean_0_QP22_baseline_enc.log,0ab4d8efe8dc0863ede6b82ffb52b29698cfea0caac2f8811cb1781aca51cf7a,False
kodim12.png,kodim12_d78c37c2f04f__clean_0,clean,0,,27,188864,39.3809,48.8849,47.2184,43.0915,23608,0.4803059895833333,126.60903920000055,actual_encoder_input,444,results/vtm_content_partition_study/run/encoded/kodim12_d78c37c2f04f__clean_0/QP27/baseline/kodim12_d78c37c2f04f__clean_0_QP27_baseline_enc.log,2dae0967ee859a4af837fc1360ecf9c15cac537a779a3177b18b1ccae9f6a906,False
kodim12.png,kodim12_d78c37c2f04f__clean_0,clean,0,,32,93232,36.289,47.3616,45.433,40.2688,11654,0.23710123697916666,82.9063765000028,actual_encoder_input,444,results/vtm_content_partition_study/run/encoded/kodim12_d78c37c2f04f__clean_0/QP32/baseline/kodim12_d78c37c2f04f__clean_0_QP32_baseline_enc.log,01c024b3ed834c42d0c58d4c5d70468bcb68e6e19897c8c95e1baabfd8a89603,False
kodim12.png,kodim12_d78c37c2f04f__clean_0,clean,0,,37,42592,33.563,45.5298,43.4573,37.6671,5324,0.10831705729166667,42.47525649999807,actual_encoder_input,444,results/vtm_content_partition_study/run/encoded/kodim12_d78c37c2f04f__clean_0/QP37/baseline/kodim12_d78c37c2f04f__clean_0_QP37_baseline_enc.log,3677b683bd5a35c0192d4854a640005fe473c8aaeda31a0e16085decaa4d9cde,False
kodim12.png,kodim12_d78c37c2f04f__stripes_16,stripes,16,,22,373120,42.7104,50.0499,48.6397,45.8985,46640,0.9488932291666666,188.45950680000533,actual_encoder_input,444,results/vtm_content_partition_qp_extension/run/encoded/kodim12_d78c37c2f04f__stripes_16/QP22/baseline/kodim12_d78c37c2f04f__stripes_16_QP22_baseline_enc.log,5d387265236727db90c0c4ad4b6d349afe1787c2fadd618731e16d2d6dc03d87,False
kodim12.png,kodim12_d78c37c2f04f__stripes_16,stripes,16,,27,203008,39.2924,48.6042,46.9521,42.9625,25376,0.5162760416666666,147.10573309999745,actual_encoder_input,444,results/vtm_content_partition_four_qp/encoded/kodim12_d78c37c2f04f__stripes_16/QP27/baseline/kodim12_d78c37c2f04f__stripes_16_QP27_baseline_enc.log,22472f02fe4373386ad4eb7b3553bca10aa5405258d92f0eabcc1c86bfbf6481,True
kodim12.png,kodim12_d78c37c2f04f__stripes_16,stripes,16,,32,102152,36.155,47.0503,45.0945,40.1018,12769,0.2597859700520833,84.7712601999956,actual_encoder_input,444,results/vtm_content_partition_study/run/encoded/kodim12_d78c37c2f04f__stripes_16/QP32/baseline/kodim12_d78c37c2f04f__stripes_16_QP32_baseline_enc.log,2ab1218e01c256da12fb2822d9af52bf2bf584088fd192f7eba54b361c57fbe1,False
kodim12.png,kodim12_d78c37c2f04f__stripes_16,stripes,16,,37,48168,33.4077,45.1703,43.1657,37.4883,6021,0.12249755859375,47.45587670000532,actual_encoder_input,444,results/vtm_content_partition_qp_extension/run/encoded/kodim12_d78c37c2f04f__stripes_16/QP37/baseline/kodim12_d78c37c2f04f__stripes_16_QP37_baseline_enc.log,3f64ac3e90c715fc2a979a895cf8dc60e72b377b99ab9bbf63243508fe1899b4,False
kodim12.png,kodim12_d78c37c2f04f__stripes_32,stripes,32,,22,383080,42.6678,49.8932,48.4975,45.8233,47885,0.9742228190104166,192.14497010000196,actual_encoder_input,444,results/vtm_content_partition_qp_extension/run/encoded/kodim12_d78c37c2f04f__stripes_32/QP22/baseline/kodim12_d78c37c2f04f__stripes_32_QP22_baseline_enc.log,8178704d62160dcc206f34b795ccb03c7a447bf8e31627e1c86c26c5dfeaf993,False
kodim12.png,kodim12_d78c37c2f04f__stripes_32,stripes,32,,27,209136,39.2507,48.339,46.6643,42.8666,26142,0.5318603515625,141.21825679999893,actual_encoder_input,444,results/vtm_content_partition_four_qp/encoded/kodim12_d78c37c2f04f__stripes_32/QP27/baseline/kodim12_d78c37c2f04f__stripes_32_QP27_baseline_enc.log,1689c08e700331db7c0548813b8e9e5908e5bbad290ce26b892066a854d4a945,True
kodim12.png,kodim12_d78c37c2f04f__stripes_32,stripes,32,,32,105536,36.089,46.808,44.8613,40.0058,13192,0.2683919270833333,84.35578550000355,actual_encoder_input,444,results/vtm_content_partition_study/run/encoded/kodim12_d78c37c2f04f__stripes_32/QP32/baseline/kodim12_d78c37c2f04f__stripes_32_QP32_baseline_enc.log,c502230d09bf56f3dea9b10027a784d0b79b0b929069a4213234512d04568bf4,False
kodim12.png,kodim12_d78c37c2f04f__stripes_32,stripes,32,,37,50760,33.3564,45.0047,42.7281,37.3941,6345,0.12908935546875,48.18201440000121,actual_encoder_input,444,results/vtm_content_partition_qp_extension/run/encoded/kodim12_d78c37c2f04f__stripes_32/QP37/baseline/kodim12_d78c37c2f04f__stripes_32_QP37_baseline_enc.log,8ba4fe6ae7f2e4ddf26d109a3ac064bb03e38533362942f876fdf02b3b142832,False
kodim12.png,kodim12_d78c37c2f04f__stripes_8,stripes,8,,22,364216,42.6819,50.1409,48.697,45.9002,45527,0.9262491861979166,191.45563019999827,actual_encoder_input,444,results/vtm_content_partition_qp_extension/run/encoded/kodim12_d78c37c2f04f__stripes_8/QP22/baseline/kodim12_d78c37c2f04f__stripes_8_QP22_baseline_enc.log,1e5377cb51cb5e53221e93e2aac51bdbd2d862e163cfe1afb91e99f911795942,False
kodim12.png,kodim12_d78c37c2f04f__stripes_8,stripes,8,,27,196656,39.2811,48.8197,47.0336,42.9836,24582,0.5001220703125,143.19272640000054,actual_encoder_input,444,results/vtm_content_partition_four_qp/encoded/kodim12_d78c37c2f04f__stripes_8/QP27/baseline/kodim12_d78c37c2f04f__stripes_8_QP27_baseline_enc.log,ecff8e672fbbb819e15266cd38dfce22f1abe5645b0fbff882d603d138e0f348,True
kodim12.png,kodim12_d78c37c2f04f__stripes_8,stripes,8,,32,98072,36.1747,47.2611,45.2872,40.1522,12259,0.24940999348958334,86.97412030000123,actual_encoder_input,444,results/vtm_content_partition_study/run/encoded/kodim12_d78c37c2f04f__stripes_8/QP32/baseline/kodim12_d78c37c2f04f__stripes_8_QP32_baseline_enc.log,652f3173e767f583291fa7db936e6dda784ffee7f40863fa5a18979a60f96058,False
kodim12.png,kodim12_d78c37c2f04f__stripes_8,stripes,8,,37,45976,33.4333,45.3213,43.2522,37.5264,5747,0.11692301432291667,46.177862699994876,actual_encoder_input,444,results/vtm_content_partition_qp_extension/run/encoded/kodim12_d78c37c2f04f__stripes_8/QP37/baseline/kodim12_d78c37c2f04f__stripes_8_QP37_baseline_enc.log,36bcf08a611849becd869301a058e038ee0ef7803b4ac8d2e1de145b40ed5d32,False
kodim13.png,kodim13_bc34a3ce58de__awgn_15_seed-20260811,awgn,15,20260811,22,1582336,41.4675,45.2706,45.8051,43.7226,197792,4.024088541666667,321.7038987000051,actual_encoder_input,444,results/vtm_content_partition_qp_extension/run/encoded/kodim13_bc34a3ce58de__awgn_15_seed-20260811/QP22/baseline/kodim13_bc34a3ce58de__awgn_15_seed-20260811_QP22_baseline_enc.log,2e71296b872b277e60c6a3f7ed81365d9b82e0716620f893caa3cf6ef9cf68dd,False
kodim13.png,kodim13_bc34a3ce58de__awgn_15_seed-20260811,awgn,15,20260811,27,1158784,36.5133,42.7915,43.754,39.7483,144848,2.9469401041666665,335.7287940999995,actual_encoder_input,444,results/vtm_content_partition_four_qp/encoded/kodim13_bc34a3ce58de__awgn_15_seed-20260811/QP27/baseline/kodim13_bc34a3ce58de__awgn_15_seed-20260811_QP27_baseline_enc.log,6db90253ac1f613b7946691e9d6d6c9cd35540d48c386d66c84a2c8fb583ff11,True
kodim13.png,kodim13_bc34a3ce58de__awgn_15_seed-20260811,awgn,15,20260811,32,784192,31.4742,40.9991,42.0264,35.455,98024,1.9943033854166667,258.315666100003,actual_encoder_input,444,results/vtm_content_partition_study/run/encoded/kodim13_bc34a3ce58de__awgn_15_seed-20260811/QP32/baseline/kodim13_bc34a3ce58de__awgn_15_seed-20260811_QP32_baseline_enc.log,f6886ba8d008cceba4ebc26ff3a4dfa55e7bed19261455ac3de106b9e358c9e0,False
kodim13.png,kodim13_bc34a3ce58de__awgn_15_seed-20260811,awgn,15,20260811,37,404072,26.0433,39.5608,40.299,30.4721,50509,1.0276082356770833,206.10641860000032,actual_encoder_input,444,results/vtm_content_partition_qp_extension/run/encoded/kodim13_bc34a3ce58de__awgn_15_seed-20260811/QP37/baseline/kodim13_bc34a3ce58de__awgn_15_seed-20260811_QP37_baseline_enc.log,d8437f380e955adfe36af6a5c50a0ea298f8691a0a0967336366e6d7fb726805,False
kodim13.png,kodim13_bc34a3ce58de__awgn_30_seed-20260811,awgn,30,20260811,22,1884944,41.414,43.6844,45.1262,43.1355,235618,4.793660481770833,349.7473150000005,actual_encoder_input,444,results/vtm_content_partition_qp_extension/run/encoded/kodim13_bc34a3ce58de__awgn_30_seed-20260811/QP22/baseline/kodim13_bc34a3ce58de__awgn_30_seed-20260811_QP22_baseline_enc.log,93fc687183f3a31b985d6d0ebe224c06f1c5cfea0962fc2fae2cadb7be3ea1d8,False
kodim13.png,kodim13_bc34a3ce58de__awgn_30_seed-20260811,awgn,30,20260811,27,1422648,36.507,40.9472,43.0917,39.2936,177831,3.61798095703125,361.8381694999989,actual_encoder_input,444,results/vtm_content_partition_four_qp/encoded/kodim13_bc34a3ce58de__awgn_30_seed-20260811/QP27/baseline/kodim13_bc34a3ce58de__awgn_30_seed-20260811_QP27_baseline_enc.log,ce2a0da2ec62f43420dd911bc864ede027a21f4fc006c9670805a68a5e4ad266,True
kodim13.png,kodim13_bc34a3ce58de__awgn_30_seed-20260811,awgn,30,20260811,32,1035192,31.5372,39.318,41.2781,35.2607,129399,2.63262939453125,275.3826345999987,actual_encoder_input,444,results/vtm_content_partition_study/run/encoded/kodim13_bc34a3ce58de__awgn_30_seed-20260811/QP32/baseline/kodim13_bc34a3ce58de__awgn_30_seed-20260811_QP32_baseline_enc.log,9c927437b52e6959463651882a426f81e666b1bad187fcd0e7e9b731fa934d49,False
kodim13.png,kodim13_bc34a3ce58de__awgn_30_seed-20260811,awgn,30,20260811,37,679048,26.4642,38.1034,39.6951,30.7584,84881,1.7269083658854167,227.7111608999985,actual_encoder_input,444,results/vtm_content_partition_qp_extension/run/encoded/kodim13_bc34a3ce58de__awgn_30_seed-20260811/QP37/baseline/kodim13_bc34a3ce58de__awgn_30_seed-20260811_QP37_baseline_enc.log,98f14176bf0d66c032cc59118e35bc80f320e89a23f267792ac649942b24c2d5,False
kodim13.png,kodim13_bc34a3ce58de__awgn_5_seed-20260811,awgn,5,20260811,22,1331112,41.4437,45.9232,46.0362,43.9007,166389,3.38519287109375,317.4951607000039,actual_encoder_input,444,results/vtm_content_partition_qp_extension/run/encoded/kodim13_bc34a3ce58de__awgn_5_seed-20260811/QP22/baseline/kodim13_bc34a3ce58de__awgn_5_seed-20260811_QP22_baseline_enc.log,d6ba43dd0c755d74371dd18cd932ebf6ca075c1dbac4eb4b1f01db361a2b6134,False
kodim13.png,kodim13_bc34a3ce58de__awgn_5_seed-20260811,awgn,5,20260811,27,908304,36.3625,43.6533,44.2113,39.8281,113538,2.3099365234375,307.66066839999985,actual_encoder_input,444,results/vtm_content_partition_four_qp/encoded/kodim13_bc34a3ce58de__awgn_5_seed-20260811/QP27/baseline/kodim13_bc34a3ce58de__awgn_5_seed-20260811_QP27_baseline_enc.log,01057ae82248889c110a6845ddb2b456c3c7aee04049a1f3bc8058944af71739,True
kodim13.png,kodim13_bc34a3ce58de__awgn_5_seed-20260811,awgn,5,20260811,32,537104,31.4428,41.7578,42.3146,35.5144,67138,1.3659261067708333,230.47419380000065,actual_encoder_input,444,results/vtm_content_partition_study/run/encoded/kodim13_bc34a3ce58de__awgn_5_seed-20260811/QP32/baseline/kodim13_bc34a3ce58de__awgn_5_seed-20260811_QP32_baseline_enc.log,4fcc028545bcfa6057d07ab71e0a91364fcf0ee5a31c99c30ea13612f1edbd31,False
kodim13.png,kodim13_bc34a3ce58de__awgn_5_seed-20260811,awgn,5,20260811,37,265880,27.2999,40.2365,40.569,31.6652,33235,0.6761678059895834,168.09815789999993,actual_encoder_input,444,results/vtm_content_partition_qp_extension/run/encoded/kodim13_bc34a3ce58de__awgn_5_seed-20260811/QP37/baseline/kodim13_bc34a3ce58de__awgn_5_seed-20260811_QP37_baseline_enc.log,d98a4ce86f56e1b84b3ebc448dcedb0198fbfc1607d9d929eab086f59598f7d0,False
kodim13.png,kodim13_bc34a3ce58de__clean_0,clean,0,,22,1226184,41.5448,46.2633,46.2913,44.082,153273,3.11834716796875,300.25343449999855,actual_encoder_input,444,results/vtm_content_partition_study/run/encoded/kodim13_bc34a3ce58de__clean_0/QP22/baseline/kodim13_bc34a3ce58de__clean_0_QP22_baseline_enc.log,efc18c69283e6cf994d91e0f6a75963b0adacc40cbc5f5fe6bde109c2f3f7dbe,False
kodim13.png,kodim13_bc34a3ce58de__clean_0,clean,0,,27,830840,36.6673,43.813,44.2296,40.0769,103855,2.1129353841145835,256.3454305999985,actual_encoder_input,444,results/vtm_content_partition_study/run/encoded/kodim13_bc34a3ce58de__clean_0/QP27/baseline/kodim13_bc34a3ce58de__clean_0_QP27_baseline_enc.log,ba2919593fedf6be160e42574bbeafe9db2ab8b9f31d02f52733e77a8acd69e8,False
kodim13.png,kodim13_bc34a3ce58de__clean_0,clean,0,,32,500736,31.9343,41.9392,42.405,35.9514,62592,1.2734375,213.92000149999876,actual_encoder_input,444,results/vtm_content_partition_study/run/encoded/kodim13_bc34a3ce58de__clean_0/QP32/baseline/kodim13_bc34a3ce58de__clean_0_QP32_baseline_enc.log,10cb31b1b2bbe932dff9fcc467ac683845a7485cb3b458c7ce1f23ef150467cc,False
kodim13.png,kodim13_bc34a3ce58de__clean_0,clean,0,,37,255456,27.732,40.2901,40.6309,32.0626,31932,0.649658203125,156.1150643999972,actual_encoder_input,444,results/vtm_content_partition_study/run/encoded/kodim13_bc34a3ce58de__clean_0/QP37/baseline/kodim13_bc34a3ce58de__clean_0_QP37_baseline_enc.log,83b64a3490fdfd8dd27b553262409346f1fdd809e57aadbf31737606f86eade5,False
kodim13.png,kodim13_bc34a3ce58de__stripes_16,stripes,16,,22,1238952,41.5245,46.1114,46.2163,44.0239,154869,3.15081787109375,311.4018638999987,actual_encoder_input,444,results/vtm_content_partition_qp_extension/run/encoded/kodim13_bc34a3ce58de__stripes_16/QP22/baseline/kodim13_bc34a3ce58de__stripes_16_QP22_baseline_enc.log,e50f62f32f7bf115156f207664b418deb3fb3b19703f1e56642e7eb3e759c0b6,False
kodim13.png,kodim13_bc34a3ce58de__stripes_16,stripes,16,,27,840136,36.6167,43.609,44.1667,40.0028,105017,2.1365763346354165,291.4029066000003,actual_encoder_input,444,results/vtm_content_partition_four_qp/encoded/kodim13_bc34a3ce58de__stripes_16/QP27/baseline/kodim13_bc34a3ce58de__stripes_16_QP27_baseline_enc.log,db34ef8416a7be205f4627b8bf1feeb24de6f258a7ac45825d9b39ba09472223,True
kodim13.png,kodim13_bc34a3ce58de__stripes_16,stripes,16,,32,509304,31.9315,41.5711,42.2071,35.9018,63663,1.29522705078125,205.54513439999573,actual_encoder_input,444,results/vtm_content_partition_study/run/encoded/kodim13_bc34a3ce58de__stripes_16/QP32/baseline/kodim13_bc34a3ce58de__stripes_16_QP32_baseline_enc.log,60524d6c828855737f4b1e1f87931366422ba48de3523af524f4107210001986,False
kodim13.png,kodim13_bc34a3ce58de__stripes_16,stripes,16,,37,260408,27.6983,39.8794,40.4003,31.9999,32551,0.6622517903645834,160.5888927000051,actual_encoder_input,444,results/vtm_content_partition_qp_extension/run/encoded/kodim13_bc34a3ce58de__stripes_16/QP37/baseline/kodim13_bc34a3ce58de__stripes_16_QP37_baseline_enc.log,8beda9365ddb4c20923c2e0baec8afa29c03f494b2791e16127ca809f3cb22d2,False
kodim13.png,kodim13_bc34a3ce58de__stripes_32,stripes,32,,22,1251240,41.4828,45.5228,46.0493,43.8388,156405,3.18206787109375,318.0365987999976,actual_encoder_input,444,results/vtm_content_partition_qp_extension/run/encoded/kodim13_bc34a3ce58de__stripes_32/QP22/baseline/kodim13_bc34a3ce58de__stripes_32_QP22_baseline_enc.log,a4db0161a64b7ba97f7fe71a8d52dafbf444711b95dffbc608fc0e62eea79f7d,False
kodim13.png,kodim13_bc34a3ce58de__stripes_32,stripes,32,,27,849744,36.6182,43.0013,43.9645,39.8843,106218,2.1610107421875,300.20456730000296,actual_encoder_input,444,results/vtm_content_partition_four_qp/encoded/kodim13_bc34a3ce58de__stripes_32/QP27/baseline/kodim13_bc34a3ce58de__stripes_32_QP27_baseline_enc.log,1b88751c4b8e0d5ebc8f6265db79bae18d8d82f09324b4b5fa2d2203e6cae4f7,True
kodim13.png,kodim13_bc34a3ce58de__stripes_32,stripes,32,,32,514800,31.8987,41.0233,42.0166,35.8075,64350,1.3092041015625,209.2626023000048,actual_encoder_input,444,results/vtm_content_partition_study/run/encoded/kodim13_bc34a3ce58de__stripes_32/QP32/baseline/kodim13_bc34a3ce58de__stripes_32_QP32_baseline_enc.log,6c23833ac6b464e4ed72124bf9563aa55481dec95ff533ab4e19fccc686c5bbd,False
kodim13.png,kodim13_bc34a3ce58de__stripes_32,stripes,32,,37,264696,27.7081,39.2892,40.1791,31.9636,33087,0.67315673828125,159.85843939999904,actual_encoder_input,444,results/vtm_content_partition_qp_extension/run/encoded/kodim13_bc34a3ce58de__stripes_32/QP37/baseline/kodim13_bc34a3ce58de__stripes_32_QP37_baseline_enc.log,a8d6ce546432e6dd219e3bdf885b03f5be6864baedf115178450fa136bd7344c,False
kodim13.png,kodim13_bc34a3ce58de__stripes_8,stripes,8,,22,1231696,41.5321,46.2585,46.2599,44.0671,153962,3.1323649088541665,310.3997610000006,actual_encoder_input,444,results/vtm_content_partition_qp_extension/run/encoded/kodim13_bc34a3ce58de__stripes_8/QP22/baseline/kodim13_bc34a3ce58de__stripes_8_QP22_baseline_enc.log,1584aa4ff1b425c0c2f649d58c31102ff951598d666e6352038fc40bd60ed21e,False
kodim13.png,kodim13_bc34a3ce58de__stripes_8,stripes,8,,27,835784,36.6396,43.7454,44.2157,40.0453,104473,2.1255086263020835,296.73506110000017,actual_encoder_input,444,results/vtm_content_partition_four_qp/encoded/kodim13_bc34a3ce58de__stripes_8/QP27/baseline/kodim13_bc34a3ce58de__stripes_8_QP27_baseline_enc.log,b0e7c3b56467b2be845347cf6f6a76a23f3bcfe8291f2e89bc2cee8b96c973bf,True
kodim13.png,kodim13_bc34a3ce58de__stripes_8,stripes,8,,32,504824,31.9208,41.7321,42.331,35.9168,63103,1.2838338216145833,209.37897249999514,actual_encoder_input,444,results/vtm_content_partition_study/run/encoded/kodim13_bc34a3ce58de__stripes_8/QP32/baseline/kodim13_bc34a3ce58de__stripes_8_QP32_baseline_enc.log,023169c1de04a73152e9b244c8a73f802cb95970bb119eefe38b069dbd078262,False
kodim13.png,kodim13_bc34a3ce58de__stripes_8,stripes,8,,37,257504,27.7237,40.0476,40.5042,32.0367,32188,0.6548665364583334,159.28880789999675,actual_encoder_input,444,results/vtm_content_partition_qp_extension/run/encoded/kodim13_bc34a3ce58de__stripes_8/QP37/baseline/kodim13_bc34a3ce58de__stripes_8_QP37_baseline_enc.log,b05d8c2271a490117aea0d0c5b3a4d0116d5d8b872bbac5de1aecb401dc4761c,False
kodim14.png,kodim14_55a94550ff18__awgn_15_seed-20260811,awgn,15,20260811,22,1449688,41.4189,47.2277,46.5322,44.2295,181211,3.6867472330729165,204.9317338999972,actual_encoder_input,444,results/vtm_content_partition_task2_completion/run/encoded/kodim14_55a94550ff18__awgn_15_seed-20260811/QP22/baseline/kodim14_55a94550ff18__awgn_15_seed-20260811_QP22_baseline_enc.log,db06b9722c61e0dda1d1c306b42afe50b5d2d550ece0026f298051e30f5edccd,False
kodim14.png,kodim14_55a94550ff18__awgn_15_seed-20260811,awgn,15,20260811,27,1048624,36.4956,44.8806,44.1288,40.0693,131078,2.6667887369791665,308.7950576000003,actual_encoder_input,444,results/vtm_content_partition_four_qp/encoded/kodim14_55a94550ff18__awgn_15_seed-20260811/QP27/baseline/kodim14_55a94550ff18__awgn_15_seed-20260811_QP27_baseline_enc.log,bca46b01509b0e5eb582e9321247dc7183e5a7d29b7d4052b97258edcf825f70,True
kodim14.png,kodim14_55a94550ff18__awgn_15_seed-20260811,awgn,15,20260811,32,677224,31.4381,42.5356,41.6332,35.5153,84653,1.7222696940104167,177.837776999997,actual_encoder_input,444,results/vtm_content_partition_task2_completion/run/encoded/kodim14_55a94550ff18__awgn_15_seed-20260811/QP32/baseline/kodim14_55a94550ff18__awgn_15_seed-20260811_QP32_baseline_enc.log,e37a49f3ecb779fa615b5dc590631b201323291283c49201d225541cdc86b3e6,False
kodim14.png,kodim14_55a94550ff18__awgn_15_seed-20260811,awgn,15,20260811,37,263456,25.7239,40.5224,39.5327,30.1821,32932,0.6700032552083334,149.66132989999824,actual_encoder_input,444,results/vtm_content_partition_task2_completion/run/encoded/kodim14_55a94550ff18__awgn_15_seed-20260811/QP37/baseline/kodim14_55a94550ff18__awgn_15_seed-20260811_QP37_baseline_enc.log,3510e132300220decd4fd297d44fa9907bf805a86e37d0b1c8fd9c9eecc1c807,False
kodim14.png,kodim14_55a94550ff18__awgn_30_seed-20260811,awgn,30,20260811,22,1824832,41.4182,45.5059,45.2789,43.6337,228104,4.640787760416667,246.89533859999938,actual_encoder_input,444,results/vtm_content_partition_task2_completion/run/encoded/kodim14_55a94550ff18__awgn_30_seed-20260811/QP22/baseline/kodim14_55a94550ff18__awgn_30_seed-20260811_QP22_baseline_enc.log,62ba3af3a7130fcf57992bdbf46a7c11cea1880e86236745f8a82a29e6345828,False
kodim14.png,kodim14_55a94550ff18__awgn_30_seed-20260811,awgn,30,20260811,27,1390128,36.5179,43.001,42.4931,39.5942,173766,3.5352783203125,335.41807609999887,actual_encoder_input,444,results/vtm_content_partition_four_qp/encoded/kodim14_55a94550ff18__awgn_30_seed-20260811/QP27/baseline/kodim14_55a94550ff18__awgn_30_seed-20260811_QP27_baseline_enc.log,0a3e52ca11a415c375799d648f50952ec8dcf5d0737e7a7da6a31276512dcdd5,True
kodim14.png,kodim14_55a94550ff18__awgn_30_seed-20260811,awgn,30,20260811,32,992672,31.5179,40.89,39.9658,35.2905,124084,2.5244954427083335,199.56569279999894,actual_encoder_input,444,results/vtm_content_partition_task2_completion/run/encoded/kodim14_55a94550ff18__awgn_30_seed-20260811/QP32/baseline/kodim14_55a94550ff18__awgn_30_seed-20260811_QP32_baseline_enc.log,094a00a3c4df20ba8aafecdde06fea5b3b95d7bda37f29d171b8993985c5cfe3,False
kodim14.png,kodim14_55a94550ff18__awgn_30_seed-20260811,awgn,30,20260811,37,632712,26.4697,39.0164,38.0311,30.7277,79089,1.60906982421875,176.58661409999695,actual_encoder_input,444,results/vtm_content_partition_task2_completion/run/encoded/kodim14_55a94550ff18__awgn_30_seed-20260811/QP37/baseline/kodim14_55a94550ff18__awgn_30_seed-20260811_QP37_baseline_enc.log,ee099d44e928d0a813f7bf5dbc62685a88c4c3492865f4a4dca2eba877e64075,False
kodim14.png,kodim14_55a94550ff18__awgn_5_seed-20260811,awgn,5,20260811,22,1051280,41.47,47.7521,46.8991,44.4174,131410,2.6735432942708335,168.16520410000157,actual_encoder_input,444,results/vtm_content_partition_task2_completion/run/encoded/kodim14_55a94550ff18__awgn_5_seed-20260811/QP22/baseline/kodim14_55a94550ff18__awgn_5_seed-20260811_QP22_baseline_enc.log,13c6aabac0a3ccc12dc3667156ef8b306860cefd2a01d91cc551e4750d8ed19d,False
kodim14.png,kodim14_55a94550ff18__awgn_5_seed-20260811,awgn,5,20260811,27,634536,36.1268,45.5652,44.8766,39.9388,79317,1.61370849609375,285.4691930000008,actual_encoder_input,444,results/vtm_content_partition_four_qp/encoded/kodim14_55a94550ff18__awgn_5_seed-20260811/QP27/baseline/kodim14_55a94550ff18__awgn_5_seed-20260811_QP27_baseline_enc.log,5d57f63c57a8e1a84bbdc510dbf3c5f4b324d9819aefe16689e3f6e130b3ddea,True
kodim14.png,kodim14_55a94550ff18__awgn_5_seed-20260811,awgn,5,20260811,32,294000,31.8335,43.4029,42.4576,35.9741,36750,0.7476806640625,108.14640320000035,actual_encoder_input,444,results/vtm_content_partition_task2_completion/run/encoded/kodim14_55a94550ff18__awgn_5_seed-20260811/QP32/baseline/kodim14_55a94550ff18__awgn_5_seed-20260811_QP32_baseline_enc.log,17518a30037e5e51fe0530cae32707cea5014f992ae855badbc15824f5f23c47,False
kodim14.png,kodim14_55a94550ff18__awgn_5_seed-20260811,awgn,5,20260811,37,136808,28.9906,40.962,39.9363,33.1778,17101,0.3479207356770833,72.6590423000016,actual_encoder_input,444,results/vtm_content_partition_task2_completion/run/encoded/kodim14_55a94550ff18__awgn_5_seed-20260811/QP37/baseline/kodim14_55a94550ff18__awgn_5_seed-20260811_QP37_baseline_enc.log,f1ef32e3bbda0f5a164aa702bd426ffe914f141a8555d9130d1c211121f2bc21,False
kodim14.png,kodim14_55a94550ff18__clean_0,clean,0,,22,794768,41.8195,48.0227,47.2417,44.7533,99346,2.0211995442708335,256.39567250000255,actual_encoder_input,444,results/vtm_content_partition_study/run/encoded/kodim14_55a94550ff18__clean_0/QP22/baseline/kodim14_55a94550ff18__clean_0_QP22_baseline_enc.log,d7b5ddfc16d09ba89f0924b2db26767372c8d675b6580c38d18a195ce2da5dd4,False
kodim14.png,kodim14_55a94550ff18__clean_0,clean,0,,27,484984,37.4905,45.7134,44.9362,41.0211,60623,1.2333780924479167,208.07910410000113,actual_encoder_input,444,results/vtm_content_partition_study/run/encoded/kodim14_55a94550ff18__clean_0/QP27/baseline/kodim14_55a94550ff18__clean_0_QP27_baseline_enc.log,f5430c74307563c18eeab47734707cfe81a031224aca9ed2b76fe04ffb2d93cf,False
kodim14.png,kodim14_55a94550ff18__clean_0,clean,0,,32,265472,33.5506,43.3612,42.4333,37.4094,33184,0.6751302083333334,164.1552269999993,actual_encoder_input,444,results/vtm_content_partition_study/run/encoded/kodim14_55a94550ff18__clean_0/QP32/baseline/kodim14_55a94550ff18__clean_0_QP32_baseline_enc.log,2e8d858d9959a5c67cd7d6b224e20cc2c95b2285174d446c5d93808ca1893f99,False
kodim14.png,kodim14_55a94550ff18__clean_0,clean,0,,37,131080,30.12,41.0129,40.0053,34.1574,16385,0.3333536783854167,114.62301089999892,actual_encoder_input,444,results/vtm_content_partition_study/run/encoded/kodim14_55a94550ff18__clean_0/QP37/baseline/kodim14_55a94550ff18__clean_0_QP37_baseline_enc.log,e1f5af5940153779898b0c54c5858eee296e6e6f0a003465541816438c05429b,False
kodim14.png,kodim14_55a94550ff18__stripes_16,stripes,16,,22,813344,41.7842,47.9026,47.1253,44.6893,101668,2.0684407552083335,197.21148649999668,actual_encoder_input,444,results/vtm_content_partition_task2_completion/run/encoded/kodim14_55a94550ff18__stripes_16/QP22/baseline/kodim14_55a94550ff18__stripes_16_QP22_baseline_enc.log,0bbba006730354f2807d67ff708646265159f2c5c0e2f97c81f32aee421f4b5e,False
kodim14.png,kodim14_55a94550ff18__stripes_16,stripes,16,,27,499800,37.4548,45.5608,44.7887,40.9568,62475,1.27105712890625,247.40424419999908,actual_encoder_input,444,results/vtm_content_partition_four_qp/encoded/kodim14_55a94550ff18__stripes_16/QP27/baseline/kodim14_55a94550ff18__stripes_16_QP27_baseline_enc.log,15d72e35a5b01fc61249bc7c778f193379b2b49f80e9df0f12d121f1ca280214,True
kodim14.png,kodim14_55a94550ff18__stripes_16,stripes,16,,32,277304,33.51,43.1603,42.188,37.3331,34663,0.7052205403645834,128.39721590000045,actual_encoder_input,444,results/vtm_content_partition_task2_completion/run/encoded/kodim14_55a94550ff18__stripes_16/QP32/baseline/kodim14_55a94550ff18__stripes_16_QP32_baseline_enc.log,ddf5c55438bd1e16d7411d2a137b92885e9248a5995a6118e6a1c323af1b9672,False
kodim14.png,kodim14_55a94550ff18__stripes_16,stripes,16,,37,139120,30.0908,40.7829,39.7239,34.0917,17390,0.3538004557291667,89.55884040000092,actual_encoder_input,444,results/vtm_content_partition_task2_completion/run/encoded/kodim14_55a94550ff18__stripes_16/QP37/baseline/kodim14_55a94550ff18__stripes_16_QP37_baseline_enc.log,d519ca00b19d4d2ce25b20408e1d03718b675af925fa26a54e21eb42b3d90ae4,False
kodim14.png,kodim14_55a94550ff18__stripes_32,stripes,32,,22,830872,41.773,47.6344,46.8535,44.5859,103859,2.1130167643229165,197.23121470000115,actual_encoder_input,444,results/vtm_content_partition_task2_completion/run/encoded/kodim14_55a94550ff18__stripes_32/QP22/baseline/kodim14_55a94550ff18__stripes_32_QP22_baseline_enc.log,e2d6de33edf1d4dd7bc81cdd330bb801316f43e46219ffbf9104f1e3f336cce7,False
kodim14.png,kodim14_55a94550ff18__stripes_32,stripes,32,,27,514128,37.4488,45.2564,44.4811,40.8728,64266,1.3074951171875,250.8337431,actual_encoder_input,444,results/vtm_content_partition_four_qp/encoded/kodim14_55a94550ff18__stripes_32/QP27/baseline/kodim14_55a94550ff18__stripes_32_QP27_baseline_enc.log,567dd0aecc78ab5d39589f55f218085b12cde89d3b24617de06bed4814ef8af9,True
kodim14.png,kodim14_55a94550ff18__stripes_32,stripes,32,,32,286408,33.476,42.9075,41.9297,37.2547,35801,0.7283732096354166,125.43168409999998,actual_encoder_input,444,results/vtm_content_partition_task2_completion/run/encoded/kodim14_55a94550ff18__stripes_32/QP32/baseline/kodim14_55a94550ff18__stripes_32_QP32_baseline_enc.log,7cb3ee76eef71de84f7d40d8fb192f218a3dbe5af3da391750cd3d725b120ea9,False
kodim14.png,kodim14_55a94550ff18__stripes_32,stripes,32,,37,144184,30.0122,40.5356,39.3557,33.9737,18023,0.3666788736979167,91.08322380000027,actual_encoder_input,444,results/vtm_content_partition_task2_completion/run/encoded/kodim14_55a94550ff18__stripes_32/QP37/baseline/kodim14_55a94550ff18__stripes_32_QP37_baseline_enc.log,aaf31e28d0d54dae1b8b1eb4fbde440c5319ded86e8a6fadc54134d659fac168,False
kodim14.png,kodim14_55a94550ff18__stripes_8,stripes,8,,22,803672,41.7953,47.9782,47.194,44.7215,100459,2.0438435872395835,194.2853191000031,actual_encoder_input,444,results/vtm_content_partition_task2_completion/run/encoded/kodim14_55a94550ff18__stripes_8/QP22/baseline/kodim14_55a94550ff18__stripes_8_QP22_baseline_enc.log,c381913fc2b29f8384f23362bce7fea3b7cc59ec06be997407a1693a6fade8a1,False
kodim14.png,kodim14_55a94550ff18__stripes_8,stripes,8,,27,494176,37.5062,45.6531,44.8694,41.0169,61772,1.2567545572916667,243.63199189999796,actual_encoder_input,444,results/vtm_content_partition_four_qp/encoded/kodim14_55a94550ff18__stripes_8/QP27/baseline/kodim14_55a94550ff18__stripes_8_QP27_baseline_enc.log,026f208852ba085963658c24ba01ec1efd34c9181a2f0f926a71e8981401d987,True
kodim14.png,kodim14_55a94550ff18__stripes_8,stripes,8,,32,270280,33.5124,43.3308,42.3876,37.371,33785,0.6873575846354166,128.43200969999816,actual_encoder_input,444,results/vtm_content_partition_task2_completion/run/encoded/kodim14_55a94550ff18__stripes_8/QP32/baseline/kodim14_55a94550ff18__stripes_8_QP32_baseline_enc.log,97a713d8b91c202f135f981d940e717e590d56df1a68265d842e6cafca3a8cd9,False
kodim14.png,kodim14_55a94550ff18__stripes_8,stripes,8,,37,134280,30.0881,40.9393,39.917,34.1176,16785,0.34149169921875,88.37488239999948,actual_encoder_input,444,results/vtm_content_partition_task2_completion/run/encoded/kodim14_55a94550ff18__stripes_8/QP37/baseline/kodim14_55a94550ff18__stripes_8_QP37_baseline_enc.log,5cac1dfe72163a3548c03f90f9db2d75b49351d237e5b18692ca15f8f6226aa5,False
kodim15.png,kodim15_7538cbb80cb9__awgn_15_seed-20260811,awgn,15,20260811,22,1341880,41.4821,48.3064,44.5491,43.9456,167735,3.4125773111979165,324.40232509999623,actual_encoder_input,444,results/vtm_content_partition_qp_extension/run/encoded/kodim15_7538cbb80cb9__awgn_15_seed-20260811/QP22/baseline/kodim15_7538cbb80cb9__awgn_15_seed-20260811_QP22_baseline_enc.log,76c472214012d0fe3f2760415541713a2598cd166f2a44f5f04276807cea1685,False
kodim15.png,kodim15_7538cbb80cb9__awgn_15_seed-20260811,awgn,15,20260811,27,908264,36.5153,46.1187,41.6657,39.7789,113533,2.3098347981770835,312.02015609999944,actual_encoder_input,444,results/vtm_content_partition_four_qp/encoded/kodim15_7538cbb80cb9__awgn_15_seed-20260811/QP27/baseline/kodim15_7538cbb80cb9__awgn_15_seed-20260811_QP27_baseline_enc.log,1077fc3e06e6da5df586a8f6565429f7a269417d2c9d60259103beecd255610b,True
kodim15.png,kodim15_7538cbb80cb9__awgn_15_seed-20260811,awgn,15,20260811,32,546744,31.4727,44.521,39.8308,35.4683,68343,1.39044189453125,242.21226770000067,actual_encoder_input,444,results/vtm_content_partition_study/run/encoded/kodim15_7538cbb80cb9__awgn_15_seed-20260811/QP32/baseline/kodim15_7538cbb80cb9__awgn_15_seed-20260811_QP32_baseline_enc.log,5de0aa234e33cf08e9e06d89f5dc0a7366bf45341a44aa282c403cdd6daebddf,False
kodim15.png,kodim15_7538cbb80cb9__awgn_15_seed-20260811,awgn,15,20260811,37,130992,25.7627,42.9372,37.8341,30.1947,16374,0.3331298828125,139.00333590000082,actual_encoder_input,444,results/vtm_content_partition_qp_extension/run/encoded/kodim15_7538cbb80cb9__awgn_15_seed-20260811/QP37/baseline/kodim15_7538cbb80cb9__awgn_15_seed-20260811_QP37_baseline_enc.log,600d16c1c2757216401c51f921fd9c9431f1d2d8d4bdea5710c48139bb3680af,False
kodim15.png,kodim15_7538cbb80cb9__awgn_30_seed-20260811,awgn,30,20260811,22,1825080,41.5409,46.2222,43.24,43.2661,228135,4.64141845703125,361.02652570000646,actual_encoder_input,444,results/vtm_content_partition_qp_extension/run/encoded/kodim15_7538cbb80cb9__awgn_30_seed-20260811/QP22/baseline/kodim15_7538cbb80cb9__awgn_30_seed-20260811_QP22_baseline_enc.log,6bc16f29f9c0831ab7d1dc1cded5d72a0c5a72b6a748c0f3223d6fcc2cfacec6,False
kodim15.png,kodim15_7538cbb80cb9__awgn_30_seed-20260811,awgn,30,20260811,27,1308264,36.6753,44.2309,39.216,39.0594,163533,3.32708740234375,366.07481030000054,actual_encoder_input,444,results/vtm_content_partition_four_qp/encoded/kodim15_7538cbb80cb9__awgn_30_seed-20260811/QP27/baseline/kodim15_7538cbb80cb9__awgn_30_seed-20260811_QP27_baseline_enc.log,148d3d6165c20640c7634bffdbaa84d54a6b0a08e96a7c6e252cefc8e33d3ef6,True
kodim15.png,kodim15_7538cbb80cb9__awgn_30_seed-20260811,awgn,30,20260811,32,881640,31.6587,42.9158,36.7343,35.0134,110205,2.24212646484375,269.7008878000015,actual_encoder_input,444,results/vtm_content_partition_study/run/encoded/kodim15_7538cbb80cb9__awgn_30_seed-20260811/QP32/baseline/kodim15_7538cbb80cb9__awgn_30_seed-20260811_QP32_baseline_enc.log,a24092ac3bd53b53f98b8addbd9b28ded9844ec6c276fbb3a569e0cdc8adbd88,False
kodim15.png,kodim15_7538cbb80cb9__awgn_30_seed-20260811,awgn,30,20260811,37,526000,26.5765,41.4374,35.275,30.6748,65750,1.3376871744791667,225.04331079999974,actual_encoder_input,444,results/vtm_content_partition_qp_extension/run/encoded/kodim15_7538cbb80cb9__awgn_30_seed-20260811/QP37/baseline/kodim15_7538cbb80cb9__awgn_30_seed-20260811_QP37_baseline_enc.log,5cdeffad597a422e3b9b36ecb91eb1b757069053c92796ae11b7c63c7d2c933c,False
kodim15.png,kodim15_7538cbb80cb9__awgn_5_seed-20260811,awgn,5,20260811,22,793344,41.3535,49.4321,46.4161,44.4594,99168,2.017578125,270.4468266999975,actual_encoder_input,444,results/vtm_content_partition_qp_extension/run/encoded/kodim15_7538cbb80cb9__awgn_5_seed-20260811/QP22/baseline/kodim15_7538cbb80cb9__awgn_5_seed-20260811_QP22_baseline_enc.log,409959c212ae1c8fa8ad3bae3d1094d3518c9dbfffb59ad1d8d3518b291bbddf,False
kodim15.png,kodim15_7538cbb80cb9__awgn_5_seed-20260811,awgn,5,20260811,27,386856,36.0404,47.658,44.1279,39.933,48357,0.98382568359375,237.82411670000147,actual_encoder_input,444,results/vtm_content_partition_four_qp/encoded/kodim15_7538cbb80cb9__awgn_5_seed-20260811/QP27/baseline/kodim15_7538cbb80cb9__awgn_5_seed-20260811_QP27_baseline_enc.log,a62850508d7b4403c590f8a87c1bc70b5201dd76b08b028658af3908e857c0f0,True
kodim15.png,kodim15_7538cbb80cb9__awgn_5_seed-20260811,awgn,5,20260811,32,132288,32.7639,46.1699,41.9155,36.8636,16536,0.33642578125,127.09569449999981,actual_encoder_input,444,results/vtm_content_partition_study/run/encoded/kodim15_7538cbb80cb9__awgn_5_seed-20260811/QP32/baseline/kodim15_7538cbb80cb9__awgn_5_seed-20260811_QP32_baseline_enc.log,207ff847b1c19a4c064e3110d3e8ad6cb680bc3704856d8016c90fa7efea789c,False
kodim15.png,kodim15_7538cbb80cb9__awgn_5_seed-20260811,awgn,5,20260811,37,55728,30.9288,44.5056,39.6357,34.9864,6966,0.1417236328125,64.68159159999777,actual_encoder_input,444,results/vtm_content_partition_qp_extension/run/encoded/kodim15_7538cbb80cb9__awgn_5_seed-20260811/QP37/baseline/kodim15_7538cbb80cb9__awgn_5_seed-20260811_QP37_baseline_enc.log,098bb4a050e39baa10d459e4f425cccd3ab824b745635a14bc67a2f9286144f6,False
kodim15.png,kodim15_7538cbb80cb9__clean_0,clean,0,,22,429912,42.9342,50.0287,47.2409,45.757,53739,1.09332275390625,183.6139336999986,actual_encoder_input,444,results/vtm_content_partition_study/run/encoded/kodim15_7538cbb80cb9__clean_0/QP22/baseline/kodim15_7538cbb80cb9__clean_0_QP22_baseline_enc.log,ae03cd42cdca8249e91fa0a34176397b179135ef49f42717f2c63f6388586444,False
kodim15.png,kodim15_7538cbb80cb9__clean_0,clean,0,,27,238224,39.3046,48.2953,44.7731,42.5835,29778,0.6058349609375,131.5005842999999,actual_encoder_input,444,results/vtm_content_partition_study/run/encoded/kodim15_7538cbb80cb9__clean_0/QP27/baseline/kodim15_7538cbb80cb9__clean_0_QP27_baseline_enc.log,b9b9503ad24d36df16eff1f5f5d337339a6641094d169a7e89f240ff480691e4,False
kodim15.png,kodim15_7538cbb80cb9__clean_0,clean,0,,32,117608,35.9735,46.6596,42.258,39.5369,14701,0.2990926106770833,91.75473009999769,actual_encoder_input,444,results/vtm_content_partition_study/run/encoded/kodim15_7538cbb80cb9__clean_0/QP32/baseline/kodim15_7538cbb80cb9__clean_0_QP32_baseline_enc.log,c666bb8a5272ee161abc25aa4c087fbe42ac92e62bba2ee434353d88e6345834,False
kodim15.png,kodim15_7538cbb80cb9__clean_0,clean,0,,37,53896,33.1219,44.9428,39.8124,36.821,6737,0.13706461588541666,53.12083749999874,actual_encoder_input,444,results/vtm_content_partition_study/run/encoded/kodim15_7538cbb80cb9__clean_0/QP37/baseline/kodim15_7538cbb80cb9__clean_0_QP37_baseline_enc.log,ed9d609cb2178dc4f3a94e630845b8d2239e2999747770108758209847f84bf2,False
kodim15.png,kodim15_7538cbb80cb9__stripes_16,stripes,16,,22,465648,42.8692,49.6283,46.8541,45.5711,58206,1.1842041015625,198.4893413999962,actual_encoder_input,444,results/vtm_content_partition_qp_extension/run/encoded/kodim15_7538cbb80cb9__stripes_16/QP22/baseline/kodim15_7538cbb80cb9__stripes_16_QP22_baseline_enc.log,a68544b97f9818ed2c17298cf2a261f61f84d75d2a0286d089c5c5a00296e95e,False
kodim15.png,kodim15_7538cbb80cb9__stripes_16,stripes,16,,27,262608,39.1995,47.789,44.2927,42.3634,32826,0.6678466796875,160.93067549999978,actual_encoder_input,444,results/vtm_content_partition_four_qp/encoded/kodim15_7538cbb80cb9__stripes_16/QP27/baseline/kodim15_7538cbb80cb9__stripes_16_QP27_baseline_enc.log,c8316b77619b395b8e9f535c23f8304615144e55d78ffa13e704c4019707cc04,True
kodim15.png,kodim15_7538cbb80cb9__stripes_16,stripes,16,,32,134432,35.8216,45.912,41.7469,39.2783,16804,0.3418782552083333,101.70274490000156,actual_encoder_input,444,results/vtm_content_partition_study/run/encoded/kodim15_7538cbb80cb9__stripes_16/QP32/baseline/kodim15_7538cbb80cb9__stripes_16_QP32_baseline_enc.log,8cd56554ff35d5511caaef576229c27e16aa902174c2ba6528c63e4be7dd2e13,False
kodim15.png,kodim15_7538cbb80cb9__stripes_16,stripes,16,,37,65528,32.9405,43.7646,39.2173,36.5113,8191,0.16664632161458334,61.07758070000273,actual_encoder_input,444,results/vtm_content_partition_qp_extension/run/encoded/kodim15_7538cbb80cb9__stripes_16/QP37/baseline/kodim15_7538cbb80cb9__stripes_16_QP37_baseline_enc.log,c80613c9af5e7393154a2580df4ac5fe9989c738235613013197ae08d50a861f,False
kodim15.png,kodim15_7538cbb80cb9__stripes_32,stripes,32,,22,484704,42.9211,49.3462,46.5004,45.4746,60588,1.232666015625,201.86764450000192,actual_encoder_input,444,results/vtm_content_partition_qp_extension/run/encoded/kodim15_7538cbb80cb9__stripes_32/QP22/baseline/kodim15_7538cbb80cb9__stripes_32_QP22_baseline_enc.log,9ac257fb1dd210cb36756f3276c493e4b3ca29f908f68002bb4cb2583da25f6c,False
kodim15.png,kodim15_7538cbb80cb9__stripes_32,stripes,32,,27,274192,39.1679,47.4205,43.834,42.2042,34274,0.6973063151041666,172.71407669999826,actual_encoder_input,444,results/vtm_content_partition_four_qp/encoded/kodim15_7538cbb80cb9__stripes_32/QP27/baseline/kodim15_7538cbb80cb9__stripes_32_QP27_baseline_enc.log,c1329863629c90cb52005e69b5bff5a81aad06aad32457b479b08fb124fdf2fe,True
kodim15.png,kodim15_7538cbb80cb9__stripes_32,stripes,32,,32,141208,35.808,45.5265,41.2138,39.1343,17651,0.3591105143229167,100.4926756000059,actual_encoder_input,444,results/vtm_content_partition_study/run/encoded/kodim15_7538cbb80cb9__stripes_32/QP32/baseline/kodim15_7538cbb80cb9__stripes_32_QP32_baseline_enc.log,aef5e197188cf26366964852b0ecfac23b2d3d4416bc9efaa9b6d1e2ab511568,False
kodim15.png,kodim15_7538cbb80cb9__stripes_32,stripes,32,,37,69808,32.941,43.1884,38.6046,36.3581,8726,0.17753092447916666,63.59404180000274,actual_encoder_input,444,results/vtm_content_partition_qp_extension/run/encoded/kodim15_7538cbb80cb9__stripes_32/QP37/baseline/kodim15_7538cbb80cb9__stripes_32_QP37_baseline_enc.log,874a373069cfbfb62214f7c8cfc5be69c6579dc3b28b701527a0f3b6d9eb71a7,False
kodim15.png,kodim15_7538cbb80cb9__stripes_8,stripes,8,,22,452552,42.8395,49.7942,47.0672,45.6258,56569,1.1508992513020833,203.39416640000127,actual_encoder_input,444,results/vtm_content_partition_qp_extension/run/encoded/kodim15_7538cbb80cb9__stripes_8/QP22/baseline/kodim15_7538cbb80cb9__stripes_8_QP22_baseline_enc.log,baa8fc490baf16868cae16b10027d8e1e02c356e87656bb1b57bcd0da4964528,False
kodim15.png,kodim15_7538cbb80cb9__stripes_8,stripes,8,,27,252144,39.1991,48.0238,44.5247,42.4338,31518,0.6412353515625,158.92815229999906,actual_encoder_input,444,results/vtm_content_partition_four_qp/encoded/kodim15_7538cbb80cb9__stripes_8/QP27/baseline/kodim15_7538cbb80cb9__stripes_8_QP27_baseline_enc.log,1efef8e9105b624e6d6319e191ca02b40d3f044981959811dfbacb1690fd07c6,True
kodim15.png,kodim15_7538cbb80cb9__stripes_8,stripes,8,,32,128144,35.862,46.0965,42.0985,39.3862,16018,0.3258870442708333,99.22777959999803,actual_encoder_input,444,results/vtm_content_partition_study/run/encoded/kodim15_7538cbb80cb9__stripes_8/QP32/baseline/kodim15_7538cbb80cb9__stripes_8_QP32_baseline_enc.log,4c7616b366eaa52375c7e53f2fc0940b00b52a2b7ef5488b6c08b1da063f90dd,False
kodim15.png,kodim15_7538cbb80cb9__stripes_8,stripes,8,,37,61248,32.9855,44.3557,39.5012,36.6306,7656,0.15576171875,62.015285499997844,actual_encoder_input,444,results/vtm_content_partition_qp_extension/run/encoded/kodim15_7538cbb80cb9__stripes_8/QP37/baseline/kodim15_7538cbb80cb9__stripes_8_QP37_baseline_enc.log,4d3b999f3a23917631c54280c7ec32e361306bd4f0c6c287a31ac4f2d3269e50,False
kodim16.png,kodim16_a89c7268ccd4__awgn_15_seed-20260811,awgn,15,20260811,22,1298760,41.3586,49.4853,48.8526,44.8848,162345,3.30291748046875,222.37257370000225,actual_encoder_input,444,results/vtm_content_partition_task2_completion/run/encoded/kodim16_a89c7268ccd4__awgn_15_seed-20260811/QP22/baseline/kodim16_a89c7268ccd4__awgn_15_seed-20260811_QP22_baseline_enc.log,aadcb66c159035d98041b1d6f2edce03b34b213a0c2fd151f75db3e3777c038f,False
kodim16.png,kodim16_a89c7268ccd4__awgn_15_seed-20260811,awgn,15,20260811,27,935008,36.4123,47.7095,47.493,40.5684,116876,2.3778483072916665,274.6562515000005,actual_encoder_input,444,results/vtm_content_partition_four_qp/encoded/kodim16_a89c7268ccd4__awgn_15_seed-20260811/QP27/baseline/kodim16_a89c7268ccd4__awgn_15_seed-20260811_QP27_baseline_enc.log,dceec4c7f156cf64e0b4bdd19559df2c21f70bbb8e749032bc0725eef2594064,True
kodim16.png,kodim16_a89c7268ccd4__awgn_15_seed-20260811,awgn,15,20260811,32,588144,31.3768,46.0893,46.0026,35.8613,73518,1.4957275390625,163.18125910000163,actual_encoder_input,444,results/vtm_content_partition_task2_completion/run/encoded/kodim16_a89c7268ccd4__awgn_15_seed-20260811/QP32/baseline/kodim16_a89c7268ccd4__awgn_15_seed-20260811_QP32_baseline_enc.log,84ac600dd9b7f1f40972c1e052c077af008fef6cf2dd7a275cd0f0268bd817e0,False
kodim16.png,kodim16_a89c7268ccd4__awgn_15_seed-20260811,awgn,15,20260811,37,164584,25.416,44.7351,44.5818,30.085,20573,0.4185587565104167,119.00469199999861,actual_encoder_input,444,results/vtm_content_partition_task2_completion/run/encoded/kodim16_a89c7268ccd4__awgn_15_seed-20260811/QP37/baseline/kodim16_a89c7268ccd4__awgn_15_seed-20260811_QP37_baseline_enc.log,cdebd53c4b5df526124e504c9d69fa22df4aa6d1f8d5ac1d8ccfef3f29b81962,False
kodim16.png,kodim16_a89c7268ccd4__awgn_30_seed-20260811,awgn,30,20260811,22,1664232,41.3041,48.0709,48.4417,44.6021,208029,4.23236083984375,222.70692299999791,actual_encoder_input,444,results/vtm_content_partition_task2_completion/run/encoded/kodim16_a89c7268ccd4__awgn_30_seed-20260811/QP22/baseline/kodim16_a89c7268ccd4__awgn_30_seed-20260811_QP22_baseline_enc.log,f829b70d6521dae85a1e15389aa153d7646aa9b0bea1b4f52ada4150e4170f41,False
kodim16.png,kodim16_a89c7268ccd4__awgn_30_seed-20260811,awgn,30,20260811,27,1298280,36.3987,45.8555,47.0919,40.3833,162285,3.30169677734375,300.2442018999973,actual_encoder_input,444,results/vtm_content_partition_four_qp/encoded/kodim16_a89c7268ccd4__awgn_30_seed-20260811/QP27/baseline/kodim16_a89c7268ccd4__awgn_30_seed-20260811_QP27_baseline_enc.log,3b745aed5131330e9e6ebaf8ca7c84149585c101962227a906e5c724451debe9,True
kodim16.png,kodim16_a89c7268ccd4__awgn_30_seed-20260811,awgn,30,20260811,32,939968,31.4414,44.1332,45.7782,35.8358,117496,2.3904622395833335,172.77792820000104,actual_encoder_input,444,results/vtm_content_partition_task2_completion/run/encoded/kodim16_a89c7268ccd4__awgn_30_seed-20260811/QP32/baseline/kodim16_a89c7268ccd4__awgn_30_seed-20260811_QP32_baseline_enc.log,5f1e6eed5c0e8ecb01edd0eab1c53e8e11da325b7f7e62e84b0a13c78001e551,False
kodim16.png,kodim16_a89c7268ccd4__awgn_30_seed-20260811,awgn,30,20260811,37,591376,26.3567,42.8867,44.3315,30.9652,73922,1.5039469401041667,154.0833657999974,actual_encoder_input,444,results/vtm_content_partition_task2_completion/run/encoded/kodim16_a89c7268ccd4__awgn_30_seed-20260811/QP37/baseline/kodim16_a89c7268ccd4__awgn_30_seed-20260811_QP37_baseline_enc.log,d4279273c940e120554dec360f39ce6aff8fd43eee32452ef6507edd6850ae6e,False
kodim16.png,kodim16_a89c7268ccd4__awgn_5_seed-20260811,awgn,5,20260811,22,820168,41.4069,50.2195,49.1251,45.0368,102521,2.0857950846354165,196.34357330000057,actual_encoder_input,444,results/vtm_content_partition_task2_completion/run/encoded/kodim16_a89c7268ccd4__awgn_5_seed-20260811/QP22/baseline/kodim16_a89c7268ccd4__awgn_5_seed-20260811_QP22_baseline_enc.log,9fe73586634a8f280a8ac5b6b5906ab57bc53b7e1725648a0c2b330c27d4741c,False
kodim16.png,kodim16_a89c7268ccd4__awgn_5_seed-20260811,awgn,5,20260811,27,426848,35.9075,48.8988,47.8662,40.2102,53356,1.0855305989583333,241.46554820000165,actual_encoder_input,444,results/vtm_content_partition_four_qp/encoded/kodim16_a89c7268ccd4__awgn_5_seed-20260811/QP27/baseline/kodim16_a89c7268ccd4__awgn_5_seed-20260811_QP27_baseline_enc.log,611d32ee14dcad8895920b384514478f4d0d9b59da138a2d49bb8721d6de404b,True
kodim16.png,kodim16_a89c7268ccd4__awgn_5_seed-20260811,awgn,5,20260811,32,157144,32.3547,47.4065,46.4885,36.8327,19643,0.3996378580729167,96.86747090000063,actual_encoder_input,444,results/vtm_content_partition_task2_completion/run/encoded/kodim16_a89c7268ccd4__awgn_5_seed-20260811/QP32/baseline/kodim16_a89c7268ccd4__awgn_5_seed-20260811_QP32_baseline_enc.log,876ba3583383d06a85ceb205c77ccf7bc97b7ffdc2c3fbfeded6eefb454268d6,False
kodim16.png,kodim16_a89c7268ccd4__awgn_5_seed-20260811,awgn,5,20260811,37,66880,30.1609,46.0611,44.9039,34.6821,8360,0.17008463541666666,52.29827370000203,actual_encoder_input,444,results/vtm_content_partition_task2_completion/run/encoded/kodim16_a89c7268ccd4__awgn_5_seed-20260811/QP37/baseline/kodim16_a89c7268ccd4__awgn_5_seed-20260811_QP37_baseline_enc.log,90f7574a053fbbe39f81a3029fbedc7639d5f2aee2ff96e2c08616bcb09f11c3,False
kodim16.png,kodim16_a89c7268ccd4__clean_0,clean,0,,22,457096,42.6458,50.5504,49.2122,46.0104,57137,1.1624552408854167,195.33711979999862,actual_encoder_input,444,results/vtm_content_partition_study/run/encoded/kodim16_a89c7268ccd4__clean_0/QP22/baseline/kodim16_a89c7268ccd4__clean_0_QP22_baseline_enc.log,a0455557f8cdcc96cf138e988ef744ef019a945529afb2198340bccfb0a6b9ea,False
kodim16.png,kodim16_a89c7268ccd4__clean_0,clean,0,,27,266072,38.7786,49.1578,47.9291,42.7103,33259,0.6766560872395834,136.53172469999845,actual_encoder_input,444,results/vtm_content_partition_study/run/encoded/kodim16_a89c7268ccd4__clean_0/QP27/baseline/kodim16_a89c7268ccd4__clean_0_QP27_baseline_enc.log,921fe5ad520b1a10d738d923a1310b56ce08ea61d5d4a54077d0369edc90e6b0,False
kodim16.png,kodim16_a89c7268ccd4__clean_0,clean,0,,32,140472,35.2055,47.7544,46.5797,39.4518,17559,0.35723876953125,96.04169540000294,actual_encoder_input,444,results/vtm_content_partition_study/run/encoded/kodim16_a89c7268ccd4__clean_0/QP32/baseline/kodim16_a89c7268ccd4__clean_0_QP32_baseline_enc.log,d173c7617588a61aa61cd0427f0d08fdd055b6c39a59cb91b4e006f41152eacd,False
kodim16.png,kodim16_a89c7268ccd4__clean_0,clean,0,,37,63520,32.0078,45.9073,44.8331,36.3931,7940,0.16153971354166666,55.10946520000289,actual_encoder_input,444,results/vtm_content_partition_study/run/encoded/kodim16_a89c7268ccd4__clean_0/QP37/baseline/kodim16_a89c7268ccd4__clean_0_QP37_baseline_enc.log,bf46b5d06a1e01c6bae59cb150da16eecf51f88e3d8f8786e7dbb79acdc532c4,False
kodim16.png,kodim16_a89c7268ccd4__stripes_16,stripes,16,,22,469944,42.5804,50.2069,49.1361,45.9098,58743,1.19512939453125,147.70190120000188,actual_encoder_input,444,results/vtm_content_partition_task2_completion/run/encoded/kodim16_a89c7268ccd4__stripes_16/QP22/baseline/kodim16_a89c7268ccd4__stripes_16_QP22_baseline_enc.log,ede1b47723906adb1e7f8f6dddeb5567fdb206cd8203ed87a6613c9a82c15f82,False
kodim16.png,kodim16_a89c7268ccd4__stripes_16,stripes,16,,27,276112,38.7469,48.6948,47.7507,42.6297,34514,0.7021891276041666,161.3712517999993,actual_encoder_input,444,results/vtm_content_partition_four_qp/encoded/kodim16_a89c7268ccd4__stripes_16/QP27/baseline/kodim16_a89c7268ccd4__stripes_16_QP27_baseline_enc.log,2213bc68efbe50e481c8fc80db4081255e9c91b8e297d8b4c1a5e3c63b595a03,True
kodim16.png,kodim16_a89c7268ccd4__stripes_16,stripes,16,,32,146912,35.1303,47.1354,46.2926,39.3342,18364,0.3736165364583333,74.77969200000007,actual_encoder_input,444,results/vtm_content_partition_task2_completion/run/encoded/kodim16_a89c7268ccd4__stripes_16/QP32/baseline/kodim16_a89c7268ccd4__stripes_16_QP32_baseline_enc.log,9b6414aeb81db7f7e574053c8fe5afdf0c6d5e79204dec34aaf9109aa4057656,False
kodim16.png,kodim16_a89c7268ccd4__stripes_16,stripes,16,,37,68128,31.8901,45.1854,44.6359,36.2475,8516,0.17325846354166666,44.046133399999235,actual_encoder_input,444,results/vtm_content_partition_task2_completion/run/encoded/kodim16_a89c7268ccd4__stripes_16/QP37/baseline/kodim16_a89c7268ccd4__stripes_16_QP37_baseline_enc.log,5c64dddd0a6f38214e1db8f2f0e8720499b86cb4ec2037f8da331c565ebb6a71,False
kodim16.png,kodim16_a89c7268ccd4__stripes_32,stripes,32,,22,477448,42.5454,49.8459,49.0587,45.8263,59681,1.2142130533854167,149.35188560000097,actual_encoder_input,444,results/vtm_content_partition_task2_completion/run/encoded/kodim16_a89c7268ccd4__stripes_32/QP22/baseline/kodim16_a89c7268ccd4__stripes_32_QP22_baseline_enc.log,e590e3f1d3e48c4fea066e57a44dcf4d7062ce5c98411f2732a35b3685281fe0,False
kodim16.png,kodim16_a89c7268ccd4__stripes_32,stripes,32,,27,282184,38.7194,48.1669,47.701,42.5564,35273,0.7176310221354166,163.46460140000272,actual_encoder_input,444,results/vtm_content_partition_four_qp/encoded/kodim16_a89c7268ccd4__stripes_32/QP27/baseline/kodim16_a89c7268ccd4__stripes_32_QP27_baseline_enc.log,9dfbb186f0011be7392d33d90939a13e44a64a8fe7a0b19c4df93c97ab372f05,True
kodim16.png,kodim16_a89c7268ccd4__stripes_32,stripes,32,,32,150240,35.0732,46.4454,46.213,39.2381,18780,0.382080078125,74.2383783999976,actual_encoder_input,444,results/vtm_content_partition_task2_completion/run/encoded/kodim16_a89c7268ccd4__stripes_32/QP32/baseline/kodim16_a89c7268ccd4__stripes_32_QP32_baseline_enc.log,64a6908306e125046b0731778a64876a6780a7e25070bb473e764a30173dff51,False
kodim16.png,kodim16_a89c7268ccd4__stripes_32,stripes,32,,37,70576,31.8404,44.7053,44.6071,36.1796,8822,0.17948404947916666,44.39453349999894,actual_encoder_input,444,results/vtm_content_partition_task2_completion/run/encoded/kodim16_a89c7268ccd4__stripes_32/QP37/baseline/kodim16_a89c7268ccd4__stripes_32_QP37_baseline_enc.log,f6f44b8e8685617a03d9f8bef34d45edf59e859e0aa7185c84254cd379c361d7,False
kodim16.png,kodim16_a89c7268ccd4__stripes_8,stripes,8,,22,464616,42.5791,50.3995,49.1462,45.9338,58077,1.18157958984375,147.74755489999734,actual_encoder_input,444,results/vtm_content_partition_task2_completion/run/encoded/kodim16_a89c7268ccd4__stripes_8/QP22/baseline/kodim16_a89c7268ccd4__stripes_8_QP22_baseline_enc.log,e46302c1c18ae76ebeebd31fa9b3f3e7e91da1d5ff0f4c01d4e805cd56d726af,False
kodim16.png,kodim16_a89c7268ccd4__stripes_8,stripes,8,,27,272168,38.7578,48.9117,47.8793,42.6692,34021,0.6921590169270834,163.53473909999957,actual_encoder_input,444,results/vtm_content_partition_four_qp/encoded/kodim16_a89c7268ccd4__stripes_8/QP27/baseline/kodim16_a89c7268ccd4__stripes_8_QP27_baseline_enc.log,f1fc968ab59858b51e87761cb8435a00e5d1d123bbd5ea026c75784bdc1085cb,True
kodim16.png,kodim16_a89c7268ccd4__stripes_8,stripes,8,,32,144384,35.1586,47.4081,46.4848,39.3865,18048,0.3671875,71.70366110000032,actual_encoder_input,444,results/vtm_content_partition_task2_completion/run/encoded/kodim16_a89c7268ccd4__stripes_8/QP32/baseline/kodim16_a89c7268ccd4__stripes_8_QP32_baseline_enc.log,4c41fcee4f9cf30e2df80af9e0eaaf956c1814ef83a7afa5c69320c72b6a18ec,False
kodim16.png,kodim16_a89c7268ccd4__stripes_8,stripes,8,,37,66008,31.928,45.513,44.7836,36.3027,8251,0.16786702473958334,42.9527722999992,actual_encoder_input,444,results/vtm_content_partition_task2_completion/run/encoded/kodim16_a89c7268ccd4__stripes_8/QP37/baseline/kodim16_a89c7268ccd4__stripes_8_QP37_baseline_enc.log,095347cff7080550b6283092901907269a6f74b3123f962f113abe9e616317d6,False
kodim17.png,kodim17_37afcc89fbdc__awgn_15_seed-20260811,awgn,15,20260811,22,1300000,41.5066,48.8332,47.208,44.6517,162500,3.3060709635416665,221.22919420000107,actual_encoder_input,444,results/vtm_content_partition_task2_completion/run/encoded/kodim17_37afcc89fbdc__awgn_15_seed-20260811/QP22/baseline/kodim17_37afcc89fbdc__awgn_15_seed-20260811_QP22_baseline_enc.log,0a83a8637af94433b3f46b22bef798276c0399cd24fc7cf0d1520cdcc6772278,False
kodim17.png,kodim17_37afcc89fbdc__awgn_15_seed-20260811,awgn,15,20260811,27,925824,36.5155,47.0982,45.7175,40.4674,115728,2.3544921875,281.73879640000087,actual_encoder_input,444,results/vtm_content_partition_four_qp/encoded/kodim17_37afcc89fbdc__awgn_15_seed-20260811/QP27/baseline/kodim17_37afcc89fbdc__awgn_15_seed-20260811_QP27_baseline_enc.log,6609dfb39228cecd22038b100d83a3d445da0f56ddfa27ff69c362cae3ca50ec,True
kodim17.png,kodim17_37afcc89fbdc__awgn_15_seed-20260811,awgn,15,20260811,32,576456,31.4958,45.2955,44.0509,35.8641,72057,1.46600341796875,160.72119299999758,actual_encoder_input,444,results/vtm_content_partition_task2_completion/run/encoded/kodim17_37afcc89fbdc__awgn_15_seed-20260811/QP32/baseline/kodim17_37afcc89fbdc__awgn_15_seed-20260811_QP32_baseline_enc.log,28862534a4dab4fd5e8329b8744474ee8c47ac53df626c94c3b99cdbe7805500,False
kodim17.png,kodim17_37afcc89fbdc__awgn_15_seed-20260811,awgn,15,20260811,37,153392,25.58,43.6783,43.0807,30.209,19174,0.3900960286458333,116.0331413999993,actual_encoder_input,444,results/vtm_content_partition_task2_completion/run/encoded/kodim17_37afcc89fbdc__awgn_15_seed-20260811/QP37/baseline/kodim17_37afcc89fbdc__awgn_15_seed-20260811_QP37_baseline_enc.log,8770c50f0898caadcbe8cf83ba281ea778b30a60a33a95a31690d2b3898baab2,False
kodim17.png,kodim17_37afcc89fbdc__awgn_30_seed-20260811,awgn,30,20260811,22,1658616,41.5905,47.6407,45.8361,44.2545,207327,4.21807861328125,237.26240069999767,actual_encoder_input,444,results/vtm_content_partition_task2_completion/run/encoded/kodim17_37afcc89fbdc__awgn_30_seed-20260811/QP22/baseline/kodim17_37afcc89fbdc__awgn_30_seed-20260811_QP22_baseline_enc.log,9d93ba2f1bd15e8d4e7a0011950599c5cb41dd45d78cdb4b54476e16bb0b6ea1,False
kodim17.png,kodim17_37afcc89fbdc__awgn_30_seed-20260811,awgn,30,20260811,27,1277944,36.6477,45.7904,44.1147,40.2761,159743,3.2499796549479165,309.4249846999992,actual_encoder_input,444,results/vtm_content_partition_four_qp/encoded/kodim17_37afcc89fbdc__awgn_30_seed-20260811/QP27/baseline/kodim17_37afcc89fbdc__awgn_30_seed-20260811_QP27_baseline_enc.log,f9a6878510f29104e1422c88e1754867a4f2ccfc7412433475a142ed0668ff3d,True
kodim17.png,kodim17_37afcc89fbdc__awgn_30_seed-20260811,awgn,30,20260811,32,914024,31.63,44.2491,42.6666,35.857,114253,2.3244832356770835,178.90965760000108,actual_encoder_input,444,results/vtm_content_partition_task2_completion/run/encoded/kodim17_37afcc89fbdc__awgn_30_seed-20260811/QP32/baseline/kodim17_37afcc89fbdc__awgn_30_seed-20260811_QP32_baseline_enc.log,fddc785c9e1d9a89a38cd1d7eda0724474a402987a52a72df5646d006e9153be,False
kodim17.png,kodim17_37afcc89fbdc__awgn_30_seed-20260811,awgn,30,20260811,37,559896,26.4587,42.735,41.2552,30.9904,69987,1.42388916015625,157.36838269999862,actual_encoder_input,444,results/vtm_content_partition_task2_completion/run/encoded/kodim17_37afcc89fbdc__awgn_30_seed-20260811/QP37/baseline/kodim17_37afcc89fbdc__awgn_30_seed-20260811_QP37_baseline_enc.log,26145ed5e04cef8718ab25db4daee88b74ab13fca70285476a2061f0d8147f10,False
kodim17.png,kodim17_37afcc89fbdc__awgn_5_seed-20260811,awgn,5,20260811,22,808496,41.4282,49.622,48.5061,44.9039,101062,2.0561116536458335,192.93393750000178,actual_encoder_input,444,results/vtm_content_partition_task2_completion/run/encoded/kodim17_37afcc89fbdc__awgn_5_seed-20260811/QP22/baseline/kodim17_37afcc89fbdc__awgn_5_seed-20260811_QP22_baseline_enc.log,5ab6450906c2fca581ca693194bcb99b1e593a37b823c33e835aa5372f2bfd9f,False
kodim17.png,kodim17_37afcc89fbdc__awgn_5_seed-20260811,awgn,5,20260811,27,414792,36.0065,47.7997,47.0877,40.1929,51849,1.05487060546875,237.91305950000242,actual_encoder_input,444,results/vtm_content_partition_four_qp/encoded/kodim17_37afcc89fbdc__awgn_5_seed-20260811/QP27/baseline/kodim17_37afcc89fbdc__awgn_5_seed-20260811_QP27_baseline_enc.log,617633f628aa9f2758addf2ad33ac864b10a6bb9daaadb45e828dc5744d52e06,True
kodim17.png,kodim17_37afcc89fbdc__awgn_5_seed-20260811,awgn,5,20260811,32,144432,32.5615,45.8992,45.4402,36.9271,18054,0.3673095703125,96.9704641999997,actual_encoder_input,444,results/vtm_content_partition_task2_completion/run/encoded/kodim17_37afcc89fbdc__awgn_5_seed-20260811/QP32/baseline/kodim17_37afcc89fbdc__awgn_5_seed-20260811_QP32_baseline_enc.log,fc3b990ecbfe8e9b2ae73d9fb0b56aee41b96dec8920ef5afd04be04878fd202,False
kodim17.png,kodim17_37afcc89fbdc__awgn_5_seed-20260811,awgn,5,20260811,37,70136,30.6949,44.1323,43.7236,35.0716,8767,0.17836507161458334,54.34789029999956,actual_encoder_input,444,results/vtm_content_partition_task2_completion/run/encoded/kodim17_37afcc89fbdc__awgn_5_seed-20260811/QP37/baseline/kodim17_37afcc89fbdc__awgn_5_seed-20260811_QP37_baseline_enc.log,9636412b156c08b1ade5688797f53cef9c764aa946fdf3fe9af502965a959785,False
kodim17.png,kodim17_37afcc89fbdc__clean_0,clean,0,,22,411496,42.3835,49.706,48.615,45.6214,51437,1.0464884440104167,199.01549649999652,actual_encoder_input,444,results/vtm_content_partition_study/run/encoded/kodim17_37afcc89fbdc__clean_0/QP22/baseline/kodim17_37afcc89fbdc__clean_0_QP22_baseline_enc.log,2585c8431d18c76fa224cc1fe29ba0c9738617dd695a0da8fdca00d1afea45c6,False
kodim17.png,kodim17_37afcc89fbdc__clean_0,clean,0,,27,236400,39.135,47.8789,47.1052,42.7898,29550,0.6011962890625,130.15458220000073,actual_encoder_input,444,results/vtm_content_partition_study/run/encoded/kodim17_37afcc89fbdc__clean_0/QP27/baseline/kodim17_37afcc89fbdc__clean_0_QP27_baseline_enc.log,07af0df5b1ba69981944c58ccbb0c906daf4b32fe437f812fe75da4b58033182,False
kodim17.png,kodim17_37afcc89fbdc__clean_0,clean,0,,32,129880,35.9397,46.0671,45.521,39.893,16235,0.3303019205729167,92.98087619999933,actual_encoder_input,444,results/vtm_content_partition_study/run/encoded/kodim17_37afcc89fbdc__clean_0/QP32/baseline/kodim17_37afcc89fbdc__clean_0_QP32_baseline_enc.log,88948de73a1648e11e9a6181807c6ed13c2e5c4e3cb8c38cf92a9e0956dccde3,False
kodim17.png,kodim17_37afcc89fbdc__clean_0,clean,0,,37,67608,32.8879,44.1711,43.7852,37.0305,8451,0.17193603515625,57.76946670000325,actual_encoder_input,444,results/vtm_content_partition_study/run/encoded/kodim17_37afcc89fbdc__clean_0/QP37/baseline/kodim17_37afcc89fbdc__clean_0_QP37_baseline_enc.log,5869d37694ac4d0d9923a11f777e276bee497702e2996565c96a8b0fa43d2a77,False
kodim17.png,kodim17_37afcc89fbdc__stripes_16,stripes,16,,22,445528,42.4048,49.4673,48.3268,45.5551,55691,1.1330362955729167,150.35853230000066,actual_encoder_input,444,results/vtm_content_partition_task2_completion/run/encoded/kodim17_37afcc89fbdc__stripes_16/QP22/baseline/kodim17_37afcc89fbdc__stripes_16_QP22_baseline_enc.log,7f4d9aec26068ec78cfe8e349cb230fb06a4297c8cf2a20ce446050f0239f021,False
kodim17.png,kodim17_37afcc89fbdc__stripes_16,stripes,16,,27,259264,39.0531,47.538,46.6997,42.6395,32408,0.6593424479166666,165.49281560000236,actual_encoder_input,444,results/vtm_content_partition_four_qp/encoded/kodim17_37afcc89fbdc__stripes_16/QP27/baseline/kodim17_37afcc89fbdc__stripes_16_QP27_baseline_enc.log,e9f8f362226cd53f99c4dba3b26963e333d5298340c63a5b037bf5c58659a1e0,True
kodim17.png,kodim17_37afcc89fbdc__stripes_16,stripes,16,,32,144728,35.798,45.6871,44.8578,39.6816,18091,0.3680623372395833,76.57288580000022,actual_encoder_input,444,results/vtm_content_partition_task2_completion/run/encoded/kodim17_37afcc89fbdc__stripes_16/QP32/baseline/kodim17_37afcc89fbdc__stripes_16_QP32_baseline_enc.log,0252ddbf59a687217374c0c212e3584a2baa7c3c235699acf6446cbfa343cc25,False
kodim17.png,kodim17_37afcc89fbdc__stripes_16,stripes,16,,37,77000,32.7236,43.7996,43.0833,36.8126,9625,0.19582112630208334,46.897328499999276,actual_encoder_input,444,results/vtm_content_partition_task2_completion/run/encoded/kodim17_37afcc89fbdc__stripes_16/QP37/baseline/kodim17_37afcc89fbdc__stripes_16_QP37_baseline_enc.log,72dd9aa1531da9cad892b1caf75b05779ee7198236f31f1fe6a1ea11c2792c6a,False
kodim17.png,kodim17_37afcc89fbdc__stripes_32,stripes,32,,22,470224,42.4759,49.2071,48.1336,45.5326,58778,1.1958414713541667,156.81238419999863,actual_encoder_input,444,results/vtm_content_partition_task2_completion/run/encoded/kodim17_37afcc89fbdc__stripes_32/QP22/baseline/kodim17_37afcc89fbdc__stripes_32_QP22_baseline_enc.log,7612f114e86028ff7d05b73018f21eda0896a8e134a877f7c0c6adaca60a9eb2,False
kodim17.png,kodim17_37afcc89fbdc__stripes_32,stripes,32,,27,275960,39.0462,47.3381,46.2999,42.5581,34495,0.7018025716145834,172.88722530000086,actual_encoder_input,444,results/vtm_content_partition_four_qp/encoded/kodim17_37afcc89fbdc__stripes_32/QP27/baseline/kodim17_37afcc89fbdc__stripes_32_QP27_baseline_enc.log,90e7f3adc92fff80d85028f69a58969f468f21a0497abe1315f50f479aea1958,True
kodim17.png,kodim17_37afcc89fbdc__stripes_32,stripes,32,,32,154736,35.739,45.3778,44.4146,39.5609,19342,0.3935139973958333,78.59768339999937,actual_encoder_input,444,results/vtm_content_partition_task2_completion/run/encoded/kodim17_37afcc89fbdc__stripes_32/QP32/baseline/kodim17_37afcc89fbdc__stripes_32_QP32_baseline_enc.log,55d39efb2b0064303b4cdefa6c25e5db3e76e8d647ac91713adf15b924ee820a,False
kodim17.png,kodim17_37afcc89fbdc__stripes_32,stripes,32,,37,81704,32.5811,43.4854,42.4393,36.6169,10213,0.20778401692708334,49.10071130000142,actual_encoder_input,444,results/vtm_content_partition_task2_completion/run/encoded/kodim17_37afcc89fbdc__stripes_32/QP37/baseline/kodim17_37afcc89fbdc__stripes_32_QP37_baseline_enc.log,824d9c5dead24d92af3208eb6e25030f13c8fac2bffea885fe35071ab9791a92,False
kodim17.png,kodim17_37afcc89fbdc__stripes_8,stripes,8,,22,428344,42.2975,49.6448,48.6067,45.5516,53543,1.0893351236979167,153.33975449999707,actual_encoder_input,444,results/vtm_content_partition_task2_completion/run/encoded/kodim17_37afcc89fbdc__stripes_8/QP22/baseline/kodim17_37afcc89fbdc__stripes_8_QP22_baseline_enc.log,1dde74991537237044edb9f201e29067a45452f2572ed558b8af927b1965d2ab,False
kodim17.png,kodim17_37afcc89fbdc__stripes_8,stripes,8,,27,247720,39.0373,47.8094,47.0599,42.7014,30965,0.6299845377604166,162.96980540000004,actual_encoder_input,444,results/vtm_content_partition_four_qp/encoded/kodim17_37afcc89fbdc__stripes_8/QP27/baseline/kodim17_37afcc89fbdc__stripes_8_QP27_baseline_enc.log,bd02cf7d1e2823cd6a4c1c16f2c09119f37df0d403dc7e9056e93797ce403478,True
kodim17.png,kodim17_37afcc89fbdc__stripes_8,stripes,8,,32,137760,35.8575,45.8965,45.2572,39.7868,17220,0.350341796875,72.77680310000142,actual_encoder_input,444,results/vtm_content_partition_task2_completion/run/encoded/kodim17_37afcc89fbdc__stripes_8/QP32/baseline/kodim17_37afcc89fbdc__stripes_8_QP32_baseline_enc.log,065224af5e44bddfcb439e5a7f28b943058a274bb0324939f0e592eefd77ef3f,False
kodim17.png,kodim17_37afcc89fbdc__stripes_8,stripes,8,,37,72584,32.7953,43.9295,43.6737,36.9268,9073,0.18459065755208334,45.17824399999881,actual_encoder_input,444,results/vtm_content_partition_task2_completion/run/encoded/kodim17_37afcc89fbdc__stripes_8/QP37/baseline/kodim17_37afcc89fbdc__stripes_8_QP37_baseline_enc.log,91065a0fe596715f24fb97c2c6671985dd71afbd8ffcc639815a57c9acbe26af,False
kodim18.png,kodim18_1a9258c36598__awgn_15_seed-20260811,awgn,15,20260811,22,1485416,41.4408,45.5936,45.4026,43.6933,185677,3.7776082356770835,313.6406480000005,actual_encoder_input,444,results/vtm_content_partition_qp_extension/run/encoded/kodim18_1a9258c36598__awgn_15_seed-20260811/QP22/baseline/kodim18_1a9258c36598__awgn_15_seed-20260811_QP22_baseline_enc.log,b737f7f28317b74a9d6c5c5e37c0e5b89097346b0d223db62a9875ab4a7aa6de,False
kodim18.png,kodim18_1a9258c36598__awgn_15_seed-20260811,awgn,15,20260811,27,1065416,36.4791,43.4804,43.0546,39.729,133177,2.7094930013020835,325.3134465000003,actual_encoder_input,444,results/vtm_content_partition_four_qp/encoded/kodim18_1a9258c36598__awgn_15_seed-20260811/QP27/baseline/kodim18_1a9258c36598__awgn_15_seed-20260811_QP27_baseline_enc.log,35434df007c6008cf103f217b736f7c06f709b12a6209af31af41ed80ede21d4,True
kodim18.png,kodim18_1a9258c36598__awgn_15_seed-20260811,awgn,15,20260811,32,685880,31.4582,41.5223,40.6422,35.3687,85735,1.7442830403645833,264.27916540000297,actual_encoder_input,444,results/vtm_content_partition_study/run/encoded/kodim18_1a9258c36598__awgn_15_seed-20260811/QP32/baseline/kodim18_1a9258c36598__awgn_15_seed-20260811_QP32_baseline_enc.log,b0917ec8bc5f705df0db92b6e81c8da859589f4c351ae827b73acefe51c27d94,False
kodim18.png,kodim18_1a9258c36598__awgn_15_seed-20260811,awgn,15,20260811,37,263192,25.6598,39.7405,38.3262,30.044,32899,0.6693318684895834,200.82430409999506,actual_encoder_input,444,results/vtm_content_partition_qp_extension/run/encoded/kodim18_1a9258c36598__awgn_15_seed-20260811/QP37/baseline/kodim18_1a9258c36598__awgn_15_seed-20260811_QP37_baseline_enc.log,14014bd8f0d0fe977effc0edfd6a8651bcef34fb96e4cf52fa5114c5b94af3d9,False
kodim18.png,kodim18_1a9258c36598__awgn_30_seed-20260811,awgn,30,20260811,22,1862408,41.4645,43.7137,44.2394,42.9649,232801,4.736348470052083,328.71465159999934,actual_encoder_input,444,results/vtm_content_partition_qp_extension/run/encoded/kodim18_1a9258c36598__awgn_30_seed-20260811/QP22/baseline/kodim18_1a9258c36598__awgn_30_seed-20260811_QP22_baseline_enc.log,0b4f40588d135025ecc0d6ec09ff90837b1230fa70849e785fde72102c8cc21f,False
kodim18.png,kodim18_1a9258c36598__awgn_30_seed-20260811,awgn,30,20260811,27,1387504,36.5311,41.1514,41.814,39.1501,173438,3.5286051432291665,366.5715410999983,actual_encoder_input,444,results/vtm_content_partition_four_qp/encoded/kodim18_1a9258c36598__awgn_30_seed-20260811/QP27/baseline/kodim18_1a9258c36598__awgn_30_seed-20260811_QP27_baseline_enc.log,9c3d56cf49370be542f60271bb2f04426de3bf064b37ec7f1d59974387d1fae8,True
kodim18.png,kodim18_1a9258c36598__awgn_30_seed-20260811,awgn,30,20260811,32,989352,31.5735,39.4974,39.4748,35.1277,123669,2.51605224609375,278.8725061999976,actual_encoder_input,444,results/vtm_content_partition_study/run/encoded/kodim18_1a9258c36598__awgn_30_seed-20260811/QP32/baseline/kodim18_1a9258c36598__awgn_30_seed-20260811_QP32_baseline_enc.log,f5aa1ae3b415e782b65c7adb9e1647187b370e4d135904186123614e6cbd6c4b,False
kodim18.png,kodim18_1a9258c36598__awgn_30_seed-20260811,awgn,30,20260811,37,623560,26.4613,37.9653,37.5587,30.6316,77945,1.5857950846354167,236.2051261000015,actual_encoder_input,444,results/vtm_content_partition_qp_extension/run/encoded/kodim18_1a9258c36598__awgn_30_seed-20260811/QP37/baseline/kodim18_1a9258c36598__awgn_30_seed-20260811_QP37_baseline_enc.log,a7af6aa3630f28cf7119274764b3c2d0d417e86ae0a2253a66f39776c4afd567,False
kodim18.png,kodim18_1a9258c36598__awgn_5_seed-20260811,awgn,5,20260811,22,1092256,41.426,46.6885,45.6911,43.9643,136532,2.7777506510416665,284.23197739999887,actual_encoder_input,444,results/vtm_content_partition_qp_extension/run/encoded/kodim18_1a9258c36598__awgn_5_seed-20260811/QP22/baseline/kodim18_1a9258c36598__awgn_5_seed-20260811_QP22_baseline_enc.log,c2abff8cad412bfe735b8fa5b1562829ef22eec4a854ba8a9bd06723c5019b32,False
kodim18.png,kodim18_1a9258c36598__awgn_5_seed-20260811,awgn,5,20260811,27,666024,36.167,44.6257,43.4657,39.7034,83253,1.69378662109375,306.36265529999946,actual_encoder_input,444,results/vtm_content_partition_four_qp/encoded/kodim18_1a9258c36598__awgn_5_seed-20260811/QP27/baseline/kodim18_1a9258c36598__awgn_5_seed-20260811_QP27_baseline_enc.log,6619f5984e4c02ed52edeb1ca01f81adb40e4c26b717fe29c98ddd202d036cc3,True
kodim18.png,kodim18_1a9258c36598__awgn_5_seed-20260811,awgn,5,20260811,32,311672,31.9015,42.4206,40.8968,35.8278,38959,0.7926228841145834,201.1057621,actual_encoder_input,444,results/vtm_content_partition_study/run/encoded/kodim18_1a9258c36598__awgn_5_seed-20260811/QP32/baseline/kodim18_1a9258c36598__awgn_5_seed-20260811_QP32_baseline_enc.log,b5ddde0837a9b0ce966f94497397bb33af46899d5eebee778aa22d81be47c366,False
kodim18.png,kodim18_1a9258c36598__awgn_5_seed-20260811,awgn,5,20260811,37,154344,29.0123,40.5315,38.4912,33.0528,19293,0.39251708984375,125.46402630000375,actual_encoder_input,444,results/vtm_content_partition_qp_extension/run/encoded/kodim18_1a9258c36598__awgn_5_seed-20260811/QP37/baseline/kodim18_1a9258c36598__awgn_5_seed-20260811_QP37_baseline_enc.log,0bcb41659eb94d0d789d772b8e28ee326376773f946278e6f64465349263f780,False
kodim18.png,kodim18_1a9258c36598__clean_0,clean,0,,22,815040,41.2086,47.0588,45.8664,43.9328,101880,2.07275390625,263.0783943000024,actual_encoder_input,444,results/vtm_content_partition_study/run/encoded/kodim18_1a9258c36598__clean_0/QP22/baseline/kodim18_1a9258c36598__clean_0_QP22_baseline_enc.log,a822ca9fa70f0881bd3c9edb43bcf09b43253d6d4490d9b49ccb0855d6fe9c71,False
kodim18.png,kodim18_1a9258c36598__clean_0,clean,0,,27,499944,37.434,44.7155,43.451,40.63,62493,1.27142333984375,216.38282560000152,actual_encoder_input,444,results/vtm_content_partition_study/run/encoded/kodim18_1a9258c36598__clean_0/QP27/baseline/kodim18_1a9258c36598__clean_0_QP27_baseline_enc.log,932ceef2f57fa209ec3f5bc04c7845374638422bbd4ab400981f286699936f17,False
kodim18.png,kodim18_1a9258c36598__clean_0,clean,0,,32,290760,33.7777,42.5578,40.9545,37.33,36345,0.73944091796875,170.37233679999918,actual_encoder_input,444,results/vtm_content_partition_study/run/encoded/kodim18_1a9258c36598__clean_0/QP32/baseline/kodim18_1a9258c36598__clean_0_QP32_baseline_enc.log,a57457e055d5825606f33eca484e71b76a5b83416ca915b56aa76a729c0beb4b,False
kodim18.png,kodim18_1a9258c36598__clean_0,clean,0,,37,148536,30.1081,40.5967,38.5524,33.9717,18567,0.37774658203125,113.38627780000024,actual_encoder_input,444,results/vtm_content_partition_study/run/encoded/kodim18_1a9258c36598__clean_0/QP37/baseline/kodim18_1a9258c36598__clean_0_QP37_baseline_enc.log,71b11ca7161229b36fd568eda7e729d50e22e48dbc907dd8ba3f0318232ff3dd,False
kodim18.png,kodim18_1a9258c36598__stripes_16,stripes,16,,22,843864,41.2306,46.7902,45.803,43.8881,105483,2.14605712890625,269.0621730999992,actual_encoder_input,444,results/vtm_content_partition_qp_extension/run/encoded/kodim18_1a9258c36598__stripes_16/QP22/baseline/kodim18_1a9258c36598__stripes_16_QP22_baseline_enc.log,3913af56ac4290c58534e77f46d1dcf2a6126e9590d5895e765dbcf6934f9eca,False
kodim18.png,kodim18_1a9258c36598__stripes_16,stripes,16,,27,521352,37.397,44.4565,43.4206,40.5646,65169,1.32586669921875,250.13638849999916,actual_encoder_input,444,results/vtm_content_partition_four_qp/encoded/kodim18_1a9258c36598__stripes_16/QP27/baseline/kodim18_1a9258c36598__stripes_16_QP27_baseline_enc.log,eda214bd14bfbb98c332db03aa776154052bb7930e7032b21fa56346fa5f4cde,True
kodim18.png,kodim18_1a9258c36598__stripes_16,stripes,16,,32,302264,33.6639,42.1535,40.8136,37.1824,37783,0.7686971028645834,174.91210729999875,actual_encoder_input,444,results/vtm_content_partition_study/run/encoded/kodim18_1a9258c36598__stripes_16/QP32/baseline/kodim18_1a9258c36598__stripes_16_QP32_baseline_enc.log,e6e74f18a52beb7037b474d80ded11b183625c9a34d1e7f52ba68cae5b647df2,False
kodim18.png,kodim18_1a9258c36598__stripes_16,stripes,16,,37,156184,29.9751,40.1096,38.4411,33.8145,19523,0.3971964518229167,123.49436169999535,actual_encoder_input,444,results/vtm_content_partition_qp_extension/run/encoded/kodim18_1a9258c36598__stripes_16/QP37/baseline/kodim18_1a9258c36598__stripes_16_QP37_baseline_enc.log,9932fdb27e09bcb019f9511aa132da8792c3fb3b90af8f197f8bac4be219d843,False
kodim18.png,kodim18_1a9258c36598__stripes_32,stripes,32,,22,859440,41.243,46.1072,45.5824,43.7239,107430,2.1856689453125,266.8125183000011,actual_encoder_input,444,results/vtm_content_partition_qp_extension/run/encoded/kodim18_1a9258c36598__stripes_32/QP22/baseline/kodim18_1a9258c36598__stripes_32_QP22_baseline_enc.log,cd7ad4b5cb3445ae83918dce214c68c0ceb4dfa82735ece9efef6da40b7d814f,False
kodim18.png,kodim18_1a9258c36598__stripes_32,stripes,32,,27,534552,37.4113,43.7926,43.2038,40.4403,66819,1.35943603515625,261.06087390000175,actual_encoder_input,444,results/vtm_content_partition_four_qp/encoded/kodim18_1a9258c36598__stripes_32/QP27/baseline/kodim18_1a9258c36598__stripes_32_QP27_baseline_enc.log,16449b8300943b1f76824b94e13d102f94a4635e19c0ec4eb801a2c30e876294,True
kodim18.png,kodim18_1a9258c36598__stripes_32,stripes,32,,32,311248,33.6667,41.5514,40.5935,37.0844,38906,0.7915445963541666,173.49428679999983,actual_encoder_input,444,results/vtm_content_partition_study/run/encoded/kodim18_1a9258c36598__stripes_32/QP32/baseline/kodim18_1a9258c36598__stripes_32_QP32_baseline_enc.log,32b9842f31ced87b0f18c43fb7d3e3b751a465d71b9b0d6a202f2277eaedf581,False
kodim18.png,kodim18_1a9258c36598__stripes_32,stripes,32,,37,161856,29.9851,39.3943,38.2999,33.7458,20232,0.41162109375,123.70853469999565,actual_encoder_input,444,results/vtm_content_partition_qp_extension/run/encoded/kodim18_1a9258c36598__stripes_32/QP37/baseline/kodim18_1a9258c36598__stripes_32_QP37_baseline_enc.log,ada1df9c2ff37fd5adcb0482342b36a40b978a4aab45f99aee25eb2b74b185b4,False
kodim18.png,kodim18_1a9258c36598__stripes_8,stripes,8,,22,834232,41.2351,47.0119,45.8518,43.9385,104279,2.1215616861979165,272.57749239999976,actual_encoder_input,444,results/vtm_content_partition_qp_extension/run/encoded/kodim18_1a9258c36598__stripes_8/QP22/baseline/kodim18_1a9258c36598__stripes_8_QP22_baseline_enc.log,490d417fd2ad26b3dfe9dd4b434975900d02323fa2c54054598a34964ba656e6,False
kodim18.png,kodim18_1a9258c36598__stripes_8,stripes,8,,27,511032,37.3628,44.6065,43.4363,40.5636,63879,1.29962158203125,261.6642267999996,actual_encoder_input,444,results/vtm_content_partition_four_qp/encoded/kodim18_1a9258c36598__stripes_8/QP27/baseline/kodim18_1a9258c36598__stripes_8_QP27_baseline_enc.log,086aa799137c46d3fa692b784cfedc164a986c1709f5a833aee7d5f4be91c112,True
kodim18.png,kodim18_1a9258c36598__stripes_8,stripes,8,,32,297832,33.7041,42.399,40.9128,37.2524,37229,0.7574259440104166,176.49234250000154,actual_encoder_input,444,results/vtm_content_partition_study/run/encoded/kodim18_1a9258c36598__stripes_8/QP32/baseline/kodim18_1a9258c36598__stripes_8_QP32_baseline_enc.log,56fd1e9742b68c5bacb03fc19c753a7616b9e7eb4a19f4d96430a7da314a8a92,False
kodim18.png,kodim18_1a9258c36598__stripes_8,stripes,8,,37,153584,30.0339,40.2643,38.57,33.8887,19198,0.3905843098958333,122.09160339999653,actual_encoder_input,444,results/vtm_content_partition_qp_extension/run/encoded/kodim18_1a9258c36598__stripes_8/QP37/baseline/kodim18_1a9258c36598__stripes_8_QP37_baseline_enc.log,28a49df80b79fbd719167818ccc48e41eefa646ed882df2d7dfb4162b3e8830e,False
kodim19.png,kodim19_b7450b264b1b__awgn_15_seed-20260811,awgn,15,20260811,22,1347856,41.3588,47.7049,46.6434,44.2884,168482,3.4277750651041665,304.0352445000026,actual_encoder_input,444,results/vtm_content_partition_qp_extension/run/encoded/kodim19_b7450b264b1b__awgn_15_seed-20260811/QP22/baseline/kodim19_b7450b264b1b__awgn_15_seed-20260811_QP22_baseline_enc.log,d16ce3e9d45d39b880f8ea8cde1d0ca6cecf3da8ae1678730ec624f78a95d43b,False
kodim19.png,kodim19_b7450b264b1b__awgn_15_seed-20260811,awgn,15,20260811,27,960984,36.4136,46.1183,44.4194,40.1629,120123,2.44390869140625,296.5540269999983,actual_encoder_input,444,results/vtm_content_partition_four_qp/encoded/kodim19_b7450b264b1b__awgn_15_seed-20260811/QP27/baseline/kodim19_b7450b264b1b__awgn_15_seed-20260811_QP27_baseline_enc.log,61b112fb66e02a552a950fcf88b1b0de95f8838279e0218db8665fab77205b14,True
kodim19.png,kodim19_b7450b264b1b__awgn_15_seed-20260811,awgn,15,20260811,32,606840,31.404,44.8495,42.894,35.6979,75855,1.54327392578125,227.076554700001,actual_encoder_input,444,results/vtm_content_partition_study/run/encoded/kodim19_b7450b264b1b__awgn_15_seed-20260811/QP32/baseline/kodim19_b7450b264b1b__awgn_15_seed-20260811_QP32_baseline_enc.log,6ead56a2fd1d3d5e34e4cdda7e4543c55669376ec938f6fd1629785290fb1ceb,False
kodim19.png,kodim19_b7450b264b1b__awgn_15_seed-20260811,awgn,15,20260811,37,187824,25.5264,43.5751,41.4002,30.1209,23478,0.4776611328125,170.24090259999502,actual_encoder_input,444,results/vtm_content_partition_qp_extension/run/encoded/kodim19_b7450b264b1b__awgn_15_seed-20260811/QP37/baseline/kodim19_b7450b264b1b__awgn_15_seed-20260811_QP37_baseline_enc.log,d97ef89a63f48fa3e65547865d4eefa66c07739cefceaaeb9cb3e7c5e0553006,False
kodim19.png,kodim19_b7450b264b1b__awgn_30_seed-20260811,awgn,30,20260811,22,1763856,41.2913,45.8929,45.6628,43.7273,220482,4.4857177734375,339.73846619999676,actual_encoder_input,444,results/vtm_content_partition_qp_extension/run/encoded/kodim19_b7450b264b1b__awgn_30_seed-20260811/QP22/baseline/kodim19_b7450b264b1b__awgn_30_seed-20260811_QP22_baseline_enc.log,54290bc68d6e802ca38bef29334f4ffa9a872c8d0ffa675cdd910692849cb5a0,False
kodim19.png,kodim19_b7450b264b1b__awgn_30_seed-20260811,awgn,30,20260811,27,1334064,36.3814,43.0675,43.2808,39.6338,166758,3.3927001953125,336.04849119999926,actual_encoder_input,444,results/vtm_content_partition_four_qp/encoded/kodim19_b7450b264b1b__awgn_30_seed-20260811/QP27/baseline/kodim19_b7450b264b1b__awgn_30_seed-20260811_QP27_baseline_enc.log,18bbb413598553820174d78d6f36ee0f265ab8b090770dd3b8b28d353d40242e,True
kodim19.png,kodim19_b7450b264b1b__awgn_30_seed-20260811,awgn,30,20260811,32,954152,31.4266,41.7635,41.0469,35.4,119269,2.4265340169270835,245.75288020000153,actual_encoder_input,444,results/vtm_content_partition_study/run/encoded/kodim19_b7450b264b1b__awgn_30_seed-20260811/QP32/baseline/kodim19_b7450b264b1b__awgn_30_seed-20260811_QP32_baseline_enc.log,bd2917dbe65781f8b4fe0069da08cdfc049546dbbdd06c0246342d84825544e7,False
kodim19.png,kodim19_b7450b264b1b__awgn_30_seed-20260811,awgn,30,20260811,37,601240,26.347,40.7688,39.7892,30.7784,75155,1.5290323893229167,212.7184428000037,actual_encoder_input,444,results/vtm_content_partition_qp_extension/run/encoded/kodim19_b7450b264b1b__awgn_30_seed-20260811/QP37/baseline/kodim19_b7450b264b1b__awgn_30_seed-20260811_QP37_baseline_enc.log,4c68f60fa62637ad7c2551a8b80fc933ec5b91010c7864f9ce52a9202bffc325,False
kodim19.png,kodim19_b7450b264b1b__awgn_5_seed-20260811,awgn,5,20260811,22,878512,41.408,48.6356,47.2668,44.569,109814,2.2341715494791665,274.24806669999816,actual_encoder_input,444,results/vtm_content_partition_qp_extension/run/encoded/kodim19_b7450b264b1b__awgn_5_seed-20260811/QP22/baseline/kodim19_b7450b264b1b__awgn_5_seed-20260811_QP22_baseline_enc.log,4a66dd4f855e6f4e3606238dd018ea92fe2c673aa0a605ca405ad2c3d81edb52,False
kodim19.png,kodim19_b7450b264b1b__awgn_5_seed-20260811,awgn,5,20260811,27,484424,36.1035,47.1777,45.4206,40.1006,60553,1.2319539388020833,262.60954819999824,actual_encoder_input,444,results/vtm_content_partition_four_qp/encoded/kodim19_b7450b264b1b__awgn_5_seed-20260811/QP27/baseline/kodim19_b7450b264b1b__awgn_5_seed-20260811_QP27_baseline_enc.log,ad77ca84064d399cdfe165c1d574a37d97db0195d3c3026d0644dfd108a30033,True
kodim19.png,kodim19_b7450b264b1b__awgn_5_seed-20260811,awgn,5,20260811,32,182560,32.1632,46.0025,43.8232,36.483,22820,0.4642740885416667,144.7442379000022,actual_encoder_input,444,results/vtm_content_partition_study/run/encoded/kodim19_b7450b264b1b__awgn_5_seed-20260811/QP32/baseline/kodim19_b7450b264b1b__awgn_5_seed-20260811_QP32_baseline_enc.log,6de845d8fd0f9314f584c519d2c8fd04b4ae018efe37eab46aba7317769ad0b2,False
kodim19.png,kodim19_b7450b264b1b__awgn_5_seed-20260811,awgn,5,20260811,37,74832,29.7758,44.3305,42.2887,34.1683,9354,0.1903076171875,83.53308759999345,actual_encoder_input,444,results/vtm_content_partition_qp_extension/run/encoded/kodim19_b7450b264b1b__awgn_5_seed-20260811/QP37/baseline/kodim19_b7450b264b1b__awgn_5_seed-20260811_QP37_baseline_enc.log,8cb52738010bc585f9ac794ef7e75f8edda2bae32d95fc2da8374ef06d3e22eb,False
kodim19.png,kodim19_b7450b264b1b__clean_0,clean,0,,22,533552,41.9257,48.8009,47.4049,44.9693,66694,1.3568929036458333,212.85707320000074,actual_encoder_input,444,results/vtm_content_partition_study/run/encoded/kodim19_b7450b264b1b__clean_0/QP22/baseline/kodim19_b7450b264b1b__clean_0_QP22_baseline_enc.log,c9bad6a1fa299c2b72369e90aff88e8b0c6d823a208362e34dc7719fe6030582,False
kodim19.png,kodim19_b7450b264b1b__clean_0,clean,0,,27,313080,38.2535,47.4147,45.6608,41.8754,39135,0.79620361328125,150.71807919999992,actual_encoder_input,444,results/vtm_content_partition_study/run/encoded/kodim19_b7450b264b1b__clean_0/QP27/baseline/kodim19_b7450b264b1b__clean_0_QP27_baseline_enc.log,c0da0440173f24ef522545d9db8db2dd2c73f187bde34d179f04540ed37c8841,False
kodim19.png,kodim19_b7450b264b1b__clean_0,clean,0,,32,160904,34.6046,46.2167,44.0385,38.6463,20113,0.4092000325520833,106.20726490000015,actual_encoder_input,444,results/vtm_content_partition_study/run/encoded/kodim19_b7450b264b1b__clean_0/QP32/baseline/kodim19_b7450b264b1b__clean_0_QP32_baseline_enc.log,482ba466d1db4eee2aee4a95d3dad41241a6ee6c22371d473f65afe7e2f43d63,False
kodim19.png,kodim19_b7450b264b1b__clean_0,clean,0,,37,70360,31.3347,44.5653,42.4564,35.5953,8795,0.17893473307291666,67.61567599999762,actual_encoder_input,444,results/vtm_content_partition_study/run/encoded/kodim19_b7450b264b1b__clean_0/QP37/baseline/kodim19_b7450b264b1b__clean_0_QP37_baseline_enc.log,b1b835d93bd93404b164d96b68791aebc3ce16b7d086f66fba56ffa1038c4506,False
kodim19.png,kodim19_b7450b264b1b__stripes_16,stripes,16,,22,559088,41.8759,48.5462,47.1253,44.8463,69886,1.4218343098958333,220.5483521999995,actual_encoder_input,444,results/vtm_content_partition_qp_extension/run/encoded/kodim19_b7450b264b1b__stripes_16/QP22/baseline/kodim19_b7450b264b1b__stripes_16_QP22_baseline_enc.log,ada7ca87ed683d29047364835b219d824c021ee3a4848e83894104186e5dcfc5,False
kodim19.png,kodim19_b7450b264b1b__stripes_16,stripes,16,,27,332256,38.2006,47.034,45.249,41.7394,41532,0.844970703125,185.10766250000233,actual_encoder_input,444,results/vtm_content_partition_four_qp/encoded/kodim19_b7450b264b1b__stripes_16/QP27/baseline/kodim19_b7450b264b1b__stripes_16_QP27_baseline_enc.log,cceefbf4f3e575e97bf75106786734132b7bb3f3aae482b390b0899d719d8400,True
kodim19.png,kodim19_b7450b264b1b__stripes_16,stripes,16,,32,174712,34.5284,45.5978,43.5093,38.4911,21839,0.4443155924479167,113.9275370999967,actual_encoder_input,444,results/vtm_content_partition_study/run/encoded/kodim19_b7450b264b1b__stripes_16/QP32/baseline/kodim19_b7450b264b1b__stripes_16_QP32_baseline_enc.log,0f3ee93a108038b4051c49a454772c58451f889ce7d88015a38480a55cc50868,False
kodim19.png,kodim19_b7450b264b1b__stripes_16,stripes,16,,37,78456,31.2215,43.8472,41.8434,35.4188,9807,0.19952392578125,74.4054976999978,actual_encoder_input,444,results/vtm_content_partition_qp_extension/run/encoded/kodim19_b7450b264b1b__stripes_16/QP37/baseline/kodim19_b7450b264b1b__stripes_16_QP37_baseline_enc.log,935f239f2f1afa49442e6baf2d1890f04ac1e8e00d5a40659e9aaed8786e8fa1,False
kodim19.png,kodim19_b7450b264b1b__stripes_32,stripes,32,,22,582904,41.8777,47.7934,46.8572,44.6793,72863,1.4824015299479167,232.89675749999878,actual_encoder_input,444,results/vtm_content_partition_qp_extension/run/encoded/kodim19_b7450b264b1b__stripes_32/QP22/baseline/kodim19_b7450b264b1b__stripes_32_QP22_baseline_enc.log,457838522c0f98d299e6a41a87451094d12e779b2b05ba804eddec657e54604c,False
kodim19.png,kodim19_b7450b264b1b__stripes_32,stripes,32,,27,346168,38.1894,46.1781,44.7863,41.5687,43271,0.8803507486979166,187.99228310000035,actual_encoder_input,444,results/vtm_content_partition_four_qp/encoded/kodim19_b7450b264b1b__stripes_32/QP27/baseline/kodim19_b7450b264b1b__stripes_32_QP27_baseline_enc.log,4f36654a8f8191cd78970cee95a383ff99a428fcf5fadfd225169ac4d3847fe9,True
kodim19.png,kodim19_b7450b264b1b__stripes_32,stripes,32,,32,183288,34.54,44.665,42.9011,38.3665,22911,0.46612548828125,115.33925550000276,actual_encoder_input,444,results/vtm_content_partition_study/run/encoded/kodim19_b7450b264b1b__stripes_32/QP32/baseline/kodim19_b7450b264b1b__stripes_32_QP32_baseline_enc.log,459dac3a9a6a62c101d34b1387fc7de2cc2cc349b83970897337abde031ddfc9,False
kodim19.png,kodim19_b7450b264b1b__stripes_32,stripes,32,,37,82536,31.194,43.037,41.1299,35.2949,10317,0.20989990234375,73.41467430000193,actual_encoder_input,444,results/vtm_content_partition_qp_extension/run/encoded/kodim19_b7450b264b1b__stripes_32/QP37/baseline/kodim19_b7450b264b1b__stripes_32_QP37_baseline_enc.log,ce7a8e3ec469b93c67a44d3dc2f8e259809f77ab568be0a53bdf43e22144480b,False
kodim19.png,kodim19_b7450b264b1b__stripes_8,stripes,8,,22,548048,41.8792,48.689,47.2807,44.8988,68506,1.3937581380208333,215.94278280000435,actual_encoder_input,444,results/vtm_content_partition_qp_extension/run/encoded/kodim19_b7450b264b1b__stripes_8/QP22/baseline/kodim19_b7450b264b1b__stripes_8_QP22_baseline_enc.log,b4b77f0d56f85f27a00cec8a2f4cd0f23b089ace19fb2758ab1a034fb1a64a16,False
kodim19.png,kodim19_b7450b264b1b__stripes_8,stripes,8,,27,325904,38.2604,47.2626,45.4539,41.8369,40738,0.8288167317708334,182.29647920000207,actual_encoder_input,444,results/vtm_content_partition_four_qp/encoded/kodim19_b7450b264b1b__stripes_8/QP27/baseline/kodim19_b7450b264b1b__stripes_8_QP27_baseline_enc.log,64de4db0a27d0a92166d902584ed13f5e517f8fe60b0bb0a531a3900d023947a,True
kodim19.png,kodim19_b7450b264b1b__stripes_8,stripes,8,,32,168600,34.5492,45.9068,43.8138,38.5591,21075,0.42877197265625,113.48797860000195,actual_encoder_input,444,results/vtm_content_partition_study/run/encoded/kodim19_b7450b264b1b__stripes_8/QP32/baseline/kodim19_b7450b264b1b__stripes_8_QP32_baseline_enc.log,7e3b635a3602cb047dfdc7c9bbb28281191adc0118b813e3fae0e44df1be952a,False
kodim19.png,kodim19_b7450b264b1b__stripes_8,stripes,8,,37,75816,31.3255,44.1227,42.087,35.5413,9477,0.19281005859375,74.569539300006,actual_encoder_input,444,results/vtm_content_partition_qp_extension/run/encoded/kodim19_b7450b264b1b__stripes_8/QP37/baseline/kodim19_b7450b264b1b__stripes_8_QP37_baseline_enc.log,c82e1408de4f6e6ac55aa675b28fb2f3689a162726dddd9729d9a1ea85198d01,False
kodim20.png,kodim20_3b46c71e3b92__awgn_15_seed-20260811,awgn,15,20260811,22,1174296,41.7526,44.4994,46.8846,43.8803,146787,2.98638916015625,251.42950360000032,actual_encoder_input,444,results/vtm_content_partition_task2_completion/run/encoded/kodim20_3b46c71e3b92__awgn_15_seed-20260811/QP22/baseline/kodim20_3b46c71e3b92__awgn_15_seed-20260811_QP22_baseline_enc.log,ed3915e4e4cb5dca735bc0dc5d2c89dbaaed632ffefde30597913727463d8945,False
kodim20.png,kodim20_3b46c71e3b92__awgn_15_seed-20260811,awgn,15,20260811,27,743400,36.8008,42.0499,44.9724,39.9555,92925,1.89056396484375,299.86040610000055,actual_encoder_input,444,results/vtm_content_partition_four_qp/encoded/kodim20_3b46c71e3b92__awgn_15_seed-20260811/QP27/baseline/kodim20_3b46c71e3b92__awgn_15_seed-20260811_QP27_baseline_enc.log,5626eff1c46a14b10c41a587c7d8277107f4a38a465849bc41f93230a1bf5a3a,True
kodim20.png,kodim20_3b46c71e3b92__awgn_15_seed-20260811,awgn,15,20260811,32,426448,31.8814,41.0913,43.335,35.8916,53306,1.0845133463541667,147.13973950000218,actual_encoder_input,444,results/vtm_content_partition_task2_completion/run/encoded/kodim20_3b46c71e3b92__awgn_15_seed-20260811/QP32/baseline/kodim20_3b46c71e3b92__awgn_15_seed-20260811_QP32_baseline_enc.log,64d64681303cfa8d363c12a8403726ae537c9e61055a3cefff046e4ee530ba4c,False
kodim20.png,kodim20_3b46c71e3b92__awgn_15_seed-20260811,awgn,15,20260811,37,108504,26.7932,40.3006,41.8148,31.2461,13563,0.27593994140625,77.85278040000048,actual_encoder_input,444,results/vtm_content_partition_task2_completion/run/encoded/kodim20_3b46c71e3b92__awgn_15_seed-20260811/QP37/baseline/kodim20_3b46c71e3b92__awgn_15_seed-20260811_QP37_baseline_enc.log,bc538955d4b47ab48df464f3de2db3df4d1b8145f4c6283ae8214de8958bc150,False
kodim20.png,kodim20_3b46c71e3b92__awgn_30_seed-20260811,awgn,30,20260811,22,1590104,41.851,43.625,46.1946,43.5419,198763,4.043843587239583,263.5813457999975,actual_encoder_input,444,results/vtm_content_partition_task2_completion/run/encoded/kodim20_3b46c71e3b92__awgn_30_seed-20260811/QP22/baseline/kodim20_3b46c71e3b92__awgn_30_seed-20260811_QP22_baseline_enc.log,13df2e895bf52313dda457e72fb1c02979cb05811ac6a3a78aab084b71cfeba2,False
kodim20.png,kodim20_3b46c71e3b92__awgn_30_seed-20260811,awgn,30,20260811,27,1122984,36.9801,39.9296,43.746,39.402,140373,2.85589599609375,353.5351852999993,actual_encoder_input,444,results/vtm_content_partition_four_qp/encoded/kodim20_3b46c71e3b92__awgn_30_seed-20260811/QP27/baseline/kodim20_3b46c71e3b92__awgn_30_seed-20260811_QP27_baseline_enc.log,050a5978cf16a5485a89f9798006b18bd9f0cee275b4ac7af0677cee60295444,True
kodim20.png,kodim20_3b46c71e3b92__awgn_30_seed-20260811,awgn,30,20260811,32,744424,31.9384,38.7846,42.2419,35.5703,93053,1.8931681315104167,184.21593639999992,actual_encoder_input,444,results/vtm_content_partition_task2_completion/run/encoded/kodim20_3b46c71e3b92__awgn_30_seed-20260811/QP32/baseline/kodim20_3b46c71e3b92__awgn_30_seed-20260811_QP32_baseline_enc.log,992891ac0172a5ee6b02f7a8cd1191758228f6e3fec6f918ad0348bef80b65ce,False
kodim20.png,kodim20_3b46c71e3b92__awgn_30_seed-20260811,awgn,30,20260811,37,429696,26.9523,37.7191,40.6953,31.208,53712,1.0927734375,146.05455240000083,actual_encoder_input,444,results/vtm_content_partition_task2_completion/run/encoded/kodim20_3b46c71e3b92__awgn_30_seed-20260811/QP37/baseline/kodim20_3b46c71e3b92__awgn_30_seed-20260811_QP37_baseline_enc.log,dd20ed36367c600a374d7fd6d0f22001173ccce777202a490a2dd6f79868e20d,False
kodim20.png,kodim20_3b46c71e3b92__awgn_5_seed-20260811,awgn,5,20260811,22,625304,41.8155,46.0893,48.0174,44.5089,78163,1.5902303059895833,185.74634700000024,actual_encoder_input,444,results/vtm_content_partition_task2_completion/run/encoded/kodim20_3b46c71e3b92__awgn_5_seed-20260811/QP22/baseline/kodim20_3b46c71e3b92__awgn_5_seed-20260811_QP22_baseline_enc.log,771cb32961859e7074ae83e90c17200eb79e9116fd6255bb0cf520b0a0aadd4c,False
kodim20.png,kodim20_3b46c71e3b92__awgn_5_seed-20260811,awgn,5,20260811,27,286512,36.7714,45.2418,46.1555,40.5477,35814,0.7286376953125,176.86351970000032,actual_encoder_input,444,results/vtm_content_partition_four_qp/encoded/kodim20_3b46c71e3b92__awgn_5_seed-20260811/QP27/baseline/kodim20_3b46c71e3b92__awgn_5_seed-20260811_QP27_baseline_enc.log,8ad20ed06d0a4eac9fc8f37f62348ba006f97e0a6576aacb818d998c6c4b3395,True
kodim20.png,kodim20_3b46c71e3b92__awgn_5_seed-20260811,awgn,5,20260811,32,122328,33.8617,44.2969,44.7689,37.9451,15291,0.31109619140625,72.27855560000171,actual_encoder_input,444,results/vtm_content_partition_task2_completion/run/encoded/kodim20_3b46c71e3b92__awgn_5_seed-20260811/QP32/baseline/kodim20_3b46c71e3b92__awgn_5_seed-20260811_QP32_baseline_enc.log,9fddacd503e472f47f2cc8b027f95cf80dd706e2c8cd2f9397d89e039fa6c937,False
kodim20.png,kodim20_3b46c71e3b92__awgn_5_seed-20260811,awgn,5,20260811,37,52432,31.5843,42.9314,43.1554,35.7751,6554,0.13334147135416666,41.30703960000028,actual_encoder_input,444,results/vtm_content_partition_task2_completion/run/encoded/kodim20_3b46c71e3b92__awgn_5_seed-20260811/QP37/baseline/kodim20_3b46c71e3b92__awgn_5_seed-20260811_QP37_baseline_enc.log,9345d41964aa007a45e26f40c5228bbb48e703d26f11d298b61fecf25229f2fd,False
kodim20.png,kodim20_3b46c71e3b92__clean_0,clean,0,,22,344200,44.0117,47.3388,48.3007,46.1411,43025,0.8753458658854166,149.9577461000008,actual_encoder_input,444,results/vtm_content_partition_study/run/encoded/kodim20_3b46c71e3b92__clean_0/QP22/baseline/kodim20_3b46c71e3b92__clean_0_QP22_baseline_enc.log,975e0c82d6765a5e03aa9d325d4c1081b2535ec198ee8e03d8826fe207608bb8,False
kodim20.png,kodim20_3b46c71e3b92__clean_0,clean,0,,27,207120,40.4347,46.3133,46.7076,43.4619,25890,0.5267333984375,104.37340140000015,actual_encoder_input,444,results/vtm_content_partition_study/run/encoded/kodim20_3b46c71e3b92__clean_0/QP27/baseline/kodim20_3b46c71e3b92__clean_0_QP27_baseline_enc.log,a6f0274c4303c9c834bf5c88e9fb97705d7f84a82c52efe7238c9d9f222c2fd1,False
kodim20.png,kodim20_3b46c71e3b92__clean_0,clean,0,,32,108280,36.6331,45.1528,45.2512,40.3388,13535,0.2753702799479167,74.85079500000211,actual_encoder_input,444,results/vtm_content_partition_study/run/encoded/kodim20_3b46c71e3b92__clean_0/QP32/baseline/kodim20_3b46c71e3b92__clean_0_QP32_baseline_enc.log,ebd47be8166891b0ee2597d35c7f2d2ee101f7a1e3adc27dead54f0f7bf450ee,False
kodim20.png,kodim20_3b46c71e3b92__clean_0,clean,0,,37,49968,33.3819,43.5383,43.5048,37.3843,6246,0.1270751953125,46.727316299999075,actual_encoder_input,444,results/vtm_content_partition_study/run/encoded/kodim20_3b46c71e3b92__clean_0/QP37/baseline/kodim20_3b46c71e3b92__clean_0_QP37_baseline_enc.log,87ae6abb60abf64c298b2899479594d7c560a66ec42939adbdcb2020af2646f1,False
kodim20.png,kodim20_3b46c71e3b92__stripes_16,stripes,16,,22,367208,44.0925,47.4424,48.4052,46.2325,45901,0.9338582356770834,109.1037565000006,actual_encoder_input,444,results/vtm_content_partition_task2_completion/run/encoded/kodim20_3b46c71e3b92__stripes_16/QP22/baseline/kodim20_3b46c71e3b92__stripes_16_QP22_baseline_enc.log,58e7bea1a33a89daf7a4a80a5692eb4f6c8332b28c13f31372d3709ce5501ba7,False
kodim20.png,kodim20_3b46c71e3b92__stripes_16,stripes,16,,27,221552,40.3399,46.217,46.61,43.3664,27694,0.5634358723958334,134.41310899999735,actual_encoder_input,444,results/vtm_content_partition_four_qp/encoded/kodim20_3b46c71e3b92__stripes_16/QP27/baseline/kodim20_3b46c71e3b92__stripes_16_QP27_baseline_enc.log,8b73f34d557ae31046c0630e51db48e094ce767b44beba97110516f191766180,True
kodim20.png,kodim20_3b46c71e3b92__stripes_16,stripes,16,,32,118712,36.5379,44.6819,44.993,40.1829,14839,0.3019002278645833,55.38076789999832,actual_encoder_input,444,results/vtm_content_partition_task2_completion/run/encoded/kodim20_3b46c71e3b92__stripes_16/QP32/baseline/kodim20_3b46c71e3b92__stripes_16_QP32_baseline_enc.log,a4b0ebac1d300d40a43114eef60cbce60ef6e132dc4b2722bf7ecd7e21cbaf32,False
kodim20.png,kodim20_3b46c71e3b92__stripes_16,stripes,16,,37,56304,33.2199,42.8248,42.8866,37.1364,7038,0.1431884765625,36.65624650000245,actual_encoder_input,444,results/vtm_content_partition_task2_completion/run/encoded/kodim20_3b46c71e3b92__stripes_16/QP37/baseline/kodim20_3b46c71e3b92__stripes_16_QP37_baseline_enc.log,78724e86d5b9bcd9d2d2ec88e2c331a89fdfd940fea1300b14f9aaf3c9056373,False
kodim20.png,kodim20_3b46c71e3b92__stripes_32,stripes,32,,22,380920,44.1875,47.481,48.4401,46.301,47615,0.9687296549479166,114.48705170000176,actual_encoder_input,444,results/vtm_content_partition_task2_completion/run/encoded/kodim20_3b46c71e3b92__stripes_32/QP22/baseline/kodim20_3b46c71e3b92__stripes_32_QP22_baseline_enc.log,3bda3deb7993d8a2a082ff831d5f9402933408c8503895cf1930dbd2baa7e1e6,False
kodim20.png,kodim20_3b46c71e3b92__stripes_32,stripes,32,,27,231600,40.3099,46.0038,46.5301,43.2962,28950,0.5889892578125,135.20654050000303,actual_encoder_input,444,results/vtm_content_partition_four_qp/encoded/kodim20_3b46c71e3b92__stripes_32/QP27/baseline/kodim20_3b46c71e3b92__stripes_32_QP27_baseline_enc.log,6ecb1951422e9955f776e79ac4a3fdf5c418cb1bbf11d3f8d8f8fcd8df32dc6f,True
kodim20.png,kodim20_3b46c71e3b92__stripes_32,stripes,32,,32,124048,36.4123,44.4385,44.6578,40.0197,15506,0.3154703776041667,61.03521220000039,actual_encoder_input,444,results/vtm_content_partition_task2_completion/run/encoded/kodim20_3b46c71e3b92__stripes_32/QP32/baseline/kodim20_3b46c71e3b92__stripes_32_QP32_baseline_enc.log,1ded1ecd0e5f7e883c9a5cb9c1e865dd781ca17296fc2ee7b73e761f273236c8,False
kodim20.png,kodim20_3b46c71e3b92__stripes_32,stripes,32,,37,60672,33.1641,42.3296,42.7278,37.0301,7584,0.154296875,40.286504600000626,actual_encoder_input,444,results/vtm_content_partition_task2_completion/run/encoded/kodim20_3b46c71e3b92__stripes_32/QP37/baseline/kodim20_3b46c71e3b92__stripes_32_QP37_baseline_enc.log,da4fd4e3415d9170c203214e2ae17c37edd6f8d5aba9682977afa08e24d16942,False
kodim20.png,kodim20_3b46c71e3b92__stripes_8,stripes,8,,22,357608,43.9996,47.3766,48.3809,46.1602,44701,0.9094441731770834,115.4281090000004,actual_encoder_input,444,results/vtm_content_partition_task2_completion/run/encoded/kodim20_3b46c71e3b92__stripes_8/QP22/baseline/kodim20_3b46c71e3b92__stripes_8_QP22_baseline_enc.log,9dd5517b7420af200901786e53b95fe8f03e843b206bfd259dffc0cd819513b6,False
kodim20.png,kodim20_3b46c71e3b92__stripes_8,stripes,8,,27,215960,40.3587,46.2445,46.7025,43.3982,26995,0.5492146809895834,129.96384670000043,actual_encoder_input,444,results/vtm_content_partition_four_qp/encoded/kodim20_3b46c71e3b92__stripes_8/QP27/baseline/kodim20_3b46c71e3b92__stripes_8_QP27_baseline_enc.log,5a952b66c58c8942d6012c5b9247f303bc3a4979b5a2d2cdfc91cb0f7642f7b7,True
kodim20.png,kodim20_3b46c71e3b92__stripes_8,stripes,8,,32,113120,36.5188,44.8111,44.9909,40.183,14140,0.2876790364583333,59.80571260000215,actual_encoder_input,444,results/vtm_content_partition_task2_completion/run/encoded/kodim20_3b46c71e3b92__stripes_8/QP32/baseline/kodim20_3b46c71e3b92__stripes_8_QP32_baseline_enc.log,b840db08e91d5b75641056368d461ff6dfc00bd9a9879698d4a211889d90d29a,False
kodim20.png,kodim20_3b46c71e3b92__stripes_8,stripes,8,,37,52792,33.2139,43.0723,43.2041,37.1805,6599,0.13425699869791666,37.97861779999948,actual_encoder_input,444,results/vtm_content_partition_task2_completion/run/encoded/kodim20_3b46c71e3b92__stripes_8/QP37/baseline/kodim20_3b46c71e3b92__stripes_8_QP37_baseline_enc.log,3ca068c5233fb90da1d34917dbb5e679587a3de5f2f8cbfa7044a3fdeac1f9de,False
kodim21.png,kodim21_ac958597c820__awgn_15_seed-20260811,awgn,15,20260811,22,1372512,41.3889,47.6868,47.6657,44.4863,171564,3.490478515625,309.80946689999837,actual_encoder_input,444,results/vtm_content_partition_qp_extension/run/encoded/kodim21_ac958597c820__awgn_15_seed-20260811/QP22/baseline/kodim21_ac958597c820__awgn_15_seed-20260811_QP22_baseline_enc.log,772a4cd96d81291919c8d811fd0d1483cf61432b3cfe93ce8ddcc3d87e9e3a64,False
kodim21.png,kodim21_ac958597c820__awgn_15_seed-20260811,awgn,15,20260811,27,988328,36.423,45.4226,45.987,40.2724,123541,2.5134480794270835,292.4991551999992,actual_encoder_input,444,results/vtm_content_partition_four_qp/encoded/kodim21_ac958597c820__awgn_15_seed-20260811/QP27/baseline/kodim21_ac958597c820__awgn_15_seed-20260811_QP27_baseline_enc.log,c17d49e0a22e6748382b5dbc435b8ac07cd5cb14b403f57c8030ec42222f2e57,True
kodim21.png,kodim21_ac958597c820__awgn_15_seed-20260811,awgn,15,20260811,32,633608,31.4235,43.6258,44.1387,35.7269,79201,1.6113484700520833,239.1473499000058,actual_encoder_input,444,results/vtm_content_partition_study/run/encoded/kodim21_ac958597c820__awgn_15_seed-20260811/QP32/baseline/kodim21_ac958597c820__awgn_15_seed-20260811_QP32_baseline_enc.log,c40f6de0c07049c795ddb5037b9ffc13bce2ce1cf4fd1850a4ef6a191031fca0,False
kodim21.png,kodim21_ac958597c820__awgn_15_seed-20260811,awgn,15,20260811,37,208560,25.4329,42.3246,42.4691,30.0328,26070,0.5303955078125,167.1331033000024,actual_encoder_input,444,results/vtm_content_partition_qp_extension/run/encoded/kodim21_ac958597c820__awgn_15_seed-20260811/QP37/baseline/kodim21_ac958597c820__awgn_15_seed-20260811_QP37_baseline_enc.log,5b2f4e7763cae449a796c96da8a17cb2cc233c8b59615176eff4a125ee032939,False
kodim21.png,kodim21_ac958597c820__awgn_30_seed-20260811,awgn,30,20260811,22,1725528,41.3254,46.7589,46.7137,44.1228,215691,4.38824462890625,317.014519700002,actual_encoder_input,444,results/vtm_content_partition_qp_extension/run/encoded/kodim21_ac958597c820__awgn_30_seed-20260811/QP22/baseline/kodim21_ac958597c820__awgn_30_seed-20260811_QP22_baseline_enc.log,670ecc3951304c9be013f8323db84c5ecd4d6057bc15bcbc2a91b0d9868de25e,False
kodim21.png,kodim21_ac958597c820__awgn_30_seed-20260811,awgn,30,20260811,27,1337800,36.4142,44.4376,45.0248,40.0616,167225,3.4022013346354165,323.5895049999999,actual_encoder_input,444,results/vtm_content_partition_four_qp/encoded/kodim21_ac958597c820__awgn_30_seed-20260811/QP27/baseline/kodim21_ac958597c820__awgn_30_seed-20260811_QP27_baseline_enc.log,22c0ccf76a7be33a9f307f230fb0f439baebd5b2038b8c18553b2ac2b598be97,True
kodim21.png,kodim21_ac958597c820__awgn_30_seed-20260811,awgn,30,20260811,32,969200,31.4374,42.4461,43.4537,35.6314,121150,2.4648030598958335,253.90951060000225,actual_encoder_input,444,results/vtm_content_partition_study/run/encoded/kodim21_ac958597c820__awgn_30_seed-20260811/QP32/baseline/kodim21_ac958597c820__awgn_30_seed-20260811_QP32_baseline_enc.log,5fa695d69ffafbf9622a525cdfa4434940228cdb38646eff442abff0e28fa2b9,False
kodim21.png,kodim21_ac958597c820__awgn_30_seed-20260811,awgn,30,20260811,37,618328,26.3797,41.0401,41.6865,30.8829,77291,1.5724894205729167,221.95507240000006,actual_encoder_input,444,results/vtm_content_partition_qp_extension/run/encoded/kodim21_ac958597c820__awgn_30_seed-20260811/QP37/baseline/kodim21_ac958597c820__awgn_30_seed-20260811_QP37_baseline_enc.log,9c2c874f138e69e91791ae884f71fcaf4180a4f215a47cb58712fc3990f6a8cb,False
kodim21.png,kodim21_ac958597c820__awgn_5_seed-20260811,awgn,5,20260811,22,919760,41.4001,48.0806,47.892,44.5905,114970,2.3390706380208335,291.30926190000173,actual_encoder_input,444,results/vtm_content_partition_qp_extension/run/encoded/kodim21_ac958597c820__awgn_5_seed-20260811/QP22/baseline/kodim21_ac958597c820__awgn_5_seed-20260811_QP22_baseline_enc.log,ea1ce9dd702971b982c8cfa2831d4086d778c40615e5f51a2565d828dee11427,False
kodim21.png,kodim21_ac958597c820__awgn_5_seed-20260811,awgn,5,20260811,27,526904,36.1106,46.0889,46.1826,40.0941,65863,1.3399861653645833,257.9408696999999,actual_encoder_input,444,results/vtm_content_partition_four_qp/encoded/kodim21_ac958597c820__awgn_5_seed-20260811/QP27/baseline/kodim21_ac958597c820__awgn_5_seed-20260811_QP27_baseline_enc.log,87780a55efbad47645451ba83d4cc05c3f192f53a1459f7bd37f6f4e09bfe7fb,True
kodim21.png,kodim21_ac958597c820__awgn_5_seed-20260811,awgn,5,20260811,32,233152,32.3019,44.3846,44.4042,36.5672,29144,0.5929361979166666,138.45469070000036,actual_encoder_input,444,results/vtm_content_partition_study/run/encoded/kodim21_ac958597c820__awgn_5_seed-20260811/QP32/baseline/kodim21_ac958597c820__awgn_5_seed-20260811_QP32_baseline_enc.log,b540f4e74f80ca237bfb121aff2c70ce06571a4db5bb88f0e26379125ac8a922,False
kodim21.png,kodim21_ac958597c820__awgn_5_seed-20260811,awgn,5,20260811,37,116168,29.6552,42.9278,42.7561,34.0281,14521,0.2954305013020833,91.18947470000421,actual_encoder_input,444,results/vtm_content_partition_qp_extension/run/encoded/kodim21_ac958597c820__awgn_5_seed-20260811/QP37/baseline/kodim21_ac958597c820__awgn_5_seed-20260811_QP37_baseline_enc.log,5acadbcf47cbb626bd9796963e1aa890b97d91dbdc88eb8ca97981642165e920,False
kodim21.png,kodim21_ac958597c820__clean_0,clean,0,,22,574576,41.9254,48.197,47.9541,44.9779,71822,1.4612223307291667,214.47186130000046,actual_encoder_input,444,results/vtm_content_partition_study/run/encoded/kodim21_ac958597c820__clean_0/QP22/baseline/kodim21_ac958597c820__clean_0_QP22_baseline_enc.log,9ed0489602bf17a6a42011beb64428036d47506a62dfcb0cc8d22d22847225c6,False
kodim21.png,kodim21_ac958597c820__clean_0,clean,0,,27,367592,38.4939,46.2471,46.2763,42.0123,45949,0.9348347981770834,147.0812724999996,actual_encoder_input,444,results/vtm_content_partition_study/run/encoded/kodim21_ac958597c820__clean_0/QP27/baseline/kodim21_ac958597c820__clean_0_QP27_baseline_enc.log,64ccc8a18a1c467d4f40e1d32a5c06130cb4617ceb0255f8bc7c6d61e28840e9,False
kodim21.png,kodim21_ac958597c820__clean_0,clean,0,,32,216416,34.7555,44.5112,44.4737,38.6899,27052,0.5503743489583334,114.17862220000097,actual_encoder_input,444,results/vtm_content_partition_study/run/encoded/kodim21_ac958597c820__clean_0/QP32/baseline/kodim21_ac958597c820__clean_0_QP32_baseline_enc.log,82e5d8b10780229d5f1b62c3026bdb8183f7aa9b01fd40a4bd86774c9ee528bc,False
kodim21.png,kodim21_ac958597c820__clean_0,clean,0,,37,112608,31.1212,43.0131,42.704,35.3458,14076,0.286376953125,78.09997700000167,actual_encoder_input,444,results/vtm_content_partition_study/run/encoded/kodim21_ac958597c820__clean_0/QP37/baseline/kodim21_ac958597c820__clean_0_QP37_baseline_enc.log,23a794c768df170159680cf66d4fca3b66d8498853584db0ce813ca77d5fe485,False
kodim21.png,kodim21_ac958597c820__stripes_16,stripes,16,,22,583392,41.8711,48.0684,47.9155,44.9144,72924,1.483642578125,217.5310954000015,actual_encoder_input,444,results/vtm_content_partition_qp_extension/run/encoded/kodim21_ac958597c820__stripes_16/QP22/baseline/kodim21_ac958597c820__stripes_16_QP22_baseline_enc.log,6b15eaa78ad71ad499b51af28fa48655b2ca52c45a7d035e25cfc360a69779ac,False
kodim21.png,kodim21_ac958597c820__stripes_16,stripes,16,,27,375952,38.4654,46.0405,46.18,41.9525,46994,0.9560953776041666,180.14500240000052,actual_encoder_input,444,results/vtm_content_partition_four_qp/encoded/kodim21_ac958597c820__stripes_16/QP27/baseline/kodim21_ac958597c820__stripes_16_QP27_baseline_enc.log,f3fdd070073b054512805781e4a977346f864a17e0378061e05f4581b4fddb80,True
kodim21.png,kodim21_ac958597c820__stripes_16,stripes,16,,32,222712,34.7136,44.3103,44.3921,38.6304,27839,0.5663859049479166,112.58697469999606,actual_encoder_input,444,results/vtm_content_partition_study/run/encoded/kodim21_ac958597c820__stripes_16/QP32/baseline/kodim21_ac958597c820__stripes_16_QP32_baseline_enc.log,eb203670d11004613889553f10cc8ec4269617aeaf60dc6c20caecd484055cc4,False
kodim21.png,kodim21_ac958597c820__stripes_16,stripes,16,,37,115760,31.013,42.6127,42.6114,35.2213,14470,0.2943929036458333,84.43145350000123,actual_encoder_input,444,results/vtm_content_partition_qp_extension/run/encoded/kodim21_ac958597c820__stripes_16/QP37/baseline/kodim21_ac958597c820__stripes_16_QP37_baseline_enc.log,c41d6ebb83f2eba5cdb2619f034170e5e8b160b2162d76f70e38a14d6b56267f,False
kodim21.png,kodim21_ac958597c820__stripes_32,stripes,32,,22,594512,41.8953,47.8295,47.77,44.8665,74314,1.5119222005208333,227.79146539999783,actual_encoder_input,444,results/vtm_content_partition_qp_extension/run/encoded/kodim21_ac958597c820__stripes_32/QP22/baseline/kodim21_ac958597c820__stripes_32_QP22_baseline_enc.log,488058e2b20d7763dd81383241b3a8b767cc95bb03394f008483582cb9f42519,False
kodim21.png,kodim21_ac958597c820__stripes_32,stripes,32,,27,381544,38.4448,45.7607,46.0481,41.8833,47693,0.9703165690104166,179.91904040000009,actual_encoder_input,444,results/vtm_content_partition_four_qp/encoded/kodim21_ac958597c820__stripes_32/QP27/baseline/kodim21_ac958597c820__stripes_32_QP27_baseline_enc.log,e3cbdef63b283268ef2f2ab77193e008718fa7144223a9c751cbb1741764509d,True
kodim21.png,kodim21_ac958597c820__stripes_32,stripes,32,,32,226040,34.6872,43.9197,44.2276,38.5576,28255,0.5748494466145834,117.87885539999843,actual_encoder_input,444,results/vtm_content_partition_study/run/encoded/kodim21_ac958597c820__stripes_32/QP32/baseline/kodim21_ac958597c820__stripes_32_QP32_baseline_enc.log,03109da5366fba81d34bb8c709eb8bef0b29bafa3c466bf19f6e69a99a35f269,False
kodim21.png,kodim21_ac958597c820__stripes_32,stripes,32,,37,119200,31.0034,42.2523,42.3905,35.1765,14900,0.3031412760416667,86.89600240000436,actual_encoder_input,444,results/vtm_content_partition_qp_extension/run/encoded/kodim21_ac958597c820__stripes_32/QP37/baseline/kodim21_ac958597c820__stripes_32_QP37_baseline_enc.log,4a7c0489223ed35a6f9898c1ae6019d24f20e929d10f28cd870e3fbdfe71923e,False
kodim21.png,kodim21_ac958597c820__stripes_8,stripes,8,,22,581760,41.8885,48.1269,47.9412,44.9398,72720,1.4794921875,226.79273529999773,actual_encoder_input,444,results/vtm_content_partition_qp_extension/run/encoded/kodim21_ac958597c820__stripes_8/QP22/baseline/kodim21_ac958597c820__stripes_8_QP22_baseline_enc.log,1000b93575a459c77b850803f7d5afa72b46906dfb580380680c01a9cc4808ec,False
kodim21.png,kodim21_ac958597c820__stripes_8,stripes,8,,27,371224,38.4503,46.1297,46.1843,41.9533,46403,0.9440714518229166,175.63422560000254,actual_encoder_input,444,results/vtm_content_partition_four_qp/encoded/kodim21_ac958597c820__stripes_8/QP27/baseline/kodim21_ac958597c820__stripes_8_QP27_baseline_enc.log,aff60719006f77b9321670cb0b69495759c6915696139b1ecbf942172a88e6bd,True
kodim21.png,kodim21_ac958597c820__stripes_8,stripes,8,,32,219824,34.728,44.4896,44.4256,38.6611,27478,0.5590413411458334,116.69894320000458,actual_encoder_input,444,results/vtm_content_partition_study/run/encoded/kodim21_ac958597c820__stripes_8/QP32/baseline/kodim21_ac958597c820__stripes_8_QP32_baseline_enc.log,f8bf33cf4cefeefbcfbabde3ecff12dfa0cf41db20722ee1cd2c050876a2ae64,False
kodim21.png,kodim21_ac958597c820__stripes_8,stripes,8,,37,113840,31.0379,42.8577,42.6646,35.2609,14230,0.2895100911458333,84.37790479999967,actual_encoder_input,444,results/vtm_content_partition_qp_extension/run/encoded/kodim21_ac958597c820__stripes_8/QP37/baseline/kodim21_ac958597c820__stripes_8_QP37_baseline_enc.log,2d241ee7a24f00aac8d20ed8e18d27fd72488eac92f3127ede2459672f86214a,False
kodim22.png,kodim22_1cee58eb1f2d__awgn_15_seed-20260811,awgn,15,20260811,22,1415912,41.3751,46.9886,46.0155,44.0563,176989,3.6008504231770835,234.4599644000009,actual_encoder_input,444,results/vtm_content_partition_task2_completion/run/encoded/kodim22_1cee58eb1f2d__awgn_15_seed-20260811/QP22/baseline/kodim22_1cee58eb1f2d__awgn_15_seed-20260811_QP22_baseline_enc.log,987c1b200eaddfadf401f652ee9b1661cd532249747e1ed6820af810fc6782a5,False
kodim22.png,kodim22_1cee58eb1f2d__awgn_15_seed-20260811,awgn,15,20260811,27,1003728,36.4377,44.7512,43.3151,39.8969,125466,2.5526123046875,325.23180779999893,actual_encoder_input,444,results/vtm_content_partition_four_qp/encoded/kodim22_1cee58eb1f2d__awgn_15_seed-20260811/QP27/baseline/kodim22_1cee58eb1f2d__awgn_15_seed-20260811_QP27_baseline_enc.log,cf9f5a376a38584483d3f81ab1ce2dabebb4fb5ae58f4a5ae155ba5da065d249,True
kodim22.png,kodim22_1cee58eb1f2d__awgn_15_seed-20260811,awgn,15,20260811,32,629752,31.4083,42.4594,40.9198,35.4225,78719,1.6015421549479167,185.0851285000026,actual_encoder_input,444,results/vtm_content_partition_task2_completion/run/encoded/kodim22_1cee58eb1f2d__awgn_15_seed-20260811/QP32/baseline/kodim22_1cee58eb1f2d__awgn_15_seed-20260811_QP32_baseline_enc.log,84dd7130ffe5b880752e1b1c36f4d1b4de91f19bd10a4b10888475a19388af28,False
kodim22.png,kodim22_1cee58eb1f2d__awgn_15_seed-20260811,awgn,15,20260811,37,212824,25.6541,40.4553,38.6611,30.0785,26603,0.5412394205729166,138.8600131000021,actual_encoder_input,444,results/vtm_content_partition_task2_completion/run/encoded/kodim22_1cee58eb1f2d__awgn_15_seed-20260811/QP37/baseline/kodim22_1cee58eb1f2d__awgn_15_seed-20260811_QP37_baseline_enc.log,8e5aa1299f23d97d1f05d6e804a74523a617873f201567009ee02f547aecf16b,False
kodim22.png,kodim22_1cee58eb1f2d__awgn_30_seed-20260811,awgn,30,20260811,22,1799952,41.2932,45.2972,45.4124,43.5479,224994,4.5775146484375,254.48617500000182,actual_encoder_input,444,results/vtm_content_partition_task2_completion/run/encoded/kodim22_1cee58eb1f2d__awgn_30_seed-20260811/QP22/baseline/kodim22_1cee58eb1f2d__awgn_30_seed-20260811_QP22_baseline_enc.log,1f6cc1535861e7396645680dd733527fe1e998b93c61b3414f59dbcd0847b5b6,False
kodim22.png,kodim22_1cee58eb1f2d__awgn_30_seed-20260811,awgn,30,20260811,27,1368008,36.3871,42.9207,42.6172,39.5137,171001,3.4790242513020835,346.5567031999999,actual_encoder_input,444,results/vtm_content_partition_four_qp/encoded/kodim22_1cee58eb1f2d__awgn_30_seed-20260811/QP27/baseline/kodim22_1cee58eb1f2d__awgn_30_seed-20260811_QP27_baseline_enc.log,98992c0ee26de79e6fdee962e78abb0660f24112ec89face6c0e493d908fd2be,True
kodim22.png,kodim22_1cee58eb1f2d__awgn_30_seed-20260811,awgn,30,20260811,32,976392,31.4432,41.0082,40.1371,35.2605,122049,2.48309326171875,204.76742279999962,actual_encoder_input,444,results/vtm_content_partition_task2_completion/run/encoded/kodim22_1cee58eb1f2d__awgn_30_seed-20260811/QP32/baseline/kodim22_1cee58eb1f2d__awgn_30_seed-20260811_QP32_baseline_enc.log,e527702300ce62117a9d0cd302d15a2bcd1016c27d4aa47962f5abc666bc52ef,False
kodim22.png,kodim22_1cee58eb1f2d__awgn_30_seed-20260811,awgn,30,20260811,37,611384,26.3475,39.2548,38.0641,30.6322,76423,1.5548299153645833,171.69927910000115,actual_encoder_input,444,results/vtm_content_partition_task2_completion/run/encoded/kodim22_1cee58eb1f2d__awgn_30_seed-20260811/QP37/baseline/kodim22_1cee58eb1f2d__awgn_30_seed-20260811_QP37_baseline_enc.log,8d0d21588a901996e72c26360d466433789063c119c24cb88956c77fafa743f1,False
kodim22.png,kodim22_1cee58eb1f2d__awgn_5_seed-20260811,awgn,5,20260811,22,961952,41.4217,47.3075,46.0949,44.1549,120244,2.4463704427083335,217.87659310000163,actual_encoder_input,444,results/vtm_content_partition_task2_completion/run/encoded/kodim22_1cee58eb1f2d__awgn_5_seed-20260811/QP22/baseline/kodim22_1cee58eb1f2d__awgn_5_seed-20260811_QP22_baseline_enc.log,11ea5569aef7fb4dd4589d1442835cd8e9182af73e1264337abbfee945356f49,False
kodim22.png,kodim22_1cee58eb1f2d__awgn_5_seed-20260811,awgn,5,20260811,27,541280,36.0785,45.1432,43.7712,39.7299,67660,1.3765462239583333,292.7451653999997,actual_encoder_input,444,results/vtm_content_partition_four_qp/encoded/kodim22_1cee58eb1f2d__awgn_5_seed-20260811/QP27/baseline/kodim22_1cee58eb1f2d__awgn_5_seed-20260811_QP27_baseline_enc.log,272485390a555913cea30d35216c920138ea5bce4b51bc0780a9b7d15ffa6679,True
kodim22.png,kodim22_1cee58eb1f2d__awgn_5_seed-20260811,awgn,5,20260811,32,219392,32.0906,42.9467,41.2848,36.0609,27424,0.5579427083333334,132.2851875999986,actual_encoder_input,444,results/vtm_content_partition_task2_completion/run/encoded/kodim22_1cee58eb1f2d__awgn_5_seed-20260811/QP32/baseline/kodim22_1cee58eb1f2d__awgn_5_seed-20260811_QP32_baseline_enc.log,244d74f6bdb39aaa634a01f0adfc327e156c21ee29d9203959ad4606a34e55df,False
kodim22.png,kodim22_1cee58eb1f2d__awgn_5_seed-20260811,awgn,5,20260811,37,90216,29.5776,40.8933,38.9807,33.5985,11277,0.22943115234375,72.15533199999845,actual_encoder_input,444,results/vtm_content_partition_task2_completion/run/encoded/kodim22_1cee58eb1f2d__awgn_5_seed-20260811/QP37/baseline/kodim22_1cee58eb1f2d__awgn_5_seed-20260811_QP37_baseline_enc.log,03cd6381a9083b58bcdd9bc150b86088227f94c18bc0c4a3e26f94fb9cb8f208,False
kodim22.png,kodim22_1cee58eb1f2d__clean_0,clean,0,,22,642664,41.8889,47.4969,46.3562,44.5318,80333,1.6343790690104167,239.6790043000001,actual_encoder_input,444,results/vtm_content_partition_study/run/encoded/kodim22_1cee58eb1f2d__clean_0/QP22/baseline/kodim22_1cee58eb1f2d__clean_0_QP22_baseline_enc.log,9c880089591c0e3fb7dc6c2bab8366d0e59277c6277db03ce35fb328484bb29c,False
kodim22.png,kodim22_1cee58eb1f2d__clean_0,clean,0,,27,378640,38.0735,45.2458,43.8299,41.2088,47330,0.9629313151041666,195.48234969999976,actual_encoder_input,444,results/vtm_content_partition_study/run/encoded/kodim22_1cee58eb1f2d__clean_0/QP27/baseline/kodim22_1cee58eb1f2d__clean_0_QP27_baseline_enc.log,5f9c781a8df6bdf7036c0db59f66380ae1510b1fdbd2c05496b132fa94144948,False
kodim22.png,kodim22_1cee58eb1f2d__clean_0,clean,0,,32,195272,34.3226,42.9737,41.2851,37.8302,24409,0.4966023763020833,142.72485400000005,actual_encoder_input,444,results/vtm_content_partition_study/run/encoded/kodim22_1cee58eb1f2d__clean_0/QP32/baseline/kodim22_1cee58eb1f2d__clean_0_QP32_baseline_enc.log,6911299588bbed6c8bb0112e0863826f478774cc47ea9aa22e39d6f2a840bf57,False
kodim22.png,kodim22_1cee58eb1f2d__clean_0,clean,0,,37,85256,31.0139,40.8989,39.0606,34.7832,10657,0.21681722005208334,86.21927999999753,actual_encoder_input,444,results/vtm_content_partition_study/run/encoded/kodim22_1cee58eb1f2d__clean_0/QP37/baseline/kodim22_1cee58eb1f2d__clean_0_QP37_baseline_enc.log,8bf8ce1ae6157630a8295ea0539d65ea113f08502082b35cf1039a80547c7b3d,False
kodim22.png,kodim22_1cee58eb1f2d__stripes_16,stripes,16,,22,663936,41.8434,47.4039,46.2896,44.4737,82992,1.6884765625,181.680602299999,actual_encoder_input,444,results/vtm_content_partition_task2_completion/run/encoded/kodim22_1cee58eb1f2d__stripes_16/QP22/baseline/kodim22_1cee58eb1f2d__stripes_16_QP22_baseline_enc.log,03ea940b4b01533f69b8ddd1a57d36f7ab5c98f096700a0c29f52219f83e97f7,False
kodim22.png,kodim22_1cee58eb1f2d__stripes_16,stripes,16,,27,393232,37.9753,45.0942,43.7777,41.1118,49154,1.0000406901041667,222.44900639999832,actual_encoder_input,444,results/vtm_content_partition_four_qp/encoded/kodim22_1cee58eb1f2d__stripes_16/QP27/baseline/kodim22_1cee58eb1f2d__stripes_16_QP27_baseline_enc.log,ce3e749ee49ecf794d50e351d63181ac2c03968484bc87647fc313ef310662d9,True
kodim22.png,kodim22_1cee58eb1f2d__stripes_16,stripes,16,,32,206544,34.2276,42.7762,41.1367,37.7166,25818,0.5252685546875,109.55342060000112,actual_encoder_input,444,results/vtm_content_partition_task2_completion/run/encoded/kodim22_1cee58eb1f2d__stripes_16/QP32/baseline/kodim22_1cee58eb1f2d__stripes_16_QP32_baseline_enc.log,8d1760d55c9a0abb1e5a357ac32f3cde5ddcba37994d6c24383084e9c247c385,False
kodim22.png,kodim22_1cee58eb1f2d__stripes_16,stripes,16,,37,93008,30.9135,40.7023,38.9766,34.6769,11626,0.23653157552083334,66.61951989999943,actual_encoder_input,444,results/vtm_content_partition_task2_completion/run/encoded/kodim22_1cee58eb1f2d__stripes_16/QP37/baseline/kodim22_1cee58eb1f2d__stripes_16_QP37_baseline_enc.log,1c2157d711ce031db29ef983ae6dfe688d8aee94721860d7dc7d869617f69f69,False
kodim22.png,kodim22_1cee58eb1f2d__stripes_32,stripes,32,,22,678048,41.8117,47.2107,46.2222,44.4063,84756,1.724365234375,176.98812030000045,actual_encoder_input,444,results/vtm_content_partition_task2_completion/run/encoded/kodim22_1cee58eb1f2d__stripes_32/QP22/baseline/kodim22_1cee58eb1f2d__stripes_32_QP22_baseline_enc.log,4fcd7cf9a186e8716a1779234e005159a56908f8b7b8d5c65d58092cbed41fe0,False
kodim22.png,kodim22_1cee58eb1f2d__stripes_32,stripes,32,,27,405200,37.9652,44.932,43.6929,41.0677,50650,1.0304768880208333,219.81394680000085,actual_encoder_input,444,results/vtm_content_partition_four_qp/encoded/kodim22_1cee58eb1f2d__stripes_32/QP27/baseline/kodim22_1cee58eb1f2d__stripes_32_QP27_baseline_enc.log,79d646f911be930df11d358463b2f01b08530b8361fbd1de7c64797fa5c395bf,True
kodim22.png,kodim22_1cee58eb1f2d__stripes_32,stripes,32,,32,212992,34.1705,42.679,41.1351,37.6637,26624,0.5416666666666666,105.09631359999912,actual_encoder_input,444,results/vtm_content_partition_task2_completion/run/encoded/kodim22_1cee58eb1f2d__stripes_32/QP32/baseline/kodim22_1cee58eb1f2d__stripes_32_QP32_baseline_enc.log,68086bee0e5523815d499b51d25fe749d278f5e5e7b107707b8901e25e33f8da,False
kodim22.png,kodim22_1cee58eb1f2d__stripes_32,stripes,32,,37,97496,30.8917,40.453,38.8376,34.6211,12187,0.24794514973958334,65.95394339999984,actual_encoder_input,444,results/vtm_content_partition_task2_completion/run/encoded/kodim22_1cee58eb1f2d__stripes_32/QP37/baseline/kodim22_1cee58eb1f2d__stripes_32_QP37_baseline_enc.log,85b9109d78aa20b14757ea6f7ac0ad7a1624361bb51f37c6592e078a9bd71898,False
kodim22.png,kodim22_1cee58eb1f2d__stripes_8,stripes,8,,22,654696,41.8404,47.4623,46.3246,44.4894,81837,1.66497802734375,190.83780259999912,actual_encoder_input,444,results/vtm_content_partition_task2_completion/run/encoded/kodim22_1cee58eb1f2d__stripes_8/QP22/baseline/kodim22_1cee58eb1f2d__stripes_8_QP22_baseline_enc.log,50ee39cad38e1517a7e5047d3459d756b959fed72a7e8e12ddb3161c744c1c9b,False
kodim22.png,kodim22_1cee58eb1f2d__stripes_8,stripes,8,,27,388384,38.0247,45.2072,43.8152,41.1675,48548,0.9877115885416666,228.64406820000295,actual_encoder_input,444,results/vtm_content_partition_four_qp/encoded/kodim22_1cee58eb1f2d__stripes_8/QP27/baseline/kodim22_1cee58eb1f2d__stripes_8_QP27_baseline_enc.log,174c32379d8551d5fadf779f30d488564164ea5775c56cb3c38fcbf2cc73463f,True
kodim22.png,kodim22_1cee58eb1f2d__stripes_8,stripes,8,,32,201440,34.2677,42.9745,41.2171,37.7791,25180,0.5122884114583334,110.01788789999773,actual_encoder_input,444,results/vtm_content_partition_task2_completion/run/encoded/kodim22_1cee58eb1f2d__stripes_8/QP32/baseline/kodim22_1cee58eb1f2d__stripes_8_QP32_baseline_enc.log,75949047624d88bedc05183221f57e752165eef47271a7a59b3e2990d8128d70,False
kodim22.png,kodim22_1cee58eb1f2d__stripes_8,stripes,8,,37,89992,30.9583,40.8677,39.0662,34.7372,11249,0.22886149088541666,68.16472870000143,actual_encoder_input,444,results/vtm_content_partition_task2_completion/run/encoded/kodim22_1cee58eb1f2d__stripes_8/QP37/baseline/kodim22_1cee58eb1f2d__stripes_8_QP37_baseline_enc.log,ca045235133016db864dc3b156af3fa9ec52d8b51b614db72c621670ac19a3e8,False
kodim23.png,kodim23_e3111a2fd4da__awgn_15_seed-20260811,awgn,15,20260811,22,1312840,41.3708,48.2355,46.9032,44.423,164105,3.3387247721354165,314.1485185999991,actual_encoder_input,444,results/vtm_content_partition_qp_extension/run/encoded/kodim23_e3111a2fd4da__awgn_15_seed-20260811/QP22/baseline/kodim23_e3111a2fd4da__awgn_15_seed-20260811_QP22_baseline_enc.log,7c9f353a4ab527afd23108f3cff8a687d30f54b9f09aa9dd52a7a6a6ed557623,False
kodim23.png,kodim23_e3111a2fd4da__awgn_15_seed-20260811,awgn,15,20260811,27,924112,36.4125,46.498,44.6735,40.224,115514,2.3501383463541665,301.03901380000025,actual_encoder_input,444,results/vtm_content_partition_four_qp/encoded/kodim23_e3111a2fd4da__awgn_15_seed-20260811/QP27/baseline/kodim23_e3111a2fd4da__awgn_15_seed-20260811_QP27_baseline_enc.log,b3319780a31a44f11b66488bff316623a22d5b3e808ad86c96ce8d7f632e6b07,True
kodim23.png,kodim23_e3111a2fd4da__awgn_15_seed-20260811,awgn,15,20260811,32,564752,31.4046,44.5813,42.5714,35.666,70594,1.4362386067708333,240.71443920000456,actual_encoder_input,444,results/vtm_content_partition_study/run/encoded/kodim23_e3111a2fd4da__awgn_15_seed-20260811/QP32/baseline/kodim23_e3111a2fd4da__awgn_15_seed-20260811_QP32_baseline_enc.log,971db9a809b05b5316035ec1c641bfe482bd2bfe1618de062a6ff927683bb6d4,False
kodim23.png,kodim23_e3111a2fd4da__awgn_15_seed-20260811,awgn,15,20260811,37,114256,25.257,42.3551,40.3425,29.8142,14282,0.2905680338541667,161.95558580000215,actual_encoder_input,444,results/vtm_content_partition_qp_extension/run/encoded/kodim23_e3111a2fd4da__awgn_15_seed-20260811/QP37/baseline/kodim23_e3111a2fd4da__awgn_15_seed-20260811_QP37_baseline_enc.log,64a4d71e79c4b589d44c0bac1d4402e0bb858856363c82401d649fdadedc8800,False
kodim23.png,kodim23_e3111a2fd4da__awgn_30_seed-20260811,awgn,30,20260811,22,1764512,41.2951,45.8142,45.4563,43.6687,220564,4.487386067708333,328.0164020000011,actual_encoder_input,444,results/vtm_content_partition_qp_extension/run/encoded/kodim23_e3111a2fd4da__awgn_30_seed-20260811/QP22/baseline/kodim23_e3111a2fd4da__awgn_30_seed-20260811_QP22_baseline_enc.log,7ad0e10d00a6abed2f8cb475d13898d574b62d67161613ecb108d07ccdc4ae03,False
kodim23.png,kodim23_e3111a2fd4da__awgn_30_seed-20260811,awgn,30,20260811,27,1332592,36.3731,43.177,42.6992,39.5554,166574,3.3889567057291665,346.7346006000007,actual_encoder_input,444,results/vtm_content_partition_four_qp/encoded/kodim23_e3111a2fd4da__awgn_30_seed-20260811/QP27/baseline/kodim23_e3111a2fd4da__awgn_30_seed-20260811_QP27_baseline_enc.log,fb252a2651b123d683606e3c653f703fbd4e03bc771bf11889fa7a4679b2e0c5,True
kodim23.png,kodim23_e3111a2fd4da__awgn_30_seed-20260811,awgn,30,20260811,32,941024,31.4374,41.4609,39.9399,35.2722,117628,2.3931477864583335,271.3697728000043,actual_encoder_input,444,results/vtm_content_partition_study/run/encoded/kodim23_e3111a2fd4da__awgn_30_seed-20260811/QP32/baseline/kodim23_e3111a2fd4da__awgn_30_seed-20260811_QP32_baseline_enc.log,f633a2f81ce556ada56b13e622f82d489afc5d3df2ccd596214854dd47933530,False
kodim23.png,kodim23_e3111a2fd4da__awgn_30_seed-20260811,awgn,30,20260811,37,580632,26.3311,40.0791,38.3304,30.6675,72579,1.47662353515625,222.10708180000074,actual_encoder_input,444,results/vtm_content_partition_qp_extension/run/encoded/kodim23_e3111a2fd4da__awgn_30_seed-20260811/QP37/baseline/kodim23_e3111a2fd4da__awgn_30_seed-20260811_QP37_baseline_enc.log,47b214ec59e8014096ed5df8551a5548b490195318411297b5d1658457a59d42,False
kodim23.png,kodim23_e3111a2fd4da__awgn_5_seed-20260811,awgn,5,20260811,22,734976,41.373,49.4187,47.6281,44.7025,91872,1.869140625,276.8031276999973,actual_encoder_input,444,results/vtm_content_partition_qp_extension/run/encoded/kodim23_e3111a2fd4da__awgn_5_seed-20260811/QP22/baseline/kodim23_e3111a2fd4da__awgn_5_seed-20260811_QP22_baseline_enc.log,1e9a982706fb1258fbfa5aeff0a007f905c6656531ffb87c8ff1a437bc82e8d9,False
kodim23.png,kodim23_e3111a2fd4da__awgn_5_seed-20260811,awgn,5,20260811,27,330368,35.9108,47.5645,45.7628,39.9935,41296,0.8401692708333334,250.4989987000008,actual_encoder_input,444,results/vtm_content_partition_four_qp/encoded/kodim23_e3111a2fd4da__awgn_5_seed-20260811/QP27/baseline/kodim23_e3111a2fd4da__awgn_5_seed-20260811_QP27_baseline_enc.log,101317b3ba87931b6a4eb5a6d13e72e770bb568ea363f3fd01f0d0a1b2126491,True
kodim23.png,kodim23_e3111a2fd4da__awgn_5_seed-20260811,awgn,5,20260811,32,90352,33.0851,45.5122,43.6285,37.2666,11294,0.22977701822916666,122.98584839999967,actual_encoder_input,444,results/vtm_content_partition_study/run/encoded/kodim23_e3111a2fd4da__awgn_5_seed-20260811/QP32/baseline/kodim23_e3111a2fd4da__awgn_5_seed-20260811_QP32_baseline_enc.log,65b84cd58ae3a73423897d2fa147866d82b17e6b0218db74c71b6361fbadf31f,False
kodim23.png,kodim23_e3111a2fd4da__awgn_5_seed-20260811,awgn,5,20260811,37,47696,31.975,43.247,41.2786,35.9834,5962,0.12129720052083333,58.19112789999781,actual_encoder_input,444,results/vtm_content_partition_qp_extension/run/encoded/kodim23_e3111a2fd4da__awgn_5_seed-20260811/QP37/baseline/kodim23_e3111a2fd4da__awgn_5_seed-20260811_QP37_baseline_enc.log,dec4f4a5d3a65f65e243fb3d02b3f4753f8bdfa03e3a0055f44f9855832a66aa,False
kodim23.png,kodim23_e3111a2fd4da__clean_0,clean,0,,22,261336,43.3021,49.6249,47.8287,46.0707,32667,0.66461181640625,166.8649374000015,actual_encoder_input,444,results/vtm_content_partition_study/run/encoded/kodim23_e3111a2fd4da__clean_0/QP22/baseline/kodim23_e3111a2fd4da__clean_0_QP22_baseline_enc.log,5672945f7222f158cd0a6142dfa298552aab496c875389cd66f5a5ceaca7c8e4,False
kodim23.png,kodim23_e3111a2fd4da__clean_0,clean,0,,27,148424,40.9083,47.8147,45.9595,43.8714,18553,0.3774617513020833,108.36411999999837,actual_encoder_input,444,results/vtm_content_partition_study/run/encoded/kodim23_e3111a2fd4da__clean_0/QP27/baseline/kodim23_e3111a2fd4da__clean_0_QP27_baseline_enc.log,1708fc9a8dba22b28d7f78f5bc8ac40128c69b06420e252dba717193151bd728,False
kodim23.png,kodim23_e3111a2fd4da__clean_0,clean,0,,32,84776,38.3225,45.7849,43.8576,41.4533,10597,0.21559651692708334,74.10924130000058,actual_encoder_input,444,results/vtm_content_partition_study/run/encoded/kodim23_e3111a2fd4da__clean_0/QP32/baseline/kodim23_e3111a2fd4da__clean_0_QP32_baseline_enc.log,cb7d0d0ce0e0165bfeb9bb9bc6e8a74b75ced7cf29d859150d6f56b1e3333d4c,False
kodim23.png,kodim23_e3111a2fd4da__clean_0,clean,0,,37,45920,35.5925,43.3005,41.2908,38.7838,5740,0.11678059895833333,42.195073499999125,actual_encoder_input,444,results/vtm_content_partition_study/run/encoded/kodim23_e3111a2fd4da__clean_0/QP37/baseline/kodim23_e3111a2fd4da__clean_0_QP37_baseline_enc.log,5b0f78147fdd2fe569067d34eb83f75cac56c96d79830d00a7a58aec9a6261ac,False
kodim23.png,kodim23_e3111a2fd4da__stripes_16,stripes,16,,22,290320,43.2381,49.5612,47.7067,45.9938,36290,0.7383219401041666,178.05841650000366,actual_encoder_input,444,results/vtm_content_partition_qp_extension/run/encoded/kodim23_e3111a2fd4da__stripes_16/QP22/baseline/kodim23_e3111a2fd4da__stripes_16_QP22_baseline_enc.log,1e2eceae4e82645876b8b22ef9970a9acc7ab03adad45de42a3b7bb060c329e2,False
kodim23.png,kodim23_e3111a2fd4da__stripes_16,stripes,16,,27,167480,40.773,47.6218,45.7098,43.7045,20935,0.4259236653645833,136.44341639999766,actual_encoder_input,444,results/vtm_content_partition_four_qp/encoded/kodim23_e3111a2fd4da__stripes_16/QP27/baseline/kodim23_e3111a2fd4da__stripes_16_QP27_baseline_enc.log,6702cfe4b7ac874d8c80362182b105d9521c5ea3aa20e8486f5f59bb5c0d4386,True
kodim23.png,kodim23_e3111a2fd4da__stripes_16,stripes,16,,32,97480,38.1447,45.5212,43.5081,41.2315,12185,0.24790445963541666,79.78577740000037,actual_encoder_input,444,results/vtm_content_partition_study/run/encoded/kodim23_e3111a2fd4da__stripes_16/QP32/baseline/kodim23_e3111a2fd4da__stripes_16_QP32_baseline_enc.log,ca9cc7b028114c19b4ef5108657ee021ee78667cc2fe9dfcdb93cc30f7fa24a5,False
kodim23.png,kodim23_e3111a2fd4da__stripes_16,stripes,16,,37,53936,35.285,43.0206,40.9769,38.4783,6742,0.13716634114583334,50.0222047999996,actual_encoder_input,444,results/vtm_content_partition_qp_extension/run/encoded/kodim23_e3111a2fd4da__stripes_16/QP37/baseline/kodim23_e3111a2fd4da__stripes_16_QP37_baseline_enc.log,de7491d68d1c4a633b1f314b732610c27f10e109702b52bd223e85a13a822247,False
kodim23.png,kodim23_e3111a2fd4da__stripes_32,stripes,32,,22,303568,43.2161,49.3169,47.5279,45.903,37946,0.7720133463541666,173.18678840000211,actual_encoder_input,444,results/vtm_content_partition_qp_extension/run/encoded/kodim23_e3111a2fd4da__stripes_32/QP22/baseline/kodim23_e3111a2fd4da__stripes_32_QP22_baseline_enc.log,38af20b17b26c203b4697a919be8024f8df951eccd8c7710ce8c771d466473a1,False
kodim23.png,kodim23_e3111a2fd4da__stripes_32,stripes,32,,27,177944,40.7193,47.4867,45.4864,43.6036,22243,0.4525349934895833,137.71498480000082,actual_encoder_input,444,results/vtm_content_partition_four_qp/encoded/kodim23_e3111a2fd4da__stripes_32/QP27/baseline/kodim23_e3111a2fd4da__stripes_32_QP27_baseline_enc.log,203bd9d4c619e694a833844eb80b3513016c2bc7e01224939b934db7655a5095,True
kodim23.png,kodim23_e3111a2fd4da__stripes_32,stripes,32,,32,103160,38.031,45.2685,43.1876,41.0589,12895,0.2623494466145833,83.52749200000108,actual_encoder_input,444,results/vtm_content_partition_study/run/encoded/kodim23_e3111a2fd4da__stripes_32/QP32/baseline/kodim23_e3111a2fd4da__stripes_32_QP32_baseline_enc.log,ff58a508b30c00d7a11d8d7c2e4447fb245cf00777340065021b71a6af803abd,False
kodim23.png,kodim23_e3111a2fd4da__stripes_32,stripes,32,,37,57000,35.1662,42.7703,40.646,38.3035,7125,0.14495849609375,49.91573359999893,actual_encoder_input,444,results/vtm_content_partition_qp_extension/run/encoded/kodim23_e3111a2fd4da__stripes_32/QP37/baseline/kodim23_e3111a2fd4da__stripes_32_QP37_baseline_enc.log,b7c86ea895e434c61026235609a8622493435e4042a632a55c4ad2a2f53f31f7,False
kodim23.png,kodim23_e3111a2fd4da__stripes_8,stripes,8,,22,279248,43.1924,49.5707,47.7506,45.9761,34906,0.7101643880208334,181.7155391999986,actual_encoder_input,444,results/vtm_content_partition_qp_extension/run/encoded/kodim23_e3111a2fd4da__stripes_8/QP22/baseline/kodim23_e3111a2fd4da__stripes_8_QP22_baseline_enc.log,86f1dc1909a0f0c0be0fa29cc8f35db6d971f333ef3a69f9cf91c68ad03f680f,False
kodim23.png,kodim23_e3111a2fd4da__stripes_8,stripes,8,,27,160696,40.7683,47.7324,45.8324,43.7417,20087,0.4086710611979167,135.67483180000272,actual_encoder_input,444,results/vtm_content_partition_four_qp/encoded/kodim23_e3111a2fd4da__stripes_8/QP27/baseline/kodim23_e3111a2fd4da__stripes_8_QP27_baseline_enc.log,690260799663634ff6035098828ffdfaad5c44bff460d2efbe5b8a6f45508293,True
kodim23.png,kodim23_e3111a2fd4da__stripes_8,stripes,8,,32,91576,38.0876,45.6049,43.677,41.2355,11447,0.23288981119791666,81.52921090000018,actual_encoder_input,444,results/vtm_content_partition_study/run/encoded/kodim23_e3111a2fd4da__stripes_8/QP32/baseline/kodim23_e3111a2fd4da__stripes_8_QP32_baseline_enc.log,bed57d2932c55ce4d104dceb8f7f6bf46f0224983819aa1235be839819b4831f,False
kodim23.png,kodim23_e3111a2fd4da__stripes_8,stripes,8,,37,51120,35.3757,43.1796,41.1838,38.5985,6390,0.1300048828125,47.21218589999626,actual_encoder_input,444,results/vtm_content_partition_qp_extension/run/encoded/kodim23_e3111a2fd4da__stripes_8/QP37/baseline/kodim23_e3111a2fd4da__stripes_8_QP37_baseline_enc.log,312cc1d368c2ff91699213e74b245d4aadb870cb68f77e7124a962f04079de16,False
kodim24.png,kodim24_1071c68372cc__awgn_15_seed-20260811,awgn,15,20260811,22,1462696,41.4757,47.0339,46.6914,44.2631,182837,3.7198282877604165,228.91916019999917,actual_encoder_input,444,results/vtm_content_partition_task2_completion/run/encoded/kodim24_1071c68372cc__awgn_15_seed-20260811/QP22/baseline/kodim24_1071c68372cc__awgn_15_seed-20260811_QP22_baseline_enc.log,bd4e9a7b5cc8393498a4209feb93783f43073ea3c38bc34341b3862ed2c8707a,False
kodim24.png,kodim24_1071c68372cc__awgn_15_seed-20260811,awgn,15,20260811,27,1052264,36.5422,44.208,44.2608,40.0415,131533,2.6760457356770835,317.6961556999995,actual_encoder_input,444,results/vtm_content_partition_four_qp/encoded/kodim24_1071c68372cc__awgn_15_seed-20260811/QP27/baseline/kodim24_1071c68372cc__awgn_15_seed-20260811_QP27_baseline_enc.log,3b3d867ea9cd4c3aed1d48d469004751a91edfa6a09ceef26d3feece947629b0,True
kodim24.png,kodim24_1071c68372cc__awgn_15_seed-20260811,awgn,15,20260811,32,670720,31.4887,41.1812,41.6682,35.4562,83840,1.7057291666666667,181.27655470000172,actual_encoder_input,444,results/vtm_content_partition_task2_completion/run/encoded/kodim24_1071c68372cc__awgn_15_seed-20260811/QP32/baseline/kodim24_1071c68372cc__awgn_15_seed-20260811_QP32_baseline_enc.log,ddf1cf53f01b2c348def8eb0e1ca7053e0256686ab741867d737cd1893c9900a,False
kodim24.png,kodim24_1071c68372cc__awgn_15_seed-20260811,awgn,15,20260811,37,264776,25.8396,39.412,39.5873,30.252,33097,0.6733601888020834,139.72933390000253,actual_encoder_input,444,results/vtm_content_partition_task2_completion/run/encoded/kodim24_1071c68372cc__awgn_15_seed-20260811/QP37/baseline/kodim24_1071c68372cc__awgn_15_seed-20260811_QP37_baseline_enc.log,35865b394ed2e0e5ae8fa95f792f10abfd861a33052784d6742bcb2ffe852daa,False
kodim24.png,kodim24_1071c68372cc__awgn_30_seed-20260811,awgn,30,20260811,22,1791816,41.4208,46.2051,46.0994,43.9575,223977,4.55682373046875,239.01280290000068,actual_encoder_input,444,results/vtm_content_partition_task2_completion/run/encoded/kodim24_1071c68372cc__awgn_30_seed-20260811/QP22/baseline/kodim24_1071c68372cc__awgn_30_seed-20260811_QP22_baseline_enc.log,1dd64f2a9807562ec778457a2ff3a25c5eab74a820ffd692b40ae56cd5b13583,False
kodim24.png,kodim24_1071c68372cc__awgn_30_seed-20260811,awgn,30,20260811,27,1379976,36.5163,43.551,43.7579,39.8678,172497,3.50946044921875,341.52668800000174,actual_encoder_input,444,results/vtm_content_partition_four_qp/encoded/kodim24_1071c68372cc__awgn_30_seed-20260811/QP27/baseline/kodim24_1071c68372cc__awgn_30_seed-20260811_QP27_baseline_enc.log,9c7c07d3e854658552c9c7ff25505f3f2307e3d1b86cc0bbe3b09225d8fcf253,True
kodim24.png,kodim24_1071c68372cc__awgn_30_seed-20260811,awgn,30,20260811,32,989352,31.5578,40.7235,41.1883,35.4297,123669,2.51605224609375,195.20363179999913,actual_encoder_input,444,results/vtm_content_partition_task2_completion/run/encoded/kodim24_1071c68372cc__awgn_30_seed-20260811/QP32/baseline/kodim24_1071c68372cc__awgn_30_seed-20260811_QP32_baseline_enc.log,58188fe5b445ffd760949ed246927d520e8518ea8d7406e2531f34cace23d30f,False
kodim24.png,kodim24_1071c68372cc__awgn_30_seed-20260811,awgn,30,20260811,37,625488,26.4409,38.7583,39.0456,30.7451,78186,1.5906982421875,168.22684590000063,actual_encoder_input,444,results/vtm_content_partition_task2_completion/run/encoded/kodim24_1071c68372cc__awgn_30_seed-20260811/QP37/baseline/kodim24_1071c68372cc__awgn_30_seed-20260811_QP37_baseline_enc.log,e91094c98f9cd4064ff8a22a70c6e24cf0171268d0882e474f7c060cf83c6f30,False
kodim24.png,kodim24_1071c68372cc__awgn_5_seed-20260811,awgn,5,20260811,22,1044216,41.4937,47.1381,46.7763,44.3089,130527,2.65557861328125,216.03517510000165,actual_encoder_input,444,results/vtm_content_partition_task2_completion/run/encoded/kodim24_1071c68372cc__awgn_5_seed-20260811/QP22/baseline/kodim24_1071c68372cc__awgn_5_seed-20260811_QP22_baseline_enc.log,bc24f6a0f266cbb4e4d4973ffd2d9780f414ffba0a11480cb2a64bacec6658ae,False
kodim24.png,kodim24_1071c68372cc__awgn_5_seed-20260811,awgn,5,20260811,27,613568,36.1317,44.5357,44.611,39.8094,76696,1.5603841145833333,284.72967810000046,actual_encoder_input,444,results/vtm_content_partition_four_qp/encoded/kodim24_1071c68372cc__awgn_5_seed-20260811/QP27/baseline/kodim24_1071c68372cc__awgn_5_seed-20260811_QP27_baseline_enc.log,d0fe1aa0499667d7f1cf2f45e0361da560cd8b81211f8597d1d9a493e212ad31,True
kodim24.png,kodim24_1071c68372cc__awgn_5_seed-20260811,awgn,5,20260811,32,299736,32.2608,41.5766,42.0765,36.1634,37467,0.76226806640625,134.36631080000006,actual_encoder_input,444,results/vtm_content_partition_task2_completion/run/encoded/kodim24_1071c68372cc__awgn_5_seed-20260811/QP32/baseline/kodim24_1071c68372cc__awgn_5_seed-20260811_QP32_baseline_enc.log,4b83b13dae60ad2208f1b52a2371d3b219ce1cc09ddddc9e2d67b99fd1105165,False
kodim24.png,kodim24_1071c68372cc__awgn_5_seed-20260811,awgn,5,20260811,37,151768,29.3266,39.6252,39.7528,33.3643,18971,0.3859659830729167,89.32817919999798,actual_encoder_input,444,results/vtm_content_partition_task2_completion/run/encoded/kodim24_1071c68372cc__awgn_5_seed-20260811/QP37/baseline/kodim24_1071c68372cc__awgn_5_seed-20260811_QP37_baseline_enc.log,8c9d4d17d9b8996b7c3a4ac107d39e297a8ce44bc02c418d2c05e64d0e9a0911,False
kodim24.png,kodim24_1071c68372cc__clean_0,clean,0,,22,741176,42.5366,47.4012,46.9625,45.0362,92647,1.8849080403645833,238.6529284999997,actual_encoder_input,444,results/vtm_content_partition_study/run/encoded/kodim24_1071c68372cc__clean_0/QP22/baseline/kodim24_1071c68372cc__clean_0_QP22_baseline_enc.log,0ead7dcd380db3e5ed746d7480f6974675af3b670f636912f9cea431fbd1feb2,False
kodim24.png,kodim24_1071c68372cc__clean_0,clean,0,,27,478152,38.4627,44.6489,44.6561,41.5286,59769,1.21600341796875,196.55296029999954,actual_encoder_input,444,results/vtm_content_partition_study/run/encoded/kodim24_1071c68372cc__clean_0/QP27/baseline/kodim24_1071c68372cc__clean_0_QP27_baseline_enc.log,b4c3cf8fb37312fca9141ec9598bb2fb92dd4aa91c98f01dd776dd7b2d7d087e,False
kodim24.png,kodim24_1071c68372cc__clean_0,clean,0,,32,279616,34.3422,41.6799,42.0866,37.8014,34952,0.7111002604166666,156.1907613000003,actual_encoder_input,444,results/vtm_content_partition_study/run/encoded/kodim24_1071c68372cc__clean_0/QP32/baseline/kodim24_1071c68372cc__clean_0_QP32_baseline_enc.log,6cd376f8977251c0282494f497febcf031ec605781d2ed72d3585255d94f686b,False
kodim24.png,kodim24_1071c68372cc__clean_0,clean,0,,37,147744,30.535,39.649,39.7883,34.3671,18468,0.375732421875,106.76887329999954,actual_encoder_input,444,results/vtm_content_partition_study/run/encoded/kodim24_1071c68372cc__clean_0/QP37/baseline/kodim24_1071c68372cc__clean_0_QP37_baseline_enc.log,cb61660a56ff46f2f81b95d57ac93eeba09544e432ef080ab2421d54ad0040d0,False
kodim24.png,kodim24_1071c68372cc__stripes_16,stripes,16,,22,780880,42.4025,47.33,46.9175,44.9332,97610,1.9858805338541667,187.34327829999893,actual_encoder_input,444,results/vtm_content_partition_task2_completion/run/encoded/kodim24_1071c68372cc__stripes_16/QP22/baseline/kodim24_1071c68372cc__stripes_16_QP22_baseline_enc.log,7d3aef21f0044c834c3ae48490724ca872c7901dc8cbba5fee55a178c88ca8e0,False
kodim24.png,kodim24_1071c68372cc__stripes_16,stripes,16,,27,505480,38.2476,44.5588,44.542,41.3499,63185,1.2855021158854167,204.37513119999858,actual_encoder_input,444,results/vtm_content_partition_four_qp/encoded/kodim24_1071c68372cc__stripes_16/QP27/baseline/kodim24_1071c68372cc__stripes_16_QP27_baseline_enc.log,83d0f43496c72c75ff274cf646bba641a92fda7fd1b8149f09ec0414b97ac949,True
kodim24.png,kodim24_1071c68372cc__stripes_16,stripes,16,,32,297888,34.1756,41.4188,42.0145,37.6334,37236,0.757568359375,122.8217756999984,actual_encoder_input,444,results/vtm_content_partition_task2_completion/run/encoded/kodim24_1071c68372cc__stripes_16/QP32/baseline/kodim24_1071c68372cc__stripes_16_QP32_baseline_enc.log,cb57983d96029e0dae42fe1a339c3d83e74c90ea27c4ff6497476400cebcb413,False
kodim24.png,kodim24_1071c68372cc__stripes_16,stripes,16,,37,157560,30.3077,39.5322,39.7166,34.1653,19695,0.40069580078125,83.81956730000093,actual_encoder_input,444,results/vtm_content_partition_task2_completion/run/encoded/kodim24_1071c68372cc__stripes_16/QP37/baseline/kodim24_1071c68372cc__stripes_16_QP37_baseline_enc.log,1826a8c2eb6772e1be27fa5e208cae5f07c6ea8288201691aac10d4f509bc4a9,False
kodim24.png,kodim24_1071c68372cc__stripes_32,stripes,32,,22,804744,42.3391,47.2445,46.8502,44.8647,100593,2.04656982421875,180.17189750000034,actual_encoder_input,444,results/vtm_content_partition_task2_completion/run/encoded/kodim24_1071c68372cc__stripes_32/QP22/baseline/kodim24_1071c68372cc__stripes_32_QP22_baseline_enc.log,713ff8e5943e0b77095c4029678d45b0ddab5e2bfcdcb4a4604e6f472e956ab4,False
kodim24.png,kodim24_1071c68372cc__stripes_32,stripes,32,,27,522104,38.1546,44.3952,44.507,41.2548,65263,1.3277791341145833,205.37531269999818,actual_encoder_input,444,results/vtm_content_partition_four_qp/encoded/kodim24_1071c68372cc__stripes_32/QP27/baseline/kodim24_1071c68372cc__stripes_32_QP27_baseline_enc.log,9bee99dea2142545c368ac1bcdbb2364e0536aa2195e8e92d3a62947646fadf4,True
kodim24.png,kodim24_1071c68372cc__stripes_32,stripes,32,,32,306544,34.0563,41.2935,41.819,37.5039,38318,0.7795817057291666,119.00268610000057,actual_encoder_input,444,results/vtm_content_partition_task2_completion/run/encoded/kodim24_1071c68372cc__stripes_32/QP32/baseline/kodim24_1071c68372cc__stripes_32_QP32_baseline_enc.log,5126a9ed46265db40fc3983b3bebacfe4f4e99e289fb1e8c6e34ce7367365fee,False
kodim24.png,kodim24_1071c68372cc__stripes_32,stripes,32,,37,160664,30.1384,39.2646,39.5543,33.987,20083,0.4085896809895833,79.70641199999955,actual_encoder_input,444,results/vtm_content_partition_task2_completion/run/encoded/kodim24_1071c68372cc__stripes_32/QP37/baseline/kodim24_1071c68372cc__stripes_32_QP37_baseline_enc.log,27bfd4648203a23f8cbff4b6e21979874aa8604ee5a8b989f2b1e60c1565b914,False
kodim24.png,kodim24_1071c68372cc__stripes_8,stripes,8,,22,767552,42.4561,47.3699,46.9363,44.9768,95944,1.9519856770833333,184.41399589999855,actual_encoder_input,444,results/vtm_content_partition_task2_completion/run/encoded/kodim24_1071c68372cc__stripes_8/QP22/baseline/kodim24_1071c68372cc__stripes_8_QP22_baseline_enc.log,81388f33c2ae90cba6a3cf2df8d3c95c50d603d825ec4c96c575f9c8c63d8011,False
kodim24.png,kodim24_1071c68372cc__stripes_8,stripes,8,,27,494104,38.3212,44.5501,44.6373,41.4138,61763,1.2565714518229167,199.232613199998,actual_encoder_input,444,results/vtm_content_partition_four_qp/encoded/kodim24_1071c68372cc__stripes_8/QP27/baseline/kodim24_1071c68372cc__stripes_8_QP27_baseline_enc.log,ec99a69ebb3b30ec0d7ae06c8764860dc0366a7101cffd6cf36240248b848a65,True
kodim24.png,kodim24_1071c68372cc__stripes_8,stripes,8,,32,289800,34.2507,41.5315,41.9832,37.7007,36225,0.73699951171875,119.97367909999957,actual_encoder_input,444,results/vtm_content_partition_task2_completion/run/encoded/kodim24_1071c68372cc__stripes_8/QP32/baseline/kodim24_1071c68372cc__stripes_8_QP32_baseline_enc.log,44b11f16ebb60597eb144b5f60f7ec15cc7ba44c0c5241e065124201f897a833,False
kodim24.png,kodim24_1071c68372cc__stripes_8,stripes,8,,37,152896,30.4046,39.5616,39.8307,34.2572,19112,0.3888346354166667,80.0840563999991,actual_encoder_input,444,results/vtm_content_partition_task2_completion/run/encoded/kodim24_1071c68372cc__stripes_8/QP37/baseline/kodim24_1071c68372cc__stripes_8_QP37_baseline_enc.log,17927ad07529b225869c59355ef3a49dc09fe957b7a96c051b43e2ed716ea77e,False
