QP,Bitstream (bytes),Compression Ratio,bpp,Bitrate (kbps),PSNR-Y,PSNR-U,PSNR-V,SSIM,XPSNR-Y,VMAF,MSSSIM-Luma,FSIM-Luma,HaarPSI-Luma,PSNR-HVS-M,PSNR-RGB,MSSSIM-RGB
22,75457.58333333333,9.180530675293133,1.535188462999132,603.6606666666668,44.86565416666667,49.514475000000004,49.64997499999999,0.985977,48.709841666666655,96.49411287500003,0.999865252459052,0.992095963563186,0.995622085093241,41.92451273865213,42.04392825354343,0.9995565733316568
27,47731.791666666664,15.238374384420089,0.9711057874891496,381.85433333333344,41.1547625,47.04282499999999,46.881212500000004,0.9752104166666665,45.250504166666666,95.08201570833334,0.9996596183041159,0.9813573098890681,0.9887499126790812,38.43097822840927,39.07755945080353,0.9990505212542486
32,28119.541666666668,27.00231067028579,0.5720935397677952,224.9563333333333,37.51209166666666,44.85248333333334,44.5601125,0.9555429999999997,41.7694625,92.19828162499999,0.999120710899921,0.9573467989132523,0.9724115583837021,34.92948520584286,36.005864696357705,0.9980188945514389
37,14712.375,53.595791246761564,0.29932403564453125,117.69900000000001,34.07895833333333,42.52375416666667,42.1308,0.9202108333333335,38.4775,85.78592929166668,0.9977609354386047,0.9092862827897997,0.9398250341894153,31.621861158302213,32.90606884786879,0.9957381405637582
