omitted_source,distortion,level,seed,qp,feature,primary,n_images,family,reference_index,cell_index,raw_rho_difference,oriented_difference
kodim01.png,awgn,5,20260811,22,sobel_si,True,23,RQ2,216,0,0.09090909090909083,0.09090909090909083
kodim01.png,awgn,5,20260811,22,luma_sd,True,23,RQ2,217,1,-0.022727272727272693,-0.022727272727272693
kodim01.png,awgn,5,20260811,22,edge_fraction,True,23,RQ2,218,2,0.0454545454545453,0.0454545454545453
kodim01.png,awgn,5,20260811,22,glcm_contrast,True,23,RQ2,219,3,0.11264822134387364,0.11264822134387364
kodim01.png,awgn,5,20260811,22,glcm_entropy,True,23,RQ2,220,4,-0.029644268774703386,-0.029644268774703386
kodim01.png,awgn,5,20260811,22,glcm_homogeneity,True,23,RQ2,221,5,-0.021739130434782372,0.021739130434782372
kodim01.png,awgn,5,20260811,27,sobel_si,True,23,RQ2,222,6,-0.00924779331361758,-0.00924779331361758
kodim01.png,awgn,5,20260811,27,luma_sd,True,23,RQ2,223,7,-0.0676666240133057,-0.0676666240133057
kodim01.png,awgn,5,20260811,27,edge_fraction,True,23,RQ2,224,8,0.02243820478557723,0.02243820478557723
kodim01.png,awgn,5,20260811,27,glcm_contrast,True,23,RQ2,225,9,0.0639103890618774,0.0639103890618774
kodim01.png,awgn,5,20260811,27,glcm_entropy,True,23,RQ2,226,10,-0.032944160983821136,-0.032944160983821136
kodim01.png,awgn,5,20260811,27,glcm_homogeneity,True,23,RQ2,227,11,-0.0016630411611519014,0.0016630411611519014
kodim01.png,awgn,5,20260811,32,sobel_si,True,23,RQ2,228,12,0.008893280632411127,0.008893280632411127
kodim01.png,awgn,5,20260811,32,luma_sd,True,23,RQ2,229,13,0.0009881422924901406,0.0009881422924901406
kodim01.png,awgn,5,20260811,32,edge_fraction,True,23,RQ2,230,14,0.009881422924901018,0.009881422924901018
kodim01.png,awgn,5,20260811,32,glcm_contrast,True,23,RQ2,231,15,0.022727272727272707,0.022727272727272707
kodim01.png,awgn,5,20260811,32,glcm_entropy,True,23,RQ2,232,16,-0.03952569169960485,-0.03952569169960485
kodim01.png,awgn,5,20260811,32,glcm_homogeneity,True,23,RQ2,233,17,0.0039525691699605625,-0.0039525691699605625
kodim01.png,awgn,5,20260811,37,sobel_si,True,23,RQ2,234,18,0.005928853754940677,0.005928853754940677
kodim01.png,awgn,5,20260811,37,luma_sd,True,23,RQ2,235,19,0.006916996047430818,0.006916996047430818
kodim01.png,awgn,5,20260811,37,edge_fraction,True,23,RQ2,236,20,-0.01284584980237169,-0.01284584980237169
kodim01.png,awgn,5,20260811,37,glcm_contrast,True,23,RQ2,237,21,0.007905138339920792,0.007905138339920792
kodim01.png,awgn,5,20260811,37,glcm_entropy,True,23,RQ2,238,22,-0.03359683794466406,-0.03359683794466406
kodim01.png,awgn,5,20260811,37,glcm_homogeneity,True,23,RQ2,239,23,0.007905138339920792,-0.007905138339920792
kodim01.png,awgn,15,20260811,22,sobel_si,True,23,RQ2,216,72,0.32431457625575677,0.32431457625575677
kodim01.png,awgn,15,20260811,22,luma_sd,True,23,RQ2,217,73,0.40823267949028363,0.40823267949028363
kodim01.png,awgn,15,20260811,22,edge_fraction,True,23,RQ2,218,74,-0.03687450824596272,-0.03687450824596272
kodim01.png,awgn,15,20260811,22,glcm_contrast,True,23,RQ2,219,75,0.04412947264967282,0.04412947264967282
kodim01.png,awgn,15,20260811,22,glcm_entropy,True,23,RQ2,220,76,-0.13377032754903911,-0.13377032754903911
kodim01.png,awgn,15,20260811,22,glcm_homogeneity,True,23,RQ2,221,77,0.04776702796154064,-0.04776702796154064
kodim01.png,awgn,15,20260811,27,sobel_si,True,23,RQ2,222,78,0.23814229249011853,0.23814229249011853
kodim01.png,awgn,15,20260811,27,luma_sd,True,23,RQ2,223,79,0.30830039525691705,0.30830039525691705
kodim01.png,awgn,15,20260811,27,edge_fraction,True,23,RQ2,224,80,-0.03162055335968372,-0.03162055335968372
kodim01.png,awgn,15,20260811,27,glcm_contrast,True,23,RQ2,225,81,0.049407114624505866,0.049407114624505866
kodim01.png,awgn,15,20260811,27,glcm_entropy,True,23,RQ2,226,82,-0.1620553359683793,-0.1620553359683793
kodim01.png,awgn,15,20260811,27,glcm_homogeneity,True,23,RQ2,227,83,0.04347826086956519,-0.04347826086956519
kodim01.png,awgn,15,20260811,32,sobel_si,True,23,RQ2,228,84,0.1333992094861658,0.1333992094861658
kodim01.png,awgn,15,20260811,32,luma_sd,True,23,RQ2,229,85,0.09980237154150193,0.09980237154150193
kodim01.png,awgn,15,20260811,32,edge_fraction,True,23,RQ2,230,86,-0.02371541501976293,-0.02371541501976293
kodim01.png,awgn,15,20260811,32,glcm_contrast,True,23,RQ2,231,87,0.030632411067193832,0.030632411067193832
kodim01.png,awgn,15,20260811,32,glcm_entropy,True,23,RQ2,232,88,-0.17490118577075098,-0.17490118577075098
kodim01.png,awgn,15,20260811,32,glcm_homogeneity,True,23,RQ2,233,89,0.01976284584980237,-0.01976284584980237
kodim01.png,awgn,15,20260811,37,sobel_si,True,23,RQ2,234,90,-0.07213438735177857,-0.07213438735177857
kodim01.png,awgn,15,20260811,37,luma_sd,True,23,RQ2,235,91,-0.1511857707509881,-0.1511857707509881
kodim01.png,awgn,15,20260811,37,edge_fraction,True,23,RQ2,236,92,0.0009881422924901129,0.0009881422924901129
kodim01.png,awgn,15,20260811,37,glcm_contrast,True,23,RQ2,237,93,-0.0029644268774703386,-0.0029644268774703386
kodim01.png,awgn,15,20260811,37,glcm_entropy,True,23,RQ2,238,94,-0.2509881422924902,-0.2509881422924902
kodim01.png,awgn,15,20260811,37,glcm_homogeneity,True,23,RQ2,239,95,0.02075098814229248,-0.02075098814229248
kodim01.png,awgn,30,20260811,22,sobel_si,True,23,RQ2,216,144,0.24820881658124772,0.24820881658124772
kodim01.png,awgn,30,20260811,22,luma_sd,True,23,RQ2,217,145,0.5891074070284024,0.5891074070284024
kodim01.png,awgn,30,20260811,22,edge_fraction,True,23,RQ2,218,146,-0.48263681491094407,-0.48263681491094407
kodim01.png,awgn,30,20260811,22,glcm_contrast,True,23,RQ2,219,147,-0.2756135566321929,-0.2756135566321929
kodim01.png,awgn,30,20260811,22,glcm_entropy,True,23,RQ2,220,148,-0.46982173390401405,-0.46982173390401405
kodim01.png,awgn,30,20260811,22,glcm_homogeneity,True,23,RQ2,221,149,0.8024001125263149,-0.8024001125263149
kodim01.png,awgn,30,20260811,27,sobel_si,True,23,RQ2,222,150,0.17490118577075076,0.17490118577075076
kodim01.png,awgn,30,20260811,27,luma_sd,True,23,RQ2,223,151,0.4110671936758893,0.4110671936758893
kodim01.png,awgn,30,20260811,27,edge_fraction,True,23,RQ2,224,152,-0.35375494071146235,-0.35375494071146235
kodim01.png,awgn,30,20260811,27,glcm_contrast,True,23,RQ2,225,153,-0.19861660079051396,-0.19861660079051396
kodim01.png,awgn,30,20260811,27,glcm_entropy,True,23,RQ2,226,154,-0.4624505928853754,-0.4624505928853754
kodim01.png,awgn,30,20260811,27,glcm_homogeneity,True,23,RQ2,227,155,0.6739130434782609,-0.6739130434782609
kodim01.png,awgn,30,20260811,32,sobel_si,True,23,RQ2,228,156,0.10573122529644252,0.10573122529644252
kodim01.png,awgn,30,20260811,32,luma_sd,True,23,RQ2,229,157,0.3903162055335968,0.3903162055335968
kodim01.png,awgn,30,20260811,32,edge_fraction,True,23,RQ2,230,158,-0.40711462450592895,-0.40711462450592895
kodim01.png,awgn,30,20260811,32,glcm_contrast,True,23,RQ2,231,159,-0.2658102766798419,-0.2658102766798419
kodim01.png,awgn,30,20260811,32,glcm_entropy,True,23,RQ2,232,160,-0.4397233201581028,-0.4397233201581028
kodim01.png,awgn,30,20260811,32,glcm_homogeneity,True,23,RQ2,233,161,0.7658102766798418,-0.7658102766798418
kodim01.png,awgn,30,20260811,37,sobel_si,True,23,RQ2,234,162,-0.05731225296442688,-0.05731225296442688
kodim01.png,awgn,30,20260811,37,luma_sd,True,23,RQ2,235,163,0.06126482213438733,0.06126482213438733
kodim01.png,awgn,30,20260811,37,edge_fraction,True,23,RQ2,236,164,-0.26976284584980237,-0.26976284584980237
kodim01.png,awgn,30,20260811,37,glcm_contrast,True,23,RQ2,237,165,-0.2203557312252965,-0.2203557312252965
kodim01.png,awgn,30,20260811,37,glcm_entropy,True,23,RQ2,238,166,-0.41600790513833996,-0.41600790513833996
kodim01.png,awgn,30,20260811,37,glcm_homogeneity,True,23,RQ2,239,167,0.6205533596837943,-0.6205533596837943
kodim01.png,clean,0,,22,luma_sd,True,23,RQ1,216,217,-0.3833992094861661,-0.3833992094861661
kodim01.png,clean,0,,22,edge_fraction,True,23,RQ1,216,218,0.26778656126482203,0.26778656126482203
kodim01.png,clean,0,,22,glcm_contrast,True,23,RQ1,216,219,0.09090909090909072,0.09090909090909072
kodim01.png,clean,0,,22,glcm_entropy,True,23,RQ1,216,220,0.13043478260869545,0.13043478260869545
kodim01.png,clean,0,,22,glcm_homogeneity,True,23,RQ1,216,221,-1.1877470355731226,0.18577075098814222
kodim01.png,clean,0,,27,luma_sd,True,23,RQ1,222,223,-0.42094861660079064,-0.42094861660079064
kodim01.png,clean,0,,27,edge_fraction,True,23,RQ1,222,224,0.23320158102766775,0.23320158102766775
kodim01.png,clean,0,,27,glcm_contrast,True,23,RQ1,222,225,0.07114624505928846,0.07114624505928846
kodim01.png,clean,0,,27,glcm_entropy,True,23,RQ1,222,226,0.10079051383399185,0.10079051383399185
kodim01.png,clean,0,,27,glcm_homogeneity,True,23,RQ1,222,227,-1.3043478260869565,0.1561264822134386
kodim01.png,clean,0,,32,luma_sd,True,23,RQ1,228,229,-0.4624505928853756,-0.4624505928853756
kodim01.png,clean,0,,32,edge_fraction,True,23,RQ1,228,230,0.17786561264822132,0.17786561264822132
kodim01.png,clean,0,,32,glcm_contrast,True,23,RQ1,228,231,0.06225296442687733,0.06225296442687733
kodim01.png,clean,0,,32,glcm_entropy,True,23,RQ1,228,232,0.03458498023715406,0.03458498023715406
kodim01.png,clean,0,,32,glcm_homogeneity,True,23,RQ1,228,233,-1.4614624505928853,0.10968379446640297
kodim01.png,clean,0,,37,luma_sd,True,23,RQ1,234,235,-0.515810276679842,-0.515810276679842
kodim01.png,clean,0,,37,edge_fraction,True,23,RQ1,234,236,0.12944664031620545,0.12944664031620545
kodim01.png,clean,0,,37,glcm_contrast,True,23,RQ1,234,237,0.05434782608695654,0.05434782608695654
kodim01.png,clean,0,,37,glcm_entropy,True,23,RQ1,234,238,-0.02075098814229248,-0.02075098814229248
kodim01.png,clean,0,,37,glcm_homogeneity,True,23,RQ1,234,239,-1.5820158102766797,0.06422924901185756
kodim01.png,stripes,8,,22,sobel_si,True,23,RQ2,216,240,0.059288537549406994,0.059288537549406994
kodim01.png,stripes,8,,22,luma_sd,True,23,RQ2,217,241,0.016798418972331988,0.016798418972331988
kodim01.png,stripes,8,,22,edge_fraction,True,23,RQ2,218,242,0.03754940711462451,0.03754940711462451
kodim01.png,stripes,8,,22,glcm_contrast,True,23,RQ2,219,243,0.03063241106719372,0.03063241106719372
kodim01.png,stripes,8,,22,glcm_entropy,True,23,RQ2,220,244,0.007905138339921125,0.007905138339921125
kodim01.png,stripes,8,,22,glcm_homogeneity,True,23,RQ2,221,245,-0.004940711462450564,0.004940711462450564
kodim01.png,stripes,8,,27,sobel_si,True,23,RQ2,222,246,0.06027667984189722,0.06027667984189722
kodim01.png,stripes,8,,27,luma_sd,True,23,RQ2,223,247,0.05434782608695654,0.05434782608695654
kodim01.png,stripes,8,,27,edge_fraction,True,23,RQ2,224,248,0.01284584980237169,0.01284584980237169
kodim01.png,stripes,8,,27,glcm_contrast,True,23,RQ2,225,249,0.029644268774703608,0.029644268774703608
kodim01.png,stripes,8,,27,glcm_entropy,True,23,RQ2,226,250,-0.012845849802371578,-0.012845849802371578
kodim01.png,stripes,8,,27,glcm_homogeneity,True,23,RQ2,227,251,0.010869565217391242,-0.010869565217391242
kodim01.png,stripes,8,,32,sobel_si,True,23,RQ2,228,252,0.0039525691699604515,0.0039525691699604515
kodim01.png,stripes,8,,32,luma_sd,True,23,RQ2,229,253,0.022727272727272707,0.022727272727272707
kodim01.png,stripes,8,,32,edge_fraction,True,23,RQ2,230,254,-0.0039525691699606735,-0.0039525691699606735
kodim01.png,stripes,8,,32,glcm_contrast,True,23,RQ2,231,255,-0.008893280632410905,-0.008893280632410905
kodim01.png,stripes,8,,32,glcm_entropy,True,23,RQ2,232,256,-0.004940711462450564,-0.004940711462450564
kodim01.png,stripes,8,,32,glcm_homogeneity,True,23,RQ2,233,257,0.02075098814229248,-0.02075098814229248
kodim01.png,stripes,8,,37,sobel_si,True,23,RQ2,234,258,0.022727272727272707,0.022727272727272707
kodim01.png,stripes,8,,37,luma_sd,True,23,RQ2,235,259,0.03754940711462451,0.03754940711462451
kodim01.png,stripes,8,,37,edge_fraction,True,23,RQ2,236,260,-0.007905138339921014,-0.007905138339921014
kodim01.png,stripes,8,,37,glcm_contrast,True,23,RQ2,237,261,0.007905138339921014,0.007905138339921014
kodim01.png,stripes,8,,37,glcm_entropy,True,23,RQ2,238,262,0.04940711462450598,0.04940711462450598
kodim01.png,stripes,8,,37,glcm_homogeneity,True,23,RQ2,239,263,-0.008893280632411238,0.008893280632411238
kodim01.png,stripes,16,,22,sobel_si,True,23,RQ2,216,264,0.024703557312252933,0.024703557312252933
kodim01.png,stripes,16,,22,luma_sd,True,23,RQ2,217,265,0.07114624505928856,0.07114624505928856
kodim01.png,stripes,16,,22,edge_fraction,True,23,RQ2,218,266,0.032608695652173725,0.032608695652173725
kodim01.png,stripes,16,,22,glcm_contrast,True,23,RQ2,219,267,0.058300395256917104,0.058300395256917104
kodim01.png,stripes,16,,22,glcm_entropy,True,23,RQ2,220,268,-0.04743083003952564,-0.04743083003952564
kodim01.png,stripes,16,,22,glcm_homogeneity,True,23,RQ2,221,269,-0.06027667984189711,0.06027667984189711
kodim01.png,stripes,16,,27,sobel_si,True,23,RQ2,222,270,0.022727272727272707,0.022727272727272707
kodim01.png,stripes,16,,27,luma_sd,True,23,RQ2,223,271,0.013833992094861636,0.013833992094861636
kodim01.png,stripes,16,,27,edge_fraction,True,23,RQ2,224,272,0.04743083003952575,0.04743083003952575
kodim01.png,stripes,16,,27,glcm_contrast,True,23,RQ2,225,273,0.07905138339920947,0.07905138339920947
kodim01.png,stripes,16,,27,glcm_entropy,True,23,RQ2,226,274,-0.015810276679841806,-0.015810276679841806
kodim01.png,stripes,16,,27,glcm_homogeneity,True,23,RQ2,227,275,-0.07015810276679835,0.07015810276679835
kodim01.png,stripes,16,,32,sobel_si,True,23,RQ2,228,276,0.01383399209486158,0.01383399209486158
kodim01.png,stripes,16,,32,luma_sd,True,23,RQ2,229,277,0.01185770750988141,0.01185770750988141
kodim01.png,stripes,16,,32,edge_fraction,True,23,RQ2,230,278,0.00691699604743079,0.00691699604743079
kodim01.png,stripes,16,,32,glcm_contrast,True,23,RQ2,231,279,0.028656126482213495,0.028656126482213495
kodim01.png,stripes,16,,32,glcm_entropy,True,23,RQ2,232,280,-0.022727272727272596,-0.022727272727272596
kodim01.png,stripes,16,,32,glcm_homogeneity,True,23,RQ2,233,281,-0.015810276679842028,0.015810276679842028
kodim01.png,stripes,16,,37,sobel_si,True,23,RQ2,234,282,0.04446640316205541,0.04446640316205541
kodim01.png,stripes,16,,37,luma_sd,True,23,RQ2,235,283,0.04743083003952575,0.04743083003952575
kodim01.png,stripes,16,,37,edge_fraction,True,23,RQ2,236,284,-0.015810276679842028,-0.015810276679842028
kodim01.png,stripes,16,,37,glcm_contrast,True,23,RQ2,237,285,0.03063241106719361,0.03063241106719361
kodim01.png,stripes,16,,37,glcm_entropy,True,23,RQ2,238,286,0.02667984189723327,0.02667984189723327
kodim01.png,stripes,16,,37,glcm_homogeneity,True,23,RQ2,239,287,-0.006916996047431012,0.006916996047431012
kodim01.png,stripes,32,,22,sobel_si,True,23,RQ2,216,288,0.06719367588932812,0.06719367588932812
kodim01.png,stripes,32,,22,luma_sd,True,23,RQ2,217,289,0.0711462450592885,0.0711462450592885
kodim01.png,stripes,32,,22,edge_fraction,True,23,RQ2,218,290,-0.10869565217391308,-0.10869565217391308
kodim01.png,stripes,32,,22,glcm_contrast,True,23,RQ2,219,291,0.07509881422924913,0.07509881422924913
kodim01.png,stripes,32,,22,glcm_entropy,True,23,RQ2,220,292,-0.12252964426877466,-0.12252964426877466
kodim01.png,stripes,32,,22,glcm_homogeneity,True,23,RQ2,221,293,-0.02371541501976282,0.02371541501976282
kodim01.png,stripes,32,,27,sobel_si,True,23,RQ2,222,294,0.09288537549407105,0.09288537549407105
kodim01.png,stripes,32,,27,luma_sd,True,23,RQ2,223,295,0.04644268774703558,0.04644268774703558
kodim01.png,stripes,32,,27,edge_fraction,True,23,RQ2,224,296,-0.08596837944664015,-0.08596837944664015
kodim01.png,stripes,32,,27,glcm_contrast,True,23,RQ2,225,297,0.10375494071146252,0.10375494071146252
kodim01.png,stripes,32,,27,glcm_entropy,True,23,RQ2,226,298,-0.1314229249011858,-0.1314229249011858
kodim01.png,stripes,32,,27,glcm_homogeneity,True,23,RQ2,227,299,-0.03063241106719372,0.03063241106719372
kodim01.png,stripes,32,,32,sobel_si,True,23,RQ2,228,300,0.02075098814229226,0.02075098814229226
kodim01.png,stripes,32,,32,luma_sd,True,23,RQ2,229,301,0.013833992094861608,0.013833992094861608
kodim01.png,stripes,32,,32,edge_fraction,True,23,RQ2,230,302,-0.10770750988142297,-0.10770750988142297
kodim01.png,stripes,32,,32,glcm_contrast,True,23,RQ2,231,303,0.045454545454545636,0.045454545454545636
kodim01.png,stripes,32,,32,glcm_entropy,True,23,RQ2,232,304,-0.13537549407114635,-0.13537549407114635
kodim01.png,stripes,32,,32,glcm_homogeneity,True,23,RQ2,233,305,0.009881422924901018,-0.009881422924901018
kodim01.png,stripes,32,,37,sobel_si,True,23,RQ2,234,306,0.021739130434782705,0.021739130434782705
kodim01.png,stripes,32,,37,luma_sd,True,23,RQ2,235,307,0.05138339920948615,0.05138339920948615
kodim01.png,stripes,32,,37,edge_fraction,True,23,RQ2,236,308,-0.125494071146245,-0.125494071146245
kodim01.png,stripes,32,,37,glcm_contrast,True,23,RQ2,237,309,0.03162055335968361,0.03162055335968361
kodim01.png,stripes,32,,37,glcm_entropy,True,23,RQ2,238,310,-0.10079051383399229,-0.10079051383399229
kodim01.png,stripes,32,,37,glcm_homogeneity,True,23,RQ2,239,311,0.01778656126482192,-0.01778656126482192
kodim02.png,awgn,5,20260811,22,sobel_si,True,23,RQ2,216,0,0.04150197628458496,0.04150197628458496
kodim02.png,awgn,5,20260811,22,luma_sd,True,23,RQ2,217,1,-0.06324110671936761,-0.06324110671936761
kodim02.png,awgn,5,20260811,22,edge_fraction,True,23,RQ2,218,2,-0.014822134387351804,-0.014822134387351804
kodim02.png,awgn,5,20260811,22,glcm_contrast,True,23,RQ2,219,3,0.05632411067193688,0.05632411067193688
kodim02.png,awgn,5,20260811,22,glcm_entropy,True,23,RQ2,220,4,-0.09090909090909105,-0.09090909090909105
kodim02.png,awgn,5,20260811,22,glcm_homogeneity,True,23,RQ2,221,5,0.02075098814229248,-0.02075098814229248
kodim02.png,awgn,5,20260811,27,sobel_si,True,23,RQ2,222,6,-0.008893280632411127,-0.008893280632411127
kodim02.png,awgn,5,20260811,27,luma_sd,True,23,RQ2,223,7,-0.07608695652173914,-0.07608695652173914
kodim02.png,awgn,5,20260811,27,edge_fraction,True,23,RQ2,224,8,0.00691699604743079,0.00691699604743079
kodim02.png,awgn,5,20260811,27,glcm_contrast,True,23,RQ2,225,9,0.059288537549407216,0.059288537549407216
kodim02.png,awgn,5,20260811,27,glcm_entropy,True,23,RQ2,226,10,-0.045454545454545525,-0.045454545454545525
kodim02.png,awgn,5,20260811,27,glcm_homogeneity,True,23,RQ2,227,11,-0.007905138339921014,0.007905138339921014
kodim02.png,awgn,5,20260811,32,sobel_si,True,23,RQ2,228,12,0.008893280632411127,0.008893280632411127
kodim02.png,awgn,5,20260811,32,luma_sd,True,23,RQ2,229,13,0.0009881422924901129,0.0009881422924901129
kodim02.png,awgn,5,20260811,32,edge_fraction,True,23,RQ2,230,14,0.007905138339921125,0.007905138339921125
kodim02.png,awgn,5,20260811,32,glcm_contrast,True,23,RQ2,231,15,0.020750988142292592,0.020750988142292592
kodim02.png,awgn,5,20260811,32,glcm_entropy,True,23,RQ2,232,16,-0.04446640316205541,-0.04446640316205541
kodim02.png,awgn,5,20260811,32,glcm_homogeneity,True,23,RQ2,233,17,-0.005928853754940788,0.005928853754940788
kodim02.png,awgn,5,20260811,37,sobel_si,True,23,RQ2,234,18,0.009881422924901129,0.009881422924901129
kodim02.png,awgn,5,20260811,37,luma_sd,True,23,RQ2,235,19,-0.0019762845849802257,-0.0019762845849802257
kodim02.png,awgn,5,20260811,37,edge_fraction,True,23,RQ2,236,20,-0.00988142292490124,-0.00988142292490124
kodim02.png,awgn,5,20260811,37,glcm_contrast,True,23,RQ2,237,21,0.008893280632411016,0.008893280632411016
kodim02.png,awgn,5,20260811,37,glcm_entropy,True,23,RQ2,238,22,-0.04347826086956519,-0.04347826086956519
kodim02.png,awgn,5,20260811,37,glcm_homogeneity,True,23,RQ2,239,23,0.007905138339921014,-0.007905138339921014
kodim02.png,awgn,15,20260811,22,sobel_si,True,23,RQ2,216,72,0.18004677833935634,0.18004677833935634
kodim02.png,awgn,15,20260811,22,luma_sd,True,23,RQ2,217,73,0.23972523710440666,0.23972523710440666
kodim02.png,awgn,15,20260811,22,edge_fraction,True,23,RQ2,218,74,-0.1124609224065426,-0.1124609224065426
kodim02.png,awgn,15,20260811,22,glcm_contrast,True,23,RQ2,219,75,-0.06900415085442868,-0.06900415085442868
kodim02.png,awgn,15,20260811,22,glcm_entropy,True,23,RQ2,220,76,-0.2889103768475124,-0.2889103768475124
kodim02.png,awgn,15,20260811,22,glcm_homogeneity,True,23,RQ2,221,77,0.13718474805230074,-0.13718474805230074
kodim02.png,awgn,15,20260811,27,sobel_si,True,23,RQ2,222,78,0.14426877470355737,0.14426877470355737
kodim02.png,awgn,15,20260811,27,luma_sd,True,23,RQ2,223,79,0.1966403162055336,0.1966403162055336
kodim02.png,awgn,15,20260811,27,edge_fraction,True,23,RQ2,224,80,-0.0662055335968379,-0.0662055335968379
kodim02.png,awgn,15,20260811,27,glcm_contrast,True,23,RQ2,225,81,-0.018774703557312145,-0.018774703557312145
kodim02.png,awgn,15,20260811,27,glcm_entropy,True,23,RQ2,226,82,-0.2638339920948616,-0.2638339920948616
kodim02.png,awgn,15,20260811,27,glcm_homogeneity,True,23,RQ2,227,83,0.09288537549407105,-0.09288537549407105
kodim02.png,awgn,15,20260811,32,sobel_si,True,23,RQ2,228,84,0.09980237154150196,0.09980237154150196
kodim02.png,awgn,15,20260811,32,luma_sd,True,23,RQ2,229,85,0.03162055335968378,0.03162055335968378
kodim02.png,awgn,15,20260811,32,edge_fraction,True,23,RQ2,230,86,-0.016798418972331808,-0.016798418972331808
kodim02.png,awgn,15,20260811,32,glcm_contrast,True,23,RQ2,231,87,0.022727272727272818,0.022727272727272818
kodim02.png,awgn,15,20260811,32,glcm_entropy,True,23,RQ2,232,88,-0.20652173913043492,-0.20652173913043492
kodim02.png,awgn,15,20260811,32,glcm_homogeneity,True,23,RQ2,233,89,0.011857707509881354,-0.011857707509881354
kodim02.png,awgn,15,20260811,37,sobel_si,True,23,RQ2,234,90,-0.04446640316205541,-0.04446640316205541
kodim02.png,awgn,15,20260811,37,luma_sd,True,23,RQ2,235,91,-0.11166007905138339,-0.11166007905138339
kodim02.png,awgn,15,20260811,37,edge_fraction,True,23,RQ2,236,92,0.0019762845849803368,0.0019762845849803368
kodim02.png,awgn,15,20260811,37,glcm_contrast,True,23,RQ2,237,93,0.0039525691699604515,0.0039525691699604515
kodim02.png,awgn,15,20260811,37,glcm_entropy,True,23,RQ2,238,94,-0.2361660079051382,-0.2361660079051382
kodim02.png,awgn,15,20260811,37,glcm_homogeneity,True,23,RQ2,239,95,0.0009881422924901129,-0.0009881422924901129
kodim02.png,awgn,30,20260811,22,sobel_si,True,23,RQ2,216,144,0.04562621579736614,0.04562621579736614
kodim02.png,awgn,30,20260811,22,luma_sd,True,23,RQ2,217,145,0.49967088378487245,0.49967088378487245
kodim02.png,awgn,30,20260811,22,edge_fraction,True,23,RQ2,218,146,-0.6135728724711667,-0.6135728724711667
kodim02.png,awgn,30,20260811,22,glcm_contrast,True,23,RQ2,219,147,-0.4539806884287305,-0.4539806884287305
kodim02.png,awgn,30,20260811,22,glcm_entropy,True,23,RQ2,220,148,-0.6981023834091583,-0.6981023834091583
kodim02.png,awgn,30,20260811,22,glcm_homogeneity,True,23,RQ2,221,149,0.950132635484556,-0.950132635484556
kodim02.png,awgn,30,20260811,27,sobel_si,True,23,RQ2,222,150,0.04940711462450609,0.04940711462450609
kodim02.png,awgn,30,20260811,27,luma_sd,True,23,RQ2,223,151,0.30335968379446643,0.30335968379446643
kodim02.png,awgn,30,20260811,27,edge_fraction,True,23,RQ2,224,152,-0.4110671936758893,-0.4110671936758893
kodim02.png,awgn,30,20260811,27,glcm_contrast,True,23,RQ2,225,153,-0.301383399209486,-0.301383399209486
kodim02.png,awgn,30,20260811,27,glcm_entropy,True,23,RQ2,226,154,-0.6225296442687747,-0.6225296442687747
kodim02.png,awgn,30,20260811,27,glcm_homogeneity,True,23,RQ2,227,155,0.7262845849802371,-0.7262845849802371
kodim02.png,awgn,30,20260811,32,sobel_si,True,23,RQ2,228,156,0.027667984189723382,0.027667984189723382
kodim02.png,awgn,30,20260811,32,luma_sd,True,23,RQ2,229,157,0.34881422924901173,0.34881422924901173
kodim02.png,awgn,30,20260811,32,edge_fraction,True,23,RQ2,230,158,-0.43181818181818166,-0.43181818181818166
kodim02.png,awgn,30,20260811,32,glcm_contrast,True,23,RQ2,231,159,-0.31719367588932795,-0.31719367588932795
kodim02.png,awgn,30,20260811,32,glcm_entropy,True,23,RQ2,232,160,-0.5513833992094862,-0.5513833992094862
kodim02.png,awgn,30,20260811,32,glcm_homogeneity,True,23,RQ2,233,161,0.7717391304347826,-0.7717391304347826
kodim02.png,awgn,30,20260811,37,sobel_si,True,23,RQ2,234,162,-0.07707509881422947,-0.07707509881422947
kodim02.png,awgn,30,20260811,37,luma_sd,True,23,RQ2,235,163,0.044466403162055385,0.044466403162055385
kodim02.png,awgn,30,20260811,37,edge_fraction,True,23,RQ2,236,164,-0.2529644268774702,-0.2529644268774702
kodim02.png,awgn,30,20260811,37,glcm_contrast,True,23,RQ2,237,165,-0.2075098814229248,-0.2075098814229248
kodim02.png,awgn,30,20260811,37,glcm_entropy,True,23,RQ2,238,166,-0.4634387351778654,-0.4634387351778654
kodim02.png,awgn,30,20260811,37,glcm_homogeneity,True,23,RQ2,239,167,0.5632411067193677,-0.5632411067193677
kodim02.png,clean,0,,22,luma_sd,True,23,RQ1,216,217,-0.48122529644268786,-0.48122529644268786
kodim02.png,clean,0,,22,edge_fraction,True,23,RQ1,216,218,0.2213438735177864,0.2213438735177864
kodim02.png,clean,0,,22,glcm_contrast,True,23,RQ1,216,219,0.09090909090909072,0.09090909090909072
kodim02.png,clean,0,,22,glcm_entropy,True,23,RQ1,216,220,0.13043478260869557,0.13043478260869557
kodim02.png,clean,0,,22,glcm_homogeneity,True,23,RQ1,216,221,-1.4624505928853757,0.16403162055335962
kodim02.png,clean,0,,27,luma_sd,True,23,RQ1,222,223,-0.49703557312252955,-0.49703557312252955
kodim02.png,clean,0,,27,edge_fraction,True,23,RQ1,222,224,0.19466403162055335,0.19466403162055335
kodim02.png,clean,0,,27,glcm_contrast,True,23,RQ1,222,225,0.07015810276679835,0.07015810276679835
kodim02.png,clean,0,,27,glcm_entropy,True,23,RQ1,222,226,0.1037549407114624,0.1037549407114624
kodim02.png,clean,0,,27,glcm_homogeneity,True,23,RQ1,222,227,-1.4644268774703555,0.13636363636363635
kodim02.png,clean,0,,32,luma_sd,True,23,RQ1,228,229,-0.5474308300395256,-0.5474308300395256
kodim02.png,clean,0,,32,edge_fraction,True,23,RQ1,228,230,0.1551383399209485,0.1551383399209485
kodim02.png,clean,0,,32,glcm_contrast,True,23,RQ1,228,231,0.05830039525691688,0.05830039525691688
kodim02.png,clean,0,,32,glcm_entropy,True,23,RQ1,228,232,0.035573122529644285,0.035573122529644285
kodim02.png,clean,0,,32,glcm_homogeneity,True,23,RQ1,228,233,-1.5316205533596836,0.09486166007905139
kodim02.png,clean,0,,37,luma_sd,True,23,RQ1,234,235,-0.6175889328063243,-0.6175889328063243
kodim02.png,clean,0,,37,edge_fraction,True,23,RQ1,234,236,0.1195652173913041,0.1195652173913041
kodim02.png,clean,0,,37,glcm_contrast,True,23,RQ1,234,237,0.049407114624505644,0.049407114624505644
kodim02.png,clean,0,,37,glcm_entropy,True,23,RQ1,234,238,-0.013833992094862024,-0.013833992094862024
kodim02.png,clean,0,,37,glcm_homogeneity,True,23,RQ1,234,239,-1.6057312252964429,0.056324110671936545
kodim02.png,stripes,8,,22,sobel_si,True,23,RQ2,216,240,0.059288537549406994,0.059288537549406994
kodim02.png,stripes,8,,22,luma_sd,True,23,RQ2,217,241,0.020750988142292537,0.020750988142292537
kodim02.png,stripes,8,,22,edge_fraction,True,23,RQ2,218,242,0.025691699604742935,0.025691699604742935
kodim02.png,stripes,8,,22,glcm_contrast,True,23,RQ2,219,243,0.03063241106719372,0.03063241106719372
kodim02.png,stripes,8,,22,glcm_entropy,True,23,RQ2,220,244,0.0009881422924898908,0.0009881422924898908
kodim02.png,stripes,8,,22,glcm_homogeneity,True,23,RQ2,221,245,-0.021739130434782372,0.021739130434782372
kodim02.png,stripes,8,,27,sobel_si,True,23,RQ2,222,246,0.07707509881422925,0.07707509881422925
kodim02.png,stripes,8,,27,luma_sd,True,23,RQ2,223,247,0.06620553359683795,0.06620553359683795
kodim02.png,stripes,8,,27,edge_fraction,True,23,RQ2,224,248,0.01778656126482203,0.01778656126482203
kodim02.png,stripes,8,,27,glcm_contrast,True,23,RQ2,225,249,0.045454545454545636,0.045454545454545636
kodim02.png,stripes,8,,27,glcm_entropy,True,23,RQ2,226,250,-0.004940711462450675,-0.004940711462450675
kodim02.png,stripes,8,,27,glcm_homogeneity,True,23,RQ2,227,251,-0.014822134387351693,0.014822134387351693
kodim02.png,stripes,8,,32,sobel_si,True,23,RQ2,228,252,0.022727272727272707,0.022727272727272707
kodim02.png,stripes,8,,32,luma_sd,True,23,RQ2,229,253,0.037549407114624456,0.037549407114624456
kodim02.png,stripes,8,,32,edge_fraction,True,23,RQ2,230,254,0.0029644268774703386,0.0029644268774703386
kodim02.png,stripes,8,,32,glcm_contrast,True,23,RQ2,231,255,0.008893280632411238,0.008893280632411238
kodim02.png,stripes,8,,32,glcm_entropy,True,23,RQ2,232,256,0.0009881422924900019,0.0009881422924900019
kodim02.png,stripes,8,,32,glcm_homogeneity,True,23,RQ2,233,257,-0.0009881422924901129,0.0009881422924901129
kodim02.png,stripes,8,,37,sobel_si,True,23,RQ2,234,258,0.022727272727272707,0.022727272727272707
kodim02.png,stripes,8,,37,luma_sd,True,23,RQ2,235,259,0.03952569169960479,0.03952569169960479
kodim02.png,stripes,8,,37,edge_fraction,True,23,RQ2,236,260,-0.0009881422924901129,-0.0009881422924901129
kodim02.png,stripes,8,,37,glcm_contrast,True,23,RQ2,237,261,0.006916996047430679,0.006916996047430679
kodim02.png,stripes,8,,37,glcm_entropy,True,23,RQ2,238,262,0.04150197628458496,0.04150197628458496
kodim02.png,stripes,8,,37,glcm_homogeneity,True,23,RQ2,239,263,-0.012845849802371467,0.012845849802371467
kodim02.png,stripes,16,,22,sobel_si,True,23,RQ2,216,264,0.024703557312252933,0.024703557312252933
kodim02.png,stripes,16,,22,luma_sd,True,23,RQ2,217,265,0.07707509881422925,0.07707509881422925
kodim02.png,stripes,16,,22,edge_fraction,True,23,RQ2,218,266,-0.00691699604743079,-0.00691699604743079
kodim02.png,stripes,16,,22,glcm_contrast,True,23,RQ2,219,267,0.014822134387351915,0.014822134387351915
kodim02.png,stripes,16,,22,glcm_entropy,True,23,RQ2,220,268,-0.05335968379446643,-0.05335968379446643
kodim02.png,stripes,16,,22,glcm_homogeneity,True,23,RQ2,221,269,0.02667984189723327,-0.02667984189723327
kodim02.png,stripes,16,,27,sobel_si,True,23,RQ2,222,270,0.02272727272727293,0.02272727272727293
kodim02.png,stripes,16,,27,luma_sd,True,23,RQ2,223,271,0.014822134387351804,0.014822134387351804
kodim02.png,stripes,16,,27,edge_fraction,True,23,RQ2,224,272,0.02371541501976293,0.02371541501976293
kodim02.png,stripes,16,,27,glcm_contrast,True,23,RQ2,225,273,0.05335968379446654,0.05335968379446654
kodim02.png,stripes,16,,27,glcm_entropy,True,23,RQ2,226,274,-0.01976284584980237,-0.01976284584980237
kodim02.png,stripes,16,,27,glcm_homogeneity,True,23,RQ2,227,275,-0.01976284584980248,0.01976284584980248
kodim02.png,stripes,16,,32,sobel_si,True,23,RQ2,228,276,0.03359683794466428,0.03359683794466428
kodim02.png,stripes,16,,32,luma_sd,True,23,RQ2,229,277,0.026679841897233214,0.026679841897233214
kodim02.png,stripes,16,,32,edge_fraction,True,23,RQ2,230,278,0.0019762845849803368,0.0019762845849803368
kodim02.png,stripes,16,,32,glcm_contrast,True,23,RQ2,231,279,0.024703557312253044,0.024703557312253044
kodim02.png,stripes,16,,32,glcm_entropy,True,23,RQ2,232,280,-0.013833992094861691,-0.013833992094861691
kodim02.png,stripes,16,,32,glcm_homogeneity,True,23,RQ2,233,281,-0.0029644268774704496,0.0029644268774704496
kodim02.png,stripes,16,,37,sobel_si,True,23,RQ2,234,282,0.04446640316205519,0.04446640316205519
kodim02.png,stripes,16,,37,luma_sd,True,23,RQ2,235,283,0.052371541501976315,0.052371541501976315
kodim02.png,stripes,16,,37,edge_fraction,True,23,RQ2,236,284,-0.005928853754940566,-0.005928853754940566
kodim02.png,stripes,16,,37,glcm_contrast,True,23,RQ2,237,285,0.024703557312253044,0.024703557312253044
kodim02.png,stripes,16,,37,glcm_entropy,True,23,RQ2,238,286,0.01877470355731259,0.01877470355731259
kodim02.png,stripes,16,,37,glcm_homogeneity,True,23,RQ2,239,287,-0.021739130434782705,0.021739130434782705
kodim02.png,stripes,32,,22,sobel_si,True,23,RQ2,216,288,0.0671936758893279,0.0671936758893279
kodim02.png,stripes,32,,22,luma_sd,True,23,RQ2,217,289,0.07905138339920947,0.07905138339920947
kodim02.png,stripes,32,,22,edge_fraction,True,23,RQ2,218,290,-0.14525691699604748,-0.14525691699604748
kodim02.png,stripes,32,,22,glcm_contrast,True,23,RQ2,219,291,0.05335968379446643,0.05335968379446643
kodim02.png,stripes,32,,22,glcm_entropy,True,23,RQ2,220,292,-0.13339920948616601,-0.13339920948616601
kodim02.png,stripes,32,,22,glcm_homogeneity,True,23,RQ2,221,293,0.015810276679842028,-0.015810276679842028
kodim02.png,stripes,32,,27,sobel_si,True,23,RQ2,222,294,0.09288537549407128,0.09288537549407128
kodim02.png,stripes,32,,27,luma_sd,True,23,RQ2,223,295,0.05335968379446643,0.05335968379446643
kodim02.png,stripes,32,,27,edge_fraction,True,23,RQ2,224,296,-0.10079051383399218,-0.10079051383399218
kodim02.png,stripes,32,,27,glcm_contrast,True,23,RQ2,225,297,0.0879446640316206,0.0879446640316206
kodim02.png,stripes,32,,27,glcm_entropy,True,23,RQ2,226,298,-0.13142292490118568,-0.13142292490118568
kodim02.png,stripes,32,,27,glcm_homogeneity,True,23,RQ2,227,299,-0.010869565217391464,0.010869565217391464
kodim02.png,stripes,32,,32,sobel_si,True,23,RQ2,228,300,0.04051383399209496,0.04051383399209496
kodim02.png,stripes,32,,32,luma_sd,True,23,RQ2,229,301,0.03260869565217389,0.03260869565217389
kodim02.png,stripes,32,,32,edge_fraction,True,23,RQ2,230,302,-0.09980237154150173,-0.09980237154150173
kodim02.png,stripes,32,,32,glcm_contrast,True,23,RQ2,231,303,0.04743083003952575,0.04743083003952575
kodim02.png,stripes,32,,32,glcm_entropy,True,23,RQ2,232,304,-0.124505928853755,-0.124505928853755
kodim02.png,stripes,32,,32,glcm_homogeneity,True,23,RQ2,233,305,0.00691699604743079,-0.00691699604743079
kodim02.png,stripes,32,,37,sobel_si,True,23,RQ2,234,306,0.021739130434782483,0.021739130434782483
kodim02.png,stripes,32,,37,luma_sd,True,23,RQ2,235,307,0.06620553359683795,0.06620553359683795
kodim02.png,stripes,32,,37,edge_fraction,True,23,RQ2,236,308,-0.10869565217391308,-0.10869565217391308
kodim02.png,stripes,32,,37,glcm_contrast,True,23,RQ2,237,309,0.020750988142292703,0.020750988142292703
kodim02.png,stripes,32,,37,glcm_entropy,True,23,RQ2,238,310,-0.10869565217391275,-0.10869565217391275
kodim02.png,stripes,32,,37,glcm_homogeneity,True,23,RQ2,239,311,0.01383399209486158,-0.01383399209486158
kodim03.png,awgn,5,20260811,22,sobel_si,True,23,RQ2,216,0,0.09288537549407139,0.09288537549407139
kodim03.png,awgn,5,20260811,22,luma_sd,True,23,RQ2,217,1,-0.017786561264822087,-0.017786561264822087
kodim03.png,awgn,5,20260811,22,edge_fraction,True,23,RQ2,218,2,0.06126482213438722,0.06126482213438722
kodim03.png,awgn,5,20260811,22,glcm_contrast,True,23,RQ2,219,3,0.1027667984189724,0.1027667984189724
kodim03.png,awgn,5,20260811,22,glcm_entropy,True,23,RQ2,220,4,-0.02667984189723327,-0.02667984189723327
kodim03.png,awgn,5,20260811,22,glcm_homogeneity,True,23,RQ2,221,5,-0.029644268774703608,0.029644268774703608
kodim03.png,awgn,5,20260811,27,sobel_si,True,23,RQ2,222,6,-0.004790530437080998,-0.004790530437080998
kodim03.png,awgn,5,20260811,27,luma_sd,True,23,RQ2,223,7,-0.06668385405017833,-0.06668385405017833
kodim03.png,awgn,5,20260811,27,edge_fraction,True,23,RQ2,224,8,0.02935935217842489,0.02935935217842489
kodim03.png,awgn,5,20260811,27,glcm_contrast,True,23,RQ2,225,9,0.053540145221699365,0.053540145221699365
kodim03.png,awgn,5,20260811,27,glcm_entropy,True,23,RQ2,226,10,-0.03145498793659307,-0.03145498793659307
kodim03.png,awgn,5,20260811,27,glcm_homogeneity,True,23,RQ2,227,11,-0.005126056825467851,0.005126056825467851
kodim03.png,awgn,5,20260811,32,sobel_si,True,23,RQ2,228,12,-0.0019762845849800037,-0.0019762845849800037
kodim03.png,awgn,5,20260811,32,luma_sd,True,23,RQ2,229,13,-0.014822134387351804,-0.014822134387351804
kodim03.png,awgn,5,20260811,32,edge_fraction,True,23,RQ2,230,14,0.008893280632411127,0.008893280632411127
kodim03.png,awgn,5,20260811,32,glcm_contrast,True,23,RQ2,231,15,0.017786561264822254,0.017786561264822254
kodim03.png,awgn,5,20260811,32,glcm_entropy,True,23,RQ2,232,16,-0.02667984189723316,-0.02667984189723316
kodim03.png,awgn,5,20260811,32,glcm_homogeneity,True,23,RQ2,233,17,0.003952569169960118,-0.003952569169960118
kodim03.png,awgn,5,20260811,37,sobel_si,True,23,RQ2,234,18,0.009881422924900907,0.009881422924900907
kodim03.png,awgn,5,20260811,37,luma_sd,True,23,RQ2,235,19,-0.004940711462450564,-0.004940711462450564
kodim03.png,awgn,5,20260811,37,edge_fraction,True,23,RQ2,236,20,-0.01679841897233203,-0.01679841897233203
kodim03.png,awgn,5,20260811,37,glcm_contrast,True,23,RQ2,237,21,0.010869565217391464,0.010869565217391464
kodim03.png,awgn,5,20260811,37,glcm_entropy,True,23,RQ2,238,22,-0.021739130434782594,-0.021739130434782594
kodim03.png,awgn,5,20260811,37,glcm_homogeneity,True,23,RQ2,239,23,0.0019762845849801147,-0.0019762845849801147
kodim03.png,awgn,15,20260811,22,sobel_si,True,23,RQ2,216,72,0.30258032975675864,0.30258032975675864
kodim03.png,awgn,15,20260811,22,luma_sd,True,23,RQ2,217,73,0.3607835346915665,0.3607835346915665
kodim03.png,awgn,15,20260811,22,edge_fraction,True,23,RQ2,218,74,-0.003763316658315974,-0.003763316658315974
kodim03.png,awgn,15,20260811,22,glcm_contrast,True,23,RQ2,219,75,0.06044541982324758,0.06044541982324758
kodim03.png,awgn,15,20260811,22,glcm_entropy,True,23,RQ2,220,76,-0.11201898727479598,-0.11201898727479598
kodim03.png,awgn,15,20260811,22,glcm_homogeneity,True,23,RQ2,221,77,0.013170814672082587,-0.013170814672082587
kodim03.png,awgn,15,20260811,27,sobel_si,True,23,RQ2,222,78,0.2134387351778655,0.2134387351778655
kodim03.png,awgn,15,20260811,27,luma_sd,True,23,RQ2,223,79,0.2727272727272727,0.2727272727272727
kodim03.png,awgn,15,20260811,27,edge_fraction,True,23,RQ2,224,80,-0.01383399209486147,-0.01383399209486147
kodim03.png,awgn,15,20260811,27,glcm_contrast,True,23,RQ2,225,81,0.052371541501976204,0.052371541501976204
kodim03.png,awgn,15,20260811,27,glcm_entropy,True,23,RQ2,226,82,-0.14426877470355703,-0.14426877470355703
kodim03.png,awgn,15,20260811,27,glcm_homogeneity,True,23,RQ2,227,83,0.025691699604743046,-0.025691699604743046
kodim03.png,awgn,15,20260811,32,sobel_si,True,23,RQ2,228,84,0.11166007905138353,0.11166007905138353
kodim03.png,awgn,15,20260811,32,luma_sd,True,23,RQ2,229,85,0.06916996047430829,0.06916996047430829
kodim03.png,awgn,15,20260811,32,edge_fraction,True,23,RQ2,230,86,-0.024703557312252822,-0.024703557312252822
kodim03.png,awgn,15,20260811,32,glcm_contrast,True,23,RQ2,231,87,0.025691699604743157,0.025691699604743157
kodim03.png,awgn,15,20260811,32,glcm_entropy,True,23,RQ2,232,88,-0.16007905138339928,-0.16007905138339928
kodim03.png,awgn,15,20260811,32,glcm_homogeneity,True,23,RQ2,233,89,0.012845849802371467,-0.012845849802371467
kodim03.png,awgn,15,20260811,37,sobel_si,True,23,RQ2,234,90,-0.062252964426877444,-0.062252964426877444
kodim03.png,awgn,15,20260811,37,luma_sd,True,23,RQ2,235,91,-0.1383399209486166,-0.1383399209486166
kodim03.png,awgn,15,20260811,37,edge_fraction,True,23,RQ2,236,92,-0.015810276679841806,-0.015810276679841806
kodim03.png,awgn,15,20260811,37,glcm_contrast,True,23,RQ2,237,93,-0.00988142292490135,-0.00988142292490135
kodim03.png,awgn,15,20260811,37,glcm_entropy,True,23,RQ2,238,94,-0.23221343873517786,-0.23221343873517786
kodim03.png,awgn,15,20260811,37,glcm_homogeneity,True,23,RQ2,239,95,0.01976284584980237,-0.01976284584980237
kodim03.png,awgn,30,20260811,22,sobel_si,True,23,RQ2,216,144,0.1523455833862991,0.1523455833862991
kodim03.png,awgn,30,20260811,22,luma_sd,True,23,RQ2,217,145,0.5975020988739677,0.5975020988739677
kodim03.png,awgn,30,20260811,22,edge_fraction,True,23,RQ2,218,146,-0.5127823586371747,-0.5127823586371747
kodim03.png,awgn,30,20260811,22,glcm_contrast,True,23,RQ2,219,147,-0.3363917556224064,-0.3363917556224064
kodim03.png,awgn,30,20260811,22,glcm_entropy,True,23,RQ2,220,148,-0.5142922884114862,-0.5142922884114862
kodim03.png,awgn,30,20260811,22,glcm_homogeneity,True,23,RQ2,221,149,0.8483573981131228,-0.8483573981131228
kodim03.png,awgn,30,20260811,27,sobel_si,True,23,RQ2,222,150,0.12944664031620567,0.12944664031620567
kodim03.png,awgn,30,20260811,27,luma_sd,True,23,RQ2,223,151,0.4051383399209485,0.4051383399209485
kodim03.png,awgn,30,20260811,27,edge_fraction,True,23,RQ2,224,152,-0.3547430830039525,-0.3547430830039525
kodim03.png,awgn,30,20260811,27,glcm_contrast,True,23,RQ2,225,153,-0.23122529644268774,-0.23122529644268774
kodim03.png,awgn,30,20260811,27,glcm_entropy,True,23,RQ2,226,154,-0.4723320158102766,-0.4723320158102766
kodim03.png,awgn,30,20260811,27,glcm_homogeneity,True,23,RQ2,227,155,0.6749011857707509,-0.6749011857707509
kodim03.png,awgn,30,20260811,32,sobel_si,True,23,RQ2,228,156,0.04150197628458496,0.04150197628458496
kodim03.png,awgn,30,20260811,32,luma_sd,True,23,RQ2,229,157,0.37648221343873517,0.37648221343873517
kodim03.png,awgn,30,20260811,32,edge_fraction,True,23,RQ2,230,158,-0.41996047430830036,-0.41996047430830036
kodim03.png,awgn,30,20260811,32,glcm_contrast,True,23,RQ2,231,159,-0.3023715415019763,-0.3023715415019763
kodim03.png,awgn,30,20260811,32,glcm_entropy,True,23,RQ2,232,160,-0.46739130434782605,-0.46739130434782605
kodim03.png,awgn,30,20260811,32,glcm_homogeneity,True,23,RQ2,233,161,0.7737154150197627,-0.7737154150197627
kodim03.png,awgn,30,20260811,37,sobel_si,True,23,RQ2,234,162,-0.04743083003952586,-0.04743083003952586
kodim03.png,awgn,30,20260811,37,luma_sd,True,23,RQ2,235,163,0.07905138339920953,0.07905138339920953
kodim03.png,awgn,30,20260811,37,edge_fraction,True,23,RQ2,236,164,-0.25098814229249,-0.25098814229249
kodim03.png,awgn,30,20260811,37,glcm_contrast,True,23,RQ2,237,165,-0.1986166007905137,-0.1986166007905137
kodim03.png,awgn,30,20260811,37,glcm_entropy,True,23,RQ2,238,166,-0.3952569169960473,-0.3952569169960473
kodim03.png,awgn,30,20260811,37,glcm_homogeneity,True,23,RQ2,239,167,0.5790513833992094,-0.5790513833992094
kodim03.png,clean,0,,22,luma_sd,True,23,RQ1,216,217,-0.4515810276679842,-0.4515810276679842
kodim03.png,clean,0,,22,edge_fraction,True,23,RQ1,216,218,0.2272727272727274,0.2272727272727274
kodim03.png,clean,0,,22,glcm_contrast,True,23,RQ1,216,219,0.08003952569169959,0.08003952569169959
kodim03.png,clean,0,,22,glcm_entropy,True,23,RQ1,216,220,0.1166007905138341,0.1166007905138341
kodim03.png,clean,0,,22,glcm_homogeneity,True,23,RQ1,216,221,-1.2401185770750989,0.15513833992094872
kodim03.png,clean,0,,27,luma_sd,True,23,RQ1,222,223,-0.48221343873517786,-0.48221343873517786
kodim03.png,clean,0,,27,edge_fraction,True,23,RQ1,222,224,0.20454545454545436,0.20454545454545436
kodim03.png,clean,0,,27,glcm_contrast,True,23,RQ1,222,225,0.06422924901185767,0.06422924901185767
kodim03.png,clean,0,,27,glcm_entropy,True,23,RQ1,222,226,0.08893280632411049,0.08893280632411049
kodim03.png,clean,0,,27,glcm_homogeneity,True,23,RQ1,222,227,-1.3577075098814229,0.1324110671936758
kodim03.png,clean,0,,32,luma_sd,True,23,RQ1,228,229,-0.5385375494071145,-0.5385375494071145
kodim03.png,clean,0,,32,edge_fraction,True,23,RQ1,228,230,0.15810276679841895,0.15810276679841895
kodim03.png,clean,0,,32,glcm_contrast,True,23,RQ1,228,231,0.05138339920948609,0.05138339920948609
kodim03.png,clean,0,,32,glcm_entropy,True,23,RQ1,228,232,0.021739130434782594,0.021739130434782594
kodim03.png,clean,0,,32,glcm_homogeneity,True,23,RQ1,228,233,-1.5306324110671934,0.09387351778656117
kodim03.png,clean,0,,37,luma_sd,True,23,RQ1,234,235,-0.5859683794466406,-0.5859683794466406
kodim03.png,clean,0,,37,edge_fraction,True,23,RQ1,234,236,0.12845849802371512,0.12845849802371512
kodim03.png,clean,0,,37,glcm_contrast,True,23,RQ1,234,237,0.049407114624505644,0.049407114624505644
kodim03.png,clean,0,,37,glcm_entropy,True,23,RQ1,234,238,-0.008893280632411349,-0.008893280632411349
kodim03.png,clean,0,,37,glcm_homogeneity,True,23,RQ1,234,239,-1.6185770750988144,0.06521739130434756
kodim03.png,stripes,8,,22,sobel_si,True,23,RQ2,216,240,0.04841897233201575,0.04841897233201575
kodim03.png,stripes,8,,22,luma_sd,True,23,RQ2,217,241,0.0009881422924901268,0.0009881422924901268
kodim03.png,stripes,8,,22,edge_fraction,True,23,RQ2,218,242,0.03458498023715395,0.03458498023715395
kodim03.png,stripes,8,,22,glcm_contrast,True,23,RQ2,219,243,0.02371541501976293,0.02371541501976293
kodim03.png,stripes,8,,22,glcm_entropy,True,23,RQ2,220,244,0.0009881422924898908,0.0009881422924898908
kodim03.png,stripes,8,,22,glcm_homogeneity,True,23,RQ2,221,245,-0.007905138339920792,0.007905138339920792
kodim03.png,stripes,8,,27,sobel_si,True,23,RQ2,222,246,0.05138339920948631,0.05138339920948631
kodim03.png,stripes,8,,27,luma_sd,True,23,RQ2,223,247,0.03458498023715417,0.03458498023715417
kodim03.png,stripes,8,,27,edge_fraction,True,23,RQ2,224,248,0.01679841897233214,0.01679841897233214
kodim03.png,stripes,8,,27,glcm_contrast,True,23,RQ2,225,249,0.027667984189723382,0.027667984189723382
kodim03.png,stripes,8,,27,glcm_entropy,True,23,RQ2,226,250,-0.01383399209486158,-0.01383399209486158
kodim03.png,stripes,8,,27,glcm_homogeneity,True,23,RQ2,227,251,-0.0009881422924901129,0.0009881422924901129
kodim03.png,stripes,8,,32,sobel_si,True,23,RQ2,228,252,-0.005928853754940677,-0.005928853754940677
kodim03.png,stripes,8,,32,luma_sd,True,23,RQ2,229,253,0.00691699604743079,0.00691699604743079
kodim03.png,stripes,8,,32,edge_fraction,True,23,RQ2,230,254,-0.005928853754940788,-0.005928853754940788
kodim03.png,stripes,8,,32,glcm_contrast,True,23,RQ2,231,255,-0.011857707509881243,-0.011857707509881243
kodim03.png,stripes,8,,32,glcm_entropy,True,23,RQ2,232,256,-0.010869565217391353,-0.010869565217391353
kodim03.png,stripes,8,,32,glcm_homogeneity,True,23,RQ2,233,257,0.01679841897233192,-0.01679841897233192
kodim03.png,stripes,8,,37,sobel_si,True,23,RQ2,234,258,0.032608695652173836,0.032608695652173836
kodim03.png,stripes,8,,37,luma_sd,True,23,RQ2,235,259,0.03458498023715423,0.03458498023715423
kodim03.png,stripes,8,,37,edge_fraction,True,23,RQ2,236,260,-0.0009881422924900019,-0.0009881422924900019
kodim03.png,stripes,8,,37,glcm_contrast,True,23,RQ2,237,261,0.017786561264822143,0.017786561264822143
kodim03.png,stripes,8,,37,glcm_entropy,True,23,RQ2,238,262,0.0365612648221344,0.0365612648221344
kodim03.png,stripes,8,,37,glcm_homogeneity,True,23,RQ2,239,263,-0.013833992094861691,0.013833992094861691
kodim03.png,stripes,16,,22,sobel_si,True,23,RQ2,216,264,0.014822134387351693,0.014822134387351693
kodim03.png,stripes,16,,22,luma_sd,True,23,RQ2,217,265,0.0513833992094862,0.0513833992094862
kodim03.png,stripes,16,,22,edge_fraction,True,23,RQ2,218,266,0.03656126482213429,0.03656126482213429
kodim03.png,stripes,16,,22,glcm_contrast,True,23,RQ2,219,267,0.03754940711462451,0.03754940711462451
kodim03.png,stripes,16,,22,glcm_entropy,True,23,RQ2,220,268,-0.04743083003952597,-0.04743083003952597
kodim03.png,stripes,16,,22,glcm_homogeneity,True,23,RQ2,221,269,-0.05434782608695643,0.05434782608695643
kodim03.png,stripes,16,,27,sobel_si,True,23,RQ2,222,270,0.02667984189723316,0.02667984189723316
kodim03.png,stripes,16,,27,luma_sd,True,23,RQ2,223,271,0.010869565217391325,0.010869565217391325
kodim03.png,stripes,16,,27,edge_fraction,True,23,RQ2,224,272,0.044466403162055634,0.044466403162055634
kodim03.png,stripes,16,,27,glcm_contrast,True,23,RQ2,225,273,0.06324110671936767,0.06324110671936767
kodim03.png,stripes,16,,27,glcm_entropy,True,23,RQ2,226,274,-0.02075098814229248,-0.02075098814229248
kodim03.png,stripes,16,,27,glcm_homogeneity,True,23,RQ2,227,275,-0.05928853754940733,0.05928853754940733
kodim03.png,stripes,16,,32,sobel_si,True,23,RQ2,228,276,0.001976284584980448,0.001976284584980448
kodim03.png,stripes,16,,32,luma_sd,True,23,RQ2,229,277,-0.007905138339920958,-0.007905138339920958
kodim03.png,stripes,16,,32,edge_fraction,True,23,RQ2,230,278,-0.004940711462450564,-0.004940711462450564
kodim03.png,stripes,16,,32,glcm_contrast,True,23,RQ2,231,279,0.010869565217391353,0.010869565217391353
kodim03.png,stripes,16,,32,glcm_entropy,True,23,RQ2,232,280,-0.024703557312252933,-0.024703557312252933
kodim03.png,stripes,16,,32,glcm_homogeneity,True,23,RQ2,233,281,-0.0029644268774704496,0.0029644268774704496
kodim03.png,stripes,16,,37,sobel_si,True,23,RQ2,234,282,0.04446640316205519,0.04446640316205519
kodim03.png,stripes,16,,37,luma_sd,True,23,RQ2,235,283,0.047430830039525695,0.047430830039525695
kodim03.png,stripes,16,,37,edge_fraction,True,23,RQ2,236,284,-0.009881422924901018,-0.009881422924901018
kodim03.png,stripes,16,,37,glcm_contrast,True,23,RQ2,237,285,0.03458498023715417,0.03458498023715417
kodim03.png,stripes,16,,37,glcm_entropy,True,23,RQ2,238,286,0.024703557312253266,0.024703557312253266
kodim03.png,stripes,16,,37,glcm_homogeneity,True,23,RQ2,239,287,-0.011857707509881577,0.011857707509881577
kodim03.png,stripes,32,,22,sobel_si,True,23,RQ2,216,288,0.03754940711462462,0.03754940711462462
kodim03.png,stripes,32,,22,luma_sd,True,23,RQ2,217,289,0.0424901185770751,0.0424901185770751
kodim03.png,stripes,32,,22,edge_fraction,True,23,RQ2,218,290,-0.0800395256916997,-0.0800395256916997
kodim03.png,stripes,32,,22,glcm_contrast,True,23,RQ2,219,291,0.05039525691699609,0.05039525691699609
kodim03.png,stripes,32,,22,glcm_entropy,True,23,RQ2,220,292,-0.14130434782608703,-0.14130434782608703
kodim03.png,stripes,32,,22,glcm_homogeneity,True,23,RQ2,221,293,-0.015810276679841806,0.015810276679841806
kodim03.png,stripes,32,,27,sobel_si,True,23,RQ2,222,294,0.0800395256916997,0.0800395256916997
kodim03.png,stripes,32,,27,luma_sd,True,23,RQ2,223,295,0.02667984189723313,0.02667984189723313
kodim03.png,stripes,32,,27,edge_fraction,True,23,RQ2,224,296,-0.06521739130434778,-0.06521739130434778
kodim03.png,stripes,32,,27,glcm_contrast,True,23,RQ2,225,297,0.08498023715415015,0.08498023715415015
kodim03.png,stripes,32,,27,glcm_entropy,True,23,RQ2,226,298,-0.13537549407114613,-0.13537549407114613
kodim03.png,stripes,32,,27,glcm_homogeneity,True,23,RQ2,227,299,-0.02371541501976293,0.02371541501976293
kodim03.png,stripes,32,,32,sobel_si,True,23,RQ2,228,300,0.00988142292490135,0.00988142292490135
kodim03.png,stripes,32,,32,luma_sd,True,23,RQ2,229,301,0.0019762845849802257,0.0019762845849802257
kodim03.png,stripes,32,,32,edge_fraction,True,23,RQ2,230,302,-0.0968379446640315,-0.0968379446640315
kodim03.png,stripes,32,,32,glcm_contrast,True,23,RQ2,231,303,0.03458498023715406,0.03458498023715406
kodim03.png,stripes,32,,32,glcm_entropy,True,23,RQ2,232,304,-0.1264822134387351,-0.1264822134387351
kodim03.png,stripes,32,,32,glcm_homogeneity,True,23,RQ2,233,305,0.01383399209486158,-0.01383399209486158
kodim03.png,stripes,32,,37,sobel_si,True,23,RQ2,234,306,0.019762845849802257,0.019762845849802257
kodim03.png,stripes,32,,37,luma_sd,True,23,RQ2,235,307,0.05632411067193682,0.05632411067193682
kodim03.png,stripes,32,,37,edge_fraction,True,23,RQ2,236,308,-0.11660079051383387,-0.11660079051383387
kodim03.png,stripes,32,,37,glcm_contrast,True,23,RQ2,237,309,0.018774703557312478,0.018774703557312478
kodim03.png,stripes,32,,37,glcm_entropy,True,23,RQ2,238,310,-0.11067193675889309,-0.11067193675889309
kodim03.png,stripes,32,,37,glcm_homogeneity,True,23,RQ2,239,311,0.024703557312252822,-0.024703557312252822
kodim04.png,awgn,5,20260811,22,sobel_si,True,23,RQ2,216,0,0.07015810276679857,0.07015810276679857
kodim04.png,awgn,5,20260811,22,luma_sd,True,23,RQ2,217,1,-0.06324110671936756,-0.06324110671936756
kodim04.png,awgn,5,20260811,22,edge_fraction,True,23,RQ2,218,2,0.05335968379446643,0.05335968379446643
kodim04.png,awgn,5,20260811,22,glcm_contrast,True,23,RQ2,219,3,0.08794466403162049,0.08794466403162049
kodim04.png,awgn,5,20260811,22,glcm_entropy,True,23,RQ2,220,4,-0.038537549407114735,-0.038537549407114735
kodim04.png,awgn,5,20260811,22,glcm_homogeneity,True,23,RQ2,221,5,-0.02667984189723338,0.02667984189723338
kodim04.png,awgn,5,20260811,27,sobel_si,True,23,RQ2,222,6,-0.016650191521276003,-0.016650191521276003
kodim04.png,awgn,5,20260811,27,luma_sd,True,23,RQ2,223,7,-0.08842786842074536,-0.08842786842074536
kodim04.png,awgn,5,20260811,27,edge_fraction,True,23,RQ2,224,8,0.026887164971280297,0.026887164971280297
kodim04.png,awgn,5,20260811,27,glcm_contrast,True,23,RQ2,225,9,0.04069136505785731,0.04069136505785731
kodim04.png,awgn,5,20260811,27,glcm_entropy,True,23,RQ2,226,10,-0.04627932009504798,-0.04627932009504798
kodim04.png,awgn,5,20260811,27,glcm_homogeneity,True,23,RQ2,227,11,-0.0021618741447868572,0.0021618741447868572
kodim04.png,awgn,5,20260811,32,sobel_si,True,23,RQ2,228,12,0.012845849802371578,0.012845849802371578
kodim04.png,awgn,5,20260811,32,luma_sd,True,23,RQ2,229,13,0.008893280632411071,0.008893280632411071
kodim04.png,awgn,5,20260811,32,edge_fraction,True,23,RQ2,230,14,0.004940711462450675,0.004940711462450675
kodim04.png,awgn,5,20260811,32,glcm_contrast,True,23,RQ2,231,15,0.02075098814229248,0.02075098814229248
kodim04.png,awgn,5,20260811,32,glcm_entropy,True,23,RQ2,232,16,-0.06126482213438722,-0.06126482213438722
kodim04.png,awgn,5,20260811,32,glcm_homogeneity,True,23,RQ2,233,17,0.00988142292490124,-0.00988142292490124
kodim04.png,awgn,5,20260811,37,sobel_si,True,23,RQ2,234,18,0.01086956521739113,0.01086956521739113
kodim04.png,awgn,5,20260811,37,luma_sd,True,23,RQ2,235,19,-0.0019762845849802257,-0.0019762845849802257
kodim04.png,awgn,5,20260811,37,edge_fraction,True,23,RQ2,236,20,-0.01383399209486158,-0.01383399209486158
kodim04.png,awgn,5,20260811,37,glcm_contrast,True,23,RQ2,237,21,0.010869565217391353,0.010869565217391353
kodim04.png,awgn,5,20260811,37,glcm_entropy,True,23,RQ2,238,22,-0.055335968379446654,-0.055335968379446654
kodim04.png,awgn,5,20260811,37,glcm_homogeneity,True,23,RQ2,239,23,0.012845849802371578,-0.012845849802371578
kodim04.png,awgn,15,20260811,22,sobel_si,True,23,RQ2,216,72,0.29467445882647014,0.29467445882647014
kodim04.png,awgn,15,20260811,22,luma_sd,True,23,RQ2,217,73,0.34546452089489366,0.34546452089489366
kodim04.png,awgn,15,20260811,22,edge_fraction,True,23,RQ2,218,74,-0.009197244578249109,-0.009197244578249109
kodim04.png,awgn,15,20260811,22,glcm_contrast,True,23,RQ2,219,75,0.0525397930897481,0.0525397930897481
kodim04.png,awgn,15,20260811,22,glcm_entropy,True,23,RQ2,220,76,-0.12288977347613328,-0.12288977347613328
kodim04.png,awgn,15,20260811,22,glcm_homogeneity,True,23,RQ2,221,77,0.02502852218196394,-0.02502852218196394
kodim04.png,awgn,15,20260811,27,sobel_si,True,23,RQ2,222,78,0.19565217391304346,0.19565217391304346
kodim04.png,awgn,15,20260811,27,luma_sd,True,23,RQ2,223,79,0.25,0.25
kodim04.png,awgn,15,20260811,27,edge_fraction,True,23,RQ2,224,80,0.0019762845849803368,0.0019762845849803368
kodim04.png,awgn,15,20260811,27,glcm_contrast,True,23,RQ2,225,81,0.04743083003952575,0.04743083003952575
kodim04.png,awgn,15,20260811,27,glcm_entropy,True,23,RQ2,226,82,-0.15810276679841895,-0.15810276679841895
kodim04.png,awgn,15,20260811,27,glcm_homogeneity,True,23,RQ2,227,83,0.02766798418972327,-0.02766798418972327
kodim04.png,awgn,15,20260811,32,sobel_si,True,23,RQ2,228,84,0.11660079051383399,0.11660079051383399
kodim04.png,awgn,15,20260811,32,luma_sd,True,23,RQ2,229,85,0.06916996047430835,0.06916996047430835
kodim04.png,awgn,15,20260811,32,edge_fraction,True,23,RQ2,230,86,2.220446049250313e-16,2.220446049250313e-16
kodim04.png,awgn,15,20260811,32,glcm_contrast,True,23,RQ2,231,87,0.04150197628458496,0.04150197628458496
kodim04.png,awgn,15,20260811,32,glcm_entropy,True,23,RQ2,232,88,-0.18972332015810278,-0.18972332015810278
kodim04.png,awgn,15,20260811,32,glcm_homogeneity,True,23,RQ2,233,89,0.00988142292490135,-0.00988142292490135
kodim04.png,awgn,15,20260811,37,sobel_si,True,23,RQ2,234,90,-0.06027667984189722,-0.06027667984189722
kodim04.png,awgn,15,20260811,37,luma_sd,True,23,RQ2,235,91,-0.14130434782608692,-0.14130434782608692
kodim04.png,awgn,15,20260811,37,edge_fraction,True,23,RQ2,236,92,0.005928853754940899,0.005928853754940899
kodim04.png,awgn,15,20260811,37,glcm_contrast,True,23,RQ2,237,93,-0.005928853754940788,-0.005928853754940788
kodim04.png,awgn,15,20260811,37,glcm_entropy,True,23,RQ2,238,94,-0.26284584980237147,-0.26284584980237147
kodim04.png,awgn,15,20260811,37,glcm_homogeneity,True,23,RQ2,239,95,0.029644268774703608,-0.029644268774703608
kodim04.png,awgn,30,20260811,22,sobel_si,True,23,RQ2,216,144,0.1543235773488041,0.1543235773488041
kodim04.png,awgn,30,20260811,22,luma_sd,True,23,RQ2,217,145,0.5905843702361693,0.5905843702361693
kodim04.png,awgn,30,20260811,22,edge_fraction,True,23,RQ2,218,146,-0.5038846824625576,-0.5038846824625576
kodim04.png,awgn,30,20260811,22,glcm_contrast,True,23,RQ2,219,147,-0.3373786769309505,-0.3373786769309505
kodim04.png,awgn,30,20260811,22,glcm_entropy,True,23,RQ2,220,148,-0.5251630746128235,-0.5251630746128235
kodim04.png,awgn,30,20260811,22,glcm_homogeneity,True,23,RQ2,221,149,0.8285867379660654,-0.8285867379660654
kodim04.png,awgn,30,20260811,27,sobel_si,True,23,RQ2,222,150,0.10869565217391308,0.10869565217391308
kodim04.png,awgn,30,20260811,27,luma_sd,True,23,RQ2,223,151,0.3913043478260869,0.3913043478260869
kodim04.png,awgn,30,20260811,27,edge_fraction,True,23,RQ2,224,152,-0.3507905138339921,-0.3507905138339921
kodim04.png,awgn,30,20260811,27,glcm_contrast,True,23,RQ2,225,153,-0.24407114624505916,-0.24407114624505916
kodim04.png,awgn,30,20260811,27,glcm_entropy,True,23,RQ2,226,154,-0.49604743083003944,-0.49604743083003944
kodim04.png,awgn,30,20260811,27,glcm_homogeneity,True,23,RQ2,227,155,0.6669960474308299,-0.6669960474308299
kodim04.png,awgn,30,20260811,32,sobel_si,True,23,RQ2,228,156,0.04940711462450598,0.04940711462450598
kodim04.png,awgn,30,20260811,32,luma_sd,True,23,RQ2,229,157,0.4199604743083004,0.4199604743083004
kodim04.png,awgn,30,20260811,32,edge_fraction,True,23,RQ2,230,158,-0.41798418972332,-0.41798418972332
kodim04.png,awgn,30,20260811,32,glcm_contrast,True,23,RQ2,231,159,-0.29743083003952575,-0.29743083003952575
kodim04.png,awgn,30,20260811,32,glcm_entropy,True,23,RQ2,232,160,-0.48814229249011853,-0.48814229249011853
kodim04.png,awgn,30,20260811,32,glcm_homogeneity,True,23,RQ2,233,161,0.7588932806324111,-0.7588932806324111
kodim04.png,awgn,30,20260811,37,sobel_si,True,23,RQ2,234,162,-0.04743083003952586,-0.04743083003952586
kodim04.png,awgn,30,20260811,37,luma_sd,True,23,RQ2,235,163,0.0958498023715415,0.0958498023715415
kodim04.png,awgn,30,20260811,37,edge_fraction,True,23,RQ2,236,164,-0.24604743083003933,-0.24604743083003933
kodim04.png,awgn,30,20260811,37,glcm_contrast,True,23,RQ2,237,165,-0.19565217391304335,-0.19565217391304335
kodim04.png,awgn,30,20260811,37,glcm_entropy,True,23,RQ2,238,166,-0.4199604743083002,-0.4199604743083002
kodim04.png,awgn,30,20260811,37,glcm_homogeneity,True,23,RQ2,239,167,0.5662055335968379,-0.5662055335968379
kodim04.png,clean,0,,22,luma_sd,True,23,RQ1,216,217,-0.45256916996047425,-0.45256916996047425
kodim04.png,clean,0,,22,edge_fraction,True,23,RQ1,216,218,0.23122529644268774,0.23122529644268774
kodim04.png,clean,0,,22,glcm_contrast,True,23,RQ1,216,219,0.08102766798418981,0.08102766798418981
kodim04.png,clean,0,,22,glcm_entropy,True,23,RQ1,216,220,0.11758893280632421,0.11758893280632421
kodim04.png,clean,0,,22,glcm_homogeneity,True,23,RQ1,216,221,-1.2569169960474307,0.1620553359683795
kodim04.png,clean,0,,27,luma_sd,True,23,RQ1,222,223,-0.4841897233201581,-0.4841897233201581
kodim04.png,clean,0,,27,edge_fraction,True,23,RQ1,222,224,0.19565217391304346,0.19565217391304346
kodim04.png,clean,0,,27,glcm_contrast,True,23,RQ1,222,225,0.06126482213438722,0.06126482213438722
kodim04.png,clean,0,,27,glcm_entropy,True,23,RQ1,222,226,0.09090909090909083,0.09090909090909083
kodim04.png,clean,0,,27,glcm_homogeneity,True,23,RQ1,222,227,-1.3656126482213438,0.1324110671936758
kodim04.png,clean,0,,32,luma_sd,True,23,RQ1,228,229,-0.567193675889328,-0.567193675889328
kodim04.png,clean,0,,32,edge_fraction,True,23,RQ1,228,230,0.17193675889328053,0.17193675889328053
kodim04.png,clean,0,,32,glcm_contrast,True,23,RQ1,228,231,0.05632411067193677,0.05632411067193677
kodim04.png,clean,0,,32,glcm_entropy,True,23,RQ1,228,232,0.05434782608695643,0.05434782608695643
kodim04.png,clean,0,,32,glcm_homogeneity,True,23,RQ1,228,233,-1.5217391304347827,0.11462450592885387
kodim04.png,clean,0,,37,luma_sd,True,23,RQ1,234,235,-0.6067193675889331,-0.6067193675889331
kodim04.png,clean,0,,37,edge_fraction,True,23,RQ1,234,236,0.12944664031620512,0.12944664031620512
kodim04.png,clean,0,,37,glcm_contrast,True,23,RQ1,234,237,0.046442687747035305,0.046442687747035305
kodim04.png,clean,0,,37,glcm_entropy,True,23,RQ1,234,238,0.006916996047430457,0.006916996047430457
kodim04.png,clean,0,,37,glcm_homogeneity,True,23,RQ1,234,239,-1.6284584980237156,0.0750988142292488
kodim04.png,stripes,8,,22,sobel_si,True,23,RQ2,216,240,0.05434782608695654,0.05434782608695654
kodim04.png,stripes,8,,22,luma_sd,True,23,RQ2,217,241,0.010869565217391325,0.010869565217391325
kodim04.png,stripes,8,,22,edge_fraction,True,23,RQ2,218,242,0.04051383399209485,0.04051383399209485
kodim04.png,stripes,8,,22,glcm_contrast,True,23,RQ2,219,243,0.029644268774703497,0.029644268774703497
kodim04.png,stripes,8,,22,glcm_entropy,True,23,RQ2,220,244,-0.005928853754940788,-0.005928853754940788
kodim04.png,stripes,8,,22,glcm_homogeneity,True,23,RQ2,221,245,-0.00691699604743079,0.00691699604743079
kodim04.png,stripes,8,,27,sobel_si,True,23,RQ2,222,246,0.04644268774703564,0.04644268774703564
kodim04.png,stripes,8,,27,luma_sd,True,23,RQ2,223,247,0.011857707509881438,0.011857707509881438
kodim04.png,stripes,8,,27,edge_fraction,True,23,RQ2,224,248,0.029644268774703386,0.029644268774703386
kodim04.png,stripes,8,,27,glcm_contrast,True,23,RQ2,225,249,0.018774703557312478,0.018774703557312478
kodim04.png,stripes,8,,27,glcm_entropy,True,23,RQ2,226,250,-0.022727272727272596,-0.022727272727272596
kodim04.png,stripes,8,,27,glcm_homogeneity,True,23,RQ2,227,251,-0.004940711462450564,0.004940711462450564
kodim04.png,stripes,8,,32,sobel_si,True,23,RQ2,228,252,-0.004940711462450453,-0.004940711462450453
kodim04.png,stripes,8,,32,luma_sd,True,23,RQ2,229,253,0.021739130434782594,0.021739130434782594
kodim04.png,stripes,8,,32,edge_fraction,True,23,RQ2,230,254,1.1102230246251565e-16,1.1102230246251565e-16
kodim04.png,stripes,8,,32,glcm_contrast,True,23,RQ2,231,255,-0.01778656126482203,-0.01778656126482203
kodim04.png,stripes,8,,32,glcm_entropy,True,23,RQ2,232,256,-0.02766798418972316,-0.02766798418972316
kodim04.png,stripes,8,,32,glcm_homogeneity,True,23,RQ2,233,257,0.01679841897233214,-0.01679841897233214
kodim04.png,stripes,8,,37,sobel_si,True,23,RQ2,234,258,0.011857707509881354,0.011857707509881354
kodim04.png,stripes,8,,37,luma_sd,True,23,RQ2,235,259,0.008893280632411127,0.008893280632411127
kodim04.png,stripes,8,,37,edge_fraction,True,23,RQ2,236,260,0.000988142292490335,0.000988142292490335
kodim04.png,stripes,8,,37,glcm_contrast,True,23,RQ2,237,261,0.0019762845849802257,0.0019762845849802257
kodim04.png,stripes,8,,37,glcm_entropy,True,23,RQ2,238,262,0.020750988142292592,0.020750988142292592
kodim04.png,stripes,8,,37,glcm_homogeneity,True,23,RQ2,239,263,-0.017786561264822254,0.017786561264822254
kodim04.png,stripes,16,,22,sobel_si,True,23,RQ2,216,264,0.009881422924901129,0.009881422924901129
kodim04.png,stripes,16,,22,luma_sd,True,23,RQ2,217,265,0.03359683794466403,0.03359683794466403
kodim04.png,stripes,16,,22,edge_fraction,True,23,RQ2,218,266,0.04743083003952575,0.04743083003952575
kodim04.png,stripes,16,,22,glcm_contrast,True,23,RQ2,219,267,0.03162055335968372,0.03162055335968372
kodim04.png,stripes,16,,22,glcm_entropy,True,23,RQ2,220,268,-0.052371541501976315,-0.052371541501976315
kodim04.png,stripes,16,,22,glcm_homogeneity,True,23,RQ2,221,269,-0.062252964426877555,0.062252964426877555
kodim04.png,stripes,16,,27,sobel_si,True,23,RQ2,222,270,-0.0009881422924901129,-0.0009881422924901129
kodim04.png,stripes,16,,27,luma_sd,True,23,RQ2,223,271,-0.03162055335968372,-0.03162055335968372
kodim04.png,stripes,16,,27,edge_fraction,True,23,RQ2,224,272,0.06324110671936778,0.06324110671936778
kodim04.png,stripes,16,,27,glcm_contrast,True,23,RQ2,225,273,0.04940711462450609,0.04940711462450609
kodim04.png,stripes,16,,27,glcm_entropy,True,23,RQ2,226,274,-0.029644268774703497,-0.029644268774703497
kodim04.png,stripes,16,,27,glcm_homogeneity,True,23,RQ2,227,275,-0.07015810276679846,0.07015810276679846
kodim04.png,stripes,16,,32,sobel_si,True,23,RQ2,228,276,0.0039525691699606735,0.0039525691699606735
kodim04.png,stripes,16,,32,luma_sd,True,23,RQ2,229,277,0.010869565217391353,0.010869565217391353
kodim04.png,stripes,16,,32,edge_fraction,True,23,RQ2,230,278,0.010869565217391575,0.010869565217391575
kodim04.png,stripes,16,,32,glcm_contrast,True,23,RQ2,231,279,0.010869565217391242,0.010869565217391242
kodim04.png,stripes,16,,32,glcm_entropy,True,23,RQ2,232,280,-0.04841897233201553,-0.04841897233201553
kodim04.png,stripes,16,,32,glcm_homogeneity,True,23,RQ2,233,281,-0.006916996047430679,0.006916996047430679
kodim04.png,stripes,16,,37,sobel_si,True,23,RQ2,234,282,0.032608695652173836,0.032608695652173836
kodim04.png,stripes,16,,37,luma_sd,True,23,RQ2,235,283,0.01976284584980237,0.01976284584980237
kodim04.png,stripes,16,,37,edge_fraction,True,23,RQ2,236,284,-0.006916996047430568,-0.006916996047430568
kodim04.png,stripes,16,,37,glcm_contrast,True,23,RQ2,237,285,0.019762845849802257,0.019762845849802257
kodim04.png,stripes,16,,37,glcm_entropy,True,23,RQ2,238,286,-0.005928853754940344,-0.005928853754940344
kodim04.png,stripes,16,,37,glcm_homogeneity,True,23,RQ2,239,287,-0.004940711462450675,0.004940711462450675
kodim04.png,stripes,32,,22,sobel_si,True,23,RQ2,216,288,0.03260869565217406,0.03260869565217406
kodim04.png,stripes,32,,22,luma_sd,True,23,RQ2,217,289,0.030632411067193693,0.030632411067193693
kodim04.png,stripes,32,,22,edge_fraction,True,23,RQ2,218,290,-0.03952569169960485,-0.03952569169960485
kodim04.png,stripes,32,,22,glcm_contrast,True,23,RQ2,219,291,0.05039525691699598,0.05039525691699598
kodim04.png,stripes,32,,22,glcm_entropy,True,23,RQ2,220,292,-0.13636363636363646,-0.13636363636363646
kodim04.png,stripes,32,,22,glcm_homogeneity,True,23,RQ2,221,293,-0.0444664031620553,0.0444664031620553
kodim04.png,stripes,32,,27,sobel_si,True,23,RQ2,222,294,0.059288537549407216,0.059288537549407216
kodim04.png,stripes,32,,27,luma_sd,True,23,RQ2,223,295,0.0009881422924900851,0.0009881422924900851
kodim04.png,stripes,32,,27,edge_fraction,True,23,RQ2,224,296,-0.017786561264822254,-0.017786561264822254
kodim04.png,stripes,32,,27,glcm_contrast,True,23,RQ2,225,297,0.07707509881422947,0.07707509881422947
kodim04.png,stripes,32,,27,glcm_entropy,True,23,RQ2,226,298,-0.14328063241106703,-0.14328063241106703
kodim04.png,stripes,32,,27,glcm_homogeneity,True,23,RQ2,227,299,-0.04940711462450598,0.04940711462450598
kodim04.png,stripes,32,,32,sobel_si,True,23,RQ2,228,300,0.0029644268774704496,0.0029644268774704496
kodim04.png,stripes,32,,32,luma_sd,True,23,RQ2,229,301,0.009881422924901184,0.009881422924901184
kodim04.png,stripes,32,,32,edge_fraction,True,23,RQ2,230,302,-0.05533596837944654,-0.05533596837944654
kodim04.png,stripes,32,,32,glcm_contrast,True,23,RQ2,231,303,0.028656126482213384,0.028656126482213384
kodim04.png,stripes,32,,32,glcm_entropy,True,23,RQ2,232,304,-0.15909090909090895,-0.15909090909090895
kodim04.png,stripes,32,,32,glcm_homogeneity,True,23,RQ2,233,305,0.0029644268774705607,-0.0029644268774705607
kodim04.png,stripes,32,,37,sobel_si,True,23,RQ2,234,306,0.007905138339920903,0.007905138339920903
kodim04.png,stripes,32,,37,luma_sd,True,23,RQ2,235,307,0.043478260869565244,0.043478260869565244
kodim04.png,stripes,32,,37,edge_fraction,True,23,RQ2,236,308,-0.07213438735177846,-0.07213438735177846
kodim04.png,stripes,32,,37,glcm_contrast,True,23,RQ2,237,309,0.020750988142292592,0.020750988142292592
kodim04.png,stripes,32,,37,glcm_entropy,True,23,RQ2,238,310,-0.12450592885375455,-0.12450592885375455
kodim04.png,stripes,32,,37,glcm_homogeneity,True,23,RQ2,239,311,0.009881422924901129,-0.009881422924901129
kodim05.png,awgn,5,20260811,22,sobel_si,True,23,RQ2,216,0,0.08992094861660072,0.08992094861660072
kodim05.png,awgn,5,20260811,22,luma_sd,True,23,RQ2,217,1,-0.019762845849802452,-0.019762845849802452
kodim05.png,awgn,5,20260811,22,edge_fraction,True,23,RQ2,218,2,0.0454545454545453,0.0454545454545453
kodim05.png,awgn,5,20260811,22,glcm_contrast,True,23,RQ2,219,3,0.11264822134387342,0.11264822134387342
kodim05.png,awgn,5,20260811,22,glcm_entropy,True,23,RQ2,220,4,-0.039525691699604626,-0.039525691699604626
kodim05.png,awgn,5,20260811,22,glcm_homogeneity,True,23,RQ2,221,5,-0.021739130434782483,0.021739130434782483
kodim05.png,awgn,5,20260811,27,sobel_si,True,23,RQ2,222,6,-0.010237889180421456,-0.010237889180421456
kodim05.png,awgn,5,20260811,27,luma_sd,True,23,RQ2,223,7,-0.06817498067172004,-0.06817498067172004
kodim05.png,awgn,5,20260811,27,edge_fraction,True,23,RQ2,224,8,0.022437472195209418,0.022437472195209418
kodim05.png,awgn,5,20260811,27,glcm_contrast,True,23,RQ2,225,9,0.06390941227472058,0.06390941227472058
kodim05.png,awgn,5,20260811,27,glcm_entropy,True,23,RQ2,226,10,-0.04184037197770274,-0.04184037197770274
kodim05.png,awgn,5,20260811,27,glcm_homogeneity,True,23,RQ2,227,11,-0.0016620643739950758,0.0016620643739950758
kodim05.png,awgn,5,20260811,32,sobel_si,True,23,RQ2,228,12,0.008893280632411127,0.008893280632411127
kodim05.png,awgn,5,20260811,32,luma_sd,True,23,RQ2,229,13,0.0009881422924901406,0.0009881422924901406
kodim05.png,awgn,5,20260811,32,edge_fraction,True,23,RQ2,230,14,0.009881422924901129,0.009881422924901129
kodim05.png,awgn,5,20260811,32,glcm_contrast,True,23,RQ2,231,15,0.022727272727272818,0.022727272727272818
kodim05.png,awgn,5,20260811,32,glcm_entropy,True,23,RQ2,232,16,-0.04743083003952564,-0.04743083003952564
kodim05.png,awgn,5,20260811,32,glcm_homogeneity,True,23,RQ2,233,17,0.004940711462450564,-0.004940711462450564
kodim05.png,awgn,5,20260811,37,sobel_si,True,23,RQ2,234,18,0.011857707509881354,0.011857707509881354
kodim05.png,awgn,5,20260811,37,luma_sd,True,23,RQ2,235,19,0.0,0.0
kodim05.png,awgn,5,20260811,37,edge_fraction,True,23,RQ2,236,20,-0.010869565217391464,-0.010869565217391464
kodim05.png,awgn,5,20260811,37,glcm_contrast,True,23,RQ2,237,21,0.01383399209486158,0.01383399209486158
kodim05.png,awgn,5,20260811,37,glcm_entropy,True,23,RQ2,238,22,-0.03952569169960474,-0.03952569169960474
kodim05.png,awgn,5,20260811,37,glcm_homogeneity,True,23,RQ2,239,23,0.004940711462450453,-0.004940711462450453
kodim05.png,awgn,15,20260811,22,sobel_si,True,23,RQ2,216,72,0.3322199587924669,0.3322199587924669
kodim05.png,awgn,15,20260811,22,luma_sd,True,23,RQ2,217,73,0.3864730365252066,0.3864730365252066
kodim05.png,awgn,15,20260811,22,edge_fraction,True,23,RQ2,218,74,-0.030944921900654343,-0.030944921900654343
kodim05.png,awgn,15,20260811,22,glcm_contrast,True,23,RQ2,219,75,0.05104720128747109,0.05104720128747109
kodim05.png,awgn,15,20260811,22,glcm_entropy,True,23,RQ2,220,76,-0.13673621960724497,-0.13673621960724497
kodim05.png,awgn,15,20260811,22,glcm_homogeneity,True,23,RQ2,221,77,0.04084929932374204,-0.04084929932374204
kodim05.png,awgn,15,20260811,27,sobel_si,True,23,RQ2,222,78,0.23814229249011842,0.23814229249011842
kodim05.png,awgn,15,20260811,27,luma_sd,True,23,RQ2,223,79,0.30632411067193677,0.30632411067193677
kodim05.png,awgn,15,20260811,27,edge_fraction,True,23,RQ2,224,80,-0.03063241106719372,-0.03063241106719372
kodim05.png,awgn,15,20260811,27,glcm_contrast,True,23,RQ2,225,81,0.04940711462450609,0.04940711462450609
kodim05.png,awgn,15,20260811,27,glcm_entropy,True,23,RQ2,226,82,-0.16699604743083007,-0.16699604743083007
kodim05.png,awgn,15,20260811,27,glcm_homogeneity,True,23,RQ2,227,83,0.045454545454545414,-0.045454545454545414
kodim05.png,awgn,15,20260811,32,sobel_si,True,23,RQ2,228,84,0.1393280632411067,0.1393280632411067
kodim05.png,awgn,15,20260811,32,luma_sd,True,23,RQ2,229,85,0.09387351778656125,0.09387351778656125
kodim05.png,awgn,15,20260811,32,edge_fraction,True,23,RQ2,230,86,-0.021739130434782594,-0.021739130434782594
kodim05.png,awgn,15,20260811,32,glcm_contrast,True,23,RQ2,231,87,0.0365612648221344,0.0365612648221344
kodim05.png,awgn,15,20260811,32,glcm_entropy,True,23,RQ2,232,88,-0.17984189723320154,-0.17984189723320154
kodim05.png,awgn,15,20260811,32,glcm_homogeneity,True,23,RQ2,233,89,0.01679841897233203,-0.01679841897233203
kodim05.png,awgn,15,20260811,37,sobel_si,True,23,RQ2,234,90,-0.07213438735177857,-0.07213438735177857
kodim05.png,awgn,15,20260811,37,luma_sd,True,23,RQ2,235,91,-0.14229249011857706,-0.14229249011857706
kodim05.png,awgn,15,20260811,37,edge_fraction,True,23,RQ2,236,92,0.0009881422924900019,0.0009881422924900019
kodim05.png,awgn,15,20260811,37,glcm_contrast,True,23,RQ2,237,93,-0.0029644268774701166,-0.0029644268774701166
kodim05.png,awgn,15,20260811,37,glcm_entropy,True,23,RQ2,238,94,-0.2569169960474309,-0.2569169960474309
kodim05.png,awgn,15,20260811,37,glcm_homogeneity,True,23,RQ2,239,95,0.021739130434782705,-0.021739130434782705
kodim05.png,awgn,30,20260811,22,sobel_si,True,23,RQ2,216,144,0.20274132869687367,0.20274132869687367
kodim05.png,awgn,30,20260811,22,luma_sd,True,23,RQ2,217,145,0.6340638520896807,0.6340638520896807
kodim05.png,awgn,30,20260811,22,edge_fraction,True,23,RQ2,218,146,-0.5676387855793347,-0.5676387855793347
kodim05.png,awgn,30,20260811,22,glcm_contrast,True,23,RQ2,219,147,-0.35765061202953485,-0.35765061202953485
kodim05.png,awgn,30,20260811,22,glcm_entropy,True,23,RQ2,220,148,-0.43325216639104613,-0.43325216639104613
kodim05.png,awgn,30,20260811,22,glcm_homogeneity,True,23,RQ2,221,149,0.8399597759060865,-0.8399597759060865
kodim05.png,awgn,30,20260811,27,sobel_si,True,23,RQ2,222,150,0.14920948616600782,0.14920948616600782
kodim05.png,awgn,30,20260811,27,luma_sd,True,23,RQ2,223,151,0.4100790513833993,0.4100790513833993
kodim05.png,awgn,30,20260811,27,edge_fraction,True,23,RQ2,224,152,-0.3972332015810277,-0.3972332015810277
kodim05.png,awgn,30,20260811,27,glcm_contrast,True,23,RQ2,225,153,-0.24901185770750983,-0.24901185770750983
kodim05.png,awgn,30,20260811,27,glcm_entropy,True,23,RQ2,226,154,-0.4021739130434782,-0.4021739130434782
kodim05.png,awgn,30,20260811,27,glcm_homogeneity,True,23,RQ2,227,155,0.6679841897233201,-0.6679841897233201
kodim05.png,awgn,30,20260811,32,sobel_si,True,23,RQ2,228,156,0.07806324110671925,0.07806324110671925
kodim05.png,awgn,30,20260811,32,luma_sd,True,23,RQ2,229,157,0.4110671936758893,0.4110671936758893
kodim05.png,awgn,30,20260811,32,edge_fraction,True,23,RQ2,230,158,-0.4545454545454545,-0.4545454545454545
kodim05.png,awgn,30,20260811,32,glcm_contrast,True,23,RQ2,231,159,-0.317193675889328,-0.317193675889328
kodim05.png,awgn,30,20260811,32,glcm_entropy,True,23,RQ2,232,160,-0.3873517786561264,-0.3873517786561264
kodim05.png,awgn,30,20260811,32,glcm_homogeneity,True,23,RQ2,233,161,0.7579051383399208,-0.7579051383399208
kodim05.png,awgn,30,20260811,37,sobel_si,True,23,RQ2,234,162,-0.05731225296442677,-0.05731225296442677
kodim05.png,awgn,30,20260811,37,luma_sd,True,23,RQ2,235,163,0.06916996047430832,0.06916996047430832
kodim05.png,awgn,30,20260811,37,edge_fraction,True,23,RQ2,236,164,-0.2776679841897235,-0.2776679841897235
kodim05.png,awgn,30,20260811,37,glcm_contrast,True,23,RQ2,237,165,-0.22332015810276684,-0.22332015810276684
kodim05.png,awgn,30,20260811,37,glcm_entropy,True,23,RQ2,238,166,-0.3181818181818183,-0.3181818181818183
kodim05.png,awgn,30,20260811,37,glcm_homogeneity,True,23,RQ2,239,167,0.5662055335968379,-0.5662055335968379
kodim05.png,clean,0,,22,luma_sd,True,23,RQ1,216,217,-0.4377470355731225,-0.4377470355731225
kodim05.png,clean,0,,22,edge_fraction,True,23,RQ1,216,218,0.2717391304347826,0.2717391304347826
kodim05.png,clean,0,,22,glcm_contrast,True,23,RQ1,216,219,0.09387351778656128,0.09387351778656128
kodim05.png,clean,0,,22,glcm_entropy,True,23,RQ1,216,220,0.13438735177865602,0.13438735177865602
kodim05.png,clean,0,,22,glcm_homogeneity,True,23,RQ1,216,221,-1.1768774703557312,0.18873517786561256
kodim05.png,clean,0,,27,luma_sd,True,23,RQ1,222,223,-0.4713438735177866,-0.4713438735177866
kodim05.png,clean,0,,27,edge_fraction,True,23,RQ1,222,224,0.23715415019762842,0.23715415019762842
kodim05.png,clean,0,,27,glcm_contrast,True,23,RQ1,222,225,0.0741106719367588,0.0741106719367588
kodim05.png,clean,0,,27,glcm_entropy,True,23,RQ1,222,226,0.10474308300395241,0.10474308300395241
kodim05.png,clean,0,,27,glcm_homogeneity,True,23,RQ1,222,227,-1.2934782608695652,0.15909090909090895
kodim05.png,clean,0,,32,luma_sd,True,23,RQ1,228,229,-0.5247035573122529,-0.5247035573122529
kodim05.png,clean,0,,32,edge_fraction,True,23,RQ1,228,230,0.183794466403162,0.183794466403162
kodim05.png,clean,0,,32,glcm_contrast,True,23,RQ1,228,231,0.06422924901185767,0.06422924901185767
kodim05.png,clean,0,,32,glcm_entropy,True,23,RQ1,228,232,0.04051383399209474,0.04051383399209474
kodim05.png,clean,0,,32,glcm_homogeneity,True,23,RQ1,228,233,-1.4565217391304346,0.11462450592885365
kodim05.png,clean,0,,37,luma_sd,True,23,RQ1,234,235,-0.5810276679841897,-0.5810276679841897
kodim05.png,clean,0,,37,edge_fraction,True,23,RQ1,234,236,0.13537549407114635,0.13537549407114635
kodim05.png,clean,0,,37,glcm_contrast,True,23,RQ1,234,237,0.05632411067193677,0.05632411067193677
kodim05.png,clean,0,,37,glcm_entropy,True,23,RQ1,234,238,-0.014822134387351693,-0.014822134387351693
kodim05.png,clean,0,,37,glcm_homogeneity,True,23,RQ1,234,239,-1.5770750988142292,0.06916996047430835
kodim05.png,stripes,8,,22,sobel_si,True,23,RQ2,216,240,0.059288537549407105,0.059288537549407105
kodim05.png,stripes,8,,22,luma_sd,True,23,RQ2,217,241,0.022727272727272686,0.022727272727272686
kodim05.png,stripes,8,,22,edge_fraction,True,23,RQ2,218,242,0.03754940711462451,0.03754940711462451
kodim05.png,stripes,8,,22,glcm_contrast,True,23,RQ2,219,243,0.0306324110671935,0.0306324110671935
kodim05.png,stripes,8,,22,glcm_entropy,True,23,RQ2,220,244,0.0,0.0
kodim05.png,stripes,8,,22,glcm_homogeneity,True,23,RQ2,221,245,-0.004940711462450675,0.004940711462450675
kodim05.png,stripes,8,,27,sobel_si,True,23,RQ2,222,246,0.06027667984189733,0.06027667984189733
kodim05.png,stripes,8,,27,luma_sd,True,23,RQ2,223,247,0.05434782608695654,0.05434782608695654
kodim05.png,stripes,8,,27,edge_fraction,True,23,RQ2,224,248,0.012845849802371467,0.012845849802371467
kodim05.png,stripes,8,,27,glcm_contrast,True,23,RQ2,225,249,0.02964426877470372,0.02964426877470372
kodim05.png,stripes,8,,27,glcm_entropy,True,23,RQ2,226,250,-0.019762845849802257,-0.019762845849802257
kodim05.png,stripes,8,,27,glcm_homogeneity,True,23,RQ2,227,251,0.01086956521739102,-0.01086956521739102
kodim05.png,stripes,8,,32,sobel_si,True,23,RQ2,228,252,0.0039525691699604515,0.0039525691699604515
kodim05.png,stripes,8,,32,luma_sd,True,23,RQ2,229,253,0.021739130434782622,0.021739130434782622
kodim05.png,stripes,8,,32,edge_fraction,True,23,RQ2,230,254,-0.0039525691699605625,-0.0039525691699605625
kodim05.png,stripes,8,,32,glcm_contrast,True,23,RQ2,231,255,-0.008893280632410905,-0.008893280632410905
kodim05.png,stripes,8,,32,glcm_entropy,True,23,RQ2,232,256,-0.011857707509881243,-0.011857707509881243
kodim05.png,stripes,8,,32,glcm_homogeneity,True,23,RQ2,233,257,0.02075098814229248,-0.02075098814229248
kodim05.png,stripes,8,,37,sobel_si,True,23,RQ2,234,258,0.022727272727272707,0.022727272727272707
kodim05.png,stripes,8,,37,luma_sd,True,23,RQ2,235,259,0.03853754940711468,0.03853754940711468
kodim05.png,stripes,8,,37,edge_fraction,True,23,RQ2,236,260,-0.007905138339921125,-0.007905138339921125
kodim05.png,stripes,8,,37,glcm_contrast,True,23,RQ2,237,261,0.007905138339921014,0.007905138339921014
kodim05.png,stripes,8,,37,glcm_entropy,True,23,RQ2,238,262,0.04347826086956519,0.04347826086956519
kodim05.png,stripes,8,,37,glcm_homogeneity,True,23,RQ2,239,263,-0.008893280632411127,0.008893280632411127
kodim05.png,stripes,16,,22,sobel_si,True,23,RQ2,216,264,0.024703557312252933,0.024703557312252933
kodim05.png,stripes,16,,22,luma_sd,True,23,RQ2,217,265,0.075098814229249,0.075098814229249
kodim05.png,stripes,16,,22,edge_fraction,True,23,RQ2,218,266,0.03458498023715406,0.03458498023715406
kodim05.png,stripes,16,,22,glcm_contrast,True,23,RQ2,219,267,0.05830039525691699,0.05830039525691699
kodim05.png,stripes,16,,22,glcm_entropy,True,23,RQ2,220,268,-0.05434782608695654,-0.05434782608695654
kodim05.png,stripes,16,,22,glcm_homogeneity,True,23,RQ2,221,269,-0.06027667984189711,0.06027667984189711
kodim05.png,stripes,16,,27,sobel_si,True,23,RQ2,222,270,0.021739130434782594,0.021739130434782594
kodim05.png,stripes,16,,27,luma_sd,True,23,RQ2,223,271,0.016798418972332085,0.016798418972332085
kodim05.png,stripes,16,,27,edge_fraction,True,23,RQ2,224,272,0.049407114624505755,0.049407114624505755
kodim05.png,stripes,16,,27,glcm_contrast,True,23,RQ2,225,273,0.07905138339920947,0.07905138339920947
kodim05.png,stripes,16,,27,glcm_entropy,True,23,RQ2,226,274,-0.022727272727272707,-0.022727272727272707
kodim05.png,stripes,16,,27,glcm_homogeneity,True,23,RQ2,227,275,-0.07015810276679846,0.07015810276679846
kodim05.png,stripes,16,,32,sobel_si,True,23,RQ2,228,276,0.01383399209486158,0.01383399209486158
kodim05.png,stripes,16,,32,luma_sd,True,23,RQ2,229,277,0.011857707509881438,0.011857707509881438
kodim05.png,stripes,16,,32,edge_fraction,True,23,RQ2,230,278,0.007905138339920903,0.007905138339920903
kodim05.png,stripes,16,,32,glcm_contrast,True,23,RQ2,231,279,0.028656126482213495,0.028656126482213495
kodim05.png,stripes,16,,32,glcm_entropy,True,23,RQ2,232,280,-0.029644268774703275,-0.029644268774703275
kodim05.png,stripes,16,,32,glcm_homogeneity,True,23,RQ2,233,281,-0.014822134387351915,0.014822134387351915
kodim05.png,stripes,16,,37,sobel_si,True,23,RQ2,234,282,0.04446640316205541,0.04446640316205541
kodim05.png,stripes,16,,37,luma_sd,True,23,RQ2,235,283,0.05237154150197626,0.05237154150197626
kodim05.png,stripes,16,,37,edge_fraction,True,23,RQ2,236,284,-0.014822134387351915,-0.014822134387351915
kodim05.png,stripes,16,,37,glcm_contrast,True,23,RQ2,237,285,0.03063241106719372,0.03063241106719372
kodim05.png,stripes,16,,37,glcm_entropy,True,23,RQ2,238,286,0.020750988142292592,0.020750988142292592
kodim05.png,stripes,16,,37,glcm_homogeneity,True,23,RQ2,239,287,-0.005928853754940788,0.005928853754940788
kodim05.png,stripes,32,,22,sobel_si,True,23,RQ2,216,288,0.066205533596838,0.066205533596838
kodim05.png,stripes,32,,22,luma_sd,True,23,RQ2,217,289,0.07312252964426874,0.07312252964426874
kodim05.png,stripes,32,,22,edge_fraction,True,23,RQ2,218,290,-0.10770750988142308,-0.10770750988142308
kodim05.png,stripes,32,,22,glcm_contrast,True,23,RQ2,219,291,0.07509881422924891,0.07509881422924891
kodim05.png,stripes,32,,22,glcm_entropy,True,23,RQ2,220,292,-0.11956521739130443,-0.11956521739130443
kodim05.png,stripes,32,,22,glcm_homogeneity,True,23,RQ2,221,293,-0.024703557312253044,0.024703557312253044
kodim05.png,stripes,32,,27,sobel_si,True,23,RQ2,222,294,0.09189723320158105,0.09189723320158105
kodim05.png,stripes,32,,27,luma_sd,True,23,RQ2,223,295,0.043478260869565244,0.043478260869565244
kodim05.png,stripes,32,,27,edge_fraction,True,23,RQ2,224,296,-0.08498023715415015,-0.08498023715415015
kodim05.png,stripes,32,,27,glcm_contrast,True,23,RQ2,225,297,0.1037549407114624,0.1037549407114624
kodim05.png,stripes,32,,27,glcm_entropy,True,23,RQ2,226,298,-0.12845849802371545,-0.12845849802371545
kodim05.png,stripes,32,,27,glcm_homogeneity,True,23,RQ2,227,299,-0.031620553359683945,0.031620553359683945
kodim05.png,stripes,32,,32,sobel_si,True,23,RQ2,228,300,0.019762845849802257,0.019762845849802257
kodim05.png,stripes,32,,32,luma_sd,True,23,RQ2,229,301,0.00790513833992093,0.00790513833992093
kodim05.png,stripes,32,,32,edge_fraction,True,23,RQ2,230,302,-0.10869565217391297,-0.10869565217391297
kodim05.png,stripes,32,,32,glcm_contrast,True,23,RQ2,231,303,0.045454545454545636,0.045454545454545636
kodim05.png,stripes,32,,32,glcm_entropy,True,23,RQ2,232,304,-0.13438735177865613,-0.13438735177865613
kodim05.png,stripes,32,,32,glcm_homogeneity,True,23,RQ2,233,305,0.01086956521739102,-0.01086956521739102
kodim05.png,stripes,32,,37,sobel_si,True,23,RQ2,234,306,0.02075098814229248,0.02075098814229248
kodim05.png,stripes,32,,37,luma_sd,True,23,RQ2,235,307,0.04940711462450592,0.04940711462450592
kodim05.png,stripes,32,,37,edge_fraction,True,23,RQ2,236,308,-0.12648221343873522,-0.12648221343873522
kodim05.png,stripes,32,,37,glcm_contrast,True,23,RQ2,237,309,0.03162055335968372,0.03162055335968372
kodim05.png,stripes,32,,37,glcm_entropy,True,23,RQ2,238,310,-0.09980237154150218,-0.09980237154150218
kodim05.png,stripes,32,,37,glcm_homogeneity,True,23,RQ2,239,311,0.018774703557312256,-0.018774703557312256
kodim06.png,awgn,5,20260811,22,sobel_si,True,23,RQ2,216,0,0.08794466403162071,0.08794466403162071
kodim06.png,awgn,5,20260811,22,luma_sd,True,23,RQ2,217,1,-0.008893280632411071,-0.008893280632411071
kodim06.png,awgn,5,20260811,22,edge_fraction,True,23,RQ2,218,2,0.04841897233201575,0.04841897233201575
kodim06.png,awgn,5,20260811,22,glcm_contrast,True,23,RQ2,219,3,0.11462450592885387,0.11462450592885387
kodim06.png,awgn,5,20260811,22,glcm_entropy,True,23,RQ2,220,4,-0.02075098814229248,-0.02075098814229248
kodim06.png,awgn,5,20260811,22,glcm_homogeneity,True,23,RQ2,221,5,-0.02569169960474338,0.02569169960474338
kodim06.png,awgn,5,20260811,27,sobel_si,True,23,RQ2,222,6,0.00015628594510030958,0.00015628594510030958
kodim06.png,awgn,5,20260811,27,luma_sd,True,23,RQ2,223,7,-0.056292120892549063,-0.056292120892549063
kodim06.png,awgn,5,20260811,27,edge_fraction,True,23,RQ2,224,8,0.02837633801850792,0.02837633801850792
kodim06.png,awgn,5,20260811,27,glcm_contrast,True,23,RQ2,225,9,0.07578396936305809,0.07578396936305809
kodim06.png,awgn,5,20260811,27,glcm_entropy,True,23,RQ2,226,10,-0.016125962071562472,-0.016125962071562472
kodim06.png,awgn,5,20260811,27,glcm_homogeneity,True,23,RQ2,227,11,-0.00958307550521531,0.00958307550521531
kodim06.png,awgn,5,20260811,32,sobel_si,True,23,RQ2,228,12,0.01778656126482203,0.01778656126482203
kodim06.png,awgn,5,20260811,32,luma_sd,True,23,RQ2,229,13,0.011857707509881354,0.011857707509881354
kodim06.png,awgn,5,20260811,32,edge_fraction,True,23,RQ2,230,14,0.012845849802371578,0.012845849802371578
kodim06.png,awgn,5,20260811,32,glcm_contrast,True,23,RQ2,231,15,0.03162055335968372,0.03162055335968372
kodim06.png,awgn,5,20260811,32,glcm_entropy,True,23,RQ2,232,16,-0.03162055335968361,-0.03162055335968361
kodim06.png,awgn,5,20260811,32,glcm_homogeneity,True,23,RQ2,233,17,0.0029644268774703386,-0.0029644268774703386
kodim06.png,awgn,5,20260811,37,sobel_si,True,23,RQ2,234,18,0.00988142292490124,0.00988142292490124
kodim06.png,awgn,5,20260811,37,luma_sd,True,23,RQ2,235,19,-5.551115123125783e-17,-5.551115123125783e-17
kodim06.png,awgn,5,20260811,37,edge_fraction,True,23,RQ2,236,20,-0.007905138339921014,-0.007905138339921014
kodim06.png,awgn,5,20260811,37,glcm_contrast,True,23,RQ2,237,21,0.01679841897233203,0.01679841897233203
kodim06.png,awgn,5,20260811,37,glcm_entropy,True,23,RQ2,238,22,-0.029644268774703608,-0.029644268774703608
kodim06.png,awgn,5,20260811,37,glcm_homogeneity,True,23,RQ2,239,23,0.007905138339920681,-0.007905138339920681
kodim06.png,awgn,15,20260811,22,sobel_si,True,23,RQ2,216,72,0.28578459694910807,0.28578459694910807
kodim06.png,awgn,15,20260811,22,luma_sd,True,23,RQ2,217,73,0.3182978116566973,0.3182978116566973
kodim06.png,awgn,15,20260811,22,edge_fraction,True,23,RQ2,218,74,-0.05267892420286335,-0.05267892420286335
kodim06.png,awgn,15,20260811,22,glcm_contrast,True,23,RQ2,219,75,0.026353656043576312,0.026353656043576312
kodim06.png,awgn,15,20260811,22,glcm_entropy,True,23,RQ2,220,76,-0.15648514624006193,-0.15648514624006193
kodim06.png,awgn,15,20260811,22,glcm_homogeneity,True,23,RQ2,221,77,0.07443856716794028,-0.07443856716794028
kodim06.png,awgn,15,20260811,27,sobel_si,True,23,RQ2,222,78,0.20454545454545447,0.20454545454545447
kodim06.png,awgn,15,20260811,27,luma_sd,True,23,RQ2,223,79,0.2579051383399209,0.2579051383399209
kodim06.png,awgn,15,20260811,27,edge_fraction,True,23,RQ2,224,80,-0.05830039525691699,-0.05830039525691699
kodim06.png,awgn,15,20260811,27,glcm_contrast,True,23,RQ2,225,81,0.019762845849802146,0.019762845849802146
kodim06.png,awgn,15,20260811,27,glcm_entropy,True,23,RQ2,226,82,-0.18181818181818177,-0.18181818181818177
kodim06.png,awgn,15,20260811,27,glcm_homogeneity,True,23,RQ2,227,83,0.08498023715415026,-0.08498023715415026
kodim06.png,awgn,15,20260811,32,sobel_si,True,23,RQ2,228,84,0.1333992094861659,0.1333992094861659
kodim06.png,awgn,15,20260811,32,luma_sd,True,23,RQ2,229,85,0.09782608695652162,0.09782608695652162
kodim06.png,awgn,15,20260811,32,edge_fraction,True,23,RQ2,230,86,-0.021739130434782594,-0.021739130434782594
kodim06.png,awgn,15,20260811,32,glcm_contrast,True,23,RQ2,231,87,0.0375494071146244,0.0375494071146244
kodim06.png,awgn,15,20260811,32,glcm_entropy,True,23,RQ2,232,88,-0.15217391304347816,-0.15217391304347816
kodim06.png,awgn,15,20260811,32,glcm_homogeneity,True,23,RQ2,233,89,0.03359683794466395,-0.03359683794466395
kodim06.png,awgn,15,20260811,37,sobel_si,True,23,RQ2,234,90,-0.05731225296442699,-0.05731225296442699
kodim06.png,awgn,15,20260811,37,luma_sd,True,23,RQ2,235,91,-0.11462450592885373,-0.11462450592885373
kodim06.png,awgn,15,20260811,37,edge_fraction,True,23,RQ2,236,92,0.011857707509881577,0.011857707509881577
kodim06.png,awgn,15,20260811,37,glcm_contrast,True,23,RQ2,237,93,0.01383399209486147,0.01383399209486147
kodim06.png,awgn,15,20260811,37,glcm_entropy,True,23,RQ2,238,94,-0.2114624505928855,-0.2114624505928855
kodim06.png,awgn,15,20260811,37,glcm_homogeneity,True,23,RQ2,239,95,0.02766798418972327,-0.02766798418972327
kodim06.png,awgn,30,20260811,22,sobel_si,True,23,RQ2,216,144,0.17212015068198416,0.17212015068198416
kodim06.png,awgn,30,20260811,22,luma_sd,True,23,RQ2,217,145,0.5490860569034226,0.5490860569034226
kodim06.png,awgn,30,20260811,22,edge_fraction,True,23,RQ2,218,146,-0.4959702646446463,-0.4959702646446463
kodim06.png,awgn,30,20260811,22,glcm_contrast,True,23,RQ2,219,147,-0.3536809490843292,-0.3536809490843292
kodim06.png,awgn,30,20260811,22,glcm_entropy,True,23,RQ2,220,148,-0.560735220355311,-0.560735220355311
kodim06.png,awgn,30,20260811,22,glcm_homogeneity,True,23,RQ2,221,149,0.8270948787541559,-0.8270948787541559
kodim06.png,awgn,30,20260811,27,sobel_si,True,23,RQ2,222,150,0.12252964426877466,0.12252964426877466
kodim06.png,awgn,30,20260811,27,luma_sd,True,23,RQ2,223,151,0.3458498023715415,0.3458498023715415
kodim06.png,awgn,30,20260811,27,edge_fraction,True,23,RQ2,224,152,-0.34584980237154156,-0.34584980237154156
kodim06.png,awgn,30,20260811,27,glcm_contrast,True,23,RQ2,225,153,-0.2509881422924901,-0.2509881422924901
kodim06.png,awgn,30,20260811,27,glcm_entropy,True,23,RQ2,226,154,-0.5345849802371541,-0.5345849802371541
kodim06.png,awgn,30,20260811,27,glcm_homogeneity,True,23,RQ2,227,155,0.6650197628458497,-0.6650197628458497
kodim06.png,awgn,30,20260811,32,sobel_si,True,23,RQ2,228,156,0.07707509881422925,0.07707509881422925
kodim06.png,awgn,30,20260811,32,luma_sd,True,23,RQ2,229,157,0.393280632411067,0.393280632411067
kodim06.png,awgn,30,20260811,32,edge_fraction,True,23,RQ2,230,158,-0.38735177865612647,-0.38735177865612647
kodim06.png,awgn,30,20260811,32,glcm_contrast,True,23,RQ2,231,159,-0.29347826086956524,-0.29347826086956524
kodim06.png,awgn,30,20260811,32,glcm_entropy,True,23,RQ2,232,160,-0.47332015810276673,-0.47332015810276673
kodim06.png,awgn,30,20260811,32,glcm_homogeneity,True,23,RQ2,233,161,0.7361660079051383,-0.7361660079051383
kodim06.png,awgn,30,20260811,37,sobel_si,True,23,RQ2,234,162,-0.05335968379446632,-0.05335968379446632
kodim06.png,awgn,30,20260811,37,luma_sd,True,23,RQ2,235,163,0.08102766798418976,0.08102766798418976
kodim06.png,awgn,30,20260811,37,edge_fraction,True,23,RQ2,236,164,-0.24505928853754932,-0.24505928853754932
kodim06.png,awgn,30,20260811,37,glcm_contrast,True,23,RQ2,237,165,-0.2114624505928855,-0.2114624505928855
kodim06.png,awgn,30,20260811,37,glcm_entropy,True,23,RQ2,238,166,-0.40513833992094866,-0.40513833992094866
kodim06.png,awgn,30,20260811,37,glcm_homogeneity,True,23,RQ2,239,167,0.5741106719367588,-0.5741106719367588
kodim06.png,clean,0,,22,luma_sd,True,23,RQ1,216,217,-0.4189723320158102,-0.4189723320158102
kodim06.png,clean,0,,22,edge_fraction,True,23,RQ1,216,218,0.23814229249011865,0.23814229249011865
kodim06.png,clean,0,,22,glcm_contrast,True,23,RQ1,216,219,0.08300395256917004,0.08300395256917004
kodim06.png,clean,0,,22,glcm_entropy,True,23,RQ1,216,220,0.13438735177865624,0.13438735177865624
kodim06.png,clean,0,,22,glcm_homogeneity,True,23,RQ1,216,221,-1.317193675889328,0.1768774703557312
kodim06.png,clean,0,,27,luma_sd,True,23,RQ1,222,223,-0.44664031620553346,-0.44664031620553346
kodim06.png,clean,0,,27,edge_fraction,True,23,RQ1,222,224,0.20652173913043492,0.20652173913043492
kodim06.png,clean,0,,27,glcm_contrast,True,23,RQ1,222,225,0.0652173913043479,0.0652173913043479
kodim06.png,clean,0,,27,glcm_entropy,True,23,RQ1,222,226,0.10573122529644263,0.10573122529644263
kodim06.png,clean,0,,27,glcm_homogeneity,True,23,RQ1,222,227,-1.4150197628458496,0.15019762845849804
kodim06.png,clean,0,,32,luma_sd,True,23,RQ1,228,229,-0.5079051383399209,-0.5079051383399209
kodim06.png,clean,0,,32,edge_fraction,True,23,RQ1,228,230,0.16007905138339917,0.16007905138339917
kodim06.png,clean,0,,32,glcm_contrast,True,23,RQ1,228,231,0.05731225296442688,0.05731225296442688
kodim06.png,clean,0,,32,glcm_entropy,True,23,RQ1,228,232,0.04150197628458485,0.04150197628458485
kodim06.png,clean,0,,32,glcm_homogeneity,True,23,RQ1,228,233,-1.5276679841897232,0.10671936758893275
kodim06.png,clean,0,,37,luma_sd,True,23,RQ1,234,235,-0.5642292490118577,-0.5642292490118577
kodim06.png,clean,0,,37,edge_fraction,True,23,RQ1,234,236,0.11166007905138331,0.11166007905138331
kodim06.png,clean,0,,37,glcm_contrast,True,23,RQ1,234,237,0.05039525691699609,0.05039525691699609
kodim06.png,clean,0,,37,glcm_entropy,True,23,RQ1,234,238,-0.012845849802371467,-0.012845849802371467
kodim06.png,clean,0,,37,glcm_homogeneity,True,23,RQ1,234,239,-1.6472332015810274,0.06225296442687733
kodim06.png,stripes,8,,22,sobel_si,True,23,RQ2,216,240,0.04940711462450598,0.04940711462450598
kodim06.png,stripes,8,,22,luma_sd,True,23,RQ2,217,241,0.014822134387351749,0.014822134387351749
kodim06.png,stripes,8,,22,edge_fraction,True,23,RQ2,218,242,0.02766798418972327,0.02766798418972327
kodim06.png,stripes,8,,22,glcm_contrast,True,23,RQ2,219,243,0.022727272727272818,0.022727272727272818
kodim06.png,stripes,8,,22,glcm_entropy,True,23,RQ2,220,244,-0.0039525691699605625,-0.0039525691699605625
kodim06.png,stripes,8,,22,glcm_homogeneity,True,23,RQ2,221,245,0.0029644268774701166,-0.0029644268774701166
kodim06.png,stripes,8,,27,sobel_si,True,23,RQ2,222,246,0.052371541501976315,0.052371541501976315
kodim06.png,stripes,8,,27,luma_sd,True,23,RQ2,223,247,0.04150197628458496,0.04150197628458496
kodim06.png,stripes,8,,27,edge_fraction,True,23,RQ2,224,248,0.005928853754940677,0.005928853754940677
kodim06.png,stripes,8,,27,glcm_contrast,True,23,RQ2,225,249,0.024703557312253155,0.024703557312253155
kodim06.png,stripes,8,,27,glcm_entropy,True,23,RQ2,226,250,-0.01976284584980237,-0.01976284584980237
kodim06.png,stripes,8,,27,glcm_homogeneity,True,23,RQ2,227,251,0.01778656126482203,-0.01778656126482203
kodim06.png,stripes,8,,32,sobel_si,True,23,RQ2,228,252,0.005928853754940788,0.005928853754940788
kodim06.png,stripes,8,,32,luma_sd,True,23,RQ2,229,253,0.021739130434782483,0.021739130434782483
kodim06.png,stripes,8,,32,edge_fraction,True,23,RQ2,230,254,-0.004940711462450675,-0.004940711462450675
kodim06.png,stripes,8,,32,glcm_contrast,True,23,RQ2,231,255,-0.007905138339920903,-0.007905138339920903
kodim06.png,stripes,8,,32,glcm_entropy,True,23,RQ2,232,256,-0.005928853754940566,-0.005928853754940566
kodim06.png,stripes,8,,32,glcm_homogeneity,True,23,RQ2,233,257,0.021739130434782594,-0.021739130434782594
kodim06.png,stripes,8,,37,sobel_si,True,23,RQ2,234,258,0.010869565217391242,0.010869565217391242
kodim06.png,stripes,8,,37,luma_sd,True,23,RQ2,235,259,0.035573122529644285,0.035573122529644285
kodim06.png,stripes,8,,37,edge_fraction,True,23,RQ2,236,260,-0.01679841897233192,-0.01679841897233192
kodim06.png,stripes,8,,37,glcm_contrast,True,23,RQ2,237,261,-0.0029644268774703386,-0.0029644268774703386
kodim06.png,stripes,8,,37,glcm_entropy,True,23,RQ2,238,262,0.04051383399209496,0.04051383399209496
kodim06.png,stripes,8,,37,glcm_homogeneity,True,23,RQ2,239,263,0.0039525691699602294,-0.0039525691699602294
kodim06.png,stripes,16,,22,sobel_si,True,23,RQ2,216,264,0.008893280632411127,0.008893280632411127
kodim06.png,stripes,16,,22,luma_sd,True,23,RQ2,217,265,0.05830039525691702,0.05830039525691702
kodim06.png,stripes,16,,22,edge_fraction,True,23,RQ2,218,266,0.014822134387351693,0.014822134387351693
kodim06.png,stripes,16,,22,glcm_contrast,True,23,RQ2,219,267,0.0434782608695653,0.0434782608695653
kodim06.png,stripes,16,,22,glcm_entropy,True,23,RQ2,220,268,-0.06027667984189722,-0.06027667984189722
kodim06.png,stripes,16,,22,glcm_homogeneity,True,23,RQ2,221,269,-0.03952569169960485,0.03952569169960485
kodim06.png,stripes,16,,27,sobel_si,True,23,RQ2,222,270,0.015810276679841917,0.015810276679841917
kodim06.png,stripes,16,,27,luma_sd,True,23,RQ2,223,271,0.002964426877470394,0.002964426877470394
kodim06.png,stripes,16,,27,edge_fraction,True,23,RQ2,224,272,0.03458498023715417,0.03458498023715417
kodim06.png,stripes,16,,27,glcm_contrast,True,23,RQ2,225,273,0.0731225296442688,0.0731225296442688
kodim06.png,stripes,16,,27,glcm_entropy,True,23,RQ2,226,274,-0.018774703557311923,-0.018774703557311923
kodim06.png,stripes,16,,27,glcm_homogeneity,True,23,RQ2,227,275,-0.05731225296442688,0.05731225296442688
kodim06.png,stripes,16,,32,sobel_si,True,23,RQ2,228,276,0.015810276679841917,0.015810276679841917
kodim06.png,stripes,16,,32,luma_sd,True,23,RQ2,229,277,0.010869565217391186,0.010869565217391186
kodim06.png,stripes,16,,32,edge_fraction,True,23,RQ2,230,278,0.004940711462450675,0.004940711462450675
kodim06.png,stripes,16,,32,glcm_contrast,True,23,RQ2,231,279,0.03162055335968372,0.03162055335968372
kodim06.png,stripes,16,,32,glcm_entropy,True,23,RQ2,232,280,-0.019762845849802146,-0.019762845849802146
kodim06.png,stripes,16,,32,glcm_homogeneity,True,23,RQ2,233,281,-0.01679841897233203,0.01679841897233203
kodim06.png,stripes,16,,37,sobel_si,True,23,RQ2,234,282,0.031620553359683945,0.031620553359683945
kodim06.png,stripes,16,,37,luma_sd,True,23,RQ2,235,283,0.04940711462450609,0.04940711462450609
kodim06.png,stripes,16,,37,edge_fraction,True,23,RQ2,236,284,-0.024703557312252933,-0.024703557312252933
kodim06.png,stripes,16,,37,glcm_contrast,True,23,RQ2,237,285,0.021739130434782483,0.021739130434782483
kodim06.png,stripes,16,,37,glcm_entropy,True,23,RQ2,238,286,0.01976284584980248,0.01976284584980248
kodim06.png,stripes,16,,37,glcm_homogeneity,True,23,RQ2,239,287,0.005928853754940344,-0.005928853754940344
kodim06.png,stripes,32,,22,sobel_si,True,23,RQ2,216,288,0.05039525691699609,0.05039525691699609
kodim06.png,stripes,32,,22,luma_sd,True,23,RQ2,217,289,0.06225296442687747,0.06225296442687747
kodim06.png,stripes,32,,22,edge_fraction,True,23,RQ2,218,290,-0.1037549407114624,-0.1037549407114624
kodim06.png,stripes,32,,22,glcm_contrast,True,23,RQ2,219,291,0.06027667984189733,0.06027667984189733
kodim06.png,stripes,32,,22,glcm_entropy,True,23,RQ2,220,292,-0.12154150197628466,-0.12154150197628466
kodim06.png,stripes,32,,22,glcm_homogeneity,True,23,RQ2,221,293,-0.008893280632411127,0.008893280632411127
kodim06.png,stripes,32,,27,sobel_si,True,23,RQ2,222,294,0.08498023715415037,0.08498023715415037
kodim06.png,stripes,32,,27,luma_sd,True,23,RQ2,223,295,0.037549407114624456,0.037549407114624456
kodim06.png,stripes,32,,27,edge_fraction,True,23,RQ2,224,296,-0.08102766798418981,-0.08102766798418981
kodim06.png,stripes,32,,27,glcm_contrast,True,23,RQ2,225,297,0.0958498023715415,0.0958498023715415
kodim06.png,stripes,32,,27,glcm_entropy,True,23,RQ2,226,298,-0.12055335968379444,-0.12055335968379444
kodim06.png,stripes,32,,27,glcm_homogeneity,True,23,RQ2,227,299,-0.02371541501976293,0.02371541501976293
kodim06.png,stripes,32,,32,sobel_si,True,23,RQ2,228,300,0.02272727272727293,0.02272727272727293
kodim06.png,stripes,32,,32,luma_sd,True,23,RQ2,229,301,0.01581027667984175,0.01581027667984175
kodim06.png,stripes,32,,32,edge_fraction,True,23,RQ2,230,302,-0.08794466403162049,-0.08794466403162049
kodim06.png,stripes,32,,32,glcm_contrast,True,23,RQ2,231,303,0.04743083003952564,0.04743083003952564
kodim06.png,stripes,32,,32,glcm_entropy,True,23,RQ2,232,304,-0.1195652173913041,-0.1195652173913041
kodim06.png,stripes,32,,32,glcm_homogeneity,True,23,RQ2,233,305,0.008893280632411016,-0.008893280632411016
kodim06.png,stripes,32,,37,sobel_si,True,23,RQ2,234,306,0.013833992094861691,0.013833992094861691
kodim06.png,stripes,32,,37,luma_sd,True,23,RQ2,235,307,0.054347826086956486,0.054347826086956486
kodim06.png,stripes,32,,37,edge_fraction,True,23,RQ2,236,308,-0.11264822134387342,-0.11264822134387342
kodim06.png,stripes,32,,37,glcm_contrast,True,23,RQ2,237,309,0.022727272727272485,0.022727272727272485
kodim06.png,stripes,32,,37,glcm_entropy,True,23,RQ2,238,310,-0.09881422924901184,-0.09881422924901184
kodim06.png,stripes,32,,37,glcm_homogeneity,True,23,RQ2,239,311,0.0306324110671935,-0.0306324110671935
kodim07.png,awgn,5,20260811,22,sobel_si,True,23,RQ2,216,0,0.0721343873517788,0.0721343873517788
kodim07.png,awgn,5,20260811,22,luma_sd,True,23,RQ2,217,1,-0.02964426877470358,-0.02964426877470358
kodim07.png,awgn,5,20260811,22,edge_fraction,True,23,RQ2,218,2,0.03952569169960474,0.03952569169960474
kodim07.png,awgn,5,20260811,22,glcm_contrast,True,23,RQ2,219,3,0.08596837944664038,0.08596837944664038
kodim07.png,awgn,5,20260811,22,glcm_entropy,True,23,RQ2,220,4,-0.04446640316205541,-0.04446640316205541
kodim07.png,awgn,5,20260811,22,glcm_homogeneity,True,23,RQ2,221,5,-0.000988142292490224,0.000988142292490224
kodim07.png,awgn,5,20260811,27,sobel_si,True,23,RQ2,222,6,-0.015654967521898544,-0.015654967521898544
kodim07.png,awgn,5,20260811,27,luma_sd,True,23,RQ2,223,7,-0.07655379972598626,-0.07655379972598626
kodim07.png,awgn,5,20260811,27,edge_fraction,True,23,RQ2,224,8,0.021950116460667912,0.021950116460667912
kodim07.png,awgn,5,20260811,27,glcm_contrast,True,23,RQ2,225,9,0.044648573966812655,0.044648573966812655
kodim07.png,awgn,5,20260811,27,glcm_entropy,True,23,RQ2,226,10,-0.04726038068065086,-0.04726038068065086
kodim07.png,awgn,5,20260811,27,glcm_homogeneity,True,23,RQ2,227,11,0.016612585215736386,-0.016612585215736386
kodim07.png,awgn,5,20260811,32,sobel_si,True,23,RQ2,228,12,-0.0009881422924900019,-0.0009881422924900019
kodim07.png,awgn,5,20260811,32,luma_sd,True,23,RQ2,229,13,-0.009881422924901129,-0.009881422924901129
kodim07.png,awgn,5,20260811,32,edge_fraction,True,23,RQ2,230,14,0.007905138339921014,0.007905138339921014
kodim07.png,awgn,5,20260811,32,glcm_contrast,True,23,RQ2,231,15,0.0009881422924900019,0.0009881422924900019
kodim07.png,awgn,5,20260811,32,glcm_entropy,True,23,RQ2,232,16,-0.05434782608695643,-0.05434782608695643
kodim07.png,awgn,5,20260811,32,glcm_homogeneity,True,23,RQ2,233,17,0.02667984189723316,-0.02667984189723316
kodim07.png,awgn,5,20260811,37,sobel_si,True,23,RQ2,234,18,0.011857707509881465,0.011857707509881465
kodim07.png,awgn,5,20260811,37,luma_sd,True,23,RQ2,235,19,-0.0009881422924901129,-0.0009881422924901129
kodim07.png,awgn,5,20260811,37,edge_fraction,True,23,RQ2,236,20,0.0009881422924901129,0.0009881422924901129
kodim07.png,awgn,5,20260811,37,glcm_contrast,True,23,RQ2,237,21,0.0039525691699604515,0.0039525691699604515
kodim07.png,awgn,5,20260811,37,glcm_entropy,True,23,RQ2,238,22,-0.04150197628458496,-0.04150197628458496
kodim07.png,awgn,5,20260811,37,glcm_homogeneity,True,23,RQ2,239,23,0.015810276679841584,-0.015810276679841584
kodim07.png,awgn,15,20260811,22,sobel_si,True,23,RQ2,216,72,0.27738477697096897,0.27738477697096897
kodim07.png,awgn,15,20260811,22,luma_sd,True,23,RQ2,217,73,0.3395456792083109,0.3395456792083109
kodim07.png,awgn,15,20260811,22,edge_fraction,True,23,RQ2,218,74,-0.0358795284433745,-0.0358795284433745
kodim07.png,awgn,15,20260811,22,glcm_contrast,True,23,RQ2,219,75,0.04117749980845242,0.04117749980845242
kodim07.png,awgn,15,20260811,22,glcm_entropy,True,23,RQ2,220,76,-0.12189406108317735,-0.12189406108317735
kodim07.png,awgn,15,20260811,22,glcm_homogeneity,True,23,RQ2,221,77,0.05171080604708922,-0.05171080604708922
kodim07.png,awgn,15,20260811,27,sobel_si,True,23,RQ2,222,78,0.19367588932806323,0.19367588932806323
kodim07.png,awgn,15,20260811,27,luma_sd,True,23,RQ2,223,79,0.2717391304347826,0.2717391304347826
kodim07.png,awgn,15,20260811,27,edge_fraction,True,23,RQ2,224,80,-0.05039525691699598,-0.05039525691699598
kodim07.png,awgn,15,20260811,27,glcm_contrast,True,23,RQ2,225,81,0.0306324110671935,0.0306324110671935
kodim07.png,awgn,15,20260811,27,glcm_entropy,True,23,RQ2,226,82,-0.1561264822134385,-0.1561264822134385
kodim07.png,awgn,15,20260811,27,glcm_homogeneity,True,23,RQ2,227,83,0.0721343873517788,-0.0721343873517788
kodim07.png,awgn,15,20260811,32,sobel_si,True,23,RQ2,228,84,0.11758893280632421,0.11758893280632421
kodim07.png,awgn,15,20260811,32,luma_sd,True,23,RQ2,229,85,0.08102766798418964,0.08102766798418964
kodim07.png,awgn,15,20260811,32,edge_fraction,True,23,RQ2,230,86,-0.032608695652173836,-0.032608695652173836
kodim07.png,awgn,15,20260811,32,glcm_contrast,True,23,RQ2,231,87,0.0306324110671935,0.0306324110671935
kodim07.png,awgn,15,20260811,32,glcm_entropy,True,23,RQ2,232,88,-0.14525691699604726,-0.14525691699604726
kodim07.png,awgn,15,20260811,32,glcm_homogeneity,True,23,RQ2,233,89,0.035573122529644285,-0.035573122529644285
kodim07.png,awgn,15,20260811,37,sobel_si,True,23,RQ2,234,90,-0.07213438735177846,-0.07213438735177846
kodim07.png,awgn,15,20260811,37,luma_sd,True,23,RQ2,235,91,-0.16106719367588934,-0.16106719367588934
kodim07.png,awgn,15,20260811,37,edge_fraction,True,23,RQ2,236,92,-0.008893280632410905,-0.008893280632410905
kodim07.png,awgn,15,20260811,37,glcm_contrast,True,23,RQ2,237,93,-0.006916996047430901,-0.006916996047430901
kodim07.png,awgn,15,20260811,37,glcm_entropy,True,23,RQ2,238,94,-0.22134387351778662,-0.22134387351778662
kodim07.png,awgn,15,20260811,37,glcm_homogeneity,True,23,RQ2,239,95,0.039525691699604515,-0.039525691699604515
kodim07.png,awgn,30,20260811,22,sobel_si,True,23,RQ2,216,144,0.15136549958785328,0.15136549958785328
kodim07.png,awgn,30,20260811,22,luma_sd,True,23,RQ2,217,145,0.5441416824891336,0.5441416824891336
kodim07.png,awgn,30,20260811,22,edge_fraction,True,23,RQ2,218,146,-0.49053731351186985,-0.49053731351186985
kodim07.png,awgn,30,20260811,22,glcm_contrast,True,23,RQ2,219,147,-0.33292678638377665,-0.33292678638377665
kodim07.png,awgn,30,20260811,22,glcm_entropy,True,23,RQ2,220,148,-0.5548073433875271,-0.5548073433875271
kodim07.png,awgn,30,20260811,22,glcm_homogeneity,True,23,RQ2,221,149,0.8271000068867297,-0.8271000068867297
kodim07.png,awgn,30,20260811,27,sobel_si,True,23,RQ2,222,150,0.1096837944664032,0.1096837944664032
kodim07.png,awgn,30,20260811,27,luma_sd,True,23,RQ2,223,151,0.39130434782608703,0.39130434782608703
kodim07.png,awgn,30,20260811,27,edge_fraction,True,23,RQ2,224,152,-0.37252964426877455,-0.37252964426877455
kodim07.png,awgn,30,20260811,27,glcm_contrast,True,23,RQ2,225,153,-0.2411067193675891,-0.2411067193675891
kodim07.png,awgn,30,20260811,27,glcm_entropy,True,23,RQ2,226,154,-0.48913043478260854,-0.48913043478260854
kodim07.png,awgn,30,20260811,27,glcm_homogeneity,True,23,RQ2,227,155,0.6907114624505929,-0.6907114624505929
kodim07.png,awgn,30,20260811,32,sobel_si,True,23,RQ2,228,156,0.042490118577075076,0.042490118577075076
kodim07.png,awgn,30,20260811,32,luma_sd,True,23,RQ2,229,157,0.3073122529644269,0.3073122529644269
kodim07.png,awgn,30,20260811,32,edge_fraction,True,23,RQ2,230,158,-0.37944664031620545,-0.37944664031620545
kodim07.png,awgn,30,20260811,32,glcm_contrast,True,23,RQ2,231,159,-0.2875494071146246,-0.2875494071146246
kodim07.png,awgn,30,20260811,32,glcm_entropy,True,23,RQ2,232,160,-0.5118577075098814,-0.5118577075098814
kodim07.png,awgn,30,20260811,32,glcm_homogeneity,True,23,RQ2,233,161,0.7381422924901185,-0.7381422924901185
kodim07.png,awgn,30,20260811,37,sobel_si,True,23,RQ2,234,162,-0.07015810276679846,-0.07015810276679846
kodim07.png,awgn,30,20260811,37,luma_sd,True,23,RQ2,235,163,0.048418972332015864,0.048418972332015864
kodim07.png,awgn,30,20260811,37,edge_fraction,True,23,RQ2,236,164,-0.2677865612648219,-0.2677865612648219
kodim07.png,awgn,30,20260811,37,glcm_contrast,True,23,RQ2,237,165,-0.21541501976284583,-0.21541501976284583
kodim07.png,awgn,30,20260811,37,glcm_entropy,True,23,RQ2,238,166,-0.41403162055335974,-0.41403162055335974
kodim07.png,awgn,30,20260811,37,glcm_homogeneity,True,23,RQ2,239,167,0.5978260869565215,-0.5978260869565215
kodim07.png,clean,0,,22,luma_sd,True,23,RQ1,216,217,-0.43478260869565216,-0.43478260869565216
kodim07.png,clean,0,,22,edge_fraction,True,23,RQ1,216,218,0.21936758893280628,0.21936758893280628
kodim07.png,clean,0,,22,glcm_contrast,True,23,RQ1,216,219,0.06916996047430823,0.06916996047430823
kodim07.png,clean,0,,22,glcm_entropy,True,23,RQ1,216,220,0.11857707509881432,0.11857707509881432
kodim07.png,clean,0,,22,glcm_homogeneity,True,23,RQ1,216,221,-1.3023715415019763,0.15019762845849804
kodim07.png,clean,0,,27,luma_sd,True,23,RQ1,222,223,-0.4575098814229248,-0.4575098814229248
kodim07.png,clean,0,,27,edge_fraction,True,23,RQ1,222,224,0.18774703557312244,0.18774703557312244
kodim07.png,clean,0,,27,glcm_contrast,True,23,RQ1,222,225,0.048418972332015975,0.048418972332015975
kodim07.png,clean,0,,27,glcm_entropy,True,23,RQ1,222,226,0.09288537549407105,0.09288537549407105
kodim07.png,clean,0,,27,glcm_homogeneity,True,23,RQ1,222,227,-1.4130434782608696,0.124505928853755
kodim07.png,clean,0,,32,luma_sd,True,23,RQ1,228,229,-0.4871541501976284,-0.4871541501976284
kodim07.png,clean,0,,32,edge_fraction,True,23,RQ1,228,230,0.1403162055335968,0.1403162055335968
kodim07.png,clean,0,,32,glcm_contrast,True,23,RQ1,228,231,0.04051383399209496,0.04051383399209496
kodim07.png,clean,0,,32,glcm_entropy,True,23,RQ1,228,232,0.0454545454545453,0.0454545454545453
kodim07.png,clean,0,,32,glcm_homogeneity,True,23,RQ1,228,233,-1.5563241106719365,0.08399209486166004
kodim07.png,clean,0,,37,luma_sd,True,23,RQ1,234,235,-0.5365612648221343,-0.5365612648221343
kodim07.png,clean,0,,37,edge_fraction,True,23,RQ1,234,236,0.09980237154150184,0.09980237154150184
kodim07.png,clean,0,,37,glcm_contrast,True,23,RQ1,234,237,0.035573122529644285,0.035573122529644285
kodim07.png,clean,0,,37,glcm_entropy,True,23,RQ1,234,238,-0.0019762845849802257,-0.0019762845849802257
kodim07.png,clean,0,,37,glcm_homogeneity,True,23,RQ1,234,239,-1.6669960474308299,0.046442687747035416
kodim07.png,stripes,8,,22,sobel_si,True,23,RQ2,216,240,0.05335968379446632,0.05335968379446632
kodim07.png,stripes,8,,22,luma_sd,True,23,RQ2,217,241,0.020750988142292454,0.020750988142292454
kodim07.png,stripes,8,,22,edge_fraction,True,23,RQ2,218,242,0.03162055335968361,0.03162055335968361
kodim07.png,stripes,8,,22,glcm_contrast,True,23,RQ2,219,243,0.03458498023715406,0.03458498023715406
kodim07.png,stripes,8,,22,glcm_entropy,True,23,RQ2,220,244,-0.004940711462450786,-0.004940711462450786
kodim07.png,stripes,8,,22,glcm_homogeneity,True,23,RQ2,221,245,-0.0029644268774702276,0.0029644268774702276
kodim07.png,stripes,8,,27,sobel_si,True,23,RQ2,222,246,0.04446640316205541,0.04446640316205541
kodim07.png,stripes,8,,27,luma_sd,True,23,RQ2,223,247,0.04644268774703558,0.04644268774703558
kodim07.png,stripes,8,,27,edge_fraction,True,23,RQ2,224,248,0.0,0.0
kodim07.png,stripes,8,,27,glcm_contrast,True,23,RQ2,225,249,0.028656126482213384,0.028656126482213384
kodim07.png,stripes,8,,27,glcm_entropy,True,23,RQ2,226,250,-0.032608695652173836,-0.032608695652173836
kodim07.png,stripes,8,,27,glcm_homogeneity,True,23,RQ2,227,251,0.022727272727272818,-0.022727272727272818
kodim07.png,stripes,8,,32,sobel_si,True,23,RQ2,228,252,-0.006916996047430679,-0.006916996047430679
kodim07.png,stripes,8,,32,luma_sd,True,23,RQ2,229,253,0.013833992094861636,0.013833992094861636
kodim07.png,stripes,8,,32,edge_fraction,True,23,RQ2,230,254,-0.013833992094861802,-0.013833992094861802
kodim07.png,stripes,8,,32,glcm_contrast,True,23,RQ2,231,255,-0.006916996047430901,-0.006916996047430901
kodim07.png,stripes,8,,32,glcm_entropy,True,23,RQ2,232,256,-0.029644268774703497,-0.029644268774703497
kodim07.png,stripes,8,,32,glcm_homogeneity,True,23,RQ2,233,257,0.029644268774703608,-0.029644268774703608
kodim07.png,stripes,8,,37,sobel_si,True,23,RQ2,234,258,0.015810276679841917,0.015810276679841917
kodim07.png,stripes,8,,37,luma_sd,True,23,RQ2,235,259,0.0365612648221344,0.0365612648221344
kodim07.png,stripes,8,,37,edge_fraction,True,23,RQ2,236,260,-0.01679841897233203,-0.01679841897233203
kodim07.png,stripes,8,,37,glcm_contrast,True,23,RQ2,237,261,0.012845849802371578,0.012845849802371578
kodim07.png,stripes,8,,37,glcm_entropy,True,23,RQ2,238,262,0.024703557312253044,0.024703557312253044
kodim07.png,stripes,8,,37,glcm_homogeneity,True,23,RQ2,239,263,-2.220446049250313e-16,2.220446049250313e-16
kodim07.png,stripes,16,,22,sobel_si,True,23,RQ2,216,264,0.021739130434782483,0.021739130434782483
kodim07.png,stripes,16,,22,luma_sd,True,23,RQ2,217,265,0.07707509881422928,0.07707509881422928
kodim07.png,stripes,16,,22,edge_fraction,True,23,RQ2,218,266,0.03656126482213451,0.03656126482213451
kodim07.png,stripes,16,,22,glcm_contrast,True,23,RQ2,219,267,0.07608695652173925,0.07608695652173925
kodim07.png,stripes,16,,22,glcm_entropy,True,23,RQ2,220,268,-0.041501976284585074,-0.041501976284585074
kodim07.png,stripes,16,,22,glcm_homogeneity,True,23,RQ2,221,269,-0.05335968379446643,0.05335968379446643
kodim07.png,stripes,16,,27,sobel_si,True,23,RQ2,222,270,0.008893280632411127,0.008893280632411127
kodim07.png,stripes,16,,27,luma_sd,True,23,RQ2,223,271,0.003952569169960424,0.003952569169960424
kodim07.png,stripes,16,,27,edge_fraction,True,23,RQ2,224,272,0.041501976284585185,0.041501976284585185
kodim07.png,stripes,16,,27,glcm_contrast,True,23,RQ2,225,273,0.0899209486166006,0.0899209486166006
kodim07.png,stripes,16,,27,glcm_entropy,True,23,RQ2,226,274,-0.022727272727272596,-0.022727272727272596
kodim07.png,stripes,16,,27,glcm_homogeneity,True,23,RQ2,227,275,-0.055335968379446654,0.055335968379446654
kodim07.png,stripes,16,,32,sobel_si,True,23,RQ2,228,276,0.0019762845849803368,0.0019762845849803368
kodim07.png,stripes,16,,32,luma_sd,True,23,RQ2,229,277,0.0029644268774703386,0.0029644268774703386
kodim07.png,stripes,16,,32,edge_fraction,True,23,RQ2,230,278,0.005928853754940677,0.005928853754940677
kodim07.png,stripes,16,,32,glcm_contrast,True,23,RQ2,231,279,0.046442687747035416,0.046442687747035416
kodim07.png,stripes,16,,32,glcm_entropy,True,23,RQ2,232,280,-0.032608695652173725,-0.032608695652173725
kodim07.png,stripes,16,,32,glcm_homogeneity,True,23,RQ2,233,281,-0.0039525691699605625,0.0039525691699605625
kodim07.png,stripes,16,,37,sobel_si,True,23,RQ2,234,282,0.025691699604743157,0.025691699604743157
kodim07.png,stripes,16,,37,luma_sd,True,23,RQ2,235,283,0.03260869565217395,0.03260869565217395
kodim07.png,stripes,16,,37,edge_fraction,True,23,RQ2,236,284,-0.02075098814229237,-0.02075098814229237
kodim07.png,stripes,16,,37,glcm_contrast,True,23,RQ2,237,285,0.04051383399209485,0.04051383399209485
kodim07.png,stripes,16,,37,glcm_entropy,True,23,RQ2,238,286,0.004940711462450675,0.004940711462450675
kodim07.png,stripes,16,,37,glcm_homogeneity,True,23,RQ2,239,287,0.01086956521739113,-0.01086956521739113
kodim07.png,stripes,32,,22,sobel_si,True,23,RQ2,216,288,0.056324110671936656,0.056324110671936656
kodim07.png,stripes,32,,22,luma_sd,True,23,RQ2,217,289,0.08300395256916995,0.08300395256916995
kodim07.png,stripes,32,,22,edge_fraction,True,23,RQ2,218,290,-0.10474308300395274,-0.10474308300395274
kodim07.png,stripes,32,,22,glcm_contrast,True,23,RQ2,219,291,0.0741106719367588,0.0741106719367588
kodim07.png,stripes,32,,22,glcm_entropy,True,23,RQ2,220,292,-0.09090909090909094,-0.09090909090909094
kodim07.png,stripes,32,,22,glcm_homogeneity,True,23,RQ2,221,293,-0.02075098814229248,0.02075098814229248
kodim07.png,stripes,32,,27,sobel_si,True,23,RQ2,222,294,0.07015810276679868,0.07015810276679868
kodim07.png,stripes,32,,27,luma_sd,True,23,RQ2,223,295,0.05632411067193677,0.05632411067193677
kodim07.png,stripes,32,,27,edge_fraction,True,23,RQ2,224,296,-0.09980237154150196,-0.09980237154150196
kodim07.png,stripes,32,,27,glcm_contrast,True,23,RQ2,225,297,0.09584980237154128,0.09584980237154128
kodim07.png,stripes,32,,27,glcm_entropy,True,23,RQ2,226,298,-0.09881422924901173,-0.09881422924901173
kodim07.png,stripes,32,,27,glcm_homogeneity,True,23,RQ2,227,299,-0.013833992094861691,0.013833992094861691
kodim07.png,stripes,32,,32,sobel_si,True,23,RQ2,228,300,0.000988142292490224,0.000988142292490224
kodim07.png,stripes,32,,32,luma_sd,True,23,RQ2,229,301,-0.0019762845849802813,-0.0019762845849802813
kodim07.png,stripes,32,,32,edge_fraction,True,23,RQ2,230,302,-0.12055335968379444,-0.12055335968379444
kodim07.png,stripes,32,,32,glcm_contrast,True,23,RQ2,231,303,0.039525691699604626,0.039525691699604626
kodim07.png,stripes,32,,32,glcm_entropy,True,23,RQ2,232,304,-0.11956521739130399,-0.11956521739130399
kodim07.png,stripes,32,,32,glcm_homogeneity,True,23,RQ2,233,305,0.024703557312252933,-0.024703557312252933
kodim07.png,stripes,32,,37,sobel_si,True,23,RQ2,234,306,0.006916996047430901,0.006916996047430901
kodim07.png,stripes,32,,37,luma_sd,True,23,RQ2,235,307,0.04841897233201575,0.04841897233201575
kodim07.png,stripes,32,,37,edge_fraction,True,23,RQ2,236,308,-0.1422924901185768,-0.1422924901185768
kodim07.png,stripes,32,,37,glcm_contrast,True,23,RQ2,237,309,0.03162055335968361,0.03162055335968361
kodim07.png,stripes,32,,37,glcm_entropy,True,23,RQ2,238,310,-0.07905138339920947,-0.07905138339920947
kodim07.png,stripes,32,,37,glcm_homogeneity,True,23,RQ2,239,311,0.03162055335968361,-0.03162055335968361
kodim08.png,awgn,5,20260811,22,sobel_si,True,23,RQ2,216,0,0.08992094861660072,0.08992094861660072
kodim08.png,awgn,5,20260811,22,luma_sd,True,23,RQ2,217,1,-0.024703557312252974,-0.024703557312252974
kodim08.png,awgn,5,20260811,22,edge_fraction,True,23,RQ2,218,2,0.0454545454545453,0.0454545454545453
kodim08.png,awgn,5,20260811,22,glcm_contrast,True,23,RQ2,219,3,0.11166007905138353,0.11166007905138353
kodim08.png,awgn,5,20260811,22,glcm_entropy,True,23,RQ2,220,4,-0.04051383399209485,-0.04051383399209485
kodim08.png,awgn,5,20260811,22,glcm_homogeneity,True,23,RQ2,221,5,-0.021739130434782483,0.021739130434782483
kodim08.png,awgn,5,20260811,27,sobel_si,True,23,RQ2,222,6,-0.010237889180421456,-0.010237889180421456
kodim08.png,awgn,5,20260811,27,luma_sd,True,23,RQ2,223,7,-0.07114526827213169,-0.07114526827213169
kodim08.png,awgn,5,20260811,27,edge_fraction,True,23,RQ2,224,8,0.022436495408052592,0.022436495408052592
kodim08.png,awgn,5,20260811,27,glcm_contrast,True,23,RQ2,225,9,0.062920781588652,0.062920781588652
kodim08.png,awgn,5,20260811,27,glcm_entropy,True,23,RQ2,226,10,-0.04282900266377132,-0.04282900266377132
kodim08.png,awgn,5,20260811,27,glcm_homogeneity,True,23,RQ2,227,11,-0.0016610875868383612,0.0016610875868383612
kodim08.png,awgn,5,20260811,32,sobel_si,True,23,RQ2,228,12,0.008893280632411127,0.008893280632411127
kodim08.png,awgn,5,20260811,32,luma_sd,True,23,RQ2,229,13,-2.7755575615628914e-17,-2.7755575615628914e-17
kodim08.png,awgn,5,20260811,32,edge_fraction,True,23,RQ2,230,14,0.009881422924901129,0.009881422924901129
kodim08.png,awgn,5,20260811,32,glcm_contrast,True,23,RQ2,231,15,0.022727272727272707,0.022727272727272707
kodim08.png,awgn,5,20260811,32,glcm_entropy,True,23,RQ2,232,16,-0.04743083003952575,-0.04743083003952575
kodim08.png,awgn,5,20260811,32,glcm_homogeneity,True,23,RQ2,233,17,0.004940711462450675,-0.004940711462450675
kodim08.png,awgn,5,20260811,37,sobel_si,True,23,RQ2,234,18,0.011857707509881354,0.011857707509881354
kodim08.png,awgn,5,20260811,37,luma_sd,True,23,RQ2,235,19,0.0,0.0
kodim08.png,awgn,5,20260811,37,edge_fraction,True,23,RQ2,236,20,-0.00988142292490124,-0.00988142292490124
kodim08.png,awgn,5,20260811,37,glcm_contrast,True,23,RQ2,237,21,0.01383399209486147,0.01383399209486147
kodim08.png,awgn,5,20260811,37,glcm_entropy,True,23,RQ2,238,22,-0.03952569169960485,-0.03952569169960485
kodim08.png,awgn,5,20260811,37,glcm_homogeneity,True,23,RQ2,239,23,0.0039525691699604515,-0.0039525691699604515
kodim08.png,awgn,15,20260811,22,sobel_si,True,23,RQ2,216,72,0.3322199587924669,0.3322199587924669
kodim08.png,awgn,15,20260811,22,luma_sd,True,23,RQ2,217,73,0.386467908392633,0.386467908392633
kodim08.png,awgn,15,20260811,22,edge_fraction,True,23,RQ2,218,74,-0.028969125709252475,-0.028969125709252475
kodim08.png,awgn,15,20260811,22,glcm_contrast,True,23,RQ2,219,75,0.04907018411212338,0.04907018411212338
kodim08.png,awgn,15,20260811,22,glcm_entropy,True,23,RQ2,220,76,-0.14563194220754816,-0.14563194220754816
kodim08.png,awgn,15,20260811,22,glcm_homogeneity,True,23,RQ2,221,77,0.03887350313234028,-0.03887350313234028
kodim08.png,awgn,15,20260811,27,sobel_si,True,23,RQ2,222,78,0.23814229249011842,0.23814229249011842
kodim08.png,awgn,15,20260811,27,luma_sd,True,23,RQ2,223,79,0.308300395256917,0.308300395256917
kodim08.png,awgn,15,20260811,27,edge_fraction,True,23,RQ2,224,80,-0.0306324110671935,-0.0306324110671935
kodim08.png,awgn,15,20260811,27,glcm_contrast,True,23,RQ2,225,81,0.045454545454545525,0.045454545454545525
kodim08.png,awgn,15,20260811,27,glcm_entropy,True,23,RQ2,226,82,-0.17588932806324103,-0.17588932806324103
kodim08.png,awgn,15,20260811,27,glcm_homogeneity,True,23,RQ2,227,83,0.045454545454545525,-0.045454545454545525
kodim08.png,awgn,15,20260811,32,sobel_si,True,23,RQ2,228,84,0.1393280632411067,0.1393280632411067
kodim08.png,awgn,15,20260811,32,luma_sd,True,23,RQ2,229,85,0.09189723320158094,0.09189723320158094
kodim08.png,awgn,15,20260811,32,edge_fraction,True,23,RQ2,230,86,-0.020750988142292703,-0.020750988142292703
kodim08.png,awgn,15,20260811,32,glcm_contrast,True,23,RQ2,231,87,0.03458498023715406,0.03458498023715406
kodim08.png,awgn,15,20260811,32,glcm_entropy,True,23,RQ2,232,88,-0.1907114624505929,-0.1907114624505929
kodim08.png,awgn,15,20260811,32,glcm_homogeneity,True,23,RQ2,233,89,0.015810276679842028,-0.015810276679842028
kodim08.png,awgn,15,20260811,37,sobel_si,True,23,RQ2,234,90,-0.07213438735177857,-0.07213438735177857
kodim08.png,awgn,15,20260811,37,luma_sd,True,23,RQ2,235,91,-0.14723320158102765,-0.14723320158102765
kodim08.png,awgn,15,20260811,37,edge_fraction,True,23,RQ2,236,92,0.0009881422924901129,0.0009881422924901129
kodim08.png,awgn,15,20260811,37,glcm_contrast,True,23,RQ2,237,93,-0.005928853754940788,-0.005928853754940788
kodim08.png,awgn,15,20260811,37,glcm_entropy,True,23,RQ2,238,94,-0.2697628458498026,-0.2697628458498026
kodim08.png,awgn,15,20260811,37,glcm_homogeneity,True,23,RQ2,239,95,0.021739130434782594,-0.021739130434782594
kodim08.png,awgn,30,20260811,22,sobel_si,True,23,RQ2,216,144,0.2116368071003878,0.2116368071003878
kodim08.png,awgn,30,20260811,22,luma_sd,True,23,RQ2,217,145,0.6360354969356656,0.6360354969356656
kodim08.png,awgn,30,20260811,22,edge_fraction,True,23,RQ2,218,146,-0.5538023515165809,-0.5538023515165809
kodim08.png,awgn,30,20260811,22,glcm_contrast,True,23,RQ2,219,147,-0.3457902183549719,-0.3457902183549719
kodim08.png,awgn,30,20260811,22,glcm_entropy,True,23,RQ2,220,148,-0.5429633108978419,-0.5429633108978419
kodim08.png,awgn,30,20260811,22,glcm_homogeneity,True,23,RQ2,221,149,0.9101361934320764,-0.9101361934320764
kodim08.png,awgn,30,20260811,27,sobel_si,True,23,RQ2,222,150,0.1482213438735176,0.1482213438735176
kodim08.png,awgn,30,20260811,27,luma_sd,True,23,RQ2,223,151,0.4150197628458498,0.4150197628458498
kodim08.png,awgn,30,20260811,27,edge_fraction,True,23,RQ2,224,152,-0.40019762845849793,-0.40019762845849793
kodim08.png,awgn,30,20260811,27,glcm_contrast,True,23,RQ2,225,153,-0.2559288537549407,-0.2559288537549407
kodim08.png,awgn,30,20260811,27,glcm_entropy,True,23,RQ2,226,154,-0.5326086956521738,-0.5326086956521738
kodim08.png,awgn,30,20260811,27,glcm_homogeneity,True,23,RQ2,227,155,0.7470355731225296,-0.7470355731225296
kodim08.png,awgn,30,20260811,32,sobel_si,True,23,RQ2,228,156,0.07707509881422925,0.07707509881422925
kodim08.png,awgn,30,20260811,32,luma_sd,True,23,RQ2,229,157,0.4189723320158102,0.4189723320158102
kodim08.png,awgn,30,20260811,32,edge_fraction,True,23,RQ2,230,158,-0.45849802371541515,-0.45849802371541515
kodim08.png,awgn,30,20260811,32,glcm_contrast,True,23,RQ2,231,159,-0.3241106719367589,-0.3241106719367589
kodim08.png,awgn,30,20260811,32,glcm_entropy,True,23,RQ2,232,160,-0.5128458498023716,-0.5128458498023716
kodim08.png,awgn,30,20260811,32,glcm_homogeneity,True,23,RQ2,233,161,0.8438735177865612,-0.8438735177865612
kodim08.png,awgn,30,20260811,37,sobel_si,True,23,RQ2,234,162,-0.05830039525691699,-0.05830039525691699
kodim08.png,awgn,30,20260811,37,luma_sd,True,23,RQ2,235,163,0.07707509881422925,0.07707509881422925
kodim08.png,awgn,30,20260811,37,edge_fraction,True,23,RQ2,236,164,-0.2786561264822135,-0.2786561264822135
kodim08.png,awgn,30,20260811,37,glcm_contrast,True,23,RQ2,237,165,-0.22727272727272751,-0.22727272727272751
kodim08.png,awgn,30,20260811,37,glcm_entropy,True,23,RQ2,238,166,-0.4426877470355732,-0.4426877470355732
kodim08.png,awgn,30,20260811,37,glcm_homogeneity,True,23,RQ2,239,167,0.6413043478260868,-0.6413043478260868
kodim08.png,clean,0,,22,luma_sd,True,23,RQ1,216,217,-0.45849802371541504,-0.45849802371541504
kodim08.png,clean,0,,22,edge_fraction,True,23,RQ1,216,218,0.26778656126482203,0.26778656126482203
kodim08.png,clean,0,,22,glcm_contrast,True,23,RQ1,216,219,0.09288537549407105,0.09288537549407105
kodim08.png,clean,0,,22,glcm_entropy,True,23,RQ1,216,220,0.1333992094861659,0.1333992094861659
kodim08.png,clean,0,,22,glcm_homogeneity,True,23,RQ1,216,221,-1.1729249011857708,0.1847826086956521
kodim08.png,clean,0,,27,luma_sd,True,23,RQ1,222,223,-0.4920948616600791,-0.4920948616600791
kodim08.png,clean,0,,27,edge_fraction,True,23,RQ1,222,224,0.23320158102766786,0.23320158102766786
kodim08.png,clean,0,,27,glcm_contrast,True,23,RQ1,222,225,0.07312252964426869,0.07312252964426869
kodim08.png,clean,0,,27,glcm_entropy,True,23,RQ1,222,226,0.1037549407114623,0.1037549407114623
kodim08.png,clean,0,,27,glcm_homogeneity,True,23,RQ1,222,227,-1.2895256916996047,0.1551383399209485
kodim08.png,clean,0,,32,luma_sd,True,23,RQ1,228,229,-0.5474308300395256,-0.5474308300395256
kodim08.png,clean,0,,32,edge_fraction,True,23,RQ1,228,230,0.18083003952569177,0.18083003952569177
kodim08.png,clean,0,,32,glcm_contrast,True,23,RQ1,228,231,0.06324110671936756,0.06324110671936756
kodim08.png,clean,0,,32,glcm_entropy,True,23,RQ1,228,232,0.03952569169960474,0.03952569169960474
kodim08.png,clean,0,,32,glcm_homogeneity,True,23,RQ1,228,233,-1.4535573122529644,0.11166007905138331
kodim08.png,clean,0,,37,luma_sd,True,23,RQ1,234,235,-0.6047430830039525,-0.6047430830039525
kodim08.png,clean,0,,37,edge_fraction,True,23,RQ1,234,236,0.1324110671936759,0.1324110671936759
kodim08.png,clean,0,,37,glcm_contrast,True,23,RQ1,234,237,0.055335968379446765,0.055335968379446765
kodim08.png,clean,0,,37,glcm_entropy,True,23,RQ1,234,238,-0.015810276679841806,-0.015810276679841806
kodim08.png,clean,0,,37,glcm_homogeneity,True,23,RQ1,234,239,-1.5741106719367588,0.0662055335968379
kodim08.png,stripes,8,,22,sobel_si,True,23,RQ2,216,240,0.059288537549407105,0.059288537549407105
kodim08.png,stripes,8,,22,luma_sd,True,23,RQ2,217,241,0.019762845849802327,0.019762845849802327
kodim08.png,stripes,8,,22,edge_fraction,True,23,RQ2,218,242,0.03754940711462462,0.03754940711462462
kodim08.png,stripes,8,,22,glcm_contrast,True,23,RQ2,219,243,0.03063241106719361,0.03063241106719361
kodim08.png,stripes,8,,22,glcm_entropy,True,23,RQ2,220,244,1.1102230246251565e-16,1.1102230246251565e-16
kodim08.png,stripes,8,,22,glcm_homogeneity,True,23,RQ2,221,245,-0.004940711462450564,0.004940711462450564
kodim08.png,stripes,8,,27,sobel_si,True,23,RQ2,222,246,0.06027667984189733,0.06027667984189733
kodim08.png,stripes,8,,27,luma_sd,True,23,RQ2,223,247,0.0533596837944664,0.0533596837944664
kodim08.png,stripes,8,,27,edge_fraction,True,23,RQ2,224,248,0.012845849802371578,0.012845849802371578
kodim08.png,stripes,8,,27,glcm_contrast,True,23,RQ2,225,249,0.029644268774703608,0.029644268774703608
kodim08.png,stripes,8,,27,glcm_entropy,True,23,RQ2,226,250,-0.01976284584980237,-0.01976284584980237
kodim08.png,stripes,8,,27,glcm_homogeneity,True,23,RQ2,227,251,0.01086956521739113,-0.01086956521739113
kodim08.png,stripes,8,,32,sobel_si,True,23,RQ2,228,252,0.0039525691699604515,0.0039525691699604515
kodim08.png,stripes,8,,32,luma_sd,True,23,RQ2,229,253,0.021739130434782594,0.021739130434782594
kodim08.png,stripes,8,,32,edge_fraction,True,23,RQ2,230,254,-0.0039525691699605625,-0.0039525691699605625
kodim08.png,stripes,8,,32,glcm_contrast,True,23,RQ2,231,255,-0.008893280632411016,-0.008893280632411016
kodim08.png,stripes,8,,32,glcm_entropy,True,23,RQ2,232,256,-0.011857707509881243,-0.011857707509881243
kodim08.png,stripes,8,,32,glcm_homogeneity,True,23,RQ2,233,257,0.02075098814229248,-0.02075098814229248
kodim08.png,stripes,8,,37,sobel_si,True,23,RQ2,234,258,0.022727272727272707,0.022727272727272707
kodim08.png,stripes,8,,37,luma_sd,True,23,RQ2,235,259,0.038537549407114624,0.038537549407114624
kodim08.png,stripes,8,,37,edge_fraction,True,23,RQ2,236,260,-0.007905138339920903,-0.007905138339920903
kodim08.png,stripes,8,,37,glcm_contrast,True,23,RQ2,237,261,0.007905138339920903,0.007905138339920903
kodim08.png,stripes,8,,37,glcm_entropy,True,23,RQ2,238,262,0.0434782608695653,0.0434782608695653
kodim08.png,stripes,8,,37,glcm_homogeneity,True,23,RQ2,239,263,-0.008893280632411127,0.008893280632411127
kodim08.png,stripes,16,,22,sobel_si,True,23,RQ2,216,264,0.024703557312252933,0.024703557312252933
kodim08.png,stripes,16,,22,luma_sd,True,23,RQ2,217,265,0.075098814229249,0.075098814229249
kodim08.png,stripes,16,,22,edge_fraction,True,23,RQ2,218,266,0.03458498023715417,0.03458498023715417
kodim08.png,stripes,16,,22,glcm_contrast,True,23,RQ2,219,267,0.058300395256917104,0.058300395256917104
kodim08.png,stripes,16,,22,glcm_entropy,True,23,RQ2,220,268,-0.05434782608695643,-0.05434782608695643
kodim08.png,stripes,16,,22,glcm_homogeneity,True,23,RQ2,221,269,-0.06027667984189711,0.06027667984189711
kodim08.png,stripes,16,,27,sobel_si,True,23,RQ2,222,270,0.021739130434782594,0.021739130434782594
kodim08.png,stripes,16,,27,luma_sd,True,23,RQ2,223,271,0.014822134387351749,0.014822134387351749
kodim08.png,stripes,16,,27,edge_fraction,True,23,RQ2,224,272,0.049407114624505866,0.049407114624505866
kodim08.png,stripes,16,,27,glcm_contrast,True,23,RQ2,225,273,0.07806324110671936,0.07806324110671936
kodim08.png,stripes,16,,27,glcm_entropy,True,23,RQ2,226,274,-0.02371541501976282,-0.02371541501976282
kodim08.png,stripes,16,,27,glcm_homogeneity,True,23,RQ2,227,275,-0.07015810276679846,0.07015810276679846
kodim08.png,stripes,16,,32,sobel_si,True,23,RQ2,228,276,0.01383399209486158,0.01383399209486158
kodim08.png,stripes,16,,32,luma_sd,True,23,RQ2,229,277,0.010869565217391297,0.010869565217391297
kodim08.png,stripes,16,,32,edge_fraction,True,23,RQ2,230,278,0.007905138339920792,0.007905138339920792
kodim08.png,stripes,16,,32,glcm_contrast,True,23,RQ2,231,279,0.028656126482213495,0.028656126482213495
kodim08.png,stripes,16,,32,glcm_entropy,True,23,RQ2,232,280,-0.029644268774703386,-0.029644268774703386
kodim08.png,stripes,16,,32,glcm_homogeneity,True,23,RQ2,233,281,-0.014822134387351804,0.014822134387351804
kodim08.png,stripes,16,,37,sobel_si,True,23,RQ2,234,282,0.04446640316205541,0.04446640316205541
kodim08.png,stripes,16,,37,luma_sd,True,23,RQ2,235,283,0.05237154150197626,0.05237154150197626
kodim08.png,stripes,16,,37,edge_fraction,True,23,RQ2,236,284,-0.014822134387351915,-0.014822134387351915
kodim08.png,stripes,16,,37,glcm_contrast,True,23,RQ2,237,285,0.03063241106719361,0.03063241106719361
kodim08.png,stripes,16,,37,glcm_entropy,True,23,RQ2,238,286,0.020750988142292592,0.020750988142292592
kodim08.png,stripes,16,,37,glcm_homogeneity,True,23,RQ2,239,287,-0.005928853754940788,0.005928853754940788
kodim08.png,stripes,32,,22,sobel_si,True,23,RQ2,216,288,0.066205533596838,0.066205533596838
kodim08.png,stripes,32,,22,luma_sd,True,23,RQ2,217,289,0.07707509881422922,0.07707509881422922
kodim08.png,stripes,32,,22,edge_fraction,True,23,RQ2,218,290,-0.10770750988142297,-0.10770750988142297
kodim08.png,stripes,32,,22,glcm_contrast,True,23,RQ2,219,291,0.07114624505928846,0.07114624505928846
kodim08.png,stripes,32,,22,glcm_entropy,True,23,RQ2,220,292,-0.13438735177865618,-0.13438735177865618
kodim08.png,stripes,32,,22,glcm_homogeneity,True,23,RQ2,221,293,-0.024703557312252933,0.024703557312252933
kodim08.png,stripes,32,,27,sobel_si,True,23,RQ2,222,294,0.09189723320158105,0.09189723320158105
kodim08.png,stripes,32,,27,luma_sd,True,23,RQ2,223,295,0.04743083003952567,0.04743083003952567
kodim08.png,stripes,32,,27,edge_fraction,True,23,RQ2,224,296,-0.08498023715415004,-0.08498023715415004
kodim08.png,stripes,32,,27,glcm_contrast,True,23,RQ2,225,297,0.09980237154150207,0.09980237154150207
kodim08.png,stripes,32,,27,glcm_entropy,True,23,RQ2,226,298,-0.14328063241106725,-0.14328063241106725
kodim08.png,stripes,32,,27,glcm_homogeneity,True,23,RQ2,227,299,-0.031620553359683834,0.031620553359683834
kodim08.png,stripes,32,,32,sobel_si,True,23,RQ2,228,300,0.019762845849802257,0.019762845849802257
kodim08.png,stripes,32,,32,luma_sd,True,23,RQ2,229,301,0.013833992094861608,0.013833992094861608
kodim08.png,stripes,32,,32,edge_fraction,True,23,RQ2,230,302,-0.1086956521739132,-0.1086956521739132
kodim08.png,stripes,32,,32,glcm_contrast,True,23,RQ2,231,303,0.04249011857707519,0.04249011857707519
kodim08.png,stripes,32,,32,glcm_entropy,True,23,RQ2,232,304,-0.1472332015810277,-0.1472332015810277
kodim08.png,stripes,32,,32,glcm_homogeneity,True,23,RQ2,233,305,0.01086956521739113,-0.01086956521739113
kodim08.png,stripes,32,,37,sobel_si,True,23,RQ2,234,306,0.02075098814229248,0.02075098814229248
kodim08.png,stripes,32,,37,luma_sd,True,23,RQ2,235,307,0.057312252964426824,0.057312252964426824
kodim08.png,stripes,32,,37,edge_fraction,True,23,RQ2,236,308,-0.126482213438735,-0.126482213438735
kodim08.png,stripes,32,,37,glcm_contrast,True,23,RQ2,237,309,0.028656126482213162,0.028656126482213162
kodim08.png,stripes,32,,37,glcm_entropy,True,23,RQ2,238,310,-0.11166007905138342,-0.11166007905138342
kodim08.png,stripes,32,,37,glcm_homogeneity,True,23,RQ2,239,311,0.018774703557312034,-0.018774703557312034
kodim09.png,awgn,5,20260811,22,sobel_si,True,23,RQ2,216,0,0.06126482213438755,0.06126482213438755
kodim09.png,awgn,5,20260811,22,luma_sd,True,23,RQ2,217,1,0.02272727272727275,0.02272727272727275
kodim09.png,awgn,5,20260811,22,edge_fraction,True,23,RQ2,218,2,0.04150197628458485,0.04150197628458485
kodim09.png,awgn,5,20260811,22,glcm_contrast,True,23,RQ2,219,3,0.06916996047430846,0.06916996047430846
kodim09.png,awgn,5,20260811,22,glcm_entropy,True,23,RQ2,220,4,-0.025691699604743268,-0.025691699604743268
kodim09.png,awgn,5,20260811,22,glcm_homogeneity,True,23,RQ2,221,5,-0.005928853754940788,0.005928853754940788
kodim09.png,awgn,5,20260811,27,sobel_si,True,23,RQ2,222,6,-0.02158430967041769,-0.02158430967041769
kodim09.png,awgn,5,20260811,27,luma_sd,True,23,RQ2,223,7,-0.03012747316382841,-0.03012747316382841
kodim09.png,awgn,5,20260811,27,edge_fraction,True,23,RQ2,224,8,0.015028236477452883,0.015028236477452883
kodim09.png,awgn,5,20260811,27,glcm_contrast,True,23,RQ2,225,9,0.02389660903736357,0.02389660903736357
kodim09.png,awgn,5,20260811,27,glcm_entropy,True,23,RQ2,226,10,-0.03244654898413235,-0.03244654898413235
kodim09.png,awgn,5,20260811,27,glcm_homogeneity,True,23,RQ2,227,11,0.01364840253505506,-0.01364840253505506
kodim09.png,awgn,5,20260811,32,sobel_si,True,23,RQ2,228,12,0.006916996047431012,0.006916996047431012
kodim09.png,awgn,5,20260811,32,luma_sd,True,23,RQ2,229,13,0.0,0.0
kodim09.png,awgn,5,20260811,32,edge_fraction,True,23,RQ2,230,14,0.008893280632411016,0.008893280632411016
kodim09.png,awgn,5,20260811,32,glcm_contrast,True,23,RQ2,231,15,0.004940711462450564,0.004940711462450564
kodim09.png,awgn,5,20260811,32,glcm_entropy,True,23,RQ2,232,16,-0.04150197628458496,-0.04150197628458496
kodim09.png,awgn,5,20260811,32,glcm_homogeneity,True,23,RQ2,233,17,0.008893280632411016,-0.008893280632411016
kodim09.png,awgn,5,20260811,37,sobel_si,True,23,RQ2,234,18,0.011857707509881465,0.011857707509881465
kodim09.png,awgn,5,20260811,37,luma_sd,True,23,RQ2,235,19,0.0,0.0
kodim09.png,awgn,5,20260811,37,edge_fraction,True,23,RQ2,236,20,-0.008893280632411016,-0.008893280632411016
kodim09.png,awgn,5,20260811,37,glcm_contrast,True,23,RQ2,237,21,0.007905138339921014,0.007905138339921014
kodim09.png,awgn,5,20260811,37,glcm_entropy,True,23,RQ2,238,22,-0.03063241106719361,-0.03063241106719361
kodim09.png,awgn,5,20260811,37,glcm_homogeneity,True,23,RQ2,239,23,0.0,0.0
kodim09.png,awgn,15,20260811,22,sobel_si,True,23,RQ2,216,72,0.2838102659384417,0.2838102659384417
kodim09.png,awgn,15,20260811,22,luma_sd,True,23,RQ2,217,73,0.4007997566839726,0.4007997566839726
kodim09.png,awgn,15,20260811,22,edge_fraction,True,23,RQ2,218,74,-0.011666989817501472,-0.011666989817501472
kodim09.png,awgn,15,20260811,22,glcm_contrast,True,23,RQ2,219,75,0.030308667181428883,0.030308667181428883
kodim09.png,awgn,15,20260811,22,glcm_entropy,True,23,RQ2,220,76,-0.10114942205740474,-0.10114942205740474
kodim09.png,awgn,15,20260811,22,glcm_homogeneity,True,23,RQ2,221,77,0.03985041237252651,-0.03985041237252651
kodim09.png,awgn,15,20260811,27,sobel_si,True,23,RQ2,222,78,0.19367588932806323,0.19367588932806323
kodim09.png,awgn,15,20260811,27,luma_sd,True,23,RQ2,223,79,0.30830039525691705,0.30830039525691705
kodim09.png,awgn,15,20260811,27,edge_fraction,True,23,RQ2,224,80,-0.008893280632410905,-0.008893280632410905
kodim09.png,awgn,15,20260811,27,glcm_contrast,True,23,RQ2,225,81,0.02667984189723327,0.02667984189723327
kodim09.png,awgn,15,20260811,27,glcm_entropy,True,23,RQ2,226,82,-0.12747035573122512,-0.12747035573122512
kodim09.png,awgn,15,20260811,27,glcm_homogeneity,True,23,RQ2,227,83,0.04347826086956519,-0.04347826086956519
kodim09.png,awgn,15,20260811,32,sobel_si,True,23,RQ2,228,84,0.09584980237154173,0.09584980237154173
kodim09.png,awgn,15,20260811,32,luma_sd,True,23,RQ2,229,85,0.10671936758893286,0.10671936758893286
kodim09.png,awgn,15,20260811,32,edge_fraction,True,23,RQ2,230,86,-0.01383399209486158,-0.01383399209486158
kodim09.png,awgn,15,20260811,32,glcm_contrast,True,23,RQ2,231,87,-1.1102230246251565e-16,-1.1102230246251565e-16
kodim09.png,awgn,15,20260811,32,glcm_entropy,True,23,RQ2,232,88,-0.15711462450592883,-0.15711462450592883
kodim09.png,awgn,15,20260811,32,glcm_homogeneity,True,23,RQ2,233,89,0.02667984189723327,-0.02667984189723327
kodim09.png,awgn,15,20260811,37,sobel_si,True,23,RQ2,234,90,-0.05434782608695654,-0.05434782608695654
kodim09.png,awgn,15,20260811,37,luma_sd,True,23,RQ2,235,91,-0.13043478260869568,-0.13043478260869568
kodim09.png,awgn,15,20260811,37,edge_fraction,True,23,RQ2,236,92,0.0039525691699606735,0.0039525691699606735
kodim09.png,awgn,15,20260811,37,glcm_contrast,True,23,RQ2,237,93,-0.0039525691699606735,-0.0039525691699606735
kodim09.png,awgn,15,20260811,37,glcm_entropy,True,23,RQ2,238,94,-0.22727272727272718,-0.22727272727272718
kodim09.png,awgn,15,20260811,37,glcm_homogeneity,True,23,RQ2,239,95,0.02371541501976293,-0.02371541501976293
kodim09.png,awgn,30,20260811,22,sobel_si,True,23,RQ2,216,144,0.15037808988573087,0.15037808988573087
kodim09.png,awgn,30,20260811,22,luma_sd,True,23,RQ2,217,145,0.6488847654930863,0.6488847654930863
kodim09.png,awgn,30,20260811,22,edge_fraction,True,23,RQ2,218,146,-0.5033892682339718,-0.5033892682339718
kodim09.png,awgn,30,20260811,22,glcm_contrast,True,23,RQ2,219,147,-0.34083045954296237,-0.34083045954296237
kodim09.png,awgn,30,20260811,22,glcm_entropy,True,23,RQ2,220,148,-0.4890911190995446,-0.4890911190995446
kodim09.png,awgn,30,20260811,22,glcm_homogeneity,True,23,RQ2,221,149,0.8300654105513569,-0.8300654105513569
kodim09.png,awgn,30,20260811,27,sobel_si,True,23,RQ2,222,150,0.10276679841897252,0.10276679841897252
kodim09.png,awgn,30,20260811,27,luma_sd,True,23,RQ2,223,151,0.4614624505928853,0.4614624505928853
kodim09.png,awgn,30,20260811,27,edge_fraction,True,23,RQ2,224,152,-0.3517786561264822,-0.3517786561264822
kodim09.png,awgn,30,20260811,27,glcm_contrast,True,23,RQ2,225,153,-0.23913043478260848,-0.23913043478260848
kodim09.png,awgn,30,20260811,27,glcm_entropy,True,23,RQ2,226,154,-0.4426877470355731,-0.4426877470355731
kodim09.png,awgn,30,20260811,27,glcm_homogeneity,True,23,RQ2,227,155,0.6610671936758893,-0.6610671936758893
kodim09.png,awgn,30,20260811,32,sobel_si,True,23,RQ2,228,156,0.031620553359683945,0.031620553359683945
kodim09.png,awgn,30,20260811,32,luma_sd,True,23,RQ2,229,157,0.4199604743083002,0.4199604743083002
kodim09.png,awgn,30,20260811,32,edge_fraction,True,23,RQ2,230,158,-0.39920948616600793,-0.39920948616600793
kodim09.png,awgn,30,20260811,32,glcm_contrast,True,23,RQ2,231,159,-0.300395256916996,-0.300395256916996
kodim09.png,awgn,30,20260811,32,glcm_entropy,True,23,RQ2,232,160,-0.44071146245059273,-0.44071146245059273
kodim09.png,awgn,30,20260811,32,glcm_homogeneity,True,23,RQ2,233,161,0.7440711462450593,-0.7440711462450593
kodim09.png,awgn,30,20260811,37,sobel_si,True,23,RQ2,234,162,-0.04743083003952586,-0.04743083003952586
kodim09.png,awgn,30,20260811,37,luma_sd,True,23,RQ2,235,163,0.10276679841897235,0.10276679841897235
kodim09.png,awgn,30,20260811,37,edge_fraction,True,23,RQ2,236,164,-0.24110671936758876,-0.24110671936758876
kodim09.png,awgn,30,20260811,37,glcm_contrast,True,23,RQ2,237,165,-0.18675889328063244,-0.18675889328063244
kodim09.png,awgn,30,20260811,37,glcm_entropy,True,23,RQ2,238,166,-0.376482213438735,-0.376482213438735
kodim09.png,awgn,30,20260811,37,glcm_homogeneity,True,23,RQ2,239,167,0.5563241106719368,-0.5563241106719368
kodim09.png,clean,0,,22,luma_sd,True,23,RQ1,216,217,-0.5434782608695651,-0.5434782608695651
kodim09.png,clean,0,,22,edge_fraction,True,23,RQ1,216,218,0.20355731225296458,0.20355731225296458
kodim09.png,clean,0,,22,glcm_contrast,True,23,RQ1,216,219,0.07905138339920958,0.07905138339920958
kodim09.png,clean,0,,22,glcm_entropy,True,23,RQ1,216,220,0.06818181818181845,0.06818181818181845
kodim09.png,clean,0,,22,glcm_homogeneity,True,23,RQ1,216,221,-1.3053359683794465,0.1452569169960476
kodim09.png,clean,0,,27,luma_sd,True,23,RQ1,222,223,-0.5741106719367588,-0.5741106719367588
kodim09.png,clean,0,,27,edge_fraction,True,23,RQ1,222,224,0.17094861660079053,0.17094861660079053
kodim09.png,clean,0,,27,glcm_contrast,True,23,RQ1,222,225,0.06126482213438733,0.06126482213438733
kodim09.png,clean,0,,27,glcm_entropy,True,23,RQ1,222,226,0.04051383399209485,0.04051383399209485
kodim09.png,clean,0,,27,glcm_homogeneity,True,23,RQ1,222,227,-1.4130434782608694,0.11660079051383399
kodim09.png,clean,0,,32,luma_sd,True,23,RQ1,228,229,-0.6067193675889326,-0.6067193675889326
kodim09.png,clean,0,,32,edge_fraction,True,23,RQ1,228,230,0.12549407114624522,0.12549407114624522
kodim09.png,clean,0,,32,glcm_contrast,True,23,RQ1,228,231,0.05335968379446654,0.05335968379446654
kodim09.png,clean,0,,32,glcm_entropy,True,23,RQ1,228,232,-0.009881422924901129,-0.009881422924901129
kodim09.png,clean,0,,32,glcm_homogeneity,True,23,RQ1,228,233,-1.5612648221343872,0.07509881422924924
kodim09.png,clean,0,,37,luma_sd,True,23,RQ1,234,235,-0.6017786561264822,-0.6017786561264822
kodim09.png,clean,0,,37,edge_fraction,True,23,RQ1,234,236,0.11462450592885354,0.11462450592885354
kodim09.png,clean,0,,37,glcm_contrast,True,23,RQ1,234,237,0.052371541501976204,0.052371541501976204
kodim09.png,clean,0,,37,glcm_entropy,True,23,RQ1,234,238,-0.01581027667984214,-0.01581027667984214
kodim09.png,clean,0,,37,glcm_homogeneity,True,23,RQ1,234,239,-1.6225296442687749,0.06126482213438733
kodim09.png,stripes,8,,22,sobel_si,True,23,RQ2,216,240,0.052371541501976315,0.052371541501976315
kodim09.png,stripes,8,,22,luma_sd,True,23,RQ2,217,241,0.01976284584980239,0.01976284584980239
kodim09.png,stripes,8,,22,edge_fraction,True,23,RQ2,218,242,0.039525691699604626,0.039525691699604626
kodim09.png,stripes,8,,22,glcm_contrast,True,23,RQ2,219,243,0.02272727272727304,0.02272727272727304
kodim09.png,stripes,8,,22,glcm_entropy,True,23,RQ2,220,244,0.004940711462450231,0.004940711462450231
kodim09.png,stripes,8,,22,glcm_homogeneity,True,23,RQ2,221,245,-0.0039525691699604515,0.0039525691699604515
kodim09.png,stripes,8,,27,sobel_si,True,23,RQ2,222,246,0.05138339920948631,0.05138339920948631
kodim09.png,stripes,8,,27,luma_sd,True,23,RQ2,223,247,0.07015810276679844,0.07015810276679844
kodim09.png,stripes,8,,27,edge_fraction,True,23,RQ2,224,248,0.01679841897233192,0.01679841897233192
kodim09.png,stripes,8,,27,glcm_contrast,True,23,RQ2,225,249,0.021739130434782705,0.021739130434782705
kodim09.png,stripes,8,,27,glcm_entropy,True,23,RQ2,226,250,-0.005928853754940788,-0.005928853754940788
kodim09.png,stripes,8,,27,glcm_homogeneity,True,23,RQ2,227,251,0.010869565217391353,-0.010869565217391353
kodim09.png,stripes,8,,32,sobel_si,True,23,RQ2,228,252,-0.006916996047430679,-0.006916996047430679
kodim09.png,stripes,8,,32,luma_sd,True,23,RQ2,229,253,0.02173913043478265,0.02173913043478265
kodim09.png,stripes,8,,32,edge_fraction,True,23,RQ2,230,254,-1.1102230246251565e-16,-1.1102230246251565e-16
kodim09.png,stripes,8,,32,glcm_contrast,True,23,RQ2,231,255,-0.019762845849802257,-0.019762845849802257
kodim09.png,stripes,8,,32,glcm_entropy,True,23,RQ2,232,256,-0.005928853754940455,-0.005928853754940455
kodim09.png,stripes,8,,32,glcm_homogeneity,True,23,RQ2,233,257,0.01679841897233214,-0.01679841897233214
kodim09.png,stripes,8,,37,sobel_si,True,23,RQ2,234,258,0.03063241106719361,0.03063241106719361
kodim09.png,stripes,8,,37,luma_sd,True,23,RQ2,235,259,0.03359683794466406,0.03359683794466406
kodim09.png,stripes,8,,37,edge_fraction,True,23,RQ2,236,260,0.0009881422924901129,0.0009881422924901129
kodim09.png,stripes,8,,37,glcm_contrast,True,23,RQ2,237,261,0.01679841897233192,0.01679841897233192
kodim09.png,stripes,8,,37,glcm_entropy,True,23,RQ2,238,262,0.03952569169960485,0.03952569169960485
kodim09.png,stripes,8,,37,glcm_homogeneity,True,23,RQ2,239,263,-0.014822134387351804,0.014822134387351804
kodim09.png,stripes,16,,22,sobel_si,True,23,RQ2,216,264,0.01976284584980237,0.01976284584980237
kodim09.png,stripes,16,,22,luma_sd,True,23,RQ2,217,265,0.0731225296442688,0.0731225296442688
kodim09.png,stripes,16,,22,edge_fraction,True,23,RQ2,218,266,0.022727272727272707,0.022727272727272707
kodim09.png,stripes,16,,22,glcm_contrast,True,23,RQ2,219,267,0.0513833992094862,0.0513833992094862
kodim09.png,stripes,16,,22,glcm_entropy,True,23,RQ2,220,268,-0.02964426877470372,-0.02964426877470372
kodim09.png,stripes,16,,22,glcm_homogeneity,True,23,RQ2,221,269,-0.05039525691699609,0.05039525691699609
kodim09.png,stripes,16,,27,sobel_si,True,23,RQ2,222,270,0.006916996047430901,0.006916996047430901
kodim09.png,stripes,16,,27,luma_sd,True,23,RQ2,223,271,0.026679841897233228,0.026679841897233228
kodim09.png,stripes,16,,27,edge_fraction,True,23,RQ2,224,272,0.04249011857707519,0.04249011857707519
kodim09.png,stripes,16,,27,glcm_contrast,True,23,RQ2,225,273,0.05731225296442699,0.05731225296442699
kodim09.png,stripes,16,,27,glcm_entropy,True,23,RQ2,226,274,1.1102230246251565e-16,1.1102230246251565e-16
kodim09.png,stripes,16,,27,glcm_homogeneity,True,23,RQ2,227,275,-0.05434782608695654,0.05434782608695654
kodim09.png,stripes,16,,32,sobel_si,True,23,RQ2,228,276,-0.0029644268774702276,-0.0029644268774702276
kodim09.png,stripes,16,,32,luma_sd,True,23,RQ2,229,277,0.019762845849802424,0.019762845849802424
kodim09.png,stripes,16,,32,edge_fraction,True,23,RQ2,230,278,0.004940711462450675,0.004940711462450675
kodim09.png,stripes,16,,32,glcm_contrast,True,23,RQ2,231,279,0.007905138339920903,0.007905138339920903
kodim09.png,stripes,16,,32,glcm_entropy,True,23,RQ2,232,280,-0.014822134387351582,-0.014822134387351582
kodim09.png,stripes,16,,32,glcm_homogeneity,True,23,RQ2,233,281,-0.0039525691699604515,0.0039525691699604515
kodim09.png,stripes,16,,37,sobel_si,True,23,RQ2,234,282,0.03952569169960474,0.03952569169960474
kodim09.png,stripes,16,,37,luma_sd,True,23,RQ2,235,283,0.047430830039525695,0.047430830039525695
kodim09.png,stripes,16,,37,edge_fraction,True,23,RQ2,236,284,-0.0019762845849800037,-0.0019762845849800037
kodim09.png,stripes,16,,37,glcm_contrast,True,23,RQ2,237,285,0.028656126482213273,0.028656126482213273
kodim09.png,stripes,16,,37,glcm_entropy,True,23,RQ2,238,286,0.020750988142292814,0.020750988142292814
kodim09.png,stripes,16,,37,glcm_homogeneity,True,23,RQ2,239,287,-0.006916996047430901,0.006916996047430901
kodim09.png,stripes,32,,22,sobel_si,True,23,RQ2,216,288,0.04051383399209496,0.04051383399209496
kodim09.png,stripes,32,,22,luma_sd,True,23,RQ2,217,289,0.09090909090909088,0.09090909090909088
kodim09.png,stripes,32,,22,edge_fraction,True,23,RQ2,218,290,-0.05138339920948631,-0.05138339920948631
kodim09.png,stripes,32,,22,glcm_contrast,True,23,RQ2,219,291,0.0513833992094862,0.0513833992094862
kodim09.png,stripes,32,,22,glcm_entropy,True,23,RQ2,220,292,-0.1017786561264824,-0.1017786561264824
kodim09.png,stripes,32,,22,glcm_homogeneity,True,23,RQ2,221,293,-0.02371541501976293,0.02371541501976293
kodim09.png,stripes,32,,27,sobel_si,True,23,RQ2,222,294,0.0721343873517789,0.0721343873517789
kodim09.png,stripes,32,,27,luma_sd,True,23,RQ2,223,295,0.07707509881422923,0.07707509881422923
kodim09.png,stripes,32,,27,edge_fraction,True,23,RQ2,224,296,-0.03458498023715417,-0.03458498023715417
kodim09.png,stripes,32,,27,glcm_contrast,True,23,RQ2,225,297,0.0810276679841897,0.0810276679841897
kodim09.png,stripes,32,,27,glcm_entropy,True,23,RQ2,226,298,-0.10079051383399196,-0.10079051383399196
kodim09.png,stripes,32,,27,glcm_homogeneity,True,23,RQ2,227,299,-0.027667984189723382,0.027667984189723382
kodim09.png,stripes,32,,32,sobel_si,True,23,RQ2,228,300,0.001976284584980448,0.001976284584980448
kodim09.png,stripes,32,,32,luma_sd,True,23,RQ2,229,301,0.035573122529644285,0.035573122529644285
kodim09.png,stripes,32,,32,edge_fraction,True,23,RQ2,230,302,-0.06719367588932812,-0.06719367588932812
kodim09.png,stripes,32,,32,glcm_contrast,True,23,RQ2,231,303,0.019762845849802146,0.019762845849802146
kodim09.png,stripes,32,,32,glcm_entropy,True,23,RQ2,232,304,-0.11561264822134376,-0.11561264822134376
kodim09.png,stripes,32,,32,glcm_homogeneity,True,23,RQ2,233,305,0.010869565217391464,-0.010869565217391464
kodim09.png,stripes,32,,37,sobel_si,True,23,RQ2,234,306,0.01679841897233203,0.01679841897233203
kodim09.png,stripes,32,,37,luma_sd,True,23,RQ2,235,307,0.06620553359683795,0.06620553359683795
kodim09.png,stripes,32,,37,edge_fraction,True,23,RQ2,236,308,-0.09584980237154128,-0.09584980237154128
kodim09.png,stripes,32,,37,glcm_contrast,True,23,RQ2,237,309,0.02371541501976282,0.02371541501976282
kodim09.png,stripes,32,,37,glcm_entropy,True,23,RQ2,238,310,-0.09881422924901151,-0.09881422924901151
kodim09.png,stripes,32,,37,glcm_homogeneity,True,23,RQ2,239,311,0.014822134387351804,-0.014822134387351804
kodim10.png,awgn,5,20260811,22,sobel_si,True,23,RQ2,216,0,0.0800395256916997,0.0800395256916997
kodim10.png,awgn,5,20260811,22,luma_sd,True,23,RQ2,217,1,-0.025691699604743087,-0.025691699604743087
kodim10.png,awgn,5,20260811,22,edge_fraction,True,23,RQ2,218,2,0.042490118577074965,0.042490118577074965
kodim10.png,awgn,5,20260811,22,glcm_contrast,True,23,RQ2,219,3,0.08992094861660072,0.08992094861660072
kodim10.png,awgn,5,20260811,22,glcm_entropy,True,23,RQ2,220,4,-0.027667984189723382,-0.027667984189723382
kodim10.png,awgn,5,20260811,22,glcm_homogeneity,True,23,RQ2,221,5,-0.03359683794466417,0.03359683794466417
kodim10.png,awgn,5,20260811,27,sobel_si,True,23,RQ2,222,6,-0.002809850309894557,-0.002809850309894557
kodim10.png,awgn,5,20260811,27,luma_sd,True,23,RQ2,223,7,-0.05580891650342425,-0.05580891650342425
kodim10.png,awgn,5,20260811,27,edge_fraction,True,23,RQ2,224,8,0.03183007420483397,0.03183007420483397
kodim10.png,awgn,5,20260811,27,glcm_contrast,True,23,RQ2,225,9,0.06046178100812549,0.06046178100812549
kodim10.png,awgn,5,20260811,27,glcm_entropy,True,23,RQ2,226,10,-0.016626504432721734,-0.016626504432721734
kodim10.png,awgn,5,20260811,27,glcm_homogeneity,True,23,RQ2,227,11,-0.025884370871436913,0.025884370871436913
kodim10.png,awgn,5,20260811,32,sobel_si,True,23,RQ2,228,12,0.008893280632411238,0.008893280632411238
kodim10.png,awgn,5,20260811,32,luma_sd,True,23,RQ2,229,13,0.0019762845849802257,0.0019762845849802257
kodim10.png,awgn,5,20260811,32,edge_fraction,True,23,RQ2,230,14,0.00988142292490124,0.00988142292490124
kodim10.png,awgn,5,20260811,32,glcm_contrast,True,23,RQ2,231,15,0.014822134387351804,0.014822134387351804
kodim10.png,awgn,5,20260811,32,glcm_entropy,True,23,RQ2,232,16,-0.035573122529644396,-0.035573122529644396
kodim10.png,awgn,5,20260811,32,glcm_homogeneity,True,23,RQ2,233,17,-0.008893280632411127,0.008893280632411127
kodim10.png,awgn,5,20260811,37,sobel_si,True,23,RQ2,234,18,0.011857707509881577,0.011857707509881577
kodim10.png,awgn,5,20260811,37,luma_sd,True,23,RQ2,235,19,0.0,0.0
kodim10.png,awgn,5,20260811,37,edge_fraction,True,23,RQ2,236,20,-0.010869565217391353,-0.010869565217391353
kodim10.png,awgn,5,20260811,37,glcm_contrast,True,23,RQ2,237,21,0.006916996047430679,0.006916996047430679
kodim10.png,awgn,5,20260811,37,glcm_entropy,True,23,RQ2,238,22,-0.028656126482213273,-0.028656126482213273
kodim10.png,awgn,5,20260811,37,glcm_homogeneity,True,23,RQ2,239,23,-0.010869565217391464,0.010869565217391464
kodim10.png,awgn,15,20260811,22,sobel_si,True,23,RQ2,216,72,0.26679841897233214,0.26679841897233214
kodim10.png,awgn,15,20260811,22,luma_sd,True,23,RQ2,217,73,0.33201581027667987,0.33201581027667987
kodim10.png,awgn,15,20260811,22,edge_fraction,True,23,RQ2,218,74,-0.03260869565217395,-0.03260869565217395
kodim10.png,awgn,15,20260811,22,glcm_contrast,True,23,RQ2,219,75,0.01679841897233192,0.01679841897233192
kodim10.png,awgn,15,20260811,22,glcm_entropy,True,23,RQ2,220,76,-0.15118577075098838,-0.15118577075098838
kodim10.png,awgn,15,20260811,22,glcm_homogeneity,True,23,RQ2,221,77,0.05138339920948631,-0.05138339920948631
kodim10.png,awgn,15,20260811,27,sobel_si,True,23,RQ2,222,78,0.19664031620553357,0.19664031620553357
kodim10.png,awgn,15,20260811,27,luma_sd,True,23,RQ2,223,79,0.2776679841897234,0.2776679841897234
kodim10.png,awgn,15,20260811,27,edge_fraction,True,23,RQ2,224,80,-0.018774703557312145,-0.018774703557312145
kodim10.png,awgn,15,20260811,27,glcm_contrast,True,23,RQ2,225,81,0.03063241106719372,0.03063241106719372
kodim10.png,awgn,15,20260811,27,glcm_entropy,True,23,RQ2,226,82,-0.15415019762845839,-0.15415019762845839
kodim10.png,awgn,15,20260811,27,glcm_homogeneity,True,23,RQ2,227,83,0.03952569169960474,-0.03952569169960474
kodim10.png,awgn,15,20260811,32,sobel_si,True,23,RQ2,228,84,0.11758893280632432,0.11758893280632432
kodim10.png,awgn,15,20260811,32,luma_sd,True,23,RQ2,229,85,0.08596837944664026,0.08596837944664026
kodim10.png,awgn,15,20260811,32,edge_fraction,True,23,RQ2,230,86,-0.014822134387351582,-0.014822134387351582
kodim10.png,awgn,15,20260811,32,glcm_contrast,True,23,RQ2,231,87,0.01679841897233192,0.01679841897233192
kodim10.png,awgn,15,20260811,32,glcm_entropy,True,23,RQ2,232,88,-0.17094861660079064,-0.17094861660079064
kodim10.png,awgn,15,20260811,32,glcm_homogeneity,True,23,RQ2,233,89,0.013833992094861802,-0.013833992094861802
kodim10.png,awgn,15,20260811,37,sobel_si,True,23,RQ2,234,90,-0.05830039525691677,-0.05830039525691677
kodim10.png,awgn,15,20260811,37,luma_sd,True,23,RQ2,235,91,-0.12450592885375492,-0.12450592885375492
kodim10.png,awgn,15,20260811,37,edge_fraction,True,23,RQ2,236,92,0.011857707509881577,0.011857707509881577
kodim10.png,awgn,15,20260811,37,glcm_contrast,True,23,RQ2,237,93,-0.007905138339920903,-0.007905138339920903
kodim10.png,awgn,15,20260811,37,glcm_entropy,True,23,RQ2,238,94,-0.22332015810276673,-0.22332015810276673
kodim10.png,awgn,15,20260811,37,glcm_homogeneity,True,23,RQ2,239,95,0.0039525691699603405,-0.0039525691699603405
kodim10.png,awgn,30,20260811,22,sobel_si,True,23,RQ2,216,144,0.14426877470355737,0.14426877470355737
kodim10.png,awgn,30,20260811,22,luma_sd,True,23,RQ2,217,145,0.5612648221343872,0.5612648221343872
kodim10.png,awgn,30,20260811,22,edge_fraction,True,23,RQ2,218,146,-0.5227272727272728,-0.5227272727272728
kodim10.png,awgn,30,20260811,22,glcm_contrast,True,23,RQ2,219,147,-0.3606719367588932,-0.3606719367588932
kodim10.png,awgn,30,20260811,22,glcm_entropy,True,23,RQ2,220,148,-0.5355731225296444,-0.5355731225296444
kodim10.png,awgn,30,20260811,22,glcm_homogeneity,True,23,RQ2,221,149,0.8517786561264823,-0.8517786561264823
kodim10.png,awgn,30,20260811,27,sobel_si,True,23,RQ2,222,150,0.11462450592885398,0.11462450592885398
kodim10.png,awgn,30,20260811,27,luma_sd,True,23,RQ2,223,151,0.39328063241106714,0.39328063241106714
kodim10.png,awgn,30,20260811,27,edge_fraction,True,23,RQ2,224,152,-0.3458498023715414,-0.3458498023715414
kodim10.png,awgn,30,20260811,27,glcm_contrast,True,23,RQ2,225,153,-0.23616600790513825,-0.23616600790513825
kodim10.png,awgn,30,20260811,27,glcm_entropy,True,23,RQ2,226,154,-0.46640316205533594,-0.46640316205533594
kodim10.png,awgn,30,20260811,27,glcm_homogeneity,True,23,RQ2,227,155,0.6650197628458498,-0.6650197628458498
kodim10.png,awgn,30,20260811,32,sobel_si,True,23,RQ2,228,156,0.06620553359683812,0.06620553359683812
kodim10.png,awgn,30,20260811,32,luma_sd,True,23,RQ2,229,157,0.38735177865612636,0.38735177865612636
kodim10.png,awgn,30,20260811,32,edge_fraction,True,23,RQ2,230,158,-0.3962450592885375,-0.3962450592885375
kodim10.png,awgn,30,20260811,32,glcm_contrast,True,23,RQ2,231,159,-0.29051383399209485,-0.29051383399209485
kodim10.png,awgn,30,20260811,32,glcm_entropy,True,23,RQ2,232,160,-0.4486166007905139,-0.4486166007905139
kodim10.png,awgn,30,20260811,32,glcm_homogeneity,True,23,RQ2,233,161,0.7480237154150198,-0.7480237154150198
kodim10.png,awgn,30,20260811,37,sobel_si,True,23,RQ2,234,162,-0.05731225296442688,-0.05731225296442688
kodim10.png,awgn,30,20260811,37,luma_sd,True,23,RQ2,235,163,0.05632411067193677,0.05632411067193677
kodim10.png,awgn,30,20260811,37,edge_fraction,True,23,RQ2,236,164,-0.24011857707509865,-0.24011857707509865
kodim10.png,awgn,30,20260811,37,glcm_contrast,True,23,RQ2,237,165,-0.2055335968379448,-0.2055335968379448
kodim10.png,awgn,30,20260811,37,glcm_entropy,True,23,RQ2,238,166,-0.38537549407114613,-0.38537549407114613
kodim10.png,awgn,30,20260811,37,glcm_homogeneity,True,23,RQ2,239,167,0.5592885375494069,-0.5592885375494069
kodim10.png,clean,0,,22,luma_sd,True,23,RQ1,216,217,-0.4525691699604742,-0.4525691699604742
kodim10.png,clean,0,,22,edge_fraction,True,23,RQ1,216,218,0.22134387351778673,0.22134387351778673
kodim10.png,clean,0,,22,glcm_contrast,True,23,RQ1,216,219,0.08399209486166015,0.08399209486166015
kodim10.png,clean,0,,22,glcm_entropy,True,23,RQ1,216,220,0.11857707509881443,0.11857707509881443
kodim10.png,clean,0,,22,glcm_homogeneity,True,23,RQ1,216,221,-1.3112648221343872,0.15711462450592906
kodim10.png,clean,0,,27,luma_sd,True,23,RQ1,222,223,-0.4871541501976284,-0.4871541501976284
kodim10.png,clean,0,,27,edge_fraction,True,23,RQ1,222,224,0.18774703557312256,0.18774703557312256
kodim10.png,clean,0,,27,glcm_contrast,True,23,RQ1,222,225,0.06027667984189722,0.06027667984189722
kodim10.png,clean,0,,27,glcm_entropy,True,23,RQ1,222,226,0.08399209486166004,0.08399209486166004
kodim10.png,clean,0,,27,glcm_homogeneity,True,23,RQ1,222,227,-1.3824110671936758,0.1254940711462451
kodim10.png,clean,0,,32,luma_sd,True,23,RQ1,228,229,-0.5326086956521737,-0.5326086956521737
kodim10.png,clean,0,,32,edge_fraction,True,23,RQ1,228,230,0.14822134387351782,0.14822134387351782
kodim10.png,clean,0,,32,glcm_contrast,True,23,RQ1,228,231,0.055335968379446654,0.055335968379446654
kodim10.png,clean,0,,32,glcm_entropy,True,23,RQ1,228,232,0.030632411067193832,0.030632411067193832
kodim10.png,clean,0,,32,glcm_homogeneity,True,23,RQ1,228,233,-1.5237154150197627,0.09288537549407128
kodim10.png,clean,0,,37,luma_sd,True,23,RQ1,234,235,-0.576086956521739,-0.576086956521739
kodim10.png,clean,0,,37,edge_fraction,True,23,RQ1,234,236,0.10869565217391297,0.10869565217391297
kodim10.png,clean,0,,37,glcm_contrast,True,23,RQ1,234,237,0.048418972332015975,0.048418972332015975
kodim10.png,clean,0,,37,glcm_entropy,True,23,RQ1,234,238,-0.015810276679841917,-0.015810276679841917
kodim10.png,clean,0,,37,glcm_homogeneity,True,23,RQ1,234,239,-1.6304347826086953,0.05138339920948609
kodim10.png,stripes,8,,22,sobel_si,True,23,RQ2,216,240,0.038537549407114624,0.038537549407114624
kodim10.png,stripes,8,,22,luma_sd,True,23,RQ2,217,241,0.0,0.0
kodim10.png,stripes,8,,22,edge_fraction,True,23,RQ2,218,242,0.02075098814229237,0.02075098814229237
kodim10.png,stripes,8,,22,glcm_contrast,True,23,RQ2,219,243,0.008893280632411016,0.008893280632411016
kodim10.png,stripes,8,,22,glcm_entropy,True,23,RQ2,220,244,-0.030632411067193832,-0.030632411067193832
kodim10.png,stripes,8,,22,glcm_homogeneity,True,23,RQ2,221,245,0.013833992094861802,-0.013833992094861802
kodim10.png,stripes,8,,27,sobel_si,True,23,RQ2,222,246,0.05434782608695654,0.05434782608695654
kodim10.png,stripes,8,,27,luma_sd,True,23,RQ2,223,247,0.05434782608695657,0.05434782608695657
kodim10.png,stripes,8,,27,edge_fraction,True,23,RQ2,224,248,0.01679841897233192,0.01679841897233192
kodim10.png,stripes,8,,27,glcm_contrast,True,23,RQ2,225,249,0.027667984189723382,0.027667984189723382
kodim10.png,stripes,8,,27,glcm_entropy,True,23,RQ2,226,250,-0.025691699604743157,-0.025691699604743157
kodim10.png,stripes,8,,27,glcm_homogeneity,True,23,RQ2,227,251,0.00691699604743079,-0.00691699604743079
kodim10.png,stripes,8,,32,sobel_si,True,23,RQ2,228,252,0.0029644268774705607,0.0029644268774705607
kodim10.png,stripes,8,,32,luma_sd,True,23,RQ2,229,253,0.02371541501976282,0.02371541501976282
kodim10.png,stripes,8,,32,edge_fraction,True,23,RQ2,230,254,-0.000988142292490224,-0.000988142292490224
kodim10.png,stripes,8,,32,glcm_contrast,True,23,RQ2,231,255,-0.008893280632410905,-0.008893280632410905
kodim10.png,stripes,8,,32,glcm_entropy,True,23,RQ2,232,256,-0.021739130434782816,-0.021739130434782816
kodim10.png,stripes,8,,32,glcm_homogeneity,True,23,RQ2,233,257,0.01976284584980237,-0.01976284584980237
kodim10.png,stripes,8,,37,sobel_si,True,23,RQ2,234,258,0.021739130434782705,0.021739130434782705
kodim10.png,stripes,8,,37,luma_sd,True,23,RQ2,235,259,0.03656126482213451,0.03656126482213451
kodim10.png,stripes,8,,37,edge_fraction,True,23,RQ2,236,260,-0.005928853754940677,-0.005928853754940677
kodim10.png,stripes,8,,37,glcm_contrast,True,23,RQ2,237,261,0.008893280632411016,0.008893280632411016
kodim10.png,stripes,8,,37,glcm_entropy,True,23,RQ2,238,262,0.02964426877470372,0.02964426877470372
kodim10.png,stripes,8,,37,glcm_homogeneity,True,23,RQ2,239,263,-0.010869565217391575,0.010869565217391575
kodim10.png,stripes,16,,22,sobel_si,True,23,RQ2,216,264,0.006916996047430901,0.006916996047430901
kodim10.png,stripes,16,,22,luma_sd,True,23,RQ2,217,265,0.05335968379446643,0.05335968379446643
kodim10.png,stripes,16,,22,edge_fraction,True,23,RQ2,218,266,0.020750988142292592,0.020750988142292592
kodim10.png,stripes,16,,22,glcm_contrast,True,23,RQ2,219,267,0.03260869565217395,0.03260869565217395
kodim10.png,stripes,16,,22,glcm_entropy,True,23,RQ2,220,268,-0.07806324110671958,-0.07806324110671958
kodim10.png,stripes,16,,22,glcm_homogeneity,True,23,RQ2,221,269,-0.0375494071146244,0.0375494071146244
kodim10.png,stripes,16,,27,sobel_si,True,23,RQ2,222,270,0.018774703557312367,0.018774703557312367
kodim10.png,stripes,16,,27,luma_sd,True,23,RQ2,223,271,0.01284584980237155,0.01284584980237155
kodim10.png,stripes,16,,27,edge_fraction,True,23,RQ2,224,272,0.04940711462450609,0.04940711462450609
kodim10.png,stripes,16,,27,glcm_contrast,True,23,RQ2,225,273,0.06916996047430835,0.06916996047430835
kodim10.png,stripes,16,,27,glcm_entropy,True,23,RQ2,226,274,-0.025691699604743157,-0.025691699604743157
kodim10.png,stripes,16,,27,glcm_homogeneity,True,23,RQ2,227,275,-0.066205533596838,0.066205533596838
kodim10.png,stripes,16,,32,sobel_si,True,23,RQ2,228,276,0.011857707509881688,0.011857707509881688
kodim10.png,stripes,16,,32,luma_sd,True,23,RQ2,229,277,0.01383399209486158,0.01383399209486158
kodim10.png,stripes,16,,32,edge_fraction,True,23,RQ2,230,278,0.011857707509881465,0.011857707509881465
kodim10.png,stripes,16,,32,glcm_contrast,True,23,RQ2,231,279,0.02371541501976293,0.02371541501976293
kodim10.png,stripes,16,,32,glcm_entropy,True,23,RQ2,232,280,-0.032608695652173836,-0.032608695652173836
kodim10.png,stripes,16,,32,glcm_homogeneity,True,23,RQ2,233,281,-0.01976284584980237,0.01976284584980237
kodim10.png,stripes,16,,37,sobel_si,True,23,RQ2,234,282,0.03359683794466417,0.03359683794466417
kodim10.png,stripes,16,,37,luma_sd,True,23,RQ2,235,283,0.03952569169960479,0.03952569169960479
kodim10.png,stripes,16,,37,edge_fraction,True,23,RQ2,236,284,-0.016798418972331808,-0.016798418972331808
kodim10.png,stripes,16,,37,glcm_contrast,True,23,RQ2,237,285,0.01976284584980237,0.01976284584980237
kodim10.png,stripes,16,,37,glcm_entropy,True,23,RQ2,238,286,0.00592885375494101,0.00592885375494101
kodim10.png,stripes,16,,37,glcm_homogeneity,True,23,RQ2,239,287,-0.007905138339921347,0.007905138339921347
kodim10.png,stripes,32,,22,sobel_si,True,23,RQ2,216,288,0.04347826086956519,0.04347826086956519
kodim10.png,stripes,32,,22,luma_sd,True,23,RQ2,217,289,0.059288537549407105,0.059288537549407105
kodim10.png,stripes,32,,22,edge_fraction,True,23,RQ2,218,290,-0.10079051383399218,-0.10079051383399218
kodim10.png,stripes,32,,22,glcm_contrast,True,23,RQ2,219,291,0.041501976284585074,0.041501976284585074
kodim10.png,stripes,32,,22,glcm_entropy,True,23,RQ2,220,292,-0.14328063241106737,-0.14328063241106737
kodim10.png,stripes,32,,22,glcm_homogeneity,True,23,RQ2,221,293,-0.011857707509881243,0.011857707509881243
kodim10.png,stripes,32,,27,sobel_si,True,23,RQ2,222,294,0.08003952569169981,0.08003952569169981
kodim10.png,stripes,32,,27,luma_sd,True,23,RQ2,223,295,0.05335968379446643,0.05335968379446643
kodim10.png,stripes,32,,27,edge_fraction,True,23,RQ2,224,296,-0.05830039525691699,-0.05830039525691699
kodim10.png,stripes,32,,27,glcm_contrast,True,23,RQ2,225,297,0.09387351778656128,0.09387351778656128
kodim10.png,stripes,32,,27,glcm_entropy,True,23,RQ2,226,298,-0.12252964426877466,-0.12252964426877466
kodim10.png,stripes,32,,27,glcm_homogeneity,True,23,RQ2,227,299,-0.04051383399209496,0.04051383399209496
kodim10.png,stripes,32,,32,sobel_si,True,23,RQ2,228,300,0.017786561264822365,0.017786561264822365
kodim10.png,stripes,32,,32,luma_sd,True,23,RQ2,229,301,0.018774703557312145,0.018774703557312145
kodim10.png,stripes,32,,32,edge_fraction,True,23,RQ2,230,302,-0.08794466403162038,-0.08794466403162038
kodim10.png,stripes,32,,32,glcm_contrast,True,23,RQ2,231,303,0.035573122529644174,0.035573122529644174
kodim10.png,stripes,32,,32,glcm_entropy,True,23,RQ2,232,304,-0.13636363636363624,-0.13636363636363624
kodim10.png,stripes,32,,32,glcm_homogeneity,True,23,RQ2,233,305,0.004940711462450675,-0.004940711462450675
kodim10.png,stripes,32,,37,sobel_si,True,23,RQ2,234,306,0.015810276679842028,0.015810276679842028
kodim10.png,stripes,32,,37,luma_sd,True,23,RQ2,235,307,0.04051383399209485,0.04051383399209485
kodim10.png,stripes,32,,37,edge_fraction,True,23,RQ2,236,308,-0.10079051383399185,-0.10079051383399185
kodim10.png,stripes,32,,37,glcm_contrast,True,23,RQ2,237,309,0.02766798418972327,0.02766798418972327
kodim10.png,stripes,32,,37,glcm_entropy,True,23,RQ2,238,310,-0.09881422924901162,-0.09881422924901162
kodim10.png,stripes,32,,37,glcm_homogeneity,True,23,RQ2,239,311,0.006916996047430568,-0.006916996047430568
kodim11.png,awgn,5,20260811,22,sobel_si,True,23,RQ2,216,0,0.06719367588932812,0.06719367588932812
kodim11.png,awgn,5,20260811,22,luma_sd,True,23,RQ2,217,1,-0.02173913043478265,-0.02173913043478265
kodim11.png,awgn,5,20260811,22,edge_fraction,True,23,RQ2,218,2,0.021739130434782483,0.021739130434782483
kodim11.png,awgn,5,20260811,22,glcm_contrast,True,23,RQ2,219,3,0.08992094861660083,0.08992094861660083
kodim11.png,awgn,5,20260811,22,glcm_entropy,True,23,RQ2,220,4,-0.03458498023715417,-0.03458498023715417
kodim11.png,awgn,5,20260811,22,glcm_homogeneity,True,23,RQ2,221,5,0.0,0.0
kodim11.png,awgn,5,20260811,27,sobel_si,True,23,RQ2,222,6,-0.005780626303884651,-0.005780626303884651
kodim11.png,awgn,5,20260811,27,luma_sd,True,23,RQ2,223,7,-0.06074962796587488,-0.06074962796587488
kodim11.png,awgn,5,20260811,27,edge_fraction,True,23,RQ2,224,8,0.016511304604950094,0.016511304604950094
kodim11.png,awgn,5,20260811,27,glcm_contrast,True,23,RQ2,225,9,0.06243513523163491,0.06243513523163491
kodim11.png,awgn,5,20260811,27,glcm_entropy,True,23,RQ2,226,10,-0.04528556127640593,-0.04528556127640593
kodim11.png,awgn,5,20260811,27,glcm_homogeneity,True,23,RQ2,227,11,0.0017904508283845821,-0.0017904508283845821
kodim11.png,awgn,5,20260811,32,sobel_si,True,23,RQ2,228,12,0.0029644268774702276,0.0029644268774702276
kodim11.png,awgn,5,20260811,32,luma_sd,True,23,RQ2,229,13,-0.0009881422924901684,-0.0009881422924901684
kodim11.png,awgn,5,20260811,32,edge_fraction,True,23,RQ2,230,14,-0.0009881422924901129,-0.0009881422924901129
kodim11.png,awgn,5,20260811,32,glcm_contrast,True,23,RQ2,231,15,0.016798418972331808,0.016798418972331808
kodim11.png,awgn,5,20260811,32,glcm_entropy,True,23,RQ2,232,16,-0.041501976284585074,-0.041501976284585074
kodim11.png,awgn,5,20260811,32,glcm_homogeneity,True,23,RQ2,233,17,0.01383399209486147,-0.01383399209486147
kodim11.png,awgn,5,20260811,37,sobel_si,True,23,RQ2,234,18,0.007905138339920903,0.007905138339920903
kodim11.png,awgn,5,20260811,37,luma_sd,True,23,RQ2,235,19,-0.0009881422924901684,-0.0009881422924901684
kodim11.png,awgn,5,20260811,37,edge_fraction,True,23,RQ2,236,20,-0.007905138339921014,-0.007905138339921014
kodim11.png,awgn,5,20260811,37,glcm_contrast,True,23,RQ2,237,21,0.010869565217391242,0.010869565217391242
kodim11.png,awgn,5,20260811,37,glcm_entropy,True,23,RQ2,238,22,-0.03359683794466384,-0.03359683794466384
kodim11.png,awgn,5,20260811,37,glcm_homogeneity,True,23,RQ2,239,23,0.007905138339920903,-0.007905138339920903
kodim11.png,awgn,15,20260811,22,sobel_si,True,23,RQ2,216,72,0.29961541448570983,0.29961541448570983
kodim11.png,awgn,15,20260811,22,luma_sd,True,23,RQ2,217,73,0.35387117838313065,0.35387117838313065
kodim11.png,awgn,15,20260811,22,edge_fraction,True,23,RQ2,218,74,-0.02995067468843382,-0.02995067468843382
kodim11.png,awgn,15,20260811,22,glcm_contrast,True,23,RQ2,219,75,0.036232392803795976,0.036232392803795976
kodim11.png,awgn,15,20260811,22,glcm_entropy,True,23,RQ2,220,76,-0.1209071397746333,-0.1209071397746333
kodim11.png,awgn,15,20260811,22,glcm_homogeneity,True,23,RQ2,221,77,0.04578244068572701,-0.04578244068572701
kodim11.png,awgn,15,20260811,27,sobel_si,True,23,RQ2,222,78,0.22233201581027662,0.22233201581027662
kodim11.png,awgn,15,20260811,27,luma_sd,True,23,RQ2,223,79,0.31225296442687744,0.31225296442687744
kodim11.png,awgn,15,20260811,27,edge_fraction,True,23,RQ2,224,80,-0.03754940711462451,-0.03754940711462451
kodim11.png,awgn,15,20260811,27,glcm_contrast,True,23,RQ2,225,81,0.024703557312252822,0.024703557312252822
kodim11.png,awgn,15,20260811,27,glcm_entropy,True,23,RQ2,226,82,-0.12845849802371534,-0.12845849802371534
kodim11.png,awgn,15,20260811,27,glcm_homogeneity,True,23,RQ2,227,83,0.06324110671936767,-0.06324110671936767
kodim11.png,awgn,15,20260811,32,sobel_si,True,23,RQ2,228,84,0.14130434782608692,0.14130434782608692
kodim11.png,awgn,15,20260811,32,luma_sd,True,23,RQ2,229,85,0.0889328063241106,0.0889328063241106
kodim11.png,awgn,15,20260811,32,edge_fraction,True,23,RQ2,230,86,-0.02075098814229237,-0.02075098814229237
kodim11.png,awgn,15,20260811,32,glcm_contrast,True,23,RQ2,231,87,0.023715415019762598,0.023715415019762598
kodim11.png,awgn,15,20260811,32,glcm_entropy,True,23,RQ2,232,88,-0.1462450592885377,-0.1462450592885377
kodim11.png,awgn,15,20260811,32,glcm_homogeneity,True,23,RQ2,233,89,0.024703557312252933,-0.024703557312252933
kodim11.png,awgn,15,20260811,37,sobel_si,True,23,RQ2,234,90,-0.06126482213438722,-0.06126482213438722
kodim11.png,awgn,15,20260811,37,luma_sd,True,23,RQ2,235,91,-0.15612648221343878,-0.15612648221343878
kodim11.png,awgn,15,20260811,37,edge_fraction,True,23,RQ2,236,92,0.007905138339921125,0.007905138339921125
kodim11.png,awgn,15,20260811,37,glcm_contrast,True,23,RQ2,237,93,-0.008893280632411127,-0.008893280632411127
kodim11.png,awgn,15,20260811,37,glcm_entropy,True,23,RQ2,238,94,-0.21541501976284583,-0.21541501976284583
kodim11.png,awgn,15,20260811,37,glcm_homogeneity,True,23,RQ2,239,95,0.02075098814229237,-0.02075098814229237
kodim11.png,awgn,30,20260811,22,sobel_si,True,23,RQ2,216,144,0.1958348331113794,0.1958348331113794
kodim11.png,awgn,30,20260811,22,luma_sd,True,23,RQ2,217,145,0.5900955493208925,0.5900955493208925
kodim11.png,awgn,30,20260811,22,edge_fraction,True,23,RQ2,218,146,-0.4925155516711638,-0.4925155516711638
kodim11.png,awgn,30,20260811,22,glcm_contrast,True,23,RQ2,219,147,-0.31415061764572916,-0.31415061764572916
kodim11.png,awgn,30,20260811,22,glcm_entropy,True,23,RQ2,220,148,-0.48265659485087087,-0.48265659485087087
kodim11.png,awgn,30,20260811,22,glcm_homogeneity,True,23,RQ2,221,149,0.7984387522719427,-0.7984387522719427
kodim11.png,awgn,30,20260811,27,sobel_si,True,23,RQ2,222,150,0.14822134387351782,0.14822134387351782
kodim11.png,awgn,30,20260811,27,luma_sd,True,23,RQ2,223,151,0.39525691699604737,0.39525691699604737
kodim11.png,awgn,30,20260811,27,edge_fraction,True,23,RQ2,224,152,-0.3478260869565216,-0.3478260869565216
kodim11.png,awgn,30,20260811,27,glcm_contrast,True,23,RQ2,225,153,-0.21837944664031622,-0.21837944664031622
kodim11.png,awgn,30,20260811,27,glcm_entropy,True,23,RQ2,226,154,-0.4812252964426877,-0.4812252964426877
kodim11.png,awgn,30,20260811,27,glcm_homogeneity,True,23,RQ2,227,155,0.658102766798419,-0.658102766798419
kodim11.png,awgn,30,20260811,32,sobel_si,True,23,RQ2,228,156,0.08399209486166004,0.08399209486166004
kodim11.png,awgn,30,20260811,32,luma_sd,True,23,RQ2,229,157,0.4001976284584977,0.4001976284584977
kodim11.png,awgn,30,20260811,32,edge_fraction,True,23,RQ2,230,158,-0.39525691699604737,-0.39525691699604737
kodim11.png,awgn,30,20260811,32,glcm_contrast,True,23,RQ2,231,159,-0.2717391304347827,-0.2717391304347827
kodim11.png,awgn,30,20260811,32,glcm_entropy,True,23,RQ2,232,160,-0.4367588932806325,-0.4367588932806325
kodim11.png,awgn,30,20260811,32,glcm_homogeneity,True,23,RQ2,233,161,0.7233201581027667,-0.7233201581027667
kodim11.png,awgn,30,20260811,37,sobel_si,True,23,RQ2,234,162,-0.05039525691699598,-0.05039525691699598
kodim11.png,awgn,30,20260811,37,luma_sd,True,23,RQ2,235,163,0.06719367588932806,0.06719367588932806
kodim11.png,awgn,30,20260811,37,edge_fraction,True,23,RQ2,236,164,-0.23221343873517775,-0.23221343873517775
kodim11.png,awgn,30,20260811,37,glcm_contrast,True,23,RQ2,237,165,-0.19367588932806323,-0.19367588932806323
kodim11.png,awgn,30,20260811,37,glcm_entropy,True,23,RQ2,238,166,-0.37845849802371534,-0.37845849802371534
kodim11.png,awgn,30,20260811,37,glcm_homogeneity,True,23,RQ2,239,167,0.5306324110671934,-0.5306324110671934
kodim11.png,clean,0,,22,luma_sd,True,23,RQ1,216,217,-0.4268774703557312,-0.4268774703557312
kodim11.png,clean,0,,22,edge_fraction,True,23,RQ1,216,218,0.24604743083003955,0.24604743083003955
kodim11.png,clean,0,,22,glcm_contrast,True,23,RQ1,216,219,0.0889328063241106,0.0889328063241106
kodim11.png,clean,0,,22,glcm_entropy,True,23,RQ1,216,220,0.14525691699604748,0.14525691699604748
kodim11.png,clean,0,,22,glcm_homogeneity,True,23,RQ1,216,221,-1.2618577075098814,0.1749011857707511
kodim11.png,clean,0,,27,luma_sd,True,23,RQ1,222,223,-0.45948616600790504,-0.45948616600790504
kodim11.png,clean,0,,27,edge_fraction,True,23,RQ1,222,224,0.21541501976284583,0.21541501976284583
kodim11.png,clean,0,,27,glcm_contrast,True,23,RQ1,222,225,0.06916996047430835,0.06916996047430835
kodim11.png,clean,0,,27,glcm_entropy,True,23,RQ1,222,226,0.12351778656126478,0.12351778656126478
kodim11.png,clean,0,,27,glcm_homogeneity,True,23,RQ1,222,227,-1.359683794466403,0.14822134387351782
kodim11.png,clean,0,,32,luma_sd,True,23,RQ1,228,229,-0.4940711462450593,-0.4940711462450593
kodim11.png,clean,0,,32,edge_fraction,True,23,RQ1,228,230,0.16699604743082985,0.16699604743082985
kodim11.png,clean,0,,32,glcm_contrast,True,23,RQ1,228,231,0.06027667984189722,0.06027667984189722
kodim11.png,clean,0,,32,glcm_entropy,True,23,RQ1,228,232,0.07114624505928846,0.07114624505928846
kodim11.png,clean,0,,32,glcm_homogeneity,True,23,RQ1,228,233,-1.5019762845849802,0.10671936758893263
kodim11.png,clean,0,,37,luma_sd,True,23,RQ1,234,235,-0.540513833992095,-0.540513833992095
kodim11.png,clean,0,,37,edge_fraction,True,23,RQ1,234,236,0.11561264822134365,0.11561264822134365
kodim11.png,clean,0,,37,glcm_contrast,True,23,RQ1,234,237,0.05138339920948609,0.05138339920948609
kodim11.png,clean,0,,37,glcm_entropy,True,23,RQ1,234,238,0.012845849802371356,0.012845849802371356
kodim11.png,clean,0,,37,glcm_homogeneity,True,23,RQ1,234,239,-1.6136363636363635,0.05830039525691677
kodim11.png,stripes,8,,22,sobel_si,True,23,RQ2,216,240,0.04940711462450598,0.04940711462450598
kodim11.png,stripes,8,,22,luma_sd,True,23,RQ2,217,241,0.019762845849802313,0.019762845849802313
kodim11.png,stripes,8,,22,edge_fraction,True,23,RQ2,218,242,0.028656126482213273,0.028656126482213273
kodim11.png,stripes,8,,22,glcm_contrast,True,23,RQ2,219,243,0.022727272727272707,0.022727272727272707
kodim11.png,stripes,8,,22,glcm_entropy,True,23,RQ2,220,244,-0.0029644268774704496,-0.0029644268774704496
kodim11.png,stripes,8,,22,glcm_homogeneity,True,23,RQ2,221,245,-0.0009881422924900019,0.0009881422924900019
kodim11.png,stripes,8,,27,sobel_si,True,23,RQ2,222,246,0.04644268774703564,0.04644268774703564
kodim11.png,stripes,8,,27,luma_sd,True,23,RQ2,223,247,0.05434782608695657,0.05434782608695657
kodim11.png,stripes,8,,27,edge_fraction,True,23,RQ2,224,248,-0.0019762845849802257,-0.0019762845849802257
kodim11.png,stripes,8,,27,glcm_contrast,True,23,RQ2,225,249,0.017786561264822254,0.017786561264822254
kodim11.png,stripes,8,,27,glcm_entropy,True,23,RQ2,226,250,-0.030632411067193832,-0.030632411067193832
kodim11.png,stripes,8,,27,glcm_homogeneity,True,23,RQ2,227,251,0.021739130434782594,-0.021739130434782594
kodim11.png,stripes,8,,32,sobel_si,True,23,RQ2,228,252,0.000988142292490224,0.000988142292490224
kodim11.png,stripes,8,,32,luma_sd,True,23,RQ2,229,253,0.01581027667984186,0.01581027667984186
kodim11.png,stripes,8,,32,edge_fraction,True,23,RQ2,230,254,-0.011857707509881354,-0.011857707509881354
kodim11.png,stripes,8,,32,glcm_contrast,True,23,RQ2,231,255,-0.010869565217391353,-0.010869565217391353
kodim11.png,stripes,8,,32,glcm_entropy,True,23,RQ2,232,256,-0.023715415019763042,-0.023715415019763042
kodim11.png,stripes,8,,32,glcm_homogeneity,True,23,RQ2,233,257,0.022727272727272596,-0.022727272727272596
kodim11.png,stripes,8,,37,sobel_si,True,23,RQ2,234,258,0.01679841897233203,0.01679841897233203
kodim11.png,stripes,8,,37,luma_sd,True,23,RQ2,235,259,0.0365612648221344,0.0365612648221344
kodim11.png,stripes,8,,37,edge_fraction,True,23,RQ2,236,260,-0.009881422924901129,-0.009881422924901129
kodim11.png,stripes,8,,37,glcm_contrast,True,23,RQ2,237,261,0.004940711462450675,0.004940711462450675
kodim11.png,stripes,8,,37,glcm_entropy,True,23,RQ2,238,262,0.027667984189723493,0.027667984189723493
kodim11.png,stripes,8,,37,glcm_homogeneity,True,23,RQ2,239,263,-0.004940711462450675,0.004940711462450675
kodim11.png,stripes,16,,22,sobel_si,True,23,RQ2,216,264,0.031620553359683834,0.031620553359683834
kodim11.png,stripes,16,,22,luma_sd,True,23,RQ2,217,265,0.06916996047430829,0.06916996047430829
kodim11.png,stripes,16,,22,edge_fraction,True,23,RQ2,218,266,0.028656126482213495,0.028656126482213495
kodim11.png,stripes,16,,22,glcm_contrast,True,23,RQ2,219,267,0.05335968379446654,0.05335968379446654
kodim11.png,stripes,16,,22,glcm_entropy,True,23,RQ2,220,268,-0.0652173913043479,-0.0652173913043479
kodim11.png,stripes,16,,22,glcm_homogeneity,True,23,RQ2,221,269,-0.052371541501976204,0.052371541501976204
kodim11.png,stripes,16,,27,sobel_si,True,23,RQ2,222,270,0.017786561264822143,0.017786561264822143
kodim11.png,stripes,16,,27,luma_sd,True,23,RQ2,223,271,0.017786561264822115,0.017786561264822115
kodim11.png,stripes,16,,27,edge_fraction,True,23,RQ2,224,272,0.034584980237154284,0.034584980237154284
kodim11.png,stripes,16,,27,glcm_contrast,True,23,RQ2,225,273,0.06324110671936745,0.06324110671936745
kodim11.png,stripes,16,,27,glcm_entropy,True,23,RQ2,226,274,-0.05039525691699598,-0.05039525691699598
kodim11.png,stripes,16,,27,glcm_homogeneity,True,23,RQ2,227,275,-0.05335968379446654,0.05335968379446654
kodim11.png,stripes,16,,32,sobel_si,True,23,RQ2,228,276,0.018774703557312256,0.018774703557312256
kodim11.png,stripes,16,,32,luma_sd,True,23,RQ2,229,277,0.004940711462450564,0.004940711462450564
kodim11.png,stripes,16,,32,edge_fraction,True,23,RQ2,230,278,0.0039525691699605625,0.0039525691699605625
kodim11.png,stripes,16,,32,glcm_contrast,True,23,RQ2,231,279,0.025691699604742935,0.025691699604742935
kodim11.png,stripes,16,,32,glcm_entropy,True,23,RQ2,232,280,-0.062252964426877555,-0.062252964426877555
kodim11.png,stripes,16,,32,glcm_homogeneity,True,23,RQ2,233,281,-0.011857707509881577,0.011857707509881577
kodim11.png,stripes,16,,37,sobel_si,True,23,RQ2,234,282,0.03952569169960474,0.03952569169960474
kodim11.png,stripes,16,,37,luma_sd,True,23,RQ2,235,283,0.03952569169960474,0.03952569169960474
kodim11.png,stripes,16,,37,edge_fraction,True,23,RQ2,236,284,-0.015810276679841806,-0.015810276679841806
kodim11.png,stripes,16,,37,glcm_contrast,True,23,RQ2,237,285,0.021739130434782594,0.021739130434782594
kodim11.png,stripes,16,,37,glcm_entropy,True,23,RQ2,238,286,-0.009881422924901018,-0.009881422924901018
kodim11.png,stripes,16,,37,glcm_homogeneity,True,23,RQ2,239,287,0.0019762845849800037,-0.0019762845849800037
kodim11.png,stripes,32,,22,sobel_si,True,23,RQ2,216,288,0.06916996047430846,0.06916996047430846
kodim11.png,stripes,32,,22,luma_sd,True,23,RQ2,217,289,0.07312252964426874,0.07312252964426874
kodim11.png,stripes,32,,22,edge_fraction,True,23,RQ2,218,290,-0.07608695652173936,-0.07608695652173936
kodim11.png,stripes,32,,22,glcm_contrast,True,23,RQ2,219,291,0.062252964426877666,0.062252964426877666
kodim11.png,stripes,32,,22,glcm_entropy,True,23,RQ2,220,292,-0.1314229249011858,-0.1314229249011858
kodim11.png,stripes,32,,22,glcm_homogeneity,True,23,RQ2,221,293,-0.016798418972331808,0.016798418972331808
kodim11.png,stripes,32,,27,sobel_si,True,23,RQ2,222,294,0.08695652173913071,0.08695652173913071
kodim11.png,stripes,32,,27,luma_sd,True,23,RQ2,223,295,0.04545454545454544,0.04545454545454544
kodim11.png,stripes,32,,27,edge_fraction,True,23,RQ2,224,296,-0.05533596837944654,-0.05533596837944654
kodim11.png,stripes,32,,27,glcm_contrast,True,23,RQ2,225,297,0.08498023715415015,0.08498023715415015
kodim11.png,stripes,32,,27,glcm_entropy,True,23,RQ2,226,298,-0.1482213438735177,-0.1482213438735177
kodim11.png,stripes,32,,27,glcm_homogeneity,True,23,RQ2,227,299,-0.017786561264822143,0.017786561264822143
kodim11.png,stripes,32,,32,sobel_si,True,23,RQ2,228,300,0.021739130434782705,0.021739130434782705
kodim11.png,stripes,32,,32,luma_sd,True,23,RQ2,229,301,0.012845849802371412,0.012845849802371412
kodim11.png,stripes,32,,32,edge_fraction,True,23,RQ2,230,302,-0.08201581027667959,-0.08201581027667959
kodim11.png,stripes,32,,32,glcm_contrast,True,23,RQ2,231,303,0.03458498023715417,0.03458498023715417
kodim11.png,stripes,32,,32,glcm_entropy,True,23,RQ2,232,304,-0.15316205533596827,-0.15316205533596827
kodim11.png,stripes,32,,32,glcm_homogeneity,True,23,RQ2,233,305,0.01976284584980237,-0.01976284584980237
kodim11.png,stripes,32,,37,sobel_si,True,23,RQ2,234,306,0.02075098814229248,0.02075098814229248
kodim11.png,stripes,32,,37,luma_sd,True,23,RQ2,235,307,0.052371541501976204,0.052371541501976204
kodim11.png,stripes,32,,37,edge_fraction,True,23,RQ2,236,308,-0.10573122529644252,-0.10573122529644252
kodim11.png,stripes,32,,37,glcm_contrast,True,23,RQ2,237,309,0.025691699604742935,0.025691699604742935
kodim11.png,stripes,32,,37,glcm_entropy,True,23,RQ2,238,310,-0.11166007905138309,-0.11166007905138309
kodim11.png,stripes,32,,37,glcm_homogeneity,True,23,RQ2,239,311,0.02173913043478226,-0.02173913043478226
kodim12.png,awgn,5,20260811,22,sobel_si,True,23,RQ2,216,0,0.07509881422924913,0.07509881422924913
kodim12.png,awgn,5,20260811,22,luma_sd,True,23,RQ2,217,1,-0.017786561264822087,-0.017786561264822087
kodim12.png,awgn,5,20260811,22,edge_fraction,True,23,RQ2,218,2,0.04347826086956508,0.04347826086956508
kodim12.png,awgn,5,20260811,22,glcm_contrast,True,23,RQ2,219,3,0.10375494071146252,0.10375494071146252
kodim12.png,awgn,5,20260811,22,glcm_entropy,True,23,RQ2,220,4,-0.04051383399209507,-0.04051383399209507
kodim12.png,awgn,5,20260811,22,glcm_homogeneity,True,23,RQ2,221,5,-0.0365612648221344,0.0365612648221344
kodim12.png,awgn,5,20260811,27,sobel_si,True,23,RQ2,222,6,-0.009730997702742106,-0.009730997702742106
kodim12.png,awgn,5,20260811,27,luma_sd,True,23,RQ2,223,7,-0.05333282214765234,-0.05333282214765234
kodim12.png,awgn,5,20260811,27,edge_fraction,True,23,RQ2,224,8,0.009591622392838173,0.009591622392838173
kodim12.png,awgn,5,20260811,27,glcm_contrast,True,23,RQ2,225,9,0.05255200292920914,0.05255200292920914
kodim12.png,awgn,5,20260811,27,glcm_entropy,True,23,RQ2,226,10,-0.048257314057552514,-0.048257314057552514
kodim12.png,awgn,5,20260811,27,glcm_homogeneity,True,23,RQ2,227,11,-0.00809048370293819,0.00809048370293819
kodim12.png,awgn,5,20260811,32,sobel_si,True,23,RQ2,228,12,0.011857707509881577,0.011857707509881577
kodim12.png,awgn,5,20260811,32,luma_sd,True,23,RQ2,229,13,0.010869565217391297,0.010869565217391297
kodim12.png,awgn,5,20260811,32,edge_fraction,True,23,RQ2,230,14,0.006916996047430901,0.006916996047430901
kodim12.png,awgn,5,20260811,32,glcm_contrast,True,23,RQ2,231,15,0.030632411067193388,0.030632411067193388
kodim12.png,awgn,5,20260811,32,glcm_entropy,True,23,RQ2,232,16,-0.045454545454545525,-0.045454545454545525
kodim12.png,awgn,5,20260811,32,glcm_homogeneity,True,23,RQ2,233,17,-0.005928853754940788,0.005928853754940788
kodim12.png,awgn,5,20260811,37,sobel_si,True,23,RQ2,234,18,0.011857707509881354,0.011857707509881354
kodim12.png,awgn,5,20260811,37,luma_sd,True,23,RQ2,235,19,0.0009881422924900574,0.0009881422924900574
kodim12.png,awgn,5,20260811,37,edge_fraction,True,23,RQ2,236,20,-0.0039525691699605625,-0.0039525691699605625
kodim12.png,awgn,5,20260811,37,glcm_contrast,True,23,RQ2,237,21,0.02766798418972327,0.02766798418972327
kodim12.png,awgn,5,20260811,37,glcm_entropy,True,23,RQ2,238,22,-0.03656126482213429,-0.03656126482213429
kodim12.png,awgn,5,20260811,37,glcm_homogeneity,True,23,RQ2,239,23,-0.013833992094861691,0.013833992094861691
kodim12.png,awgn,15,20260811,22,sobel_si,True,23,RQ2,216,72,0.2926989068318575,0.2926989068318575
kodim12.png,awgn,15,20260811,22,luma_sd,True,23,RQ2,217,73,0.36771054280735527,0.36771054280735527
kodim12.png,awgn,15,20260811,22,edge_fraction,True,23,RQ2,218,74,-0.006728476126153904,-0.006728476126153904
kodim12.png,awgn,15,20260811,22,glcm_contrast,True,23,RQ2,219,75,0.0535272027918704,0.0535272027918704
kodim12.png,awgn,15,20260811,22,glcm_entropy,True,23,RQ2,220,76,-0.1258571307150742,-0.1258571307150742
kodim12.png,awgn,15,20260811,22,glcm_homogeneity,True,23,RQ2,221,77,0.014653638602790675,-0.014653638602790675
kodim12.png,awgn,15,20260811,27,sobel_si,True,23,RQ2,222,78,0.2065217391304348,0.2065217391304348
kodim12.png,awgn,15,20260811,27,luma_sd,True,23,RQ2,223,79,0.2717391304347827,0.2717391304347827
kodim12.png,awgn,15,20260811,27,edge_fraction,True,23,RQ2,224,80,-0.01383399209486147,-0.01383399209486147
kodim12.png,awgn,15,20260811,27,glcm_contrast,True,23,RQ2,225,81,0.05138339920948598,0.05138339920948598
kodim12.png,awgn,15,20260811,27,glcm_entropy,True,23,RQ2,226,82,-0.15810276679841873,-0.15810276679841873
kodim12.png,awgn,15,20260811,27,glcm_homogeneity,True,23,RQ2,227,83,0.019762845849802257,-0.019762845849802257
kodim12.png,awgn,15,20260811,32,sobel_si,True,23,RQ2,228,84,0.11363636363636387,0.11363636363636387
kodim12.png,awgn,15,20260811,32,luma_sd,True,23,RQ2,229,85,0.08300395256916981,0.08300395256916981
kodim12.png,awgn,15,20260811,32,edge_fraction,True,23,RQ2,230,86,-0.014822134387351582,-0.014822134387351582
kodim12.png,awgn,15,20260811,32,glcm_contrast,True,23,RQ2,231,87,0.03557312252964406,0.03557312252964406
kodim12.png,awgn,15,20260811,32,glcm_entropy,True,23,RQ2,232,88,-0.17292490118577086,-0.17292490118577086
kodim12.png,awgn,15,20260811,32,glcm_homogeneity,True,23,RQ2,233,89,0.0019762845849803368,-0.0019762845849803368
kodim12.png,awgn,15,20260811,37,sobel_si,True,23,RQ2,234,90,-0.06620553359683812,-0.06620553359683812
kodim12.png,awgn,15,20260811,37,luma_sd,True,23,RQ2,235,91,-0.1403162055335969,-0.1403162055335969
kodim12.png,awgn,15,20260811,37,edge_fraction,True,23,RQ2,236,92,0.0019762845849802257,0.0019762845849802257
kodim12.png,awgn,15,20260811,37,glcm_contrast,True,23,RQ2,237,93,-0.001976284584980559,-0.001976284584980559
kodim12.png,awgn,15,20260811,37,glcm_entropy,True,23,RQ2,238,94,-0.23418972332015797,-0.23418972332015797
kodim12.png,awgn,15,20260811,37,glcm_homogeneity,True,23,RQ2,239,95,0.012845849802371467,-0.012845849802371467
kodim12.png,awgn,30,20260811,22,sobel_si,True,23,RQ2,216,144,0.16569124295946258,0.16569124295946258
kodim12.png,awgn,30,20260811,22,luma_sd,True,23,RQ2,217,145,0.571318159598899,0.571318159598899
kodim12.png,awgn,30,20260811,22,edge_fraction,True,23,RQ2,218,146,-0.48757850316055157,-0.48757850316055157
kodim12.png,awgn,30,20260811,22,glcm_contrast,True,23,RQ2,219,147,-0.3141525712200429,-0.3141525712200429
kodim12.png,awgn,30,20260811,22,glcm_entropy,True,23,RQ2,220,148,-0.5044091561090606,-0.5044091561090606
kodim12.png,awgn,30,20260811,22,glcm_homogeneity,True,23,RQ2,221,149,0.840944743640317,-0.840944743640317
kodim12.png,awgn,30,20260811,27,sobel_si,True,23,RQ2,222,150,0.11660079051383432,0.11660079051383432
kodim12.png,awgn,30,20260811,27,luma_sd,True,23,RQ2,223,151,0.39920948616600804,0.39920948616600804
kodim12.png,awgn,30,20260811,27,edge_fraction,True,23,RQ2,224,152,-0.3626482213438733,-0.3626482213438733
kodim12.png,awgn,30,20260811,27,glcm_contrast,True,23,RQ2,225,153,-0.24110671936758898,-0.24110671936758898
kodim12.png,awgn,30,20260811,27,glcm_entropy,True,23,RQ2,226,154,-0.48221343873517775,-0.48221343873517775
kodim12.png,awgn,30,20260811,27,glcm_homogeneity,True,23,RQ2,227,155,0.7134387351778656,-0.7134387351778656
kodim12.png,awgn,30,20260811,32,sobel_si,True,23,RQ2,228,156,0.06719367588932812,0.06719367588932812
kodim12.png,awgn,30,20260811,32,luma_sd,True,23,RQ2,229,157,0.38142292490118557,0.38142292490118557
kodim12.png,awgn,30,20260811,32,edge_fraction,True,23,RQ2,230,158,-0.38043478260869557,-0.38043478260869557
kodim12.png,awgn,30,20260811,32,glcm_contrast,True,23,RQ2,231,159,-0.25889328063241135,-0.25889328063241135
kodim12.png,awgn,30,20260811,32,glcm_entropy,True,23,RQ2,232,160,-0.4505928853754941,-0.4505928853754941
kodim12.png,awgn,30,20260811,32,glcm_homogeneity,True,23,RQ2,233,161,0.757905138339921,-0.757905138339921
kodim12.png,awgn,30,20260811,37,sobel_si,True,23,RQ2,234,162,-0.051383399209486424,-0.051383399209486424
kodim12.png,awgn,30,20260811,37,luma_sd,True,23,RQ2,235,163,0.05434782608695654,0.05434782608695654
kodim12.png,awgn,30,20260811,37,edge_fraction,True,23,RQ2,236,164,-0.21739130434782605,-0.21739130434782605
kodim12.png,awgn,30,20260811,37,glcm_contrast,True,23,RQ2,237,165,-0.17391304347826086,-0.17391304347826086
kodim12.png,awgn,30,20260811,37,glcm_entropy,True,23,RQ2,238,166,-0.3735177865612646,-0.3735177865612646
kodim12.png,awgn,30,20260811,37,glcm_homogeneity,True,23,RQ2,239,167,0.5760869565217391,-0.5760869565217391
kodim12.png,clean,0,,22,luma_sd,True,23,RQ1,216,217,-0.4278656126482213,-0.4278656126482213
kodim12.png,clean,0,,22,edge_fraction,True,23,RQ1,216,218,0.21739130434782628,0.21739130434782628
kodim12.png,clean,0,,22,glcm_contrast,True,23,RQ1,216,219,0.0721343873517788,0.0721343873517788
kodim12.png,clean,0,,22,glcm_entropy,True,23,RQ1,216,220,0.10375494071146263,0.10375494071146263
kodim12.png,clean,0,,22,glcm_homogeneity,True,23,RQ1,216,221,-1.2490118577075098,0.14426877470355748
kodim12.png,clean,0,,27,luma_sd,True,23,RQ1,222,223,-0.4565217391304347,-0.4565217391304347
kodim12.png,clean,0,,27,edge_fraction,True,23,RQ1,222,224,0.1986166007905138,0.1986166007905138
kodim12.png,clean,0,,27,glcm_contrast,True,23,RQ1,222,225,0.05928853754940733,0.05928853754940733
kodim12.png,clean,0,,27,glcm_entropy,True,23,RQ1,222,226,0.08399209486166004,0.08399209486166004
kodim12.png,clean,0,,27,glcm_homogeneity,True,23,RQ1,222,227,-1.360671936758893,0.12351778656126489
kodim12.png,clean,0,,32,luma_sd,True,23,RQ1,228,229,-0.5128458498023714,-0.5128458498023714
kodim12.png,clean,0,,32,edge_fraction,True,23,RQ1,228,230,0.1551383399209486,0.1551383399209486
kodim12.png,clean,0,,32,glcm_contrast,True,23,RQ1,228,231,0.048418972332016086,0.048418972332016086
kodim12.png,clean,0,,32,glcm_entropy,True,23,RQ1,228,232,0.025691699604743157,0.025691699604743157
kodim12.png,clean,0,,32,glcm_homogeneity,True,23,RQ1,228,233,-1.5148221343873516,0.09189723320158116
kodim12.png,clean,0,,37,luma_sd,True,23,RQ1,234,235,-0.5474308300395259,-0.5474308300395259
kodim12.png,clean,0,,37,edge_fraction,True,23,RQ1,234,236,0.10474308300395241,0.10474308300395241
kodim12.png,clean,0,,37,glcm_contrast,True,23,RQ1,234,237,0.035573122529644174,0.035573122529644174
kodim12.png,clean,0,,37,glcm_entropy,True,23,RQ1,234,238,-0.034584980237154506,-0.034584980237154506
kodim12.png,clean,0,,37,glcm_homogeneity,True,23,RQ1,234,239,-1.614624505928854,0.049407114624505755
kodim12.png,stripes,8,,22,sobel_si,True,23,RQ2,216,240,0.04940711462450598,0.04940711462450598
kodim12.png,stripes,8,,22,luma_sd,True,23,RQ2,217,241,0.01086956521739127,0.01086956521739127
kodim12.png,stripes,8,,22,edge_fraction,True,23,RQ2,218,242,0.046442687747035305,0.046442687747035305
kodim12.png,stripes,8,,22,glcm_contrast,True,23,RQ2,219,243,0.03359683794466395,0.03359683794466395
kodim12.png,stripes,8,,22,glcm_entropy,True,23,RQ2,220,244,0.016798418972331808,0.016798418972331808
kodim12.png,stripes,8,,22,glcm_homogeneity,True,23,RQ2,221,245,-0.015810276679841806,0.015810276679841806
kodim12.png,stripes,8,,27,sobel_si,True,23,RQ2,222,246,0.04644268774703564,0.04644268774703564
kodim12.png,stripes,8,,27,luma_sd,True,23,RQ2,223,247,0.0345849802371542,0.0345849802371542
kodim12.png,stripes,8,,27,edge_fraction,True,23,RQ2,224,248,0.017786561264822143,0.017786561264822143
kodim12.png,stripes,8,,27,glcm_contrast,True,23,RQ2,225,249,0.024703557312252933,0.024703557312252933
kodim12.png,stripes,8,,27,glcm_entropy,True,23,RQ2,226,250,-0.00691699604743079,-0.00691699604743079
kodim12.png,stripes,8,,27,glcm_homogeneity,True,23,RQ2,227,251,0.0,0.0
kodim12.png,stripes,8,,32,sobel_si,True,23,RQ2,228,252,0.0029644268774704496,0.0029644268774704496
kodim12.png,stripes,8,,32,luma_sd,True,23,RQ2,229,253,0.023715415019762764,0.023715415019762764
kodim12.png,stripes,8,,32,edge_fraction,True,23,RQ2,230,254,-0.0009881422924901129,-0.0009881422924901129
kodim12.png,stripes,8,,32,glcm_contrast,True,23,RQ2,231,255,-0.011857707509881465,-0.011857707509881465
kodim12.png,stripes,8,,32,glcm_entropy,True,23,RQ2,232,256,-0.006916996047430901,-0.006916996047430901
kodim12.png,stripes,8,,32,glcm_homogeneity,True,23,RQ2,233,257,0.017786561264822143,-0.017786561264822143
kodim12.png,stripes,8,,37,sobel_si,True,23,RQ2,234,258,0.01778656126482203,0.01778656126482203
kodim12.png,stripes,8,,37,luma_sd,True,23,RQ2,235,259,0.02865612648221344,0.02865612648221344
kodim12.png,stripes,8,,37,edge_fraction,True,23,RQ2,236,260,0.004940711462450564,0.004940711462450564
kodim12.png,stripes,8,,37,glcm_contrast,True,23,RQ2,237,261,0.006916996047430679,0.006916996047430679
kodim12.png,stripes,8,,37,glcm_entropy,True,23,RQ2,238,262,0.048418972332015864,0.048418972332015864
kodim12.png,stripes,8,,37,glcm_homogeneity,True,23,RQ2,239,263,-0.015810276679841917,0.015810276679841917
kodim12.png,stripes,16,,22,sobel_si,True,23,RQ2,216,264,0.03063241106719372,0.03063241106719372
kodim12.png,stripes,16,,22,luma_sd,True,23,RQ2,217,265,0.06620553359683795,0.06620553359683795
kodim12.png,stripes,16,,22,edge_fraction,True,23,RQ2,218,266,0.05434782608695643,0.05434782608695643
kodim12.png,stripes,16,,22,glcm_contrast,True,23,RQ2,219,267,0.06719367588932801,0.06719367588932801
kodim12.png,stripes,16,,22,glcm_entropy,True,23,RQ2,220,268,-0.02272727272727293,-0.02272727272727293
kodim12.png,stripes,16,,22,glcm_homogeneity,True,23,RQ2,221,269,-0.06818181818181812,0.06818181818181812
kodim12.png,stripes,16,,27,sobel_si,True,23,RQ2,222,270,0.02371541501976293,0.02371541501976293
kodim12.png,stripes,16,,27,luma_sd,True,23,RQ2,223,271,0.013833992094861719,0.013833992094861719
kodim12.png,stripes,16,,27,edge_fraction,True,23,RQ2,224,272,0.04347826086956552,0.04347826086956552
kodim12.png,stripes,16,,27,glcm_contrast,True,23,RQ2,225,273,0.06521739130434767,0.06521739130434767
kodim12.png,stripes,16,,27,glcm_entropy,True,23,RQ2,226,274,-0.021739130434782594,-0.021739130434782594
kodim12.png,stripes,16,,27,glcm_homogeneity,True,23,RQ2,227,275,-0.058300395256917104,0.058300395256917104
kodim12.png,stripes,16,,32,sobel_si,True,23,RQ2,228,276,0.006916996047430901,0.006916996047430901
kodim12.png,stripes,16,,32,luma_sd,True,23,RQ2,229,277,0.02272727272727265,0.02272727272727265
kodim12.png,stripes,16,,32,edge_fraction,True,23,RQ2,230,278,0.006916996047431012,0.006916996047431012
kodim12.png,stripes,16,,32,glcm_contrast,True,23,RQ2,231,279,0.016798418972331808,0.016798418972331808
kodim12.png,stripes,16,,32,glcm_entropy,True,23,RQ2,232,280,-0.025691699604743046,-0.025691699604743046
kodim12.png,stripes,16,,32,glcm_homogeneity,True,23,RQ2,233,281,-0.004940711462450564,0.004940711462450564
kodim12.png,stripes,16,,37,sobel_si,True,23,RQ2,234,282,0.042490118577074965,0.042490118577074965
kodim12.png,stripes,16,,37,luma_sd,True,23,RQ2,235,283,0.05039525691699609,0.05039525691699609
kodim12.png,stripes,16,,37,edge_fraction,True,23,RQ2,236,284,-0.0009881422924900019,-0.0009881422924900019
kodim12.png,stripes,16,,37,glcm_contrast,True,23,RQ2,237,285,0.03063241106719361,0.03063241106719361
kodim12.png,stripes,16,,37,glcm_entropy,True,23,RQ2,238,286,0.037549407114624844,0.037549407114624844
kodim12.png,stripes,16,,37,glcm_homogeneity,True,23,RQ2,239,287,-0.006916996047431012,0.006916996047431012
kodim12.png,stripes,32,,22,sobel_si,True,23,RQ2,216,288,0.06324110671936756,0.06324110671936756
kodim12.png,stripes,32,,22,luma_sd,True,23,RQ2,217,289,0.07213438735177863,0.07213438735177863
kodim12.png,stripes,32,,22,edge_fraction,True,23,RQ2,218,290,-0.0721343873517788,-0.0721343873517788
kodim12.png,stripes,32,,22,glcm_contrast,True,23,RQ2,219,291,0.08300395256916981,0.08300395256916981
kodim12.png,stripes,32,,22,glcm_entropy,True,23,RQ2,220,292,-0.10079051383399218,-0.10079051383399218
kodim12.png,stripes,32,,22,glcm_homogeneity,True,23,RQ2,221,293,-0.049407114624505755,0.049407114624505755
kodim12.png,stripes,32,,27,sobel_si,True,23,RQ2,222,294,0.0721343873517789,0.0721343873517789
kodim12.png,stripes,32,,27,luma_sd,True,23,RQ2,223,295,0.03359683794466406,0.03359683794466406
kodim12.png,stripes,32,,27,edge_fraction,True,23,RQ2,224,296,-0.07312252964426869,-0.07312252964426869
kodim12.png,stripes,32,,27,glcm_contrast,True,23,RQ2,225,297,0.08399209486165993,0.08399209486165993
kodim12.png,stripes,32,,27,glcm_entropy,True,23,RQ2,226,298,-0.12944664031620534,-0.12944664031620534
kodim12.png,stripes,32,,27,glcm_homogeneity,True,23,RQ2,227,299,-0.041501976284585074,0.041501976284585074
kodim12.png,stripes,32,,32,sobel_si,True,23,RQ2,228,300,0.009881422924901462,0.009881422924901462
kodim12.png,stripes,32,,32,luma_sd,True,23,RQ2,229,301,0.026679841897233103,0.026679841897233103
kodim12.png,stripes,32,,32,edge_fraction,True,23,RQ2,230,302,-0.10474308300395252,-0.10474308300395252
kodim12.png,stripes,32,,32,glcm_contrast,True,23,RQ2,231,303,0.029644268774703164,0.029644268774703164
kodim12.png,stripes,32,,32,glcm_entropy,True,23,RQ2,232,304,-0.13142292490118568,-0.13142292490118568
kodim12.png,stripes,32,,32,glcm_homogeneity,True,23,RQ2,233,305,0.0019762845849803368,-0.0019762845849803368
kodim12.png,stripes,32,,37,sobel_si,True,23,RQ2,234,306,0.017786561264822143,0.017786561264822143
kodim12.png,stripes,32,,37,luma_sd,True,23,RQ2,235,307,0.05830039525691688,0.05830039525691688
kodim12.png,stripes,32,,37,edge_fraction,True,23,RQ2,236,308,-0.10671936758893275,-0.10671936758893275
kodim12.png,stripes,32,,37,glcm_contrast,True,23,RQ2,237,309,0.02667984189723327,0.02667984189723327
kodim12.png,stripes,32,,37,glcm_entropy,True,23,RQ2,238,310,-0.08201581027667948,-0.08201581027667948
kodim12.png,stripes,32,,37,glcm_homogeneity,True,23,RQ2,239,311,0.005928853754940566,-0.005928853754940566
kodim13.png,awgn,5,20260811,22,sobel_si,True,23,RQ2,216,0,0.0968379446640315,0.0968379446640315
kodim13.png,awgn,5,20260811,22,luma_sd,True,23,RQ2,217,1,-0.018774703557312256,-0.018774703557312256
kodim13.png,awgn,5,20260811,22,edge_fraction,True,23,RQ2,218,2,0.049407114624505755,0.049407114624505755
kodim13.png,awgn,5,20260811,22,glcm_contrast,True,23,RQ2,219,3,0.11956521739130443,0.11956521739130443
kodim13.png,awgn,5,20260811,22,glcm_entropy,True,23,RQ2,220,4,-0.03656126482213429,-0.03656126482213429
kodim13.png,awgn,5,20260811,22,glcm_homogeneity,True,23,RQ2,221,5,-0.02766798418972316,0.02766798418972316
kodim13.png,awgn,5,20260811,27,sobel_si,True,23,RQ2,222,6,-0.0033194279522551495,-0.0033194279522551495
kodim13.png,awgn,5,20260811,27,luma_sd,True,23,RQ2,223,7,-0.06718854775675448,-0.06718854775675448
kodim13.png,awgn,5,20260811,27,edge_fraction,True,23,RQ2,224,8,0.02639004136516998,0.02639004136516998
kodim13.png,awgn,5,20260811,27,glcm_contrast,True,23,RQ2,225,9,0.07082787350288677,0.07082787350288677
kodim13.png,awgn,5,20260811,27,glcm_entropy,True,23,RQ2,226,10,-0.038875456706654044,-0.038875456706654044
kodim13.png,awgn,5,20260811,27,glcm_homogeneity,True,23,RQ2,227,11,-0.007591406522514221,0.007591406522514221
kodim13.png,awgn,5,20260811,32,sobel_si,True,23,RQ2,228,12,0.008893280632411127,0.008893280632411127
kodim13.png,awgn,5,20260811,32,luma_sd,True,23,RQ2,229,13,0.0009881422924901406,0.0009881422924901406
kodim13.png,awgn,5,20260811,32,edge_fraction,True,23,RQ2,230,14,0.009881422924900907,0.009881422924900907
kodim13.png,awgn,5,20260811,32,glcm_contrast,True,23,RQ2,231,15,0.022727272727272707,0.022727272727272707
kodim13.png,awgn,5,20260811,32,glcm_entropy,True,23,RQ2,232,16,-0.04743083003952575,-0.04743083003952575
kodim13.png,awgn,5,20260811,32,glcm_homogeneity,True,23,RQ2,233,17,0.004940711462450675,-0.004940711462450675
kodim13.png,awgn,5,20260811,37,sobel_si,True,23,RQ2,234,18,0.011857707509881577,0.011857707509881577
kodim13.png,awgn,5,20260811,37,luma_sd,True,23,RQ2,235,19,0.0,0.0
kodim13.png,awgn,5,20260811,37,edge_fraction,True,23,RQ2,236,20,-0.00988142292490135,-0.00988142292490135
kodim13.png,awgn,5,20260811,37,glcm_contrast,True,23,RQ2,237,21,0.01383399209486147,0.01383399209486147
kodim13.png,awgn,5,20260811,37,glcm_entropy,True,23,RQ2,238,22,-0.03952569169960485,-0.03952569169960485
kodim13.png,awgn,5,20260811,37,glcm_homogeneity,True,23,RQ2,239,23,0.0039525691699602294,-0.0039525691699602294
kodim13.png,awgn,15,20260811,22,sobel_si,True,23,RQ2,216,72,0.3322197145956778,0.3322197145956778
kodim13.png,awgn,15,20260811,22,luma_sd,True,23,RQ2,217,73,0.38548245226482425,0.38548245226482425
kodim13.png,awgn,15,20260811,22,edge_fraction,True,23,RQ2,218,74,-0.028969125709252586,-0.028969125709252586
kodim13.png,awgn,15,20260811,22,glcm_contrast,True,23,RQ2,219,75,0.04907018411212338,0.04907018411212338
kodim13.png,awgn,15,20260811,22,glcm_entropy,True,23,RQ2,220,76,-0.14563194220754816,-0.14563194220754816
kodim13.png,awgn,15,20260811,22,glcm_homogeneity,True,23,RQ2,221,77,0.03887350313234028,-0.03887350313234028
kodim13.png,awgn,15,20260811,27,sobel_si,True,23,RQ2,222,78,0.23814229249011853,0.23814229249011853
kodim13.png,awgn,15,20260811,27,luma_sd,True,23,RQ2,223,79,0.30434782608695654,0.30434782608695654
kodim13.png,awgn,15,20260811,27,edge_fraction,True,23,RQ2,224,80,-0.0306324110671935,-0.0306324110671935
kodim13.png,awgn,15,20260811,27,glcm_contrast,True,23,RQ2,225,81,0.045454545454545525,0.045454545454545525
kodim13.png,awgn,15,20260811,27,glcm_entropy,True,23,RQ2,226,82,-0.17588932806324103,-0.17588932806324103
kodim13.png,awgn,15,20260811,27,glcm_homogeneity,True,23,RQ2,227,83,0.045454545454545525,-0.045454545454545525
kodim13.png,awgn,15,20260811,32,sobel_si,True,23,RQ2,228,84,0.1393280632411067,0.1393280632411067
kodim13.png,awgn,15,20260811,32,luma_sd,True,23,RQ2,229,85,0.09288537549407114,0.09288537549407114
kodim13.png,awgn,15,20260811,32,edge_fraction,True,23,RQ2,230,86,-0.020750988142292592,-0.020750988142292592
kodim13.png,awgn,15,20260811,32,glcm_contrast,True,23,RQ2,231,87,0.034584980237154284,0.034584980237154284
kodim13.png,awgn,15,20260811,32,glcm_entropy,True,23,RQ2,232,88,-0.1907114624505929,-0.1907114624505929
kodim13.png,awgn,15,20260811,32,glcm_homogeneity,True,23,RQ2,233,89,0.015810276679841917,-0.015810276679841917
kodim13.png,awgn,15,20260811,37,sobel_si,True,23,RQ2,234,90,-0.07213438735177835,-0.07213438735177835
kodim13.png,awgn,15,20260811,37,luma_sd,True,23,RQ2,235,91,-0.1442687747035573,-0.1442687747035573
kodim13.png,awgn,15,20260811,37,edge_fraction,True,23,RQ2,236,92,0.0009881422924901129,0.0009881422924901129
kodim13.png,awgn,15,20260811,37,glcm_contrast,True,23,RQ2,237,93,-0.005928853754940788,-0.005928853754940788
kodim13.png,awgn,15,20260811,37,glcm_entropy,True,23,RQ2,238,94,-0.2697628458498026,-0.2697628458498026
kodim13.png,awgn,15,20260811,37,glcm_homogeneity,True,23,RQ2,239,95,0.021739130434782594,-0.021739130434782594
kodim13.png,awgn,30,20260811,22,sobel_si,True,23,RQ2,216,144,0.2126249493928779,0.2126249493928779
kodim13.png,awgn,30,20260811,22,luma_sd,True,23,RQ2,217,145,0.6301081083614604,0.6301081083614604
kodim13.png,awgn,30,20260811,22,edge_fraction,True,23,RQ2,218,146,-0.5538023515165809,-0.5538023515165809
kodim13.png,awgn,30,20260811,22,glcm_contrast,True,23,RQ2,219,147,-0.34579021835497203,-0.34579021835497203
kodim13.png,awgn,30,20260811,22,glcm_entropy,True,23,RQ2,220,148,-0.5429633108978419,-0.5429633108978419
kodim13.png,awgn,30,20260811,22,glcm_homogeneity,True,23,RQ2,221,149,0.9101361934320764,-0.9101361934320764
kodim13.png,awgn,30,20260811,27,sobel_si,True,23,RQ2,222,150,0.14920948616600782,0.14920948616600782
kodim13.png,awgn,30,20260811,27,luma_sd,True,23,RQ2,223,151,0.40909090909090906,0.40909090909090906
kodim13.png,awgn,30,20260811,27,edge_fraction,True,23,RQ2,224,152,-0.40019762845849793,-0.40019762845849793
kodim13.png,awgn,30,20260811,27,glcm_contrast,True,23,RQ2,225,153,-0.2559288537549407,-0.2559288537549407
kodim13.png,awgn,30,20260811,27,glcm_entropy,True,23,RQ2,226,154,-0.5326086956521738,-0.5326086956521738
kodim13.png,awgn,30,20260811,27,glcm_homogeneity,True,23,RQ2,227,155,0.7470355731225296,-0.7470355731225296
kodim13.png,awgn,30,20260811,32,sobel_si,True,23,RQ2,228,156,0.07806324110671947,0.07806324110671947
kodim13.png,awgn,30,20260811,32,luma_sd,True,23,RQ2,229,157,0.41501976284584974,0.41501976284584974
kodim13.png,awgn,30,20260811,32,edge_fraction,True,23,RQ2,230,158,-0.45849802371541515,-0.45849802371541515
kodim13.png,awgn,30,20260811,32,glcm_contrast,True,23,RQ2,231,159,-0.3241106719367589,-0.3241106719367589
kodim13.png,awgn,30,20260811,32,glcm_entropy,True,23,RQ2,232,160,-0.5128458498023716,-0.5128458498023716
kodim13.png,awgn,30,20260811,32,glcm_homogeneity,True,23,RQ2,233,161,0.8438735177865612,-0.8438735177865612
kodim13.png,awgn,30,20260811,37,sobel_si,True,23,RQ2,234,162,-0.05731225296442677,-0.05731225296442677
kodim13.png,awgn,30,20260811,37,luma_sd,True,23,RQ2,235,163,0.07411067193675888,0.07411067193675888
kodim13.png,awgn,30,20260811,37,edge_fraction,True,23,RQ2,236,164,-0.2786561264822135,-0.2786561264822135
kodim13.png,awgn,30,20260811,37,glcm_contrast,True,23,RQ2,237,165,-0.2272727272727274,-0.2272727272727274
kodim13.png,awgn,30,20260811,37,glcm_entropy,True,23,RQ2,238,166,-0.4426877470355733,-0.4426877470355733
kodim13.png,awgn,30,20260811,37,glcm_homogeneity,True,23,RQ2,239,167,0.6413043478260869,-0.6413043478260869
kodim13.png,clean,0,,22,luma_sd,True,23,RQ1,216,217,-0.4456521739130435,-0.4456521739130435
kodim13.png,clean,0,,22,edge_fraction,True,23,RQ1,216,218,0.26877470355731226,0.26877470355731226
kodim13.png,clean,0,,22,glcm_contrast,True,23,RQ1,216,219,0.09387351778656117,0.09387351778656117
kodim13.png,clean,0,,22,glcm_entropy,True,23,RQ1,216,220,0.13438735177865602,0.13438735177865602
kodim13.png,clean,0,,22,glcm_homogeneity,True,23,RQ1,216,221,-1.1719367588932808,0.18577075098814222
kodim13.png,clean,0,,27,luma_sd,True,23,RQ1,222,223,-0.4782608695652173,-0.4782608695652173
kodim13.png,clean,0,,27,edge_fraction,True,23,RQ1,222,224,0.23418972332015808,0.23418972332015808
kodim13.png,clean,0,,27,glcm_contrast,True,23,RQ1,222,225,0.07411067193675891,0.07411067193675891
kodim13.png,clean,0,,27,glcm_entropy,True,23,RQ1,222,226,0.10474308300395252,0.10474308300395252
kodim13.png,clean,0,,27,glcm_homogeneity,True,23,RQ1,222,227,-1.2885375494071145,0.15612648221343872
kodim13.png,clean,0,,32,luma_sd,True,23,RQ1,228,229,-0.5345849802371541,-0.5345849802371541
kodim13.png,clean,0,,32,edge_fraction,True,23,RQ1,228,230,0.181818181818182,0.181818181818182
kodim13.png,clean,0,,32,glcm_contrast,True,23,RQ1,228,231,0.06422924901185778,0.06422924901185778
kodim13.png,clean,0,,32,glcm_entropy,True,23,RQ1,228,232,0.04051383399209496,0.04051383399209496
kodim13.png,clean,0,,32,glcm_homogeneity,True,23,RQ1,228,233,-1.4525691699604741,0.11264822134387353
kodim13.png,clean,0,,37,luma_sd,True,23,RQ1,234,235,-0.5918972332015808,-0.5918972332015808
kodim13.png,clean,0,,37,edge_fraction,True,23,RQ1,234,236,0.13339920948616613,0.13339920948616613
kodim13.png,clean,0,,37,glcm_contrast,True,23,RQ1,234,237,0.05632411067193699,0.05632411067193699
kodim13.png,clean,0,,37,glcm_entropy,True,23,RQ1,234,238,-0.014822134387351471,-0.014822134387351471
kodim13.png,clean,0,,37,glcm_homogeneity,True,23,RQ1,234,239,-1.5731225296442686,0.06719367588932812
kodim13.png,stripes,8,,22,sobel_si,True,23,RQ2,216,240,0.059288537549407105,0.059288537549407105
kodim13.png,stripes,8,,22,luma_sd,True,23,RQ2,217,241,0.020750988142292474,0.020750988142292474
kodim13.png,stripes,8,,22,edge_fraction,True,23,RQ2,218,242,0.0375494071146244,0.0375494071146244
kodim13.png,stripes,8,,22,glcm_contrast,True,23,RQ2,219,243,0.03063241106719361,0.03063241106719361
kodim13.png,stripes,8,,22,glcm_entropy,True,23,RQ2,220,244,1.1102230246251565e-16,1.1102230246251565e-16
kodim13.png,stripes,8,,22,glcm_homogeneity,True,23,RQ2,221,245,-0.004940711462450675,0.004940711462450675
kodim13.png,stripes,8,,27,sobel_si,True,23,RQ2,222,246,0.06027667984189733,0.06027667984189733
kodim13.png,stripes,8,,27,luma_sd,True,23,RQ2,223,247,0.052371541501976315,0.052371541501976315
kodim13.png,stripes,8,,27,edge_fraction,True,23,RQ2,224,248,0.012845849802371578,0.012845849802371578
kodim13.png,stripes,8,,27,glcm_contrast,True,23,RQ2,225,249,0.029644268774703608,0.029644268774703608
kodim13.png,stripes,8,,27,glcm_entropy,True,23,RQ2,226,250,-0.01976284584980237,-0.01976284584980237
kodim13.png,stripes,8,,27,glcm_homogeneity,True,23,RQ2,227,251,0.01086956521739113,-0.01086956521739113
kodim13.png,stripes,8,,32,sobel_si,True,23,RQ2,228,252,0.0039525691699606735,0.0039525691699606735
kodim13.png,stripes,8,,32,luma_sd,True,23,RQ2,229,253,0.021739130434782622,0.021739130434782622
kodim13.png,stripes,8,,32,edge_fraction,True,23,RQ2,230,254,-0.0039525691699605625,-0.0039525691699605625
kodim13.png,stripes,8,,32,glcm_contrast,True,23,RQ2,231,255,-0.008893280632410905,-0.008893280632410905
kodim13.png,stripes,8,,32,glcm_entropy,True,23,RQ2,232,256,-0.011857707509881465,-0.011857707509881465
kodim13.png,stripes,8,,32,glcm_homogeneity,True,23,RQ2,233,257,0.02075098814229248,-0.02075098814229248
kodim13.png,stripes,8,,37,sobel_si,True,23,RQ2,234,258,0.022727272727272707,0.022727272727272707
kodim13.png,stripes,8,,37,luma_sd,True,23,RQ2,235,259,0.037549407114624456,0.037549407114624456
kodim13.png,stripes,8,,37,edge_fraction,True,23,RQ2,236,260,-0.007905138339921014,-0.007905138339921014
kodim13.png,stripes,8,,37,glcm_contrast,True,23,RQ2,237,261,0.007905138339921014,0.007905138339921014
kodim13.png,stripes,8,,37,glcm_entropy,True,23,RQ2,238,262,0.04347826086956519,0.04347826086956519
kodim13.png,stripes,8,,37,glcm_homogeneity,True,23,RQ2,239,263,-0.008893280632411127,0.008893280632411127
kodim13.png,stripes,16,,22,sobel_si,True,23,RQ2,216,264,0.024703557312252933,0.024703557312252933
kodim13.png,stripes,16,,22,luma_sd,True,23,RQ2,217,265,0.075098814229249,0.075098814229249
kodim13.png,stripes,16,,22,edge_fraction,True,23,RQ2,218,266,0.03458498023715406,0.03458498023715406
kodim13.png,stripes,16,,22,glcm_contrast,True,23,RQ2,219,267,0.05830039525691699,0.05830039525691699
kodim13.png,stripes,16,,22,glcm_entropy,True,23,RQ2,220,268,-0.05434782608695643,-0.05434782608695643
kodim13.png,stripes,16,,22,glcm_homogeneity,True,23,RQ2,221,269,-0.06027667984189711,0.06027667984189711
kodim13.png,stripes,16,,27,sobel_si,True,23,RQ2,222,270,0.028656126482213495,0.028656126482213495
kodim13.png,stripes,16,,27,luma_sd,True,23,RQ2,223,271,0.01679841897233203,0.01679841897233203
kodim13.png,stripes,16,,27,edge_fraction,True,23,RQ2,224,272,0.052371541501976315,0.052371541501976315
kodim13.png,stripes,16,,27,glcm_contrast,True,23,RQ2,225,273,0.08596837944664026,0.08596837944664026
kodim13.png,stripes,16,,27,glcm_entropy,True,23,RQ2,226,274,-0.019762845849802257,-0.019762845849802257
kodim13.png,stripes,16,,27,glcm_homogeneity,True,23,RQ2,227,275,-0.07608695652173914,0.07608695652173914
kodim13.png,stripes,16,,32,sobel_si,True,23,RQ2,228,276,0.01383399209486158,0.01383399209486158
kodim13.png,stripes,16,,32,luma_sd,True,23,RQ2,229,277,0.010869565217391325,0.010869565217391325
kodim13.png,stripes,16,,32,edge_fraction,True,23,RQ2,230,278,0.007905138339920903,0.007905138339920903
kodim13.png,stripes,16,,32,glcm_contrast,True,23,RQ2,231,279,0.028656126482213384,0.028656126482213384
kodim13.png,stripes,16,,32,glcm_entropy,True,23,RQ2,232,280,-0.029644268774703386,-0.029644268774703386
kodim13.png,stripes,16,,32,glcm_homogeneity,True,23,RQ2,233,281,-0.014822134387351804,0.014822134387351804
kodim13.png,stripes,16,,37,sobel_si,True,23,RQ2,234,282,0.044466403162055634,0.044466403162055634
kodim13.png,stripes,16,,37,luma_sd,True,23,RQ2,235,283,0.05138339920948615,0.05138339920948615
kodim13.png,stripes,16,,37,edge_fraction,True,23,RQ2,236,284,-0.014822134387351915,-0.014822134387351915
kodim13.png,stripes,16,,37,glcm_contrast,True,23,RQ2,237,285,0.03063241106719361,0.03063241106719361
kodim13.png,stripes,16,,37,glcm_entropy,True,23,RQ2,238,286,0.02075098814229248,0.02075098814229248
kodim13.png,stripes,16,,37,glcm_homogeneity,True,23,RQ2,239,287,-0.005928853754940788,0.005928853754940788
kodim13.png,stripes,32,,22,sobel_si,True,23,RQ2,216,288,0.0662055335968379,0.0662055335968379
kodim13.png,stripes,32,,22,luma_sd,True,23,RQ2,217,289,0.07707509881422928,0.07707509881422928
kodim13.png,stripes,32,,22,edge_fraction,True,23,RQ2,218,290,-0.10770750988142308,-0.10770750988142308
kodim13.png,stripes,32,,22,glcm_contrast,True,23,RQ2,219,291,0.07114624505928857,0.07114624505928857
kodim13.png,stripes,32,,22,glcm_entropy,True,23,RQ2,220,292,-0.13438735177865607,-0.13438735177865607
kodim13.png,stripes,32,,22,glcm_homogeneity,True,23,RQ2,221,293,-0.024703557312253044,0.024703557312253044
kodim13.png,stripes,32,,27,sobel_si,True,23,RQ2,222,294,0.09189723320158116,0.09189723320158116
kodim13.png,stripes,32,,27,luma_sd,True,23,RQ2,223,295,0.04644268774703553,0.04644268774703553
kodim13.png,stripes,32,,27,edge_fraction,True,23,RQ2,224,296,-0.08498023715415004,-0.08498023715415004
kodim13.png,stripes,32,,27,glcm_contrast,True,23,RQ2,225,297,0.09980237154150196,0.09980237154150196
kodim13.png,stripes,32,,27,glcm_entropy,True,23,RQ2,226,298,-0.14328063241106725,-0.14328063241106725
kodim13.png,stripes,32,,27,glcm_homogeneity,True,23,RQ2,227,299,-0.031620553359683834,0.031620553359683834
kodim13.png,stripes,32,,32,sobel_si,True,23,RQ2,228,300,0.01976284584980248,0.01976284584980248
kodim13.png,stripes,32,,32,luma_sd,True,23,RQ2,229,301,0.013833992094861608,0.013833992094861608
kodim13.png,stripes,32,,32,edge_fraction,True,23,RQ2,230,302,-0.1086956521739132,-0.1086956521739132
kodim13.png,stripes,32,,32,glcm_contrast,True,23,RQ2,231,303,0.04249011857707519,0.04249011857707519
kodim13.png,stripes,32,,32,glcm_entropy,True,23,RQ2,232,304,-0.1472332015810277,-0.1472332015810277
kodim13.png,stripes,32,,32,glcm_homogeneity,True,23,RQ2,233,305,0.01086956521739113,-0.01086956521739113
kodim13.png,stripes,32,,37,sobel_si,True,23,RQ2,234,306,0.020750988142292703,0.020750988142292703
kodim13.png,stripes,32,,37,luma_sd,True,23,RQ2,235,307,0.05632411067193677,0.05632411067193677
kodim13.png,stripes,32,,37,edge_fraction,True,23,RQ2,236,308,-0.12648221343873522,-0.12648221343873522
kodim13.png,stripes,32,,37,glcm_contrast,True,23,RQ2,237,309,0.028656126482213162,0.028656126482213162
kodim13.png,stripes,32,,37,glcm_entropy,True,23,RQ2,238,310,-0.11166007905138353,-0.11166007905138353
kodim13.png,stripes,32,,37,glcm_homogeneity,True,23,RQ2,239,311,0.018774703557312034,-0.018774703557312034
kodim14.png,awgn,5,20260811,22,sobel_si,True,23,RQ2,216,0,0.09881422924901195,0.09881422924901195
kodim14.png,awgn,5,20260811,22,luma_sd,True,23,RQ2,217,1,-0.014822134387351783,-0.014822134387351783
kodim14.png,awgn,5,20260811,22,edge_fraction,True,23,RQ2,218,2,0.045454545454545414,0.045454545454545414
kodim14.png,awgn,5,20260811,22,glcm_contrast,True,23,RQ2,219,3,0.12252964426877466,0.12252964426877466
kodim14.png,awgn,5,20260811,22,glcm_entropy,True,23,RQ2,220,4,-0.03656126482213429,-0.03656126482213429
kodim14.png,awgn,5,20260811,22,glcm_homogeneity,True,23,RQ2,221,5,-0.027667984189723382,0.027667984189723382
kodim14.png,awgn,5,20260811,27,sobel_si,True,23,RQ2,222,6,-0.003804341718904425,-0.003804341718904425
kodim14.png,awgn,5,20260811,27,luma_sd,True,23,RQ2,223,7,-0.0661999170706859,-0.0661999170706859
kodim14.png,awgn,5,20260811,27,edge_fraction,True,23,RQ2,224,8,0.023426102881278,0.023426102881278
kodim14.png,awgn,5,20260811,27,glcm_contrast,True,23,RQ2,225,9,0.07034247134265881,0.07034247134265881
kodim14.png,awgn,5,20260811,27,glcm_entropy,True,23,RQ2,226,10,-0.03788462824948258,-0.03788462824948258
kodim14.png,awgn,5,20260811,27,glcm_homogeneity,True,23,RQ2,227,11,-0.0066066829850732756,0.0066066829850732756
kodim14.png,awgn,5,20260811,32,sobel_si,True,23,RQ2,228,12,0.007905138339920903,0.007905138339920903
kodim14.png,awgn,5,20260811,32,luma_sd,True,23,RQ2,229,13,0.0009881422924901406,0.0009881422924901406
kodim14.png,awgn,5,20260811,32,edge_fraction,True,23,RQ2,230,14,0.007905138339920903,0.007905138339920903
kodim14.png,awgn,5,20260811,32,glcm_contrast,True,23,RQ2,231,15,0.021739130434782705,0.021739130434782705
kodim14.png,awgn,5,20260811,32,glcm_entropy,True,23,RQ2,232,16,-0.04644268774703564,-0.04644268774703564
kodim14.png,awgn,5,20260811,32,glcm_homogeneity,True,23,RQ2,233,17,0.0039525691699605625,-0.0039525691699605625
kodim14.png,awgn,5,20260811,37,sobel_si,True,23,RQ2,234,18,0.004940711462450564,0.004940711462450564
kodim14.png,awgn,5,20260811,37,luma_sd,True,23,RQ2,235,19,0.007905138339920958,0.007905138339920958
kodim14.png,awgn,5,20260811,37,edge_fraction,True,23,RQ2,236,20,-0.0128458498023718,-0.0128458498023718
kodim14.png,awgn,5,20260811,37,glcm_contrast,True,23,RQ2,237,21,0.006916996047430679,0.006916996047430679
kodim14.png,awgn,5,20260811,37,glcm_entropy,True,23,RQ2,238,22,-0.04051383399209485,-0.04051383399209485
kodim14.png,awgn,5,20260811,37,glcm_homogeneity,True,23,RQ2,239,23,0.006916996047430679,-0.006916996047430679
kodim14.png,awgn,15,20260811,22,sobel_si,True,23,RQ2,216,72,0.31839133902696803,0.31839133902696803
kodim14.png,awgn,15,20260811,22,luma_sd,True,23,RQ2,217,73,0.3973428459393871,0.3973428459393871
kodim14.png,awgn,15,20260811,22,edge_fraction,True,23,RQ2,218,74,-0.03687475244275196,-0.03687475244275196
kodim14.png,awgn,15,20260811,22,glcm_contrast,True,23,RQ2,219,75,0.03524107595304604,0.03524107595304604
kodim14.png,awgn,15,20260811,22,glcm_entropy,True,23,RQ2,220,76,-0.14167546588896013,-0.14167546588896013
kodim14.png,awgn,15,20260811,22,glcm_homogeneity,True,23,RQ2,221,77,0.04183499964834003,-0.04183499964834003
kodim14.png,awgn,15,20260811,27,sobel_si,True,23,RQ2,222,78,0.22628458498023718,0.22628458498023718
kodim14.png,awgn,15,20260811,27,luma_sd,True,23,RQ2,223,79,0.30335968379446643,0.30335968379446643
kodim14.png,awgn,15,20260811,27,edge_fraction,True,23,RQ2,224,80,-0.03260869565217395,-0.03260869565217395
kodim14.png,awgn,15,20260811,27,glcm_contrast,True,23,RQ2,225,81,0.032608695652173836,0.032608695652173836
kodim14.png,awgn,15,20260811,27,glcm_entropy,True,23,RQ2,226,82,-0.16798418972332008,-0.16798418972332008
kodim14.png,awgn,15,20260811,27,glcm_homogeneity,True,23,RQ2,227,83,0.04051383399209474,-0.04051383399209474
kodim14.png,awgn,15,20260811,32,sobel_si,True,23,RQ2,228,84,0.12845849802371523,0.12845849802371523
kodim14.png,awgn,15,20260811,32,luma_sd,True,23,RQ2,229,85,0.10177865612648221,0.10177865612648221
kodim14.png,awgn,15,20260811,32,edge_fraction,True,23,RQ2,230,86,-0.025691699604743046,-0.025691699604743046
kodim14.png,awgn,15,20260811,32,glcm_contrast,True,23,RQ2,231,87,0.022727272727272707,0.022727272727272707
kodim14.png,awgn,15,20260811,32,glcm_entropy,True,23,RQ2,232,88,-0.18181818181818177,-0.18181818181818177
kodim14.png,awgn,15,20260811,32,glcm_homogeneity,True,23,RQ2,233,89,0.01679841897233203,-0.01679841897233203
kodim14.png,awgn,15,20260811,37,sobel_si,True,23,RQ2,234,90,-0.07114624505928846,-0.07114624505928846
kodim14.png,awgn,15,20260811,37,luma_sd,True,23,RQ2,235,91,-0.14229249011857706,-0.14229249011857706
kodim14.png,awgn,15,20260811,37,edge_fraction,True,23,RQ2,236,92,-1.1102230246251565e-16,-1.1102230246251565e-16
kodim14.png,awgn,15,20260811,37,glcm_contrast,True,23,RQ2,237,93,-0.004940711462450897,-0.004940711462450897
kodim14.png,awgn,15,20260811,37,glcm_entropy,True,23,RQ2,238,94,-0.2579051383399211,-0.2579051383399211
kodim14.png,awgn,15,20260811,37,glcm_homogeneity,True,23,RQ2,239,95,0.014822134387351693,-0.014822134387351693
kodim14.png,awgn,30,20260811,22,sobel_si,True,23,RQ2,216,144,0.20966882520624108,0.20966882520624108
kodim14.png,awgn,30,20260811,22,luma_sd,True,23,RQ2,217,145,0.6478988209716993,0.6478988209716993
kodim14.png,awgn,30,20260811,22,edge_fraction,True,23,RQ2,218,146,-0.5211841321896273,-0.5211841321896273
kodim14.png,awgn,30,20260811,22,glcm_contrast,True,23,RQ2,219,147,-0.3200838669428758,-0.3200838669428758
kodim14.png,awgn,30,20260811,22,glcm_entropy,True,23,RQ2,220,148,-0.5063900804330359,-0.5063900804330359
kodim14.png,awgn,30,20260811,22,glcm_homogeneity,True,23,RQ2,221,149,0.7989390504363127,-0.7989390504363127
kodim14.png,awgn,30,20260811,27,sobel_si,True,23,RQ2,222,150,0.15118577075098805,0.15118577075098805
kodim14.png,awgn,30,20260811,27,luma_sd,True,23,RQ2,223,151,0.40513833992094855,0.40513833992094855
kodim14.png,awgn,30,20260811,27,edge_fraction,True,23,RQ2,224,152,-0.36067193675889314,-0.36067193675889314
kodim14.png,awgn,30,20260811,27,glcm_contrast,True,23,RQ2,225,153,-0.22134387351778662,-0.22134387351778662
kodim14.png,awgn,30,20260811,27,glcm_entropy,True,23,RQ2,226,154,-0.4980237154150198,-0.4980237154150198
kodim14.png,awgn,30,20260811,27,glcm_homogeneity,True,23,RQ2,227,155,0.6353754940711461,-0.6353754940711461
kodim14.png,awgn,30,20260811,32,sobel_si,True,23,RQ2,228,156,0.07608695652173914,0.07608695652173914
kodim14.png,awgn,30,20260811,32,luma_sd,True,23,RQ2,229,157,0.4110671936758893,0.4110671936758893
kodim14.png,awgn,30,20260811,32,edge_fraction,True,23,RQ2,230,158,-0.43280632411067194,-0.43280632411067194
kodim14.png,awgn,30,20260811,32,glcm_contrast,True,23,RQ2,231,159,-0.30632411067193677,-0.30632411067193677
kodim14.png,awgn,30,20260811,32,glcm_entropy,True,23,RQ2,232,160,-0.4950592885375493,-0.4950592885375493
kodim14.png,awgn,30,20260811,32,glcm_homogeneity,True,23,RQ2,233,161,0.7341897233201581,-0.7341897233201581
kodim14.png,awgn,30,20260811,37,sobel_si,True,23,RQ2,234,162,-0.05830039525691699,-0.05830039525691699
kodim14.png,awgn,30,20260811,37,luma_sd,True,23,RQ2,235,163,0.06916996047430835,0.06916996047430835
kodim14.png,awgn,30,20260811,37,edge_fraction,True,23,RQ2,236,164,-0.25395256916996056,-0.25395256916996056
kodim14.png,awgn,30,20260811,37,glcm_contrast,True,23,RQ2,237,165,-0.21047430830039549,-0.21047430830039549
kodim14.png,awgn,30,20260811,37,glcm_entropy,True,23,RQ2,238,166,-0.42391304347826086,-0.42391304347826086
kodim14.png,awgn,30,20260811,37,glcm_homogeneity,True,23,RQ2,239,167,0.5424901185770752,-0.5424901185770752
kodim14.png,clean,0,,22,luma_sd,True,23,RQ1,216,217,-0.4832015810276679,-0.4832015810276679
kodim14.png,clean,0,,22,edge_fraction,True,23,RQ1,216,218,0.23814229249011853,0.23814229249011853
kodim14.png,clean,0,,22,glcm_contrast,True,23,RQ1,216,219,0.09090909090909094,0.09090909090909094
kodim14.png,clean,0,,22,glcm_entropy,True,23,RQ1,216,220,0.1096837944664032,0.1096837944664032
kodim14.png,clean,0,,22,glcm_homogeneity,True,23,RQ1,216,221,-1.2233201581027666,0.16403162055335974
kodim14.png,clean,0,,27,luma_sd,True,23,RQ1,222,223,-0.5148221343873518,-0.5148221343873518
kodim14.png,clean,0,,27,edge_fraction,True,23,RQ1,222,224,0.20158102766798414,0.20158102766798414
kodim14.png,clean,0,,27,glcm_contrast,True,23,RQ1,222,225,0.07213438735177868,0.07213438735177868
kodim14.png,clean,0,,27,glcm_entropy,True,23,RQ1,222,226,0.07707509881422925,0.07707509881422925
kodim14.png,clean,0,,27,glcm_homogeneity,True,23,RQ1,222,227,-1.3409090909090908,0.1333992094861659
kodim14.png,clean,0,,32,luma_sd,True,23,RQ1,228,229,-0.5642292490118578,-0.5642292490118578
kodim14.png,clean,0,,32,edge_fraction,True,23,RQ1,228,230,0.15118577075098805,0.15118577075098805
kodim14.png,clean,0,,32,glcm_contrast,True,23,RQ1,228,231,0.06225296442687733,0.06225296442687733
kodim14.png,clean,0,,32,glcm_entropy,True,23,RQ1,228,232,0.01383399209486158,0.01383399209486158
kodim14.png,clean,0,,32,glcm_homogeneity,True,23,RQ1,228,233,-1.4970355731225298,0.08992094861660072
kodim14.png,clean,0,,37,luma_sd,True,23,RQ1,234,235,-0.6185770750988142,-0.6185770750988142
kodim14.png,clean,0,,37,edge_fraction,True,23,RQ1,234,236,0.10375494071146252,0.10375494071146252
kodim14.png,clean,0,,37,glcm_contrast,True,23,RQ1,234,237,0.05434782608695665,0.05434782608695665
kodim14.png,clean,0,,37,glcm_entropy,True,23,RQ1,234,238,-0.03952569169960474,-0.03952569169960474
kodim14.png,clean,0,,37,glcm_homogeneity,True,23,RQ1,234,239,-1.6146245059288538,0.045454545454545414
kodim14.png,stripes,8,,22,sobel_si,True,23,RQ2,216,240,0.06027667984189722,0.06027667984189722
kodim14.png,stripes,8,,22,luma_sd,True,23,RQ2,217,241,0.025691699604743087,0.025691699604743087
kodim14.png,stripes,8,,22,edge_fraction,True,23,RQ2,218,242,0.035573122529644285,0.035573122529644285
kodim14.png,stripes,8,,22,glcm_contrast,True,23,RQ2,219,243,0.03260869565217395,0.03260869565217395
kodim14.png,stripes,8,,22,glcm_entropy,True,23,RQ2,220,244,-0.0019762845849802257,-0.0019762845849802257
kodim14.png,stripes,8,,22,glcm_homogeneity,True,23,RQ2,221,245,-0.0039525691699604515,0.0039525691699604515
kodim14.png,stripes,8,,27,sobel_si,True,23,RQ2,222,246,0.05830039525691699,0.05830039525691699
kodim14.png,stripes,8,,27,luma_sd,True,23,RQ2,223,247,0.05434782608695657,0.05434782608695657
kodim14.png,stripes,8,,27,edge_fraction,True,23,RQ2,224,248,0.010869565217391353,0.010869565217391353
kodim14.png,stripes,8,,27,glcm_contrast,True,23,RQ2,225,249,0.027667984189723382,0.027667984189723382
kodim14.png,stripes,8,,27,glcm_entropy,True,23,RQ2,226,250,-0.02075098814229248,-0.02075098814229248
kodim14.png,stripes,8,,27,glcm_homogeneity,True,23,RQ2,227,251,0.01383399209486147,-0.01383399209486147
kodim14.png,stripes,8,,32,sobel_si,True,23,RQ2,228,252,0.004940711462450675,0.004940711462450675
kodim14.png,stripes,8,,32,luma_sd,True,23,RQ2,229,253,0.021739130434782622,0.021739130434782622
kodim14.png,stripes,8,,32,edge_fraction,True,23,RQ2,230,254,-0.004940711462450564,-0.004940711462450564
kodim14.png,stripes,8,,32,glcm_contrast,True,23,RQ2,231,255,-0.007905138339920903,-0.007905138339920903
kodim14.png,stripes,8,,32,glcm_entropy,True,23,RQ2,232,256,-0.011857707509881354,-0.011857707509881354
kodim14.png,stripes,8,,32,glcm_homogeneity,True,23,RQ2,233,257,0.021739130434782594,-0.021739130434782594
kodim14.png,stripes,8,,37,sobel_si,True,23,RQ2,234,258,0.01976284584980237,0.01976284584980237
kodim14.png,stripes,8,,37,luma_sd,True,23,RQ2,235,259,0.038537549407114624,0.038537549407114624
kodim14.png,stripes,8,,37,edge_fraction,True,23,RQ2,236,260,-0.008893280632411127,-0.008893280632411127
kodim14.png,stripes,8,,37,glcm_contrast,True,23,RQ2,237,261,0.004940711462450453,0.004940711462450453
kodim14.png,stripes,8,,37,glcm_entropy,True,23,RQ2,238,262,0.04249011857707519,0.04249011857707519
kodim14.png,stripes,8,,37,glcm_homogeneity,True,23,RQ2,239,263,-0.006916996047430901,0.006916996047430901
kodim14.png,stripes,16,,22,sobel_si,True,23,RQ2,216,264,0.02667984189723327,0.02667984189723327
kodim14.png,stripes,16,,22,luma_sd,True,23,RQ2,217,265,0.07806324110671935,0.07806324110671935
kodim14.png,stripes,16,,22,edge_fraction,True,23,RQ2,218,266,0.02766798418972327,0.02766798418972327
kodim14.png,stripes,16,,22,glcm_contrast,True,23,RQ2,219,267,0.06126482213438733,0.06126482213438733
kodim14.png,stripes,16,,22,glcm_entropy,True,23,RQ2,220,268,-0.05731225296442688,-0.05731225296442688
kodim14.png,stripes,16,,22,glcm_homogeneity,True,23,RQ2,221,269,-0.059288537549407105,0.059288537549407105
kodim14.png,stripes,16,,27,sobel_si,True,23,RQ2,222,270,0.025691699604743157,0.025691699604743157
kodim14.png,stripes,16,,27,luma_sd,True,23,RQ2,223,271,0.018774703557312283,0.018774703557312283
kodim14.png,stripes,16,,27,edge_fraction,True,23,RQ2,224,272,0.04644268774703553,0.04644268774703553
kodim14.png,stripes,16,,27,glcm_contrast,True,23,RQ2,225,273,0.08300395256916993,0.08300395256916993
kodim14.png,stripes,16,,27,glcm_entropy,True,23,RQ2,226,274,-0.02075098814229248,-0.02075098814229248
kodim14.png,stripes,16,,27,glcm_homogeneity,True,23,RQ2,227,275,-0.0731225296442688,0.0731225296442688
kodim14.png,stripes,16,,32,sobel_si,True,23,RQ2,228,276,0.013833992094861691,0.013833992094861691
kodim14.png,stripes,16,,32,luma_sd,True,23,RQ2,229,277,0.011857707509881465,0.011857707509881465
kodim14.png,stripes,16,,32,edge_fraction,True,23,RQ2,230,278,0.0029644268774703386,0.0029644268774703386
kodim14.png,stripes,16,,32,glcm_contrast,True,23,RQ2,231,279,0.028656126482213384,0.028656126482213384
kodim14.png,stripes,16,,32,glcm_entropy,True,23,RQ2,232,280,-0.029644268774703386,-0.029644268774703386
kodim14.png,stripes,16,,32,glcm_homogeneity,True,23,RQ2,233,281,-0.015810276679841917,0.015810276679841917
kodim14.png,stripes,16,,37,sobel_si,True,23,RQ2,234,282,0.03952569169960474,0.03952569169960474
kodim14.png,stripes,16,,37,luma_sd,True,23,RQ2,235,283,0.052371541501976315,0.052371541501976315
kodim14.png,stripes,16,,37,edge_fraction,True,23,RQ2,236,284,-0.018774703557312478,-0.018774703557312478
kodim14.png,stripes,16,,37,glcm_contrast,True,23,RQ2,237,285,0.025691699604742935,0.025691699604742935
kodim14.png,stripes,16,,37,glcm_entropy,True,23,RQ2,238,286,0.01976284584980248,0.01976284584980248
kodim14.png,stripes,16,,37,glcm_homogeneity,True,23,RQ2,239,287,-0.005928853754940899,0.005928853754940899
kodim14.png,stripes,32,,22,sobel_si,True,23,RQ2,216,288,0.08300395256917004,0.08300395256917004
kodim14.png,stripes,32,,22,luma_sd,True,23,RQ2,217,289,0.0780632411067194,0.0780632411067194
kodim14.png,stripes,32,,22,edge_fraction,True,23,RQ2,218,290,-0.10869565217391308,-0.10869565217391308
kodim14.png,stripes,32,,22,glcm_contrast,True,23,RQ2,219,291,0.07411067193675891,0.07411067193675891
kodim14.png,stripes,32,,22,glcm_entropy,True,23,RQ2,220,292,-0.12252964426877466,-0.12252964426877466
kodim14.png,stripes,32,,22,glcm_homogeneity,True,23,RQ2,221,293,-0.02371541501976282,0.02371541501976282
kodim14.png,stripes,32,,27,sobel_si,True,23,RQ2,222,294,0.10079051383399229,0.10079051383399229
kodim14.png,stripes,32,,27,luma_sd,True,23,RQ2,223,295,0.04545454545454544,0.04545454545454544
kodim14.png,stripes,32,,27,edge_fraction,True,23,RQ2,224,296,-0.08596837944664026,-0.08596837944664026
kodim14.png,stripes,32,,27,glcm_contrast,True,23,RQ2,225,297,0.09584980237154139,0.09584980237154139
kodim14.png,stripes,32,,27,glcm_entropy,True,23,RQ2,226,298,-0.1314229249011858,-0.1314229249011858
kodim14.png,stripes,32,,27,glcm_homogeneity,True,23,RQ2,227,299,-0.029644268774703497,0.029644268774703497
kodim14.png,stripes,32,,32,sobel_si,True,23,RQ2,228,300,0.029644268774703608,0.029644268774703608
kodim14.png,stripes,32,,32,luma_sd,True,23,RQ2,229,301,0.009881422924901156,0.009881422924901156
kodim14.png,stripes,32,,32,edge_fraction,True,23,RQ2,230,302,-0.10869565217391308,-0.10869565217391308
kodim14.png,stripes,32,,32,glcm_contrast,True,23,RQ2,231,303,0.04051383399209496,0.04051383399209496
kodim14.png,stripes,32,,32,glcm_entropy,True,23,RQ2,232,304,-0.1324110671936759,-0.1324110671936759
kodim14.png,stripes,32,,32,glcm_homogeneity,True,23,RQ2,233,305,0.010869565217391242,-0.010869565217391242
kodim14.png,stripes,32,,37,sobel_si,True,23,RQ2,234,306,0.02766798418972327,0.02766798418972327
kodim14.png,stripes,32,,37,luma_sd,True,23,RQ2,235,307,0.0513833992094862,0.0513833992094862
kodim14.png,stripes,32,,37,edge_fraction,True,23,RQ2,236,308,-0.12450592885375489,-0.12450592885375489
kodim14.png,stripes,32,,37,glcm_contrast,True,23,RQ2,237,309,0.025691699604742713,0.025691699604742713
kodim14.png,stripes,32,,37,glcm_entropy,True,23,RQ2,238,310,-0.09881422924901184,-0.09881422924901184
kodim14.png,stripes,32,,37,glcm_homogeneity,True,23,RQ2,239,311,0.017786561264822143,-0.017786561264822143
kodim15.png,awgn,5,20260811,22,sobel_si,True,23,RQ2,216,0,0.07806324110671947,0.07806324110671947
kodim15.png,awgn,5,20260811,22,luma_sd,True,23,RQ2,217,1,-0.007905138339921014,-0.007905138339921014
kodim15.png,awgn,5,20260811,22,edge_fraction,True,23,RQ2,218,2,0.04051383399209485,0.04051383399209485
kodim15.png,awgn,5,20260811,22,glcm_contrast,True,23,RQ2,219,3,0.08201581027667992,0.08201581027667992
kodim15.png,awgn,5,20260811,22,glcm_entropy,True,23,RQ2,220,4,-0.004940711462450786,-0.004940711462450786
kodim15.png,awgn,5,20260811,22,glcm_homogeneity,True,23,RQ2,221,5,-0.014822134387351804,0.014822134387351804
kodim15.png,awgn,5,20260811,27,sobel_si,True,23,RQ2,222,6,-0.01170044477762422,-0.01170044477762422
kodim15.png,awgn,5,20260811,27,luma_sd,True,23,RQ2,223,7,-0.05330571630404904,-0.05330571630404904
kodim15.png,awgn,5,20260811,27,edge_fraction,True,23,RQ2,224,8,0.017993395945290924,0.017993395945290924
kodim15.png,awgn,5,20260811,27,glcm_contrast,True,23,RQ2,225,9,0.03773060113222526,0.03773060113222526
kodim15.png,awgn,5,20260811,27,glcm_entropy,True,23,RQ2,226,10,-0.018594730523657566,-0.018594730523657566
kodim15.png,awgn,5,20260811,27,glcm_homogeneity,True,23,RQ2,227,11,0.005747659737339816,-0.005747659737339816
kodim15.png,awgn,5,20260811,32,sobel_si,True,23,RQ2,228,12,0.006916996047430901,0.006916996047430901
kodim15.png,awgn,5,20260811,32,luma_sd,True,23,RQ2,229,13,5.551115123125783e-17,5.551115123125783e-17
kodim15.png,awgn,5,20260811,32,edge_fraction,True,23,RQ2,230,14,0.008893280632411016,0.008893280632411016
kodim15.png,awgn,5,20260811,32,glcm_contrast,True,23,RQ2,231,15,0.004940711462450564,0.004940711462450564
kodim15.png,awgn,5,20260811,32,glcm_entropy,True,23,RQ2,232,16,-0.029644268774703497,-0.029644268774703497
kodim15.png,awgn,5,20260811,32,glcm_homogeneity,True,23,RQ2,233,17,0.006916996047430679,-0.006916996047430679
kodim15.png,awgn,5,20260811,37,sobel_si,True,23,RQ2,234,18,0.011857707509881465,0.011857707509881465
kodim15.png,awgn,5,20260811,37,luma_sd,True,23,RQ2,235,19,0.0,0.0
kodim15.png,awgn,5,20260811,37,edge_fraction,True,23,RQ2,236,20,-0.010869565217391242,-0.010869565217391242
kodim15.png,awgn,5,20260811,37,glcm_contrast,True,23,RQ2,237,21,-1.1102230246251565e-16,-1.1102230246251565e-16
kodim15.png,awgn,5,20260811,37,glcm_entropy,True,23,RQ2,238,22,-0.02371541501976282,-0.02371541501976282
kodim15.png,awgn,5,20260811,37,glcm_homogeneity,True,23,RQ2,239,23,0.0039525691699603405,-0.0039525691699603405
kodim15.png,awgn,15,20260811,22,sobel_si,True,23,RQ2,216,72,0.26581027667984214,0.26581027667984214
kodim15.png,awgn,15,20260811,22,luma_sd,True,23,RQ2,217,73,0.30434782608695643,0.30434782608695643
kodim15.png,awgn,15,20260811,22,edge_fraction,True,23,RQ2,218,74,-0.0019762845849800037,-0.0019762845849800037
kodim15.png,awgn,15,20260811,22,glcm_contrast,True,23,RQ2,219,75,0.04446640316205519,0.04446640316205519
kodim15.png,awgn,15,20260811,22,glcm_entropy,True,23,RQ2,220,76,-0.15019762845849827,-0.15019762845849827
kodim15.png,awgn,15,20260811,22,glcm_homogeneity,True,23,RQ2,221,77,0.004940711462450786,-0.004940711462450786
kodim15.png,awgn,15,20260811,27,sobel_si,True,23,RQ2,222,78,0.18083003952569165,0.18083003952569165
kodim15.png,awgn,15,20260811,27,luma_sd,True,23,RQ2,223,79,0.23517786561264825,0.23517786561264825
kodim15.png,awgn,15,20260811,27,edge_fraction,True,23,RQ2,224,80,-0.009881422924901018,-0.009881422924901018
kodim15.png,awgn,15,20260811,27,glcm_contrast,True,23,RQ2,225,81,0.0365612648221344,0.0365612648221344
kodim15.png,awgn,15,20260811,27,glcm_entropy,True,23,RQ2,226,82,-0.18873517786561267,-0.18873517786561267
kodim15.png,awgn,15,20260811,27,glcm_homogeneity,True,23,RQ2,227,83,0.016798418972331808,-0.016798418972331808
kodim15.png,awgn,15,20260811,32,sobel_si,True,23,RQ2,228,84,0.09584980237154161,0.09584980237154161
kodim15.png,awgn,15,20260811,32,luma_sd,True,23,RQ2,229,85,0.0019762845849802813,0.0019762845849802813
kodim15.png,awgn,15,20260811,32,edge_fraction,True,23,RQ2,230,86,-0.004940711462450564,-0.004940711462450564
kodim15.png,awgn,15,20260811,32,glcm_contrast,True,23,RQ2,231,87,0.02667984189723327,0.02667984189723327
kodim15.png,awgn,15,20260811,32,glcm_entropy,True,23,RQ2,232,88,-0.21541501976284583,-0.21541501976284583
kodim15.png,awgn,15,20260811,32,glcm_homogeneity,True,23,RQ2,233,89,-0.008893280632411127,0.008893280632411127
kodim15.png,awgn,15,20260811,37,sobel_si,True,23,RQ2,234,90,-0.062252964426877444,-0.062252964426877444
kodim15.png,awgn,15,20260811,37,luma_sd,True,23,RQ2,235,91,-0.13833992094861663,-0.13833992094861663
kodim15.png,awgn,15,20260811,37,edge_fraction,True,23,RQ2,236,92,-0.008893280632410794,-0.008893280632410794
kodim15.png,awgn,15,20260811,37,glcm_contrast,True,23,RQ2,237,93,-0.041501976284585185,-0.041501976284585185
kodim15.png,awgn,15,20260811,37,glcm_entropy,True,23,RQ2,238,94,-0.2519762845849801,-0.2519762845849801
kodim15.png,awgn,15,20260811,37,glcm_homogeneity,True,23,RQ2,239,95,0.03162055335968361,-0.03162055335968361
kodim15.png,awgn,30,20260811,22,sobel_si,True,23,RQ2,216,144,0.16421574493243096,0.16421574493243096
kodim15.png,awgn,30,20260811,22,luma_sd,True,23,RQ2,217,145,0.47201217907313964,0.47201217907313964
kodim15.png,awgn,30,20260811,22,edge_fraction,True,23,RQ2,218,146,-0.43519084467048663,-0.43519084467048663
kodim15.png,awgn,30,20260811,22,glcm_contrast,True,23,RQ2,219,147,-0.2587975554910373,-0.2587975554910373
kodim15.png,awgn,30,20260811,22,glcm_entropy,True,23,RQ2,220,148,-0.47573642424518015,-0.47573642424518015
kodim15.png,awgn,30,20260811,22,glcm_homogeneity,True,23,RQ2,221,149,0.7747226046618122,-0.7747226046618122
kodim15.png,awgn,30,20260811,27,sobel_si,True,23,RQ2,222,150,0.09980237154150207,0.09980237154150207
kodim15.png,awgn,30,20260811,27,luma_sd,True,23,RQ2,223,151,0.2974308300395256,0.2974308300395256
kodim15.png,awgn,30,20260811,27,edge_fraction,True,23,RQ2,224,152,-0.317193675889328,-0.317193675889328
kodim15.png,awgn,30,20260811,27,glcm_contrast,True,23,RQ2,225,153,-0.20454545454545459,-0.20454545454545459
kodim15.png,awgn,30,20260811,27,glcm_entropy,True,23,RQ2,226,154,-0.5049407114624507,-0.5049407114624507
kodim15.png,awgn,30,20260811,27,glcm_homogeneity,True,23,RQ2,227,155,0.6452569169960473,-0.6452569169960473
kodim15.png,awgn,30,20260811,32,sobel_si,True,23,RQ2,228,156,0.03359683794466428,0.03359683794466428
kodim15.png,awgn,30,20260811,32,luma_sd,True,23,RQ2,229,157,0.28952569169960457,0.28952569169960457
kodim15.png,awgn,30,20260811,32,edge_fraction,True,23,RQ2,230,158,-0.38241106719367596,-0.38241106719367596
kodim15.png,awgn,30,20260811,32,glcm_contrast,True,23,RQ2,231,159,-0.2796442687747036,-0.2796442687747036
kodim15.png,awgn,30,20260811,32,glcm_entropy,True,23,RQ2,232,160,-0.4999999999999999,-0.4999999999999999
kodim15.png,awgn,30,20260811,32,glcm_homogeneity,True,23,RQ2,233,161,0.7470355731225296,-0.7470355731225296
kodim15.png,awgn,30,20260811,37,sobel_si,True,23,RQ2,234,162,-0.08102766798418992,-0.08102766798418992
kodim15.png,awgn,30,20260811,37,luma_sd,True,23,RQ2,235,163,-0.035573122529644285,-0.035573122529644285
kodim15.png,awgn,30,20260811,37,edge_fraction,True,23,RQ2,236,164,-0.21245059288537527,-0.21245059288537527
kodim15.png,awgn,30,20260811,37,glcm_contrast,True,23,RQ2,237,165,-0.18478260869565233,-0.18478260869565233
kodim15.png,awgn,30,20260811,37,glcm_entropy,True,23,RQ2,238,166,-0.42885375494071126,-0.42885375494071126
kodim15.png,awgn,30,20260811,37,glcm_homogeneity,True,23,RQ2,239,167,0.5533596837944663,-0.5533596837944663
kodim15.png,clean,0,,22,luma_sd,True,23,RQ1,216,217,-0.3478260869565216,-0.3478260869565216
kodim15.png,clean,0,,22,edge_fraction,True,23,RQ1,216,218,0.20158102766798425,0.20158102766798425
kodim15.png,clean,0,,22,glcm_contrast,True,23,RQ1,216,219,0.065217391304348,0.065217391304348
kodim15.png,clean,0,,22,glcm_entropy,True,23,RQ1,216,220,0.11363636363636387,0.11363636363636387
kodim15.png,clean,0,,22,glcm_homogeneity,True,23,RQ1,216,221,-1.2786561264822134,0.11660079051383421
kodim15.png,clean,0,,27,luma_sd,True,23,RQ1,222,223,-0.37648221343873506,-0.37648221343873506
kodim15.png,clean,0,,27,edge_fraction,True,23,RQ1,222,224,0.17094861660079053,0.17094861660079053
kodim15.png,clean,0,,27,glcm_contrast,True,23,RQ1,222,225,0.04743083003952575,0.04743083003952575
kodim15.png,clean,0,,27,glcm_entropy,True,23,RQ1,222,226,0.09881422924901195,0.09881422924901195
kodim15.png,clean,0,,27,glcm_homogeneity,True,23,RQ1,222,227,-1.3873517786561262,0.09090909090909083
kodim15.png,clean,0,,32,luma_sd,True,23,RQ1,228,229,-0.40513833992094855,-0.40513833992094855
kodim15.png,clean,0,,32,edge_fraction,True,23,RQ1,228,230,0.1254940711462451,0.1254940711462451
kodim15.png,clean,0,,32,glcm_contrast,True,23,RQ1,228,231,0.038537549407114624,0.038537549407114624
kodim15.png,clean,0,,32,glcm_entropy,True,23,RQ1,228,232,0.04743083003952564,0.04743083003952564
kodim15.png,clean,0,,32,glcm_homogeneity,True,23,RQ1,228,233,-1.5395256916996045,0.05335968379446643
kodim15.png,clean,0,,37,luma_sd,True,23,RQ1,234,235,-0.4594861660079052,-0.4594861660079052
kodim15.png,clean,0,,37,edge_fraction,True,23,RQ1,234,236,0.08102766798418948,0.08102766798418948
kodim15.png,clean,0,,37,glcm_contrast,True,23,RQ1,234,237,0.03162055335968372,0.03162055335968372
kodim15.png,clean,0,,37,glcm_entropy,True,23,RQ1,234,238,-0.006916996047431123,-0.006916996047431123
kodim15.png,clean,0,,37,glcm_homogeneity,True,23,RQ1,234,239,-1.6462450592885376,0.01778656126482192
kodim15.png,stripes,8,,22,sobel_si,True,23,RQ2,216,240,0.05138339920948631,0.05138339920948631
kodim15.png,stripes,8,,22,luma_sd,True,23,RQ2,217,241,0.018774703557312283,0.018774703557312283
kodim15.png,stripes,8,,22,edge_fraction,True,23,RQ2,218,242,0.04051383399209485,0.04051383399209485
kodim15.png,stripes,8,,22,glcm_contrast,True,23,RQ2,219,243,0.024703557312253155,0.024703557312253155
kodim15.png,stripes,8,,22,glcm_entropy,True,23,RQ2,220,244,0.009881422924901018,0.009881422924901018
kodim15.png,stripes,8,,22,glcm_homogeneity,True,23,RQ2,221,245,-0.007905138339920792,0.007905138339920792
kodim15.png,stripes,8,,27,sobel_si,True,23,RQ2,222,246,0.0513833992094862,0.0513833992094862
kodim15.png,stripes,8,,27,luma_sd,True,23,RQ2,223,247,0.07114624505928857,0.07114624505928857
kodim15.png,stripes,8,,27,edge_fraction,True,23,RQ2,224,248,0.01679841897233192,0.01679841897233192
kodim15.png,stripes,8,,27,glcm_contrast,True,23,RQ2,225,249,0.02371541501976293,0.02371541501976293
kodim15.png,stripes,8,,27,glcm_entropy,True,23,RQ2,226,250,-0.011857707509881577,-0.011857707509881577
kodim15.png,stripes,8,,27,glcm_homogeneity,True,23,RQ2,227,251,0.008893280632411016,-0.008893280632411016
kodim15.png,stripes,8,,32,sobel_si,True,23,RQ2,228,252,0.0009881422924901129,0.0009881422924901129
kodim15.png,stripes,8,,32,luma_sd,True,23,RQ2,229,253,0.021739130434782594,0.021739130434782594
kodim15.png,stripes,8,,32,edge_fraction,True,23,RQ2,230,254,-0.0019762845849803368,-0.0019762845849803368
kodim15.png,stripes,8,,32,glcm_contrast,True,23,RQ2,231,255,-0.011857707509881354,-0.011857707509881354
kodim15.png,stripes,8,,32,glcm_entropy,True,23,RQ2,232,256,-0.009881422924901018,-0.009881422924901018
kodim15.png,stripes,8,,32,glcm_homogeneity,True,23,RQ2,233,257,0.017786561264822143,-0.017786561264822143
kodim15.png,stripes,8,,37,sobel_si,True,23,RQ2,234,258,0.013833992094861691,0.013833992094861691
kodim15.png,stripes,8,,37,luma_sd,True,23,RQ2,235,259,0.01976284584980237,0.01976284584980237
kodim15.png,stripes,8,,37,edge_fraction,True,23,RQ2,236,260,-0.0019762845849801147,-0.0019762845849801147
kodim15.png,stripes,8,,37,glcm_contrast,True,23,RQ2,237,261,-1.1102230246251565e-16,-1.1102230246251565e-16
kodim15.png,stripes,8,,37,glcm_entropy,True,23,RQ2,238,262,0.034584980237154284,0.034584980237154284
kodim15.png,stripes,8,,37,glcm_homogeneity,True,23,RQ2,239,263,-0.015810276679842028,0.015810276679842028
kodim15.png,stripes,16,,22,sobel_si,True,23,RQ2,216,264,0.018774703557312367,0.018774703557312367
kodim15.png,stripes,16,,22,luma_sd,True,23,RQ2,217,265,0.07411067193675888,0.07411067193675888
kodim15.png,stripes,16,,22,edge_fraction,True,23,RQ2,218,266,0.02371541501976282,0.02371541501976282
kodim15.png,stripes,16,,22,glcm_contrast,True,23,RQ2,219,267,0.05731225296442699,0.05731225296442699
kodim15.png,stripes,16,,22,glcm_entropy,True,23,RQ2,220,268,-0.04249011857707519,-0.04249011857707519
kodim15.png,stripes,16,,22,glcm_homogeneity,True,23,RQ2,221,269,-0.05039525691699598,0.05039525691699598
kodim15.png,stripes,16,,27,sobel_si,True,23,RQ2,222,270,0.014822134387351804,0.014822134387351804
kodim15.png,stripes,16,,27,luma_sd,True,23,RQ2,223,271,0.03260869565217389,0.03260869565217389
kodim15.png,stripes,16,,27,edge_fraction,True,23,RQ2,224,272,0.03952569169960496,0.03952569169960496
kodim15.png,stripes,16,,27,glcm_contrast,True,23,RQ2,225,273,0.07114624505928835,0.07114624505928835
kodim15.png,stripes,16,,27,glcm_entropy,True,23,RQ2,226,274,-0.021739130434782594,-0.021739130434782594
kodim15.png,stripes,16,,27,glcm_homogeneity,True,23,RQ2,227,275,-0.05731225296442699,0.05731225296442699
kodim15.png,stripes,16,,32,sobel_si,True,23,RQ2,228,276,0.008893280632411238,0.008893280632411238
kodim15.png,stripes,16,,32,luma_sd,True,23,RQ2,229,277,0.010869565217391242,0.010869565217391242
kodim15.png,stripes,16,,32,edge_fraction,True,23,RQ2,230,278,0.0029644268774703386,0.0029644268774703386
kodim15.png,stripes,16,,32,glcm_contrast,True,23,RQ2,231,279,0.02667984189723316,0.02667984189723316
kodim15.png,stripes,16,,32,glcm_entropy,True,23,RQ2,232,280,-0.03359683794466384,-0.03359683794466384
kodim15.png,stripes,16,,32,glcm_homogeneity,True,23,RQ2,233,281,-0.008893280632411127,0.008893280632411127
kodim15.png,stripes,16,,37,sobel_si,True,23,RQ2,234,282,0.035573122529644174,0.035573122529644174
kodim15.png,stripes,16,,37,luma_sd,True,23,RQ2,235,283,0.042490118577075076,0.042490118577075076
kodim15.png,stripes,16,,37,edge_fraction,True,23,RQ2,236,284,-0.004940711462450342,-0.004940711462450342
kodim15.png,stripes,16,,37,glcm_contrast,True,23,RQ2,237,285,0.02766798418972327,0.02766798418972327
kodim15.png,stripes,16,,37,glcm_entropy,True,23,RQ2,238,286,0.018774703557312478,0.018774703557312478
kodim15.png,stripes,16,,37,glcm_homogeneity,True,23,RQ2,239,287,-0.006916996047431123,0.006916996047431123
kodim15.png,stripes,32,,22,sobel_si,True,23,RQ2,216,288,0.03952569169960485,0.03952569169960485
kodim15.png,stripes,32,,22,luma_sd,True,23,RQ2,217,289,0.044466403162055274,0.044466403162055274
kodim15.png,stripes,32,,22,edge_fraction,True,23,RQ2,218,290,-0.09980237154150184,-0.09980237154150184
kodim15.png,stripes,32,,22,glcm_contrast,True,23,RQ2,219,291,0.03656126482213429,0.03656126482213429
kodim15.png,stripes,32,,22,glcm_entropy,True,23,RQ2,220,292,-0.1254940711462451,-0.1254940711462451
kodim15.png,stripes,32,,22,glcm_homogeneity,True,23,RQ2,221,293,-0.02075098814229237,0.02075098814229237
kodim15.png,stripes,32,,27,sobel_si,True,23,RQ2,222,294,0.0721343873517789,0.0721343873517789
kodim15.png,stripes,32,,27,luma_sd,True,23,RQ2,223,295,0.047430830039525695,0.047430830039525695
kodim15.png,stripes,32,,27,edge_fraction,True,23,RQ2,224,296,-0.08596837944664038,-0.08596837944664038
kodim15.png,stripes,32,,27,glcm_contrast,True,23,RQ2,225,297,0.059288537549407216,0.059288537549407216
kodim15.png,stripes,32,,27,glcm_entropy,True,23,RQ2,226,298,-0.1324110671936758,-0.1324110671936758
kodim15.png,stripes,32,,27,glcm_homogeneity,True,23,RQ2,227,299,-0.024703557312253044,0.024703557312253044
kodim15.png,stripes,32,,32,sobel_si,True,23,RQ2,228,300,0.005928853754940788,0.005928853754940788
kodim15.png,stripes,32,,32,luma_sd,True,23,RQ2,229,301,-0.0039525691699604515,-0.0039525691699604515
kodim15.png,stripes,32,,32,edge_fraction,True,23,RQ2,230,302,-0.10671936758893286,-0.10671936758893286
kodim15.png,stripes,32,,32,glcm_contrast,True,23,RQ2,231,303,0.00691699604743079,0.00691699604743079
kodim15.png,stripes,32,,32,glcm_entropy,True,23,RQ2,232,304,-0.14229249011857714,-0.14229249011857714
kodim15.png,stripes,32,,32,glcm_homogeneity,True,23,RQ2,233,305,0.013833992094861691,-0.013833992094861691
kodim15.png,stripes,32,,37,sobel_si,True,23,RQ2,234,306,0.012845849802371578,0.012845849802371578
kodim15.png,stripes,32,,37,luma_sd,True,23,RQ2,235,307,0.04841897233201575,0.04841897233201575
kodim15.png,stripes,32,,37,edge_fraction,True,23,RQ2,236,308,-0.11462450592885354,-0.11462450592885354
kodim15.png,stripes,32,,37,glcm_contrast,True,23,RQ2,237,309,-0.0019762845849802257,-0.0019762845849802257
kodim15.png,stripes,32,,37,glcm_entropy,True,23,RQ2,238,310,-0.10079051383399185,-0.10079051383399185
kodim15.png,stripes,32,,37,glcm_homogeneity,True,23,RQ2,239,311,0.01778656126482203,-0.01778656126482203
kodim16.png,awgn,5,20260811,22,sobel_si,True,23,RQ2,216,0,0.0790513833992097,0.0790513833992097
kodim16.png,awgn,5,20260811,22,luma_sd,True,23,RQ2,217,1,-0.015810276679841834,-0.015810276679841834
kodim16.png,awgn,5,20260811,22,edge_fraction,True,23,RQ2,218,2,0.05731225296442688,0.05731225296442688
kodim16.png,awgn,5,20260811,22,glcm_contrast,True,23,RQ2,219,3,0.09189723320158116,0.09189723320158116
kodim16.png,awgn,5,20260811,22,glcm_entropy,True,23,RQ2,220,4,-0.03359683794466417,-0.03359683794466417
kodim16.png,awgn,5,20260811,22,glcm_homogeneity,True,23,RQ2,221,5,-0.01383399209486147,0.01383399209486147
kodim16.png,awgn,5,20260811,27,sobel_si,True,23,RQ2,222,6,-0.006766815022061001,-0.006766815022061001
kodim16.png,awgn,5,20260811,27,luma_sd,True,23,RQ2,223,7,-0.07507610392785163,-0.07507610392785163
kodim16.png,awgn,5,20260811,27,edge_fraction,True,23,RQ2,224,8,0.018986177976776153,0.018986177976776153
kodim16.png,awgn,5,20260811,27,glcm_contrast,True,23,RQ2,225,9,0.03871874342471515,0.03871874342471515
kodim16.png,awgn,5,20260811,27,glcm_entropy,True,23,RQ2,226,10,-0.05418226066386589,-0.05418226066386589
kodim16.png,awgn,5,20260811,27,glcm_homogeneity,True,23,RQ2,227,11,0.019577500486785082,-0.019577500486785082
kodim16.png,awgn,5,20260811,32,sobel_si,True,23,RQ2,228,12,0.009881422924901129,0.009881422924901129
kodim16.png,awgn,5,20260811,32,luma_sd,True,23,RQ2,229,13,0.0019762845849801702,0.0019762845849801702
kodim16.png,awgn,5,20260811,32,edge_fraction,True,23,RQ2,230,14,0.02075098814229237,0.02075098814229237
kodim16.png,awgn,5,20260811,32,glcm_contrast,True,23,RQ2,231,15,0.01679841897233203,0.01679841897233203
kodim16.png,awgn,5,20260811,32,glcm_entropy,True,23,RQ2,232,16,-0.05039525691699598,-0.05039525691699598
kodim16.png,awgn,5,20260811,32,glcm_homogeneity,True,23,RQ2,233,17,0.01778656126482192,-0.01778656126482192
kodim16.png,awgn,5,20260811,37,sobel_si,True,23,RQ2,234,18,0.011857707509881354,0.011857707509881354
kodim16.png,awgn,5,20260811,37,luma_sd,True,23,RQ2,235,19,-0.0039525691699605625,-0.0039525691699605625
kodim16.png,awgn,5,20260811,37,edge_fraction,True,23,RQ2,236,20,-0.005928853754940566,-0.005928853754940566
kodim16.png,awgn,5,20260811,37,glcm_contrast,True,23,RQ2,237,21,0.007905138339921014,0.007905138339921014
kodim16.png,awgn,5,20260811,37,glcm_entropy,True,23,RQ2,238,22,-0.039525691699604626,-0.039525691699604626
kodim16.png,awgn,5,20260811,37,glcm_homogeneity,True,23,RQ2,239,23,0.015810276679841806,-0.015810276679841806
kodim16.png,awgn,15,20260811,22,sobel_si,True,23,RQ2,216,72,0.2847905939336767,0.2847905939336767
kodim16.png,awgn,15,20260811,22,luma_sd,True,23,RQ2,217,73,0.36771054280735516,0.36771054280735516
kodim16.png,awgn,15,20260811,22,edge_fraction,True,23,RQ2,218,74,-0.005241500850028835,-0.005241500850028835
kodim16.png,awgn,15,20260811,22,glcm_contrast,True,23,RQ2,219,75,0.056989485865818756,0.056989485865818756
kodim16.png,awgn,15,20260811,22,glcm_entropy,True,23,RQ2,220,76,-0.09422485590950791,-0.09422485590950791
kodim16.png,awgn,15,20260811,22,glcm_homogeneity,True,23,RQ2,221,77,0.025027057001228648,-0.025027057001228648
kodim16.png,awgn,15,20260811,27,sobel_si,True,23,RQ2,222,78,0.19762845849802368,0.19762845849802368
kodim16.png,awgn,15,20260811,27,luma_sd,True,23,RQ2,223,79,0.28359683794466395,0.28359683794466395
kodim16.png,awgn,15,20260811,27,edge_fraction,True,23,RQ2,224,80,-0.022727272727272596,-0.022727272727272596
kodim16.png,awgn,15,20260811,27,glcm_contrast,True,23,RQ2,225,81,0.0444664031620553,0.0444664031620553
kodim16.png,awgn,15,20260811,27,glcm_entropy,True,23,RQ2,226,82,-0.1324110671936758,-0.1324110671936758
kodim16.png,awgn,15,20260811,27,glcm_homogeneity,True,23,RQ2,227,83,0.04743083003952564,-0.04743083003952564
kodim16.png,awgn,15,20260811,32,sobel_si,True,23,RQ2,228,84,0.11363636363636354,0.11363636363636354
kodim16.png,awgn,15,20260811,32,luma_sd,True,23,RQ2,229,85,0.08794466403162055,0.08794466403162055
kodim16.png,awgn,15,20260811,32,edge_fraction,True,23,RQ2,230,86,-0.0029644268774702276,-0.0029644268774702276
kodim16.png,awgn,15,20260811,32,glcm_contrast,True,23,RQ2,231,87,0.046442687747035416,0.046442687747035416
kodim16.png,awgn,15,20260811,32,glcm_entropy,True,23,RQ2,232,88,-0.14328063241106725,-0.14328063241106725
kodim16.png,awgn,15,20260811,32,glcm_homogeneity,True,23,RQ2,233,89,0.012845849802371578,-0.012845849802371578
kodim16.png,awgn,15,20260811,37,sobel_si,True,23,RQ2,234,90,-0.05632411067193677,-0.05632411067193677
kodim16.png,awgn,15,20260811,37,luma_sd,True,23,RQ2,235,91,-0.1304347826086957,-0.1304347826086957
kodim16.png,awgn,15,20260811,37,edge_fraction,True,23,RQ2,236,92,-0.007905138339920681,-0.007905138339920681
kodim16.png,awgn,15,20260811,37,glcm_contrast,True,23,RQ2,237,93,-0.0039525691699606735,-0.0039525691699606735
kodim16.png,awgn,15,20260811,37,glcm_entropy,True,23,RQ2,238,94,-0.24604743083003944,-0.24604743083003944
kodim16.png,awgn,15,20260811,37,glcm_homogeneity,True,23,RQ2,239,95,0.03754940711462451,-0.03754940711462451
kodim16.png,awgn,30,20260811,22,sobel_si,True,23,RQ2,216,144,0.15135841788096605,0.15135841788096605
kodim16.png,awgn,30,20260811,22,luma_sd,True,23,RQ2,217,145,0.615795551616469,0.615795551616469
kodim16.png,awgn,30,20260811,22,edge_fraction,True,23,RQ2,218,146,-0.4964695860218596,-0.4964695860218596
kodim16.png,awgn,30,20260811,22,glcm_contrast,True,23,RQ2,219,147,-0.3462722017601508,-0.3462722017601508
kodim16.png,awgn,30,20260811,22,glcm_entropy,True,23,RQ2,220,148,-0.4880968718873241,-0.4880968718873241
kodim16.png,awgn,30,20260811,22,glcm_homogeneity,True,23,RQ2,221,149,0.8043698037979864,-0.8043698037979864
kodim16.png,awgn,30,20260811,27,sobel_si,True,23,RQ2,222,150,0.10770750988142308,0.10770750988142308
kodim16.png,awgn,30,20260811,27,luma_sd,True,23,RQ2,223,151,0.39426877470355737,0.39426877470355737
kodim16.png,awgn,30,20260811,27,edge_fraction,True,23,RQ2,224,152,-0.358695652173913,-0.358695652173913
kodim16.png,awgn,30,20260811,27,glcm_contrast,True,23,RQ2,225,153,-0.25691699604743096,-0.25691699604743096
kodim16.png,awgn,30,20260811,27,glcm_entropy,True,23,RQ2,226,154,-0.4723320158102766,-0.4723320158102766
kodim16.png,awgn,30,20260811,27,glcm_homogeneity,True,23,RQ2,227,155,0.6541501976284584,-0.6541501976284584
kodim16.png,awgn,30,20260811,32,sobel_si,True,23,RQ2,228,156,0.04644268774703553,0.04644268774703553
kodim16.png,awgn,30,20260811,32,luma_sd,True,23,RQ2,229,157,0.4081027667984187,0.4081027667984187
kodim16.png,awgn,30,20260811,32,edge_fraction,True,23,RQ2,230,158,-0.4041501976284585,-0.4041501976284585
kodim16.png,awgn,30,20260811,32,glcm_contrast,True,23,RQ2,231,159,-0.31225296442687756,-0.31225296442687756
kodim16.png,awgn,30,20260811,32,glcm_entropy,True,23,RQ2,232,160,-0.4575098814229248,-0.4575098814229248
kodim16.png,awgn,30,20260811,32,glcm_homogeneity,True,23,RQ2,233,161,0.7411067193675889,-0.7411067193675889
kodim16.png,awgn,30,20260811,37,sobel_si,True,23,RQ2,234,162,-0.061264822134387664,-0.061264822134387664
kodim16.png,awgn,30,20260811,37,luma_sd,True,23,RQ2,235,163,0.08003952569169964,0.08003952569169964
kodim16.png,awgn,30,20260811,37,edge_fraction,True,23,RQ2,236,164,-0.24308300395256888,-0.24308300395256888
kodim16.png,awgn,30,20260811,37,glcm_contrast,True,23,RQ2,237,165,-0.21640316205533594,-0.21640316205533594
kodim16.png,awgn,30,20260811,37,glcm_entropy,True,23,RQ2,238,166,-0.39229249011857686,-0.39229249011857686
kodim16.png,awgn,30,20260811,37,glcm_homogeneity,True,23,RQ2,239,167,0.5553359683794467,-0.5553359683794467
kodim16.png,clean,0,,22,luma_sd,True,23,RQ1,216,217,-0.42292490118577075,-0.42292490118577075
kodim16.png,clean,0,,22,edge_fraction,True,23,RQ1,216,218,0.24011857707509887,0.24011857707509887
kodim16.png,clean,0,,22,glcm_contrast,True,23,RQ1,216,219,0.08893280632411071,0.08893280632411071
kodim16.png,clean,0,,22,glcm_entropy,True,23,RQ1,216,220,0.12450592885375511,0.12450592885375511
kodim16.png,clean,0,,22,glcm_homogeneity,True,23,RQ1,216,221,-1.2628458498023716,0.1679841897233203
kodim16.png,clean,0,,27,luma_sd,True,23,RQ1,222,223,-0.4476284584980237,-0.4476284584980237
kodim16.png,clean,0,,27,edge_fraction,True,23,RQ1,222,224,0.22233201581027662,0.22233201581027662
kodim16.png,clean,0,,27,glcm_contrast,True,23,RQ1,222,225,0.0800395256916997,0.0800395256916997
kodim16.png,clean,0,,27,glcm_entropy,True,23,RQ1,222,226,0.10968379446640308,0.10968379446640308
kodim16.png,clean,0,,27,glcm_homogeneity,True,23,RQ1,222,227,-1.384387351778656,0.1551383399209485
kodim16.png,clean,0,,32,luma_sd,True,23,RQ1,228,229,-0.5079051383399209,-0.5079051383399209
kodim16.png,clean,0,,32,edge_fraction,True,23,RQ1,228,230,0.17193675889328053,0.17193675889328053
kodim16.png,clean,0,,32,glcm_contrast,True,23,RQ1,228,231,0.06818181818181812,0.06818181818181812
kodim16.png,clean,0,,32,glcm_entropy,True,23,RQ1,228,232,0.05731225296442677,0.05731225296442677
kodim16.png,clean,0,,32,glcm_homogeneity,True,23,RQ1,228,233,-1.5326086956521738,0.11956521739130432
kodim16.png,clean,0,,37,luma_sd,True,23,RQ1,234,235,-0.5494071146245061,-0.5494071146245061
kodim16.png,clean,0,,37,edge_fraction,True,23,RQ1,234,236,0.13438735177865568,0.13438735177865568
kodim16.png,clean,0,,37,glcm_contrast,True,23,RQ1,234,237,0.05830039525691677,0.05830039525691677
kodim16.png,clean,0,,37,glcm_entropy,True,23,RQ1,234,238,0.010869565217390909,0.010869565217390909
kodim16.png,clean,0,,37,glcm_homogeneity,True,23,RQ1,234,239,-1.6304347826086958,0.08102766798418948
kodim16.png,stripes,8,,22,sobel_si,True,23,RQ2,216,240,0.05434782608695654,0.05434782608695654
kodim16.png,stripes,8,,22,luma_sd,True,23,RQ2,217,241,0.01976284584980237,0.01976284584980237
kodim16.png,stripes,8,,22,edge_fraction,True,23,RQ2,218,242,0.039525691699604626,0.039525691699604626
kodim16.png,stripes,8,,22,glcm_contrast,True,23,RQ2,219,243,0.03260869565217395,0.03260869565217395
kodim16.png,stripes,8,,22,glcm_entropy,True,23,RQ2,220,244,-0.0029644268774705607,-0.0029644268774705607
kodim16.png,stripes,8,,22,glcm_homogeneity,True,23,RQ2,221,245,-0.007905138339920903,0.007905138339920903
kodim16.png,stripes,8,,27,sobel_si,True,23,RQ2,222,246,0.048418972332015864,0.048418972332015864
kodim16.png,stripes,8,,27,luma_sd,True,23,RQ2,223,247,0.034584980237154145,0.034584980237154145
kodim16.png,stripes,8,,27,edge_fraction,True,23,RQ2,224,248,0.015810276679841806,0.015810276679841806
kodim16.png,stripes,8,,27,glcm_contrast,True,23,RQ2,225,249,0.029644268774703608,0.029644268774703608
kodim16.png,stripes,8,,27,glcm_entropy,True,23,RQ2,226,250,-0.024703557312252822,-0.024703557312252822
kodim16.png,stripes,8,,27,glcm_homogeneity,True,23,RQ2,227,251,0.005928853754940677,-0.005928853754940677
kodim16.png,stripes,8,,32,sobel_si,True,23,RQ2,228,252,0.0029644268774702276,0.0029644268774702276
kodim16.png,stripes,8,,32,luma_sd,True,23,RQ2,229,253,0.023715415019762764,0.023715415019762764
kodim16.png,stripes,8,,32,edge_fraction,True,23,RQ2,230,254,-0.0009881422924901129,-0.0009881422924901129
kodim16.png,stripes,8,,32,glcm_contrast,True,23,RQ2,231,255,-0.0039525691699603405,-0.0039525691699603405
kodim16.png,stripes,8,,32,glcm_entropy,True,23,RQ2,232,256,-0.024703557312253044,-0.024703557312253044
kodim16.png,stripes,8,,32,glcm_homogeneity,True,23,RQ2,233,257,0.01976284584980237,-0.01976284584980237
kodim16.png,stripes,8,,37,sobel_si,True,23,RQ2,234,258,0.021739130434782483,0.021739130434782483
kodim16.png,stripes,8,,37,luma_sd,True,23,RQ2,235,259,0.03754940711462451,0.03754940711462451
kodim16.png,stripes,8,,37,edge_fraction,True,23,RQ2,236,260,-0.006916996047430568,-0.006916996047430568
kodim16.png,stripes,8,,37,glcm_contrast,True,23,RQ2,237,261,0.01679841897233203,0.01679841897233203
kodim16.png,stripes,8,,37,glcm_entropy,True,23,RQ2,238,262,0.029644268774703497,0.029644268774703497
kodim16.png,stripes,8,,37,glcm_homogeneity,True,23,RQ2,239,263,-0.006916996047430901,0.006916996047430901
kodim16.png,stripes,16,,22,sobel_si,True,23,RQ2,216,264,0.034584980237154284,0.034584980237154284
kodim16.png,stripes,16,,22,luma_sd,True,23,RQ2,217,265,0.06620553359683795,0.06620553359683795
kodim16.png,stripes,16,,22,edge_fraction,True,23,RQ2,218,266,0.0444664031620553,0.0444664031620553
kodim16.png,stripes,16,,22,glcm_contrast,True,23,RQ2,219,267,0.056324110671936656,0.056324110671936656
kodim16.png,stripes,16,,22,glcm_entropy,True,23,RQ2,220,268,-0.03952569169960485,-0.03952569169960485
kodim16.png,stripes,16,,22,glcm_homogeneity,True,23,RQ2,221,269,-0.06225296442687733,0.06225296442687733
kodim16.png,stripes,16,,27,sobel_si,True,23,RQ2,222,270,0.03656126482213451,0.03656126482213451
kodim16.png,stripes,16,,27,luma_sd,True,23,RQ2,223,271,0.005928853754940705,0.005928853754940705
kodim16.png,stripes,16,,27,edge_fraction,True,23,RQ2,224,272,0.03359683794466417,0.03359683794466417
kodim16.png,stripes,16,,27,glcm_contrast,True,23,RQ2,225,273,0.05830039525691677,0.05830039525691677
kodim16.png,stripes,16,,27,glcm_entropy,True,23,RQ2,226,274,-0.0306324110671935,-0.0306324110671935
kodim16.png,stripes,16,,27,glcm_homogeneity,True,23,RQ2,227,275,-0.04743083003952586,0.04743083003952586
kodim16.png,stripes,16,,32,sobel_si,True,23,RQ2,228,276,0.010869565217391353,0.010869565217391353
kodim16.png,stripes,16,,32,luma_sd,True,23,RQ2,229,277,0.009881422924901129,0.009881422924901129
kodim16.png,stripes,16,,32,edge_fraction,True,23,RQ2,230,278,0.007905138339921014,0.007905138339921014
kodim16.png,stripes,16,,32,glcm_contrast,True,23,RQ2,231,279,0.02075098814229248,0.02075098814229248
kodim16.png,stripes,16,,32,glcm_entropy,True,23,RQ2,232,280,-0.03359683794466395,-0.03359683794466395
kodim16.png,stripes,16,,32,glcm_homogeneity,True,23,RQ2,233,281,-0.0019762845849802257,0.0019762845849802257
kodim16.png,stripes,16,,37,sobel_si,True,23,RQ2,234,282,0.042490118577074965,0.042490118577074965
kodim16.png,stripes,16,,37,luma_sd,True,23,RQ2,235,283,0.04940711462450592,0.04940711462450592
kodim16.png,stripes,16,,37,edge_fraction,True,23,RQ2,236,284,-0.003952569169960118,-0.003952569169960118
kodim16.png,stripes,16,,37,glcm_contrast,True,23,RQ2,237,285,0.0375494071146244,0.0375494071146244
kodim16.png,stripes,16,,37,glcm_entropy,True,23,RQ2,238,286,0.021739130434782816,0.021739130434782816
kodim16.png,stripes,16,,37,glcm_homogeneity,True,23,RQ2,239,287,-0.005928853754940788,0.005928853754940788
kodim16.png,stripes,32,,22,sobel_si,True,23,RQ2,216,288,0.0731225296442688,0.0731225296442688
kodim16.png,stripes,32,,22,luma_sd,True,23,RQ2,217,289,0.07213438735177863,0.07213438735177863
kodim16.png,stripes,32,,22,edge_fraction,True,23,RQ2,218,290,-0.0958498023715415,-0.0958498023715415
kodim16.png,stripes,32,,22,glcm_contrast,True,23,RQ2,219,291,0.07213438735177868,0.07213438735177868
kodim16.png,stripes,32,,22,glcm_entropy,True,23,RQ2,220,292,-0.10869565217391308,-0.10869565217391308
kodim16.png,stripes,32,,22,glcm_homogeneity,True,23,RQ2,221,293,-0.026679841897233048,0.026679841897233048
kodim16.png,stripes,32,,27,sobel_si,True,23,RQ2,222,294,0.07806324110671925,0.07806324110671925
kodim16.png,stripes,32,,27,luma_sd,True,23,RQ2,223,295,0.028656126482213384,0.028656126482213384
kodim16.png,stripes,32,,27,edge_fraction,True,23,RQ2,224,296,-0.09189723320158116,-0.09189723320158116
kodim16.png,stripes,32,,27,glcm_contrast,True,23,RQ2,225,297,0.08102766798418948,0.08102766798418948
kodim16.png,stripes,32,,27,glcm_entropy,True,23,RQ2,226,298,-0.12944664031620545,-0.12944664031620545
kodim16.png,stripes,32,,27,glcm_homogeneity,True,23,RQ2,227,299,-0.020750988142292592,0.020750988142292592
kodim16.png,stripes,32,,32,sobel_si,True,23,RQ2,228,300,0.017786561264822254,0.017786561264822254
kodim16.png,stripes,32,,32,luma_sd,True,23,RQ2,229,301,0.019762845849802257,0.019762845849802257
kodim16.png,stripes,32,,32,edge_fraction,True,23,RQ2,230,302,-0.1037549407114624,-0.1037549407114624
kodim16.png,stripes,32,,32,glcm_contrast,True,23,RQ2,231,303,0.04150197628458485,0.04150197628458485
kodim16.png,stripes,32,,32,glcm_entropy,True,23,RQ2,232,304,-0.1254940711462451,-0.1254940711462451
kodim16.png,stripes,32,,32,glcm_homogeneity,True,23,RQ2,233,305,0.01284584980237169,-0.01284584980237169
kodim16.png,stripes,32,,37,sobel_si,True,23,RQ2,234,306,0.016798418972331808,0.016798418972331808
kodim16.png,stripes,32,,37,luma_sd,True,23,RQ2,235,307,0.052371541501976204,0.052371541501976204
kodim16.png,stripes,32,,37,edge_fraction,True,23,RQ2,236,308,-0.12351778656126466,-0.12351778656126466
kodim16.png,stripes,32,,37,glcm_contrast,True,23,RQ2,237,309,0.02371541501976282,0.02371541501976282
kodim16.png,stripes,32,,37,glcm_entropy,True,23,RQ2,238,310,-0.10770750988142264,-0.10770750988142264
kodim16.png,stripes,32,,37,glcm_homogeneity,True,23,RQ2,239,311,0.025691699604742935,-0.025691699604742935
kodim17.png,awgn,5,20260811,22,sobel_si,True,23,RQ2,216,0,0.06126482213438744,0.06126482213438744
kodim17.png,awgn,5,20260811,22,luma_sd,True,23,RQ2,217,1,-0.01679841897233196,-0.01679841897233196
kodim17.png,awgn,5,20260811,22,edge_fraction,True,23,RQ2,218,2,0.019762845849802257,0.019762845849802257
kodim17.png,awgn,5,20260811,22,glcm_contrast,True,23,RQ2,219,3,0.09486166007905128,0.09486166007905128
kodim17.png,awgn,5,20260811,22,glcm_entropy,True,23,RQ2,220,4,-0.04644268774703564,-0.04644268774703564
kodim17.png,awgn,5,20260811,22,glcm_homogeneity,True,23,RQ2,221,5,-0.017786561264822143,0.017786561264822143
kodim17.png,awgn,5,20260811,27,sobel_si,True,23,RQ2,222,6,-0.019603141149653003,-0.019603141149653003
kodim17.png,awgn,5,20260811,27,luma_sd,True,23,RQ2,223,7,-0.05631361021000031,-0.05631361021000031
kodim17.png,awgn,5,20260811,27,edge_fraction,True,23,RQ2,224,8,0.010092408950786447,0.010092408950786447
kodim17.png,awgn,5,20260811,27,glcm_contrast,True,23,RQ2,225,9,0.06343744093789971,0.06343744093789971
kodim17.png,awgn,5,20260811,27,glcm_entropy,True,23,RQ2,226,10,-0.04331220705289618,-0.04331220705289618
kodim17.png,awgn,5,20260811,27,glcm_homogeneity,True,23,RQ2,227,11,-0.014033256674864436,0.014033256674864436
kodim17.png,awgn,5,20260811,32,sobel_si,True,23,RQ2,228,12,0.008893280632411238,0.008893280632411238
kodim17.png,awgn,5,20260811,32,luma_sd,True,23,RQ2,229,13,0.0009881422924900574,0.0009881422924900574
kodim17.png,awgn,5,20260811,32,edge_fraction,True,23,RQ2,230,14,0.009881422924901129,0.009881422924901129
kodim17.png,awgn,5,20260811,32,glcm_contrast,True,23,RQ2,231,15,0.03656126482213429,0.03656126482213429
kodim17.png,awgn,5,20260811,32,glcm_entropy,True,23,RQ2,232,16,-0.042490118577075076,-0.042490118577075076
kodim17.png,awgn,5,20260811,32,glcm_homogeneity,True,23,RQ2,233,17,-0.014822134387351915,0.014822134387351915
kodim17.png,awgn,5,20260811,37,sobel_si,True,23,RQ2,234,18,0.011857707509881465,0.011857707509881465
kodim17.png,awgn,5,20260811,37,luma_sd,True,23,RQ2,235,19,-5.551115123125783e-17,-5.551115123125783e-17
kodim17.png,awgn,5,20260811,37,edge_fraction,True,23,RQ2,236,20,-0.008893280632411016,-0.008893280632411016
kodim17.png,awgn,5,20260811,37,glcm_contrast,True,23,RQ2,237,21,0.029644268774703497,0.029644268774703497
kodim17.png,awgn,5,20260811,37,glcm_entropy,True,23,RQ2,238,22,-0.03359683794466395,-0.03359683794466395
kodim17.png,awgn,5,20260811,37,glcm_homogeneity,True,23,RQ2,239,23,-0.013833992094861913,0.013833992094861913
kodim17.png,awgn,15,20260811,22,sobel_si,True,23,RQ2,216,72,0.2907345878895491,0.2907345878895491
kodim17.png,awgn,15,20260811,22,luma_sd,True,23,RQ2,217,73,0.37659381137140846,0.37659381137140846
kodim17.png,awgn,15,20260811,22,edge_fraction,True,23,RQ2,218,74,-0.009682402541687618,-0.009682402541687618
kodim17.png,awgn,15,20260811,22,glcm_contrast,True,23,RQ2,219,75,0.07726410712908471,0.07726410712908471
kodim17.png,awgn,15,20260811,22,glcm_entropy,True,23,RQ2,220,76,-0.12585029320497598,-0.12585029320497598
kodim17.png,awgn,15,20260811,22,glcm_homogeneity,True,23,RQ2,221,77,-0.010071408026913531,0.010071408026913531
kodim17.png,awgn,15,20260811,27,sobel_si,True,23,RQ2,222,78,0.2055335968379448,0.2055335968379448
kodim17.png,awgn,15,20260811,27,luma_sd,True,23,RQ2,223,79,0.32509881422924913,0.32509881422924913
kodim17.png,awgn,15,20260811,27,edge_fraction,True,23,RQ2,224,80,-0.014822134387351804,-0.014822134387351804
kodim17.png,awgn,15,20260811,27,glcm_contrast,True,23,RQ2,225,81,0.0662055335968379,0.0662055335968379
kodim17.png,awgn,15,20260811,27,glcm_entropy,True,23,RQ2,226,82,-0.14920948616600782,-0.14920948616600782
kodim17.png,awgn,15,20260811,27,glcm_homogeneity,True,23,RQ2,227,83,0.0039525691699604515,-0.0039525691699604515
kodim17.png,awgn,15,20260811,32,sobel_si,True,23,RQ2,228,84,0.1166007905138341,0.1166007905138341
kodim17.png,awgn,15,20260811,32,luma_sd,True,23,RQ2,229,85,0.09980237154150184,0.09980237154150184
kodim17.png,awgn,15,20260811,32,edge_fraction,True,23,RQ2,230,86,-0.0019762845849802257,-0.0019762845849802257
kodim17.png,awgn,15,20260811,32,glcm_contrast,True,23,RQ2,231,87,0.05731225296442677,0.05731225296442677
kodim17.png,awgn,15,20260811,32,glcm_entropy,True,23,RQ2,232,88,-0.1620553359683794,-0.1620553359683794
kodim17.png,awgn,15,20260811,32,glcm_homogeneity,True,23,RQ2,233,89,-0.015810276679841917,0.015810276679841917
kodim17.png,awgn,15,20260811,37,sobel_si,True,23,RQ2,234,90,-0.07312252964426869,-0.07312252964426869
kodim17.png,awgn,15,20260811,37,luma_sd,True,23,RQ2,235,91,-0.12351778656126482,-0.12351778656126482
kodim17.png,awgn,15,20260811,37,edge_fraction,True,23,RQ2,236,92,0.010869565217391464,0.010869565217391464
kodim17.png,awgn,15,20260811,37,glcm_contrast,True,23,RQ2,237,93,0.008893280632411016,0.008893280632411016
kodim17.png,awgn,15,20260811,37,glcm_entropy,True,23,RQ2,238,94,-0.23715415019762853,-0.23715415019762853
kodim17.png,awgn,15,20260811,37,glcm_homogeneity,True,23,RQ2,239,95,0.0009881422924898908,-0.0009881422924898908
kodim17.png,awgn,30,20260811,22,sobel_si,True,23,RQ2,216,144,0.19140174571697544,0.19140174571697544
kodim17.png,awgn,30,20260811,22,luma_sd,True,23,RQ2,217,145,0.6073820566181338,0.6073820566181338
kodim17.png,awgn,30,20260811,22,edge_fraction,True,23,RQ2,218,146,-0.43814794564428045,-0.43814794564428045
kodim17.png,awgn,30,20260811,22,glcm_contrast,True,23,RQ2,219,147,-0.2825085749685941,-0.2825085749685941
kodim17.png,awgn,30,20260811,22,glcm_entropy,True,23,RQ2,220,148,-0.4530062211564368,-0.4530062211564368
kodim17.png,awgn,30,20260811,22,glcm_homogeneity,True,23,RQ2,221,149,0.8251151754141268,-0.8251151754141268
kodim17.png,awgn,30,20260811,27,sobel_si,True,23,RQ2,222,150,0.14031620553359703,0.14031620553359703
kodim17.png,awgn,30,20260811,27,luma_sd,True,23,RQ2,223,151,0.40118577075098816,0.40118577075098816
kodim17.png,awgn,30,20260811,27,edge_fraction,True,23,RQ2,224,152,-0.2727272727272726,-0.2727272727272726
kodim17.png,awgn,30,20260811,27,glcm_contrast,True,23,RQ2,225,153,-0.1758893280632412,-0.1758893280632412
kodim17.png,awgn,30,20260811,27,glcm_entropy,True,23,RQ2,226,154,-0.4278656126482213,-0.4278656126482213
kodim17.png,awgn,30,20260811,27,glcm_homogeneity,True,23,RQ2,227,155,0.6413043478260868,-0.6413043478260868
kodim17.png,awgn,30,20260811,32,sobel_si,True,23,RQ2,228,156,0.08399209486166026,0.08399209486166026
kodim17.png,awgn,30,20260811,32,luma_sd,True,23,RQ2,229,157,0.37944664031620545,0.37944664031620545
kodim17.png,awgn,30,20260811,32,edge_fraction,True,23,RQ2,230,158,-0.32905138339920936,-0.32905138339920936
kodim17.png,awgn,30,20260811,32,glcm_contrast,True,23,RQ2,231,159,-0.2262845849802373,-0.2262845849802373
kodim17.png,awgn,30,20260811,32,glcm_entropy,True,23,RQ2,232,160,-0.41007905138339923,-0.41007905138339923
kodim17.png,awgn,30,20260811,32,glcm_homogeneity,True,23,RQ2,233,161,0.7243083003952568,-0.7243083003952568
kodim17.png,awgn,30,20260811,37,sobel_si,True,23,RQ2,234,162,-0.028656126482213384,-0.028656126482213384
kodim17.png,awgn,30,20260811,37,luma_sd,True,23,RQ2,235,163,0.0365612648221344,0.0365612648221344
kodim17.png,awgn,30,20260811,37,edge_fraction,True,23,RQ2,236,164,-0.16205533596837918,-0.16205533596837918
kodim17.png,awgn,30,20260811,37,glcm_contrast,True,23,RQ2,237,165,-0.1403162055335967,-0.1403162055335967
kodim17.png,awgn,30,20260811,37,glcm_entropy,True,23,RQ2,238,166,-0.3675889328063241,-0.3675889328063241
kodim17.png,awgn,30,20260811,37,glcm_homogeneity,True,23,RQ2,239,167,0.5395256916996045,-0.5395256916996045
kodim17.png,clean,0,,22,luma_sd,True,23,RQ1,216,217,-0.5276679841897234,-0.5276679841897234
kodim17.png,clean,0,,22,edge_fraction,True,23,RQ1,216,218,0.2124505928853755,0.2124505928853755
kodim17.png,clean,0,,22,glcm_contrast,True,23,RQ1,216,219,0.08498023715415026,0.08498023715415026
kodim17.png,clean,0,,22,glcm_entropy,True,23,RQ1,216,220,0.08102766798418981,0.08102766798418981
kodim17.png,clean,0,,22,glcm_homogeneity,True,23,RQ1,216,221,-1.3616600790513833,0.15612648221343883
kodim17.png,clean,0,,27,luma_sd,True,23,RQ1,222,223,-0.5671936758893279,-0.5671936758893279
kodim17.png,clean,0,,27,edge_fraction,True,23,RQ1,222,224,0.17786561264822143,0.17786561264822143
kodim17.png,clean,0,,27,glcm_contrast,True,23,RQ1,222,225,0.065217391304348,0.065217391304348
kodim17.png,clean,0,,27,glcm_entropy,True,23,RQ1,222,226,0.04940711462450598,0.04940711462450598
kodim17.png,clean,0,,27,glcm_homogeneity,True,23,RQ1,222,227,-1.4584980237154146,0.12648221343873522
kodim17.png,clean,0,,32,luma_sd,True,23,RQ1,228,229,-0.560276679841897,-0.560276679841897
kodim17.png,clean,0,,32,edge_fraction,True,23,RQ1,228,230,0.1314229249011859,0.1314229249011859
kodim17.png,clean,0,,32,glcm_contrast,True,23,RQ1,228,231,0.05434782608695665,0.05434782608695665
kodim17.png,clean,0,,32,glcm_entropy,True,23,RQ1,228,232,0.01284584980237169,0.01284584980237169
kodim17.png,clean,0,,32,glcm_homogeneity,True,23,RQ1,228,233,-1.5750988142292488,0.08893280632411082
kodim17.png,clean,0,,37,luma_sd,True,23,RQ1,234,235,-0.5938735177865613,-0.5938735177865613
kodim17.png,clean,0,,37,edge_fraction,True,23,RQ1,234,236,0.09387351778656106,0.09387351778656106
kodim17.png,clean,0,,37,glcm_contrast,True,23,RQ1,234,237,0.04644268774703553,0.04644268774703553
kodim17.png,clean,0,,37,glcm_entropy,True,23,RQ1,234,238,-0.031620553359683834,-0.031620553359683834
kodim17.png,clean,0,,37,glcm_homogeneity,True,23,RQ1,234,239,-1.6669960474308299,0.04841897233201564
kodim17.png,stripes,8,,22,sobel_si,True,23,RQ2,216,240,0.03853754940711451,0.03853754940711451
kodim17.png,stripes,8,,22,luma_sd,True,23,RQ2,217,241,0.041501976284585004,0.041501976284585004
kodim17.png,stripes,8,,22,edge_fraction,True,23,RQ2,218,242,0.019762845849802257,0.019762845849802257
kodim17.png,stripes,8,,22,glcm_contrast,True,23,RQ2,219,243,0.011857707509881577,0.011857707509881577
kodim17.png,stripes,8,,22,glcm_entropy,True,23,RQ2,220,244,-1.1102230246251565e-16,-1.1102230246251565e-16
kodim17.png,stripes,8,,22,glcm_homogeneity,True,23,RQ2,221,245,0.010869565217391464,-0.010869565217391464
kodim17.png,stripes,8,,27,sobel_si,True,23,RQ2,222,246,0.03952569169960485,0.03952569169960485
kodim17.png,stripes,8,,27,luma_sd,True,23,RQ2,223,247,0.07312252964426882,0.07312252964426882
kodim17.png,stripes,8,,27,edge_fraction,True,23,RQ2,224,248,-0.0019762845849802257,-0.0019762845849802257
kodim17.png,stripes,8,,27,glcm_contrast,True,23,RQ2,225,249,0.009881422924901129,0.009881422924901129
kodim17.png,stripes,8,,27,glcm_entropy,True,23,RQ2,226,250,-0.018774703557312145,-0.018774703557312145
kodim17.png,stripes,8,,27,glcm_homogeneity,True,23,RQ2,227,251,0.02371541501976282,-0.02371541501976282
kodim17.png,stripes,8,,32,sobel_si,True,23,RQ2,228,252,0.0029644268774706717,0.0029644268774706717
kodim17.png,stripes,8,,32,luma_sd,True,23,RQ2,229,253,0.02173913043478254,0.02173913043478254
kodim17.png,stripes,8,,32,edge_fraction,True,23,RQ2,230,254,-0.0029644268774705607,-0.0029644268774705607
kodim17.png,stripes,8,,32,glcm_contrast,True,23,RQ2,231,255,-0.008893280632410905,-0.008893280632410905
kodim17.png,stripes,8,,32,glcm_entropy,True,23,RQ2,232,256,-0.010869565217391464,-0.010869565217391464
kodim17.png,stripes,8,,32,glcm_homogeneity,True,23,RQ2,233,257,0.018774703557312367,-0.018774703557312367
kodim17.png,stripes,8,,37,sobel_si,True,23,RQ2,234,258,0.010869565217391353,0.010869565217391353
kodim17.png,stripes,8,,37,luma_sd,True,23,RQ2,235,259,0.03557312252964423,0.03557312252964423
kodim17.png,stripes,8,,37,edge_fraction,True,23,RQ2,236,260,-0.015810276679841806,-0.015810276679841806
kodim17.png,stripes,8,,37,glcm_contrast,True,23,RQ2,237,261,-0.0029644268774703386,-0.0029644268774703386
kodim17.png,stripes,8,,37,glcm_entropy,True,23,RQ2,238,262,0.031620553359683834,0.031620553359683834
kodim17.png,stripes,8,,37,glcm_homogeneity,True,23,RQ2,239,263,0.0009881422924898908,-0.0009881422924898908
kodim17.png,stripes,16,,22,sobel_si,True,23,RQ2,216,264,0.021739130434782705,0.021739130434782705
kodim17.png,stripes,16,,22,luma_sd,True,23,RQ2,217,265,0.07509881422924902,0.07509881422924902
kodim17.png,stripes,16,,22,edge_fraction,True,23,RQ2,218,266,0.028656126482213495,0.028656126482213495
kodim17.png,stripes,16,,22,glcm_contrast,True,23,RQ2,219,267,0.048418972332015864,0.048418972332015864
kodim17.png,stripes,16,,22,glcm_entropy,True,23,RQ2,220,268,-0.04150197628458496,-0.04150197628458496
kodim17.png,stripes,16,,22,glcm_homogeneity,True,23,RQ2,221,269,-0.06225296442687733,0.06225296442687733
kodim17.png,stripes,16,,27,sobel_si,True,23,RQ2,222,270,0.004940711462450786,0.004940711462450786
kodim17.png,stripes,16,,27,luma_sd,True,23,RQ2,223,271,0.03557312252964431,0.03557312252964431
kodim17.png,stripes,16,,27,edge_fraction,True,23,RQ2,224,272,0.02964426877470372,0.02964426877470372
kodim17.png,stripes,16,,27,glcm_contrast,True,23,RQ2,225,273,0.05138339920948609,0.05138339920948609
kodim17.png,stripes,16,,27,glcm_entropy,True,23,RQ2,226,274,-0.01679841897233203,-0.01679841897233203
kodim17.png,stripes,16,,27,glcm_homogeneity,True,23,RQ2,227,275,-0.06126482213438755,0.06126482213438755
kodim17.png,stripes,16,,32,sobel_si,True,23,RQ2,228,276,0.001976284584980448,0.001976284584980448
kodim17.png,stripes,16,,32,luma_sd,True,23,RQ2,229,277,0.01778656126482203,0.01778656126482203
kodim17.png,stripes,16,,32,edge_fraction,True,23,RQ2,230,278,0.005928853754940677,0.005928853754940677
kodim17.png,stripes,16,,32,glcm_contrast,True,23,RQ2,231,279,0.017786561264822143,0.017786561264822143
kodim17.png,stripes,16,,32,glcm_entropy,True,23,RQ2,232,280,-0.02667984189723316,-0.02667984189723316
kodim17.png,stripes,16,,32,glcm_homogeneity,True,23,RQ2,233,281,-0.014822134387351804,0.014822134387351804
kodim17.png,stripes,16,,37,sobel_si,True,23,RQ2,234,282,0.03260869565217395,0.03260869565217395
kodim17.png,stripes,16,,37,luma_sd,True,23,RQ2,235,283,0.04940711462450598,0.04940711462450598
kodim17.png,stripes,16,,37,edge_fraction,True,23,RQ2,236,284,-0.019762845849802146,-0.019762845849802146
kodim17.png,stripes,16,,37,glcm_contrast,True,23,RQ2,237,285,0.01976284584980237,0.01976284584980237
kodim17.png,stripes,16,,37,glcm_entropy,True,23,RQ2,238,286,0.014822134387351915,0.014822134387351915
kodim17.png,stripes,16,,37,glcm_homogeneity,True,23,RQ2,239,287,-0.00592885375494101,0.00592885375494101
kodim17.png,stripes,32,,22,sobel_si,True,23,RQ2,216,288,0.03359683794466395,0.03359683794466395
kodim17.png,stripes,32,,22,luma_sd,True,23,RQ2,217,289,0.0849802371541502,0.0849802371541502
kodim17.png,stripes,32,,22,edge_fraction,True,23,RQ2,218,290,-0.07213438735177857,-0.07213438735177857
kodim17.png,stripes,32,,22,glcm_contrast,True,23,RQ2,219,291,0.031620553359683834,0.031620553359683834
kodim17.png,stripes,32,,22,glcm_entropy,True,23,RQ2,220,292,-0.09683794466403173,-0.09683794466403173
kodim17.png,stripes,32,,22,glcm_homogeneity,True,23,RQ2,221,293,-0.018774703557312145,0.018774703557312145
kodim17.png,stripes,32,,27,sobel_si,True,23,RQ2,222,294,0.044466403162055634,0.044466403162055634
kodim17.png,stripes,32,,27,luma_sd,True,23,RQ2,223,295,0.07509881422924905,0.07509881422924905
kodim17.png,stripes,32,,27,edge_fraction,True,23,RQ2,224,296,-0.06027667984189722,-0.06027667984189722
kodim17.png,stripes,32,,27,glcm_contrast,True,23,RQ2,225,297,0.05039525691699609,0.05039525691699609
kodim17.png,stripes,32,,27,glcm_entropy,True,23,RQ2,226,298,-0.10770750988142297,-0.10770750988142297
kodim17.png,stripes,32,,27,glcm_homogeneity,True,23,RQ2,227,299,-0.018774703557312478,0.018774703557312478
kodim17.png,stripes,32,,32,sobel_si,True,23,RQ2,228,300,-0.0029644268774700056,-0.0029644268774700056
kodim17.png,stripes,32,,32,luma_sd,True,23,RQ2,229,301,0.005928853754940622,0.005928853754940622
kodim17.png,stripes,32,,32,edge_fraction,True,23,RQ2,230,302,-0.06422924901185767,-0.06422924901185767
kodim17.png,stripes,32,,32,glcm_contrast,True,23,RQ2,231,303,0.018774703557312256,0.018774703557312256
kodim17.png,stripes,32,,32,glcm_entropy,True,23,RQ2,232,304,-0.11561264822134376,-0.11561264822134376
kodim17.png,stripes,32,,32,glcm_homogeneity,True,23,RQ2,233,305,0.0029644268774703386,-0.0029644268774703386
kodim17.png,stripes,32,,37,sobel_si,True,23,RQ2,234,306,1.1102230246251565e-16,1.1102230246251565e-16
kodim17.png,stripes,32,,37,luma_sd,True,23,RQ2,235,307,0.037549407114624456,0.037549407114624456
kodim17.png,stripes,32,,37,edge_fraction,True,23,RQ2,236,308,-0.07905138339920914,-0.07905138339920914
kodim17.png,stripes,32,,37,glcm_contrast,True,23,RQ2,237,309,0.007905138339920903,0.007905138339920903
kodim17.png,stripes,32,,37,glcm_entropy,True,23,RQ2,238,310,-0.09189723320158094,-0.09189723320158094
kodim17.png,stripes,32,,37,glcm_homogeneity,True,23,RQ2,239,311,0.016798418972331697,-0.016798418972331697
kodim18.png,awgn,5,20260811,22,sobel_si,True,23,RQ2,216,0,0.06719367588932812,0.06719367588932812
kodim18.png,awgn,5,20260811,22,luma_sd,True,23,RQ2,217,1,-0.017786561264822115,-0.017786561264822115
kodim18.png,awgn,5,20260811,22,edge_fraction,True,23,RQ2,218,2,0.01976284584980237,0.01976284584980237
kodim18.png,awgn,5,20260811,22,glcm_contrast,True,23,RQ2,219,3,0.0889328063241106,0.0889328063241106
kodim18.png,awgn,5,20260811,22,glcm_entropy,True,23,RQ2,220,4,-0.034584980237154284,-0.034584980237154284
kodim18.png,awgn,5,20260811,22,glcm_homogeneity,True,23,RQ2,221,5,0.012845849802371578,-0.012845849802371578
kodim18.png,awgn,5,20260811,27,sobel_si,True,23,RQ2,222,6,-0.02455874861624585,-0.02455874861624585
kodim18.png,awgn,5,20260811,27,luma_sd,True,23,RQ2,223,7,-0.05778104974298774,-0.05778104974298774
kodim18.png,awgn,5,20260811,27,edge_fraction,True,23,RQ2,224,8,-0.00029028892564175734,-0.00029028892564175734
kodim18.png,awgn,5,20260811,27,glcm_contrast,True,23,RQ2,225,9,0.0461277349456829,0.0461277349456829
kodim18.png,awgn,5,20260811,27,glcm_entropy,True,23,RQ2,226,10,-0.03441892642048516,-0.03441892642048516
kodim18.png,awgn,5,20260811,27,glcm_homogeneity,True,23,RQ2,227,11,0.02897059088998777,-0.02897059088998777
kodim18.png,awgn,5,20260811,32,sobel_si,True,23,RQ2,228,12,0.0019762845849802257,0.0019762845849802257
kodim18.png,awgn,5,20260811,32,luma_sd,True,23,RQ2,229,13,0.002964426877470394,0.002964426877470394
kodim18.png,awgn,5,20260811,32,edge_fraction,True,23,RQ2,230,14,-0.0029644268774703386,-0.0029644268774703386
kodim18.png,awgn,5,20260811,32,glcm_contrast,True,23,RQ2,231,15,0.014822134387351915,0.014822134387351915
kodim18.png,awgn,5,20260811,32,glcm_entropy,True,23,RQ2,232,16,-0.03359683794466417,-0.03359683794466417
kodim18.png,awgn,5,20260811,32,glcm_homogeneity,True,23,RQ2,233,17,0.022727272727272596,-0.022727272727272596
kodim18.png,awgn,5,20260811,37,sobel_si,True,23,RQ2,234,18,0.009881422924901129,0.009881422924901129
kodim18.png,awgn,5,20260811,37,luma_sd,True,23,RQ2,235,19,0.0,0.0
kodim18.png,awgn,5,20260811,37,edge_fraction,True,23,RQ2,236,20,-0.00988142292490135,-0.00988142292490135
kodim18.png,awgn,5,20260811,37,glcm_contrast,True,23,RQ2,237,21,0.011857707509881243,0.011857707509881243
kodim18.png,awgn,5,20260811,37,glcm_entropy,True,23,RQ2,238,22,-0.01778656126482203,-0.01778656126482203
kodim18.png,awgn,5,20260811,37,glcm_homogeneity,True,23,RQ2,239,23,0.009881422924901129,-0.009881422924901129
kodim18.png,awgn,15,20260811,22,sobel_si,True,23,RQ2,216,72,0.2976396182943081,0.2976396182943081
kodim18.png,awgn,15,20260811,22,luma_sd,True,23,RQ2,217,73,0.3988456940068113,0.3988456940068113
kodim18.png,awgn,15,20260811,22,edge_fraction,True,23,RQ2,218,74,-0.057625496388255204,-0.057625496388255204
kodim18.png,awgn,15,20260811,22,glcm_contrast,True,23,RQ2,219,75,0.017452805310699482,0.017452805310699482
kodim18.png,awgn,15,20260811,22,glcm_entropy,True,23,RQ2,220,76,-0.04875980999302598,-0.04875980999302598
kodim18.png,awgn,15,20260811,22,glcm_homogeneity,True,23,RQ2,221,77,0.06357388588633339,-0.06357388588633339
kodim18.png,awgn,15,20260811,27,sobel_si,True,23,RQ2,222,78,0.21442687747035571,0.21442687747035571
kodim18.png,awgn,15,20260811,27,luma_sd,True,23,RQ2,223,79,0.32114624505928857,0.32114624505928857
kodim18.png,awgn,15,20260811,27,edge_fraction,True,23,RQ2,224,80,-0.05434782608695654,-0.05434782608695654
kodim18.png,awgn,15,20260811,27,glcm_contrast,True,23,RQ2,225,81,0.020750988142292592,0.020750988142292592
kodim18.png,awgn,15,20260811,27,glcm_entropy,True,23,RQ2,226,82,-0.07806324110671925,-0.07806324110671925
kodim18.png,awgn,15,20260811,27,glcm_homogeneity,True,23,RQ2,227,83,0.06324110671936767,-0.06324110671936767
kodim18.png,awgn,15,20260811,32,sobel_si,True,23,RQ2,228,84,0.12747035573122523,0.12747035573122523
kodim18.png,awgn,15,20260811,32,luma_sd,True,23,RQ2,229,85,0.09584980237154145,0.09584980237154145
kodim18.png,awgn,15,20260811,32,edge_fraction,True,23,RQ2,230,86,-0.035573122529644285,-0.035573122529644285
kodim18.png,awgn,15,20260811,32,glcm_contrast,True,23,RQ2,231,87,0.021739130434782594,0.021739130434782594
kodim18.png,awgn,15,20260811,32,glcm_entropy,True,23,RQ2,232,88,-0.09189723320158139,-0.09189723320158139
kodim18.png,awgn,15,20260811,32,glcm_homogeneity,True,23,RQ2,233,89,0.024703557312252933,-0.024703557312252933
kodim18.png,awgn,15,20260811,37,sobel_si,True,23,RQ2,234,90,-0.07608695652173902,-0.07608695652173902
kodim18.png,awgn,15,20260811,37,luma_sd,True,23,RQ2,235,91,-0.15415019762845847,-0.15415019762845847
kodim18.png,awgn,15,20260811,37,edge_fraction,True,23,RQ2,236,92,-0.007905138339921014,-0.007905138339921014
kodim18.png,awgn,15,20260811,37,glcm_contrast,True,23,RQ2,237,93,-0.010869565217391353,-0.010869565217391353
kodim18.png,awgn,15,20260811,37,glcm_entropy,True,23,RQ2,238,94,-0.1620553359683795,-0.1620553359683795
kodim18.png,awgn,15,20260811,37,glcm_homogeneity,True,23,RQ2,239,95,0.022727272727272707,-0.022727272727272707
kodim18.png,awgn,30,20260811,22,sobel_si,True,23,RQ2,216,144,0.19188226394141883,0.19188226394141883
kodim18.png,awgn,30,20260811,22,luma_sd,True,23,RQ2,217,145,0.675593911005026,0.675593911005026
kodim18.png,awgn,30,20260811,22,edge_fraction,True,23,RQ2,218,146,-0.5498419680493654,-0.5498419680493654
kodim18.png,awgn,30,20260811,22,glcm_contrast,True,23,RQ2,219,147,-0.305749576683644,-0.305749576683644
kodim18.png,awgn,30,20260811,22,glcm_entropy,True,23,RQ2,220,148,-0.4362073137905263,-0.4362073137905263
kodim18.png,awgn,30,20260811,22,glcm_homogeneity,True,23,RQ2,221,149,0.798439240665521,-0.798439240665521
kodim18.png,awgn,30,20260811,27,sobel_si,True,23,RQ2,222,150,0.15019762845849793,0.15019762845849793
kodim18.png,awgn,30,20260811,27,luma_sd,True,23,RQ2,223,151,0.440711462450593,0.440711462450593
kodim18.png,awgn,30,20260811,27,edge_fraction,True,23,RQ2,224,152,-0.3754940711462451,-0.3754940711462451
kodim18.png,awgn,30,20260811,27,glcm_contrast,True,23,RQ2,225,153,-0.20256916996047425,-0.20256916996047425
kodim18.png,awgn,30,20260811,27,glcm_entropy,True,23,RQ2,226,154,-0.4140316205533597,-0.4140316205533597
kodim18.png,awgn,30,20260811,27,glcm_homogeneity,True,23,RQ2,227,155,0.625494071146245,-0.625494071146245
kodim18.png,awgn,30,20260811,32,sobel_si,True,23,RQ2,228,156,0.08003952569169936,0.08003952569169936
kodim18.png,awgn,30,20260811,32,luma_sd,True,23,RQ2,229,157,0.44565217391304335,0.44565217391304335
kodim18.png,awgn,30,20260811,32,edge_fraction,True,23,RQ2,230,158,-0.4377470355731226,-0.4377470355731226
kodim18.png,awgn,30,20260811,32,glcm_contrast,True,23,RQ2,231,159,-0.26482213438735175,-0.26482213438735175
kodim18.png,awgn,30,20260811,32,glcm_entropy,True,23,RQ2,232,160,-0.38833992094861663,-0.38833992094861663
kodim18.png,awgn,30,20260811,32,glcm_homogeneity,True,23,RQ2,233,161,0.7075098814229248,-0.7075098814229248
kodim18.png,awgn,30,20260811,37,sobel_si,True,23,RQ2,234,162,-0.0513833992094862,-0.0513833992094862
kodim18.png,awgn,30,20260811,37,luma_sd,True,23,RQ2,235,163,0.0839920948616601,0.0839920948616601
kodim18.png,awgn,30,20260811,37,edge_fraction,True,23,RQ2,236,164,-0.2628458498023716,-0.2628458498023716
kodim18.png,awgn,30,20260811,37,glcm_contrast,True,23,RQ2,237,165,-0.18873517786561278,-0.18873517786561278
kodim18.png,awgn,30,20260811,37,glcm_entropy,True,23,RQ2,238,166,-0.34683794466403156,-0.34683794466403156
kodim18.png,awgn,30,20260811,37,glcm_homogeneity,True,23,RQ2,239,167,0.5296442687747035,-0.5296442687747035
kodim18.png,clean,0,,22,luma_sd,True,23,RQ1,216,217,-0.41897233201581024,-0.41897233201581024
kodim18.png,clean,0,,22,edge_fraction,True,23,RQ1,216,218,0.2420948616600791,0.2420948616600791
kodim18.png,clean,0,,22,glcm_contrast,True,23,RQ1,216,219,0.08399209486166015,0.08399209486166015
kodim18.png,clean,0,,22,glcm_entropy,True,23,RQ1,216,220,0.12154150197628466,0.12154150197628466
kodim18.png,clean,0,,22,glcm_homogeneity,True,23,RQ1,216,221,-1.2638339920948616,0.1689723320158103
kodim18.png,clean,0,,27,luma_sd,True,23,RQ1,222,223,-0.450592885375494,-0.450592885375494
kodim18.png,clean,0,,27,edge_fraction,True,23,RQ1,222,224,0.21442687747035583,0.21442687747035583
kodim18.png,clean,0,,27,glcm_contrast,True,23,RQ1,222,225,0.06818181818181823,0.06818181818181823
kodim18.png,clean,0,,27,glcm_entropy,True,23,RQ1,222,226,0.0958498023715415,0.0958498023715415
kodim18.png,clean,0,,27,glcm_homogeneity,True,23,RQ1,222,227,-1.366600790513834,0.14525691699604748
kodim18.png,clean,0,,32,luma_sd,True,23,RQ1,228,229,-0.4841897233201582,-0.4841897233201582
kodim18.png,clean,0,,32,edge_fraction,True,23,RQ1,228,230,0.16403162055335962,0.16403162055335962
kodim18.png,clean,0,,32,glcm_contrast,True,23,RQ1,228,231,0.05830039525691677,0.05830039525691677
kodim18.png,clean,0,,32,glcm_entropy,True,23,RQ1,228,232,0.038537549407114624,0.038537549407114624
kodim18.png,clean,0,,32,glcm_homogeneity,True,23,RQ1,228,233,-1.5039525691699605,0.10079051383399196
kodim18.png,clean,0,,37,luma_sd,True,23,RQ1,234,235,-0.5296442687747036,-0.5296442687747036
kodim18.png,clean,0,,37,edge_fraction,True,23,RQ1,234,236,0.11363636363636365,0.11363636363636365
kodim18.png,clean,0,,37,glcm_contrast,True,23,RQ1,234,237,0.05039525691699609,0.05039525691699609
kodim18.png,clean,0,,37,glcm_entropy,True,23,RQ1,234,238,-0.01976284584980248,-0.01976284584980248
kodim18.png,clean,0,,37,glcm_homogeneity,True,23,RQ1,234,239,-1.616600790513834,0.05335968379446632
kodim18.png,stripes,8,,22,sobel_si,True,23,RQ2,216,240,0.049407114624505866,0.049407114624505866
kodim18.png,stripes,8,,22,luma_sd,True,23,RQ2,217,241,0.0276679841897233,0.0276679841897233
kodim18.png,stripes,8,,22,edge_fraction,True,23,RQ2,218,242,0.03063241106719361,0.03063241106719361
kodim18.png,stripes,8,,22,glcm_contrast,True,23,RQ2,219,243,0.024703557312252933,0.024703557312252933
kodim18.png,stripes,8,,22,glcm_entropy,True,23,RQ2,220,244,0.0029644268774701166,0.0029644268774701166
kodim18.png,stripes,8,,22,glcm_homogeneity,True,23,RQ2,221,245,-1.1102230246251565e-16,1.1102230246251565e-16
kodim18.png,stripes,8,,27,sobel_si,True,23,RQ2,222,246,0.04446640316205541,0.04446640316205541
kodim18.png,stripes,8,,27,luma_sd,True,23,RQ2,223,247,0.06324110671936761,0.06324110671936761
kodim18.png,stripes,8,,27,edge_fraction,True,23,RQ2,224,248,-0.005928853754940677,-0.005928853754940677
kodim18.png,stripes,8,,27,glcm_contrast,True,23,RQ2,225,249,0.012845849802371578,0.012845849802371578
kodim18.png,stripes,8,,27,glcm_entropy,True,23,RQ2,226,250,-0.02371541501976271,-0.02371541501976271
kodim18.png,stripes,8,,27,glcm_homogeneity,True,23,RQ2,227,251,0.03063241106719361,-0.03063241106719361
kodim18.png,stripes,8,,32,sobel_si,True,23,RQ2,228,252,0.0,0.0
kodim18.png,stripes,8,,32,luma_sd,True,23,RQ2,229,253,0.020750988142292537,0.020750988142292537
kodim18.png,stripes,8,,32,edge_fraction,True,23,RQ2,230,254,-0.012845849802371578,-0.012845849802371578
kodim18.png,stripes,8,,32,glcm_contrast,True,23,RQ2,231,255,-0.012845849802371356,-0.012845849802371356
kodim18.png,stripes,8,,32,glcm_entropy,True,23,RQ2,232,256,-0.011857707509881465,-0.011857707509881465
kodim18.png,stripes,8,,32,glcm_homogeneity,True,23,RQ2,233,257,0.028656126482213495,-0.028656126482213495
kodim18.png,stripes,8,,37,sobel_si,True,23,RQ2,234,258,0.014822134387351804,0.014822134387351804
kodim18.png,stripes,8,,37,luma_sd,True,23,RQ2,235,259,0.033596837944664115,0.033596837944664115
kodim18.png,stripes,8,,37,edge_fraction,True,23,RQ2,236,260,-0.015810276679841917,-0.015810276679841917
kodim18.png,stripes,8,,37,glcm_contrast,True,23,RQ2,237,261,0.000988142292490224,0.000988142292490224
kodim18.png,stripes,8,,37,glcm_entropy,True,23,RQ2,238,262,0.041501976284585074,0.041501976284585074
kodim18.png,stripes,8,,37,glcm_homogeneity,True,23,RQ2,239,263,-1.1102230246251565e-16,1.1102230246251565e-16
kodim18.png,stripes,16,,22,sobel_si,True,23,RQ2,216,264,0.02371541501976293,0.02371541501976293
kodim18.png,stripes,16,,22,luma_sd,True,23,RQ2,217,265,0.07312252964426882,0.07312252964426882
kodim18.png,stripes,16,,22,edge_fraction,True,23,RQ2,218,266,0.025691699604743046,0.025691699604743046
kodim18.png,stripes,16,,22,glcm_contrast,True,23,RQ2,219,267,0.05731225296442677,0.05731225296442677
kodim18.png,stripes,16,,22,glcm_entropy,True,23,RQ2,220,268,-0.02667984189723316,-0.02667984189723316
kodim18.png,stripes,16,,22,glcm_homogeneity,True,23,RQ2,221,269,-0.05335968379446643,0.05335968379446643
kodim18.png,stripes,16,,27,sobel_si,True,23,RQ2,222,270,0.004940711462450786,0.004940711462450786
kodim18.png,stripes,16,,27,luma_sd,True,23,RQ2,223,271,0.025691699604743073,0.025691699604743073
kodim18.png,stripes,16,,27,edge_fraction,True,23,RQ2,224,272,0.021739130434782594,0.021739130434782594
kodim18.png,stripes,16,,27,glcm_contrast,True,23,RQ2,225,273,0.06027667984189722,0.06027667984189722
kodim18.png,stripes,16,,27,glcm_entropy,True,23,RQ2,226,274,-0.004940711462450564,-0.004940711462450564
kodim18.png,stripes,16,,27,glcm_homogeneity,True,23,RQ2,227,275,-0.045454545454545414,0.045454545454545414
kodim18.png,stripes,16,,32,sobel_si,True,23,RQ2,228,276,0.009881422924901129,0.009881422924901129
kodim18.png,stripes,16,,32,luma_sd,True,23,RQ2,229,277,0.010869565217391297,0.010869565217391297
kodim18.png,stripes,16,,32,edge_fraction,True,23,RQ2,230,278,-0.004940711462450564,-0.004940711462450564
kodim18.png,stripes,16,,32,glcm_contrast,True,23,RQ2,231,279,0.024703557312253044,0.024703557312253044
kodim18.png,stripes,16,,32,glcm_entropy,True,23,RQ2,232,280,-0.008893280632411127,-0.008893280632411127
kodim18.png,stripes,16,,32,glcm_homogeneity,True,23,RQ2,233,281,-0.006916996047430901,0.006916996047430901
kodim18.png,stripes,16,,37,sobel_si,True,23,RQ2,234,282,0.03458498023715417,0.03458498023715417
kodim18.png,stripes,16,,37,luma_sd,True,23,RQ2,235,283,0.04545454545454547,0.04545454545454547
kodim18.png,stripes,16,,37,edge_fraction,True,23,RQ2,236,284,-0.02667984189723327,-0.02667984189723327
kodim18.png,stripes,16,,37,glcm_contrast,True,23,RQ2,237,285,0.022727272727272596,0.022727272727272596
kodim18.png,stripes,16,,37,glcm_entropy,True,23,RQ2,238,286,0.045454545454545525,0.045454545454545525
kodim18.png,stripes,16,,37,glcm_homogeneity,True,23,RQ2,239,287,0.0029644268774701166,-0.0029644268774701166
kodim18.png,stripes,32,,22,sobel_si,True,23,RQ2,216,288,0.059288537549406994,0.059288537549406994
kodim18.png,stripes,32,,22,luma_sd,True,23,RQ2,217,289,0.10869565217391311,0.10869565217391311
kodim18.png,stripes,32,,22,edge_fraction,True,23,RQ2,218,290,-0.11363636363636376,-0.11363636363636376
kodim18.png,stripes,32,,22,glcm_contrast,True,23,RQ2,219,291,0.06422924901185767,0.06422924901185767
kodim18.png,stripes,32,,22,glcm_entropy,True,23,RQ2,220,292,-0.11166007905138342,-0.11166007905138342
kodim18.png,stripes,32,,22,glcm_homogeneity,True,23,RQ2,221,293,-0.010869565217391242,0.010869565217391242
kodim18.png,stripes,32,,27,sobel_si,True,23,RQ2,222,294,0.07608695652173925,0.07608695652173925
kodim18.png,stripes,32,,27,luma_sd,True,23,RQ2,223,295,0.08300395256917004,0.08300395256917004
kodim18.png,stripes,32,,27,edge_fraction,True,23,RQ2,224,296,-0.09980237154150196,-0.09980237154150196
kodim18.png,stripes,32,,27,glcm_contrast,True,23,RQ2,225,297,0.08201581027667992,0.08201581027667992
kodim18.png,stripes,32,,27,glcm_entropy,True,23,RQ2,226,298,-0.125494071146245,-0.125494071146245
kodim18.png,stripes,32,,27,glcm_homogeneity,True,23,RQ2,227,299,-0.008893280632410905,0.008893280632410905
kodim18.png,stripes,32,,32,sobel_si,True,23,RQ2,228,300,0.01284584980237169,0.01284584980237169
kodim18.png,stripes,32,,32,luma_sd,True,23,RQ2,229,301,0.04446640316205536,0.04446640316205536
kodim18.png,stripes,32,,32,edge_fraction,True,23,RQ2,230,302,-0.12252964426877488,-0.12252964426877488
kodim18.png,stripes,32,,32,glcm_contrast,True,23,RQ2,231,303,0.034584980237154395,0.034584980237154395
kodim18.png,stripes,32,,32,glcm_entropy,True,23,RQ2,232,304,-0.12450592885375489,-0.12450592885375489
kodim18.png,stripes,32,,32,glcm_homogeneity,True,23,RQ2,233,305,0.024703557312252822,-0.024703557312252822
kodim18.png,stripes,32,,37,sobel_si,True,23,RQ2,234,306,0.012845849802371467,0.012845849802371467
kodim18.png,stripes,32,,37,luma_sd,True,23,RQ2,235,307,0.0701581027667984,0.0701581027667984
kodim18.png,stripes,32,,37,edge_fraction,True,23,RQ2,236,308,-0.1314229249011858,-0.1314229249011858
kodim18.png,stripes,32,,37,glcm_contrast,True,23,RQ2,237,309,0.022727272727272596,0.022727272727272596
kodim18.png,stripes,32,,37,glcm_entropy,True,23,RQ2,238,310,-0.0899209486166006,-0.0899209486166006
kodim18.png,stripes,32,,37,glcm_homogeneity,True,23,RQ2,239,311,0.025691699604743046,-0.025691699604743046
kodim19.png,awgn,5,20260811,22,sobel_si,True,23,RQ2,216,0,0.0879446640316206,0.0879446640316206
kodim19.png,awgn,5,20260811,22,luma_sd,True,23,RQ2,217,1,-0.016798418972331988,-0.016798418972331988
kodim19.png,awgn,5,20260811,22,edge_fraction,True,23,RQ2,218,2,0.04446640316205519,0.04446640316205519
kodim19.png,awgn,5,20260811,22,glcm_contrast,True,23,RQ2,219,3,0.11264822134387331,0.11264822134387331
kodim19.png,awgn,5,20260811,22,glcm_entropy,True,23,RQ2,220,4,-0.03458498023715406,-0.03458498023715406
kodim19.png,awgn,5,20260811,22,glcm_homogeneity,True,23,RQ2,221,5,-0.025691699604743157,0.025691699604743157
kodim19.png,awgn,5,20260811,27,sobel_si,True,23,RQ2,222,6,-0.009228013373690502,-0.009228013373690502
kodim19.png,awgn,5,20260811,27,luma_sd,True,23,RQ2,223,7,-0.06915115732153844,-0.06915115732153844
kodim19.png,awgn,5,20260811,27,edge_fraction,True,23,RQ2,224,8,0.019971878301374146,0.019971878301374146
kodim19.png,awgn,5,20260811,27,glcm_contrast,True,23,RQ2,225,9,0.06392626185317651,0.06392626185317651
kodim19.png,awgn,5,20260811,27,glcm_entropy,True,23,RQ2,226,10,-0.03885836293140876,-0.03885836293140876
kodim19.png,awgn,5,20260811,27,glcm_homogeneity,True,23,RQ2,227,11,0.0007984013872668339,-0.0007984013872668339
kodim19.png,awgn,5,20260811,32,sobel_si,True,23,RQ2,228,12,0.008893280632411127,0.008893280632411127
kodim19.png,awgn,5,20260811,32,luma_sd,True,23,RQ2,229,13,0.0009881422924900574,0.0009881422924900574
kodim19.png,awgn,5,20260811,32,edge_fraction,True,23,RQ2,230,14,0.008893280632411238,0.008893280632411238
kodim19.png,awgn,5,20260811,32,glcm_contrast,True,23,RQ2,231,15,0.02371541501976282,0.02371541501976282
kodim19.png,awgn,5,20260811,32,glcm_entropy,True,23,RQ2,232,16,-0.04347826086956519,-0.04347826086956519
kodim19.png,awgn,5,20260811,32,glcm_homogeneity,True,23,RQ2,233,17,0.006916996047430901,-0.006916996047430901
kodim19.png,awgn,5,20260811,37,sobel_si,True,23,RQ2,234,18,0.010869565217391353,0.010869565217391353
kodim19.png,awgn,5,20260811,37,luma_sd,True,23,RQ2,235,19,0.0009881422924901129,0.0009881422924901129
kodim19.png,awgn,5,20260811,37,edge_fraction,True,23,RQ2,236,20,-0.008893280632411127,-0.008893280632411127
kodim19.png,awgn,5,20260811,37,glcm_contrast,True,23,RQ2,237,21,0.013833992094861691,0.013833992094861691
kodim19.png,awgn,5,20260811,37,glcm_entropy,True,23,RQ2,238,22,-0.03656126482213429,-0.03656126482213429
kodim19.png,awgn,5,20260811,37,glcm_homogeneity,True,23,RQ2,239,23,0.006916996047430679,-0.006916996047430679
kodim19.png,awgn,15,20260811,22,sobel_si,True,23,RQ2,216,72,0.2956711480065828,0.2956711480065828
kodim19.png,awgn,15,20260811,22,luma_sd,True,23,RQ2,217,73,0.3499151904581212,0.3499151904581212
kodim19.png,awgn,15,20260811,22,edge_fraction,True,23,RQ2,218,74,-0.030938816980924044,-0.030938816980924044
kodim19.png,awgn,15,20260811,22,glcm_contrast,True,23,RQ2,219,75,0.03623800932994792,0.03623800932994792
kodim19.png,awgn,15,20260811,22,glcm_entropy,True,23,RQ2,220,76,-0.131777193385603,-0.131777193385603
kodim19.png,awgn,15,20260811,22,glcm_homogeneity,True,23,RQ2,221,77,0.024036472740846304,-0.024036472740846304
kodim19.png,awgn,15,20260811,27,sobel_si,True,23,RQ2,222,78,0.21541501976284605,0.21541501976284605
kodim19.png,awgn,15,20260811,27,luma_sd,True,23,RQ2,223,79,0.2766798418972333,0.2766798418972333
kodim19.png,awgn,15,20260811,27,edge_fraction,True,23,RQ2,224,80,-0.028656126482213384,-0.028656126482213384
kodim19.png,awgn,15,20260811,27,glcm_contrast,True,23,RQ2,225,81,0.0375494071146244,0.0375494071146244
kodim19.png,awgn,15,20260811,27,glcm_entropy,True,23,RQ2,226,82,-0.1551383399209486,-0.1551383399209486
kodim19.png,awgn,15,20260811,27,glcm_homogeneity,True,23,RQ2,227,83,0.022727272727272596,-0.022727272727272596
kodim19.png,awgn,15,20260811,32,sobel_si,True,23,RQ2,228,84,0.11363636363636365,0.11363636363636365
kodim19.png,awgn,15,20260811,32,luma_sd,True,23,RQ2,229,85,0.08498023715415004,0.08498023715415004
kodim19.png,awgn,15,20260811,32,edge_fraction,True,23,RQ2,230,86,-0.01778656126482203,-0.01778656126482203
kodim19.png,awgn,15,20260811,32,glcm_contrast,True,23,RQ2,231,87,0.02075098814229248,0.02075098814229248
kodim19.png,awgn,15,20260811,32,glcm_entropy,True,23,RQ2,232,88,-0.17094861660079053,-0.17094861660079053
kodim19.png,awgn,15,20260811,32,glcm_homogeneity,True,23,RQ2,233,89,0.008893280632410905,-0.008893280632410905
kodim19.png,awgn,15,20260811,37,sobel_si,True,23,RQ2,234,90,-0.07411067193675891,-0.07411067193675891
kodim19.png,awgn,15,20260811,37,luma_sd,True,23,RQ2,235,91,-0.13735177865612647,-0.13735177865612647
kodim19.png,awgn,15,20260811,37,edge_fraction,True,23,RQ2,236,92,0.013833992094861802,0.013833992094861802
kodim19.png,awgn,15,20260811,37,glcm_contrast,True,23,RQ2,237,93,-0.0029644268774705607,-0.0029644268774705607
kodim19.png,awgn,15,20260811,37,glcm_entropy,True,23,RQ2,238,94,-0.23221343873517808,-0.23221343873517808
kodim19.png,awgn,15,20260811,37,glcm_homogeneity,True,23,RQ2,239,95,-0.006916996047430901,0.006916996047430901
kodim19.png,awgn,30,20260811,22,sobel_si,True,23,RQ2,216,144,0.18299508822873822,0.18299508822873822
kodim19.png,awgn,30,20260811,22,luma_sd,True,23,RQ2,217,145,0.596517619533316,0.596517619533316
kodim19.png,awgn,30,20260811,22,edge_fraction,True,23,RQ2,218,146,-0.5172249697063582,-0.5172249697063582
kodim19.png,awgn,30,20260811,22,glcm_contrast,True,23,RQ2,219,147,-0.34379659579795735,-0.34379659579795735
kodim19.png,awgn,30,20260811,22,glcm_entropy,True,23,RQ2,220,148,-0.5291085620758966,-0.5291085620758966
kodim19.png,awgn,30,20260811,22,glcm_homogeneity,True,23,RQ2,221,149,0.8537869304908502,-0.8537869304908502
kodim19.png,awgn,30,20260811,27,sobel_si,True,23,RQ2,222,150,0.17292490118577097,0.17292490118577097
kodim19.png,awgn,30,20260811,27,luma_sd,True,23,RQ2,223,151,0.4160079051383399,0.4160079051383399
kodim19.png,awgn,30,20260811,27,edge_fraction,True,23,RQ2,224,152,-0.31818181818181823,-0.31818181818181823
kodim19.png,awgn,30,20260811,27,glcm_contrast,True,23,RQ2,225,153,-0.20256916996047447,-0.20256916996047447
kodim19.png,awgn,30,20260811,27,glcm_entropy,True,23,RQ2,226,154,-0.45553359683794464,-0.45553359683794464
kodim19.png,awgn,30,20260811,27,glcm_homogeneity,True,23,RQ2,227,155,0.6472332015810277,-0.6472332015810277
kodim19.png,awgn,30,20260811,32,sobel_si,True,23,RQ2,228,156,0.09881422924901195,0.09881422924901195
kodim19.png,awgn,30,20260811,32,luma_sd,True,23,RQ2,229,157,0.40019762845849793,0.40019762845849793
kodim19.png,awgn,30,20260811,32,edge_fraction,True,23,RQ2,230,158,-0.3675889328063241,-0.3675889328063241
kodim19.png,awgn,30,20260811,32,glcm_contrast,True,23,RQ2,231,159,-0.26086956521739124,-0.26086956521739124
kodim19.png,awgn,30,20260811,32,glcm_entropy,True,23,RQ2,232,160,-0.43478260869565216,-0.43478260869565216
kodim19.png,awgn,30,20260811,32,glcm_homogeneity,True,23,RQ2,233,161,0.7292490118577075,-0.7292490118577075
kodim19.png,awgn,30,20260811,37,sobel_si,True,23,RQ2,234,162,0.005928853754940788,0.005928853754940788
kodim19.png,awgn,30,20260811,37,luma_sd,True,23,RQ2,235,163,0.11067193675889342,0.11067193675889342
kodim19.png,awgn,30,20260811,37,edge_fraction,True,23,RQ2,236,164,-0.18181818181818166,-0.18181818181818166
kodim19.png,awgn,30,20260811,37,glcm_contrast,True,23,RQ2,237,165,-0.14920948616600804,-0.14920948616600804
kodim19.png,awgn,30,20260811,37,glcm_entropy,True,23,RQ2,238,166,-0.33794466403162066,-0.33794466403162066
kodim19.png,awgn,30,20260811,37,glcm_homogeneity,True,23,RQ2,239,167,0.5187747035573121,-0.5187747035573121
kodim19.png,clean,0,,22,luma_sd,True,23,RQ1,216,217,-0.4743083003952569,-0.4743083003952569
kodim19.png,clean,0,,22,edge_fraction,True,23,RQ1,216,218,0.20948616600790526,0.20948616600790526
kodim19.png,clean,0,,22,glcm_contrast,True,23,RQ1,216,219,0.07411067193675902,0.07411067193675902
kodim19.png,clean,0,,22,glcm_entropy,True,23,RQ1,216,220,0.11660079051383399,0.11660079051383399
kodim19.png,clean,0,,22,glcm_homogeneity,True,23,RQ1,216,221,-1.3053359683794468,0.14328063241106725
kodim19.png,clean,0,,27,luma_sd,True,23,RQ1,222,223,-0.5088932806324109,-0.5088932806324109
kodim19.png,clean,0,,27,edge_fraction,True,23,RQ1,222,224,0.17193675889328075,0.17193675889328075
kodim19.png,clean,0,,27,glcm_contrast,True,23,RQ1,222,225,0.05533596837944699,0.05533596837944699
kodim19.png,clean,0,,27,glcm_entropy,True,23,RQ1,222,226,0.08596837944664049,0.08596837944664049
kodim19.png,clean,0,,27,glcm_homogeneity,True,23,RQ1,222,227,-1.4229249011857705,0.11462450592885398
kodim19.png,clean,0,,32,luma_sd,True,23,RQ1,228,229,-0.5563241106719367,-0.5563241106719367
kodim19.png,clean,0,,32,edge_fraction,True,23,RQ1,228,230,0.1264822134387351,0.1264822134387351
kodim19.png,clean,0,,32,glcm_contrast,True,23,RQ1,228,231,0.04644268774703553,0.04644268774703553
kodim19.png,clean,0,,32,glcm_entropy,True,23,RQ1,228,232,0.021739130434782594,0.021739130434782594
kodim19.png,clean,0,,32,glcm_homogeneity,True,23,RQ1,228,233,-1.550395256916996,0.07411067193675891
kodim19.png,clean,0,,37,luma_sd,True,23,RQ1,234,235,-0.6126482213438735,-0.6126482213438735
kodim19.png,clean,0,,37,edge_fraction,True,23,RQ1,234,236,0.07707509881422903,0.07707509881422903
kodim19.png,clean,0,,37,glcm_contrast,True,23,RQ1,234,237,0.038537549407114624,0.038537549407114624
kodim19.png,clean,0,,37,glcm_entropy,True,23,RQ1,234,238,-0.03359683794466395,-0.03359683794466395
kodim19.png,clean,0,,37,glcm_homogeneity,True,23,RQ1,234,239,-1.6699604743083003,0.02766798418972316
kodim19.png,stripes,8,,22,sobel_si,True,23,RQ2,216,240,0.059288537549407216,0.059288537549407216
kodim19.png,stripes,8,,22,luma_sd,True,23,RQ2,217,241,0.021739130434782594,0.021739130434782594
kodim19.png,stripes,8,,22,edge_fraction,True,23,RQ2,218,242,0.032608695652173725,0.032608695652173725
kodim19.png,stripes,8,,22,glcm_contrast,True,23,RQ2,219,243,0.032608695652173836,0.032608695652173836
kodim19.png,stripes,8,,22,glcm_entropy,True,23,RQ2,220,244,-0.004940711462450564,-0.004940711462450564
kodim19.png,stripes,8,,22,glcm_homogeneity,True,23,RQ2,221,245,-0.0019762845849802257,0.0019762845849802257
kodim19.png,stripes,8,,27,sobel_si,True,23,RQ2,222,246,0.06027667984189744,0.06027667984189744
kodim19.png,stripes,8,,27,luma_sd,True,23,RQ2,223,247,0.05434782608695654,0.05434782608695654
kodim19.png,stripes,8,,27,edge_fraction,True,23,RQ2,224,248,0.008893280632411016,0.008893280632411016
kodim19.png,stripes,8,,27,glcm_contrast,True,23,RQ2,225,249,0.029644268774703608,0.029644268774703608
kodim19.png,stripes,8,,27,glcm_entropy,True,23,RQ2,226,250,-0.024703557312252933,-0.024703557312252933
kodim19.png,stripes,8,,27,glcm_homogeneity,True,23,RQ2,227,251,0.01679841897233214,-0.01679841897233214
kodim19.png,stripes,8,,32,sobel_si,True,23,RQ2,228,252,0.029644268774703608,0.029644268774703608
kodim19.png,stripes,8,,32,luma_sd,True,23,RQ2,229,253,0.02766798418972327,0.02766798418972327
kodim19.png,stripes,8,,32,edge_fraction,True,23,RQ2,230,254,0.011857707509881465,0.011857707509881465
kodim19.png,stripes,8,,32,glcm_contrast,True,23,RQ2,231,255,0.018774703557312367,0.018774703557312367
kodim19.png,stripes,8,,32,glcm_entropy,True,23,RQ2,232,256,0.01679841897233203,0.01679841897233203
kodim19.png,stripes,8,,32,glcm_homogeneity,True,23,RQ2,233,257,0.0,0.0
kodim19.png,stripes,8,,37,sobel_si,True,23,RQ2,234,258,0.022727272727272707,0.022727272727272707
kodim19.png,stripes,8,,37,luma_sd,True,23,RQ2,235,259,0.03853754940711468,0.03853754940711468
kodim19.png,stripes,8,,37,edge_fraction,True,23,RQ2,236,260,-0.009881422924901129,-0.009881422924901129
kodim19.png,stripes,8,,37,glcm_contrast,True,23,RQ2,237,261,0.007905138339921014,0.007905138339921014
kodim19.png,stripes,8,,37,glcm_entropy,True,23,RQ2,238,262,0.038537549407114624,0.038537549407114624
kodim19.png,stripes,8,,37,glcm_homogeneity,True,23,RQ2,239,263,-0.000988142292490224,0.000988142292490224
kodim19.png,stripes,16,,22,sobel_si,True,23,RQ2,216,264,0.05434782608695654,0.05434782608695654
kodim19.png,stripes,16,,22,luma_sd,True,23,RQ2,217,265,0.07905138339920942,0.07905138339920942
kodim19.png,stripes,16,,22,edge_fraction,True,23,RQ2,218,266,0.04644268774703553,0.04644268774703553
kodim19.png,stripes,16,,22,glcm_contrast,True,23,RQ2,219,267,0.0731225296442688,0.0731225296442688
kodim19.png,stripes,16,,22,glcm_entropy,True,23,RQ2,220,268,-0.03853754940711451,-0.03853754940711451
kodim19.png,stripes,16,,22,glcm_homogeneity,True,23,RQ2,221,269,-0.06818181818181823,0.06818181818181823
kodim19.png,stripes,16,,27,sobel_si,True,23,RQ2,222,270,0.03952569169960496,0.03952569169960496
kodim19.png,stripes,16,,27,luma_sd,True,23,RQ2,223,271,0.018774703557312256,0.018774703557312256
kodim19.png,stripes,16,,27,edge_fraction,True,23,RQ2,224,272,0.04940711462450609,0.04940711462450609
kodim19.png,stripes,16,,27,glcm_contrast,True,23,RQ2,225,273,0.08003952569169948,0.08003952569169948
kodim19.png,stripes,16,,27,glcm_entropy,True,23,RQ2,226,274,-0.02075098814229237,-0.02075098814229237
kodim19.png,stripes,16,,27,glcm_homogeneity,True,23,RQ2,227,275,-0.06324110671936767,0.06324110671936767
kodim19.png,stripes,16,,32,sobel_si,True,23,RQ2,228,276,0.03952569169960485,0.03952569169960485
kodim19.png,stripes,16,,32,luma_sd,True,23,RQ2,229,277,0.01778656126482203,0.01778656126482203
kodim19.png,stripes,16,,32,edge_fraction,True,23,RQ2,230,278,0.028656126482213495,0.028656126482213495
kodim19.png,stripes,16,,32,glcm_contrast,True,23,RQ2,231,279,0.05335968379446643,0.05335968379446643
kodim19.png,stripes,16,,32,glcm_entropy,True,23,RQ2,232,280,0.0019762845849803368,0.0019762845849803368
kodim19.png,stripes,16,,32,glcm_homogeneity,True,23,RQ2,233,281,-0.0365612648221344,0.0365612648221344
kodim19.png,stripes,16,,37,sobel_si,True,23,RQ2,234,282,0.03458498023715406,0.03458498023715406
kodim19.png,stripes,16,,37,luma_sd,True,23,RQ2,235,283,0.043478260869565244,0.043478260869565244
kodim19.png,stripes,16,,37,edge_fraction,True,23,RQ2,236,284,-0.01679841897233192,-0.01679841897233192
kodim19.png,stripes,16,,37,glcm_contrast,True,23,RQ2,237,285,0.02075098814229237,0.02075098814229237
kodim19.png,stripes,16,,37,glcm_entropy,True,23,RQ2,238,286,0.00988142292490124,0.00988142292490124
kodim19.png,stripes,16,,37,glcm_homogeneity,True,23,RQ2,239,287,0.0029644268774701166,-0.0029644268774701166
kodim19.png,stripes,32,,22,sobel_si,True,23,RQ2,216,288,0.09683794466403173,0.09683794466403173
kodim19.png,stripes,32,,22,luma_sd,True,23,RQ2,217,289,0.08498023715415015,0.08498023715415015
kodim19.png,stripes,32,,22,edge_fraction,True,23,RQ2,218,290,-0.07608695652173936,-0.07608695652173936
kodim19.png,stripes,32,,22,glcm_contrast,True,23,RQ2,219,291,0.09189723320158105,0.09189723320158105
kodim19.png,stripes,32,,22,glcm_entropy,True,23,RQ2,220,292,-0.10177865612648218,-0.10177865612648218
kodim19.png,stripes,32,,22,glcm_homogeneity,True,23,RQ2,221,293,-0.03458498023715406,0.03458498023715406
kodim19.png,stripes,32,,27,sobel_si,True,23,RQ2,222,294,0.0938735177865615,0.0938735177865615
kodim19.png,stripes,32,,27,luma_sd,True,23,RQ2,223,295,0.05237154150197626,0.05237154150197626
kodim19.png,stripes,32,,27,edge_fraction,True,23,RQ2,224,296,-0.07213438735177868,-0.07213438735177868
kodim19.png,stripes,32,,27,glcm_contrast,True,23,RQ2,225,297,0.0968379446640315,0.0968379446640315
kodim19.png,stripes,32,,27,glcm_entropy,True,23,RQ2,226,298,-0.12747035573122534,-0.12747035573122534
kodim19.png,stripes,32,,27,glcm_homogeneity,True,23,RQ2,227,299,-0.02667984189723316,0.02667984189723316
kodim19.png,stripes,32,,32,sobel_si,True,23,RQ2,228,300,0.045454545454545414,0.045454545454545414
kodim19.png,stripes,32,,32,luma_sd,True,23,RQ2,229,301,0.02272727272727265,0.02272727272727265
kodim19.png,stripes,32,,32,edge_fraction,True,23,RQ2,230,302,-0.07312252964426869,-0.07312252964426869
kodim19.png,stripes,32,,32,glcm_contrast,True,23,RQ2,231,303,0.07015810276679857,0.07015810276679857
kodim19.png,stripes,32,,32,glcm_entropy,True,23,RQ2,232,304,-0.0968379446640315,-0.0968379446640315
kodim19.png,stripes,32,,32,glcm_homogeneity,True,23,RQ2,233,305,-0.01383399209486158,0.01383399209486158
kodim19.png,stripes,32,,37,sobel_si,True,23,RQ2,234,306,0.02766798418972327,0.02766798418972327
kodim19.png,stripes,32,,37,luma_sd,True,23,RQ2,235,307,0.0513833992094862,0.0513833992094862
kodim19.png,stripes,32,,37,edge_fraction,True,23,RQ2,236,308,-0.09782608695652162,-0.09782608695652162
kodim19.png,stripes,32,,37,glcm_contrast,True,23,RQ2,237,309,0.03952569169960474,0.03952569169960474
kodim19.png,stripes,32,,37,glcm_entropy,True,23,RQ2,238,310,-0.0800395256916997,-0.0800395256916997
kodim19.png,stripes,32,,37,glcm_homogeneity,True,23,RQ2,239,311,0.0039525691699603405,-0.0039525691699603405
kodim20.png,awgn,5,20260811,22,sobel_si,True,23,RQ2,216,0,0.07015810276679868,0.07015810276679868
kodim20.png,awgn,5,20260811,22,luma_sd,True,23,RQ2,217,1,-0.03754940711462451,-0.03754940711462451
kodim20.png,awgn,5,20260811,22,edge_fraction,True,23,RQ2,218,2,0.035573122529644174,0.035573122529644174
kodim20.png,awgn,5,20260811,22,glcm_contrast,True,23,RQ2,219,3,0.07312252964426891,0.07312252964426891
kodim20.png,awgn,5,20260811,22,glcm_entropy,True,23,RQ2,220,4,-0.027667984189723493,-0.027667984189723493
kodim20.png,awgn,5,20260811,22,glcm_homogeneity,True,23,RQ2,221,5,-0.025691699604743268,0.025691699604743268
kodim20.png,awgn,5,20260811,27,sobel_si,True,23,RQ2,222,6,-0.007747143017296176,-0.007747143017296176
kodim20.png,awgn,5,20260811,27,luma_sd,True,23,RQ2,223,7,-0.05330571630404904,-0.05330571630404904
kodim20.png,awgn,5,20260811,27,edge_fraction,True,23,RQ2,224,8,0.007615337807857947,0.007615337807857947
kodim20.png,awgn,5,20260811,27,glcm_contrast,True,23,RQ2,225,9,0.021916173106966363,0.021916173106966363
kodim20.png,awgn,5,20260811,27,glcm_entropy,True,23,RQ2,226,10,-0.041340318010121946,-0.041340318010121946
kodim20.png,awgn,5,20260811,27,glcm_homogeneity,True,23,RQ2,227,11,0.0037713751523598127,-0.0037713751523598127
kodim20.png,awgn,5,20260811,32,sobel_si,True,23,RQ2,228,12,-0.0029644268774702276,-0.0029644268774702276
kodim20.png,awgn,5,20260811,32,luma_sd,True,23,RQ2,229,13,-0.015810276679841917,-0.015810276679841917
kodim20.png,awgn,5,20260811,32,edge_fraction,True,23,RQ2,230,14,0.009881422924901129,0.009881422924901129
kodim20.png,awgn,5,20260811,32,glcm_contrast,True,23,RQ2,231,15,0.015810276679841917,0.015810276679841917
kodim20.png,awgn,5,20260811,32,glcm_entropy,True,23,RQ2,232,16,-0.03952569169960474,-0.03952569169960474
kodim20.png,awgn,5,20260811,32,glcm_homogeneity,True,23,RQ2,233,17,-0.006916996047430901,0.006916996047430901
kodim20.png,awgn,5,20260811,37,sobel_si,True,23,RQ2,234,18,0.011857707509881465,0.011857707509881465
kodim20.png,awgn,5,20260811,37,luma_sd,True,23,RQ2,235,19,0.0,0.0
kodim20.png,awgn,5,20260811,37,edge_fraction,True,23,RQ2,236,20,0.0009881422924900019,0.0009881422924900019
kodim20.png,awgn,5,20260811,37,glcm_contrast,True,23,RQ2,237,21,0.01976284584980237,0.01976284584980237
kodim20.png,awgn,5,20260811,37,glcm_entropy,True,23,RQ2,238,22,-0.03754940711462451,-0.03754940711462451
kodim20.png,awgn,5,20260811,37,glcm_homogeneity,True,23,RQ2,239,23,-0.005928853754940788,0.005928853754940788
kodim20.png,awgn,15,20260811,22,sobel_si,True,23,RQ2,216,72,0.26305414966357554,0.26305414966357554
kodim20.png,awgn,15,20260811,22,luma_sd,True,23,RQ2,217,73,0.2219503972854671,0.2219503972854671
kodim20.png,awgn,15,20260811,22,edge_fraction,True,23,RQ2,218,74,0.08074690273332752,0.08074690273332752
kodim20.png,awgn,15,20260811,22,glcm_contrast,True,23,RQ2,219,75,0.12914340896073506,0.12914340896073506
kodim20.png,awgn,15,20260811,22,glcm_entropy,True,23,RQ2,220,76,-0.026032537265753275,-0.026032537265753275
kodim20.png,awgn,15,20260811,22,glcm_homogeneity,True,23,RQ2,221,77,-0.07973727112338602,0.07973727112338602
kodim20.png,awgn,15,20260811,27,sobel_si,True,23,RQ2,222,78,0.183794466403162,0.183794466403162
kodim20.png,awgn,15,20260811,27,luma_sd,True,23,RQ2,223,79,0.19664031620553363,0.19664031620553363
kodim20.png,awgn,15,20260811,27,edge_fraction,True,23,RQ2,224,80,0.021739130434782705,0.021739130434782705
kodim20.png,awgn,15,20260811,27,glcm_contrast,True,23,RQ2,225,81,0.07213438735177846,0.07213438735177846
kodim20.png,awgn,15,20260811,27,glcm_entropy,True,23,RQ2,226,82,-0.11363636363636376,-0.11363636363636376
kodim20.png,awgn,15,20260811,27,glcm_homogeneity,True,23,RQ2,227,83,-0.018774703557312145,0.018774703557312145
kodim20.png,awgn,15,20260811,32,sobel_si,True,23,RQ2,228,84,0.14328063241106748,0.14328063241106748
kodim20.png,awgn,15,20260811,32,luma_sd,True,23,RQ2,229,85,0.1057312252964428,0.1057312252964428
kodim20.png,awgn,15,20260811,32,edge_fraction,True,23,RQ2,230,86,-0.022727272727272485,-0.022727272727272485
kodim20.png,awgn,15,20260811,32,glcm_contrast,True,23,RQ2,231,87,0.014822134387351693,0.014822134387351693
kodim20.png,awgn,15,20260811,32,glcm_entropy,True,23,RQ2,232,88,-0.20158102766798425,-0.20158102766798425
kodim20.png,awgn,15,20260811,32,glcm_homogeneity,True,23,RQ2,233,89,0.02371541501976282,-0.02371541501976282
kodim20.png,awgn,15,20260811,37,sobel_si,True,23,RQ2,234,90,-0.009881422924901129,-0.009881422924901129
kodim20.png,awgn,15,20260811,37,luma_sd,True,23,RQ2,235,91,-0.05138339920948615,-0.05138339920948615
kodim20.png,awgn,15,20260811,37,edge_fraction,True,23,RQ2,236,92,-0.01383399209486147,-0.01383399209486147
kodim20.png,awgn,15,20260811,37,glcm_contrast,True,23,RQ2,237,93,-0.02667984189723338,-0.02667984189723338
kodim20.png,awgn,15,20260811,37,glcm_entropy,True,23,RQ2,238,94,-0.2845849802371541,-0.2845849802371541
kodim20.png,awgn,15,20260811,37,glcm_homogeneity,True,23,RQ2,239,95,0.046442687747035416,-0.046442687747035416
kodim20.png,awgn,30,20260811,22,sobel_si,True,23,RQ2,216,144,0.18101807105339052,0.18101807105339052
kodim20.png,awgn,30,20260811,22,luma_sd,True,23,RQ2,217,145,0.4304999465234073,0.4304999465234073
kodim20.png,awgn,30,20260811,22,edge_fraction,True,23,RQ2,218,146,-0.3472244471246257,-0.3472244471246257
kodim20.png,awgn,30,20260811,22,glcm_contrast,True,23,RQ2,219,147,-0.17577382298194055,-0.17577382298194055
kodim20.png,awgn,30,20260811,22,glcm_entropy,True,23,RQ2,220,148,-0.3353975084101858,-0.3353975084101858
kodim20.png,awgn,30,20260811,22,glcm_homogeneity,True,23,RQ2,221,149,0.709489340566165,-0.709489340566165
kodim20.png,awgn,30,20260811,27,sobel_si,True,23,RQ2,222,150,0.11660079051383399,0.11660079051383399
kodim20.png,awgn,30,20260811,27,luma_sd,True,23,RQ2,223,151,0.21146245059288543,0.21146245059288543
kodim20.png,awgn,30,20260811,27,edge_fraction,True,23,RQ2,224,152,-0.21442687747035571,-0.21442687747035571
kodim20.png,awgn,30,20260811,27,glcm_contrast,True,23,RQ2,225,153,-0.10474308300395285,-0.10474308300395285
kodim20.png,awgn,30,20260811,27,glcm_entropy,True,23,RQ2,226,154,-0.3517786561264823,-0.3517786561264823
kodim20.png,awgn,30,20260811,27,glcm_homogeneity,True,23,RQ2,227,155,0.5622529644268774,-0.5622529644268774
kodim20.png,awgn,30,20260811,32,sobel_si,True,23,RQ2,228,156,0.062252964426877666,0.062252964426877666
kodim20.png,awgn,30,20260811,32,luma_sd,True,23,RQ2,229,157,0.26482213438735175,0.26482213438735175
kodim20.png,awgn,30,20260811,32,edge_fraction,True,23,RQ2,230,158,-0.30731225296442677,-0.30731225296442677
kodim20.png,awgn,30,20260811,32,glcm_contrast,True,23,RQ2,231,159,-0.18972332015810278,-0.18972332015810278
kodim20.png,awgn,30,20260811,32,glcm_entropy,True,23,RQ2,232,160,-0.3804347826086955,-0.3804347826086955
kodim20.png,awgn,30,20260811,32,glcm_homogeneity,True,23,RQ2,233,161,0.6936758893280632,-0.6936758893280632
kodim20.png,awgn,30,20260811,37,sobel_si,True,23,RQ2,234,162,-0.015810276679842028,-0.015810276679842028
kodim20.png,awgn,30,20260811,37,luma_sd,True,23,RQ2,235,163,0.1610671936758894,0.1610671936758894
kodim20.png,awgn,30,20260811,37,edge_fraction,True,23,RQ2,236,164,-0.2875494071146245,-0.2875494071146245
kodim20.png,awgn,30,20260811,37,glcm_contrast,True,23,RQ2,237,165,-0.24308300395256932,-0.24308300395256932
kodim20.png,awgn,30,20260811,37,glcm_entropy,True,23,RQ2,238,166,-0.4802371541501976,-0.4802371541501976
kodim20.png,awgn,30,20260811,37,glcm_homogeneity,True,23,RQ2,239,167,0.6650197628458496,-0.6650197628458496
kodim20.png,clean,0,,22,luma_sd,True,23,RQ1,216,217,-0.3468379446640315,-0.3468379446640315
kodim20.png,clean,0,,22,edge_fraction,True,23,RQ1,216,218,0.20256916996047447,0.20256916996047447
kodim20.png,clean,0,,22,glcm_contrast,True,23,RQ1,216,219,0.06324110671936778,0.06324110671936778
kodim20.png,clean,0,,22,glcm_entropy,True,23,RQ1,216,220,0.06620553359683812,0.06620553359683812
kodim20.png,clean,0,,22,glcm_homogeneity,True,23,RQ1,216,221,-1.276679841897233,0.1166007905138341
kodim20.png,clean,0,,27,luma_sd,True,23,RQ1,222,223,-0.37549407114624495,-0.37549407114624495
kodim20.png,clean,0,,27,edge_fraction,True,23,RQ1,222,224,0.17193675889328064,0.17193675889328064
kodim20.png,clean,0,,27,glcm_contrast,True,23,RQ1,222,225,0.04743083003952586,0.04743083003952586
kodim20.png,clean,0,,27,glcm_entropy,True,23,RQ1,222,226,0.048418972332015864,0.048418972332015864
kodim20.png,clean,0,,27,glcm_homogeneity,True,23,RQ1,222,227,-1.384387351778656,0.08992094861660083
kodim20.png,clean,0,,32,luma_sd,True,23,RQ1,228,229,-0.44268774703557295,-0.44268774703557295
kodim20.png,clean,0,,32,edge_fraction,True,23,RQ1,228,230,0.1541501976284586,0.1541501976284586
kodim20.png,clean,0,,32,glcm_contrast,True,23,RQ1,228,231,0.05335968379446654,0.05335968379446654
kodim20.png,clean,0,,32,glcm_entropy,True,23,RQ1,228,232,0.027667984189723382,0.027667984189723382
kodim20.png,clean,0,,32,glcm_homogeneity,True,23,RQ1,228,233,-1.5335968379446638,0.09090909090909105
kodim20.png,clean,0,,37,luma_sd,True,23,RQ1,234,235,-0.5128458498023716,-0.5128458498023716
kodim20.png,clean,0,,37,edge_fraction,True,23,RQ1,234,236,0.11956521739130421,0.11956521739130421
kodim20.png,clean,0,,37,glcm_contrast,True,23,RQ1,234,237,0.05039525691699598,0.05039525691699598
kodim20.png,clean,0,,37,glcm_entropy,True,23,RQ1,234,238,-0.0029644268774704496,-0.0029644268774704496
kodim20.png,clean,0,,37,glcm_homogeneity,True,23,RQ1,234,239,-1.6274703557312251,0.06620553359683778
kodim20.png,stripes,8,,22,sobel_si,True,23,RQ2,216,240,0.04150197628458496,0.04150197628458496
kodim20.png,stripes,8,,22,luma_sd,True,23,RQ2,217,241,0.0029644268774703386,0.0029644268774703386
kodim20.png,stripes,8,,22,edge_fraction,True,23,RQ2,218,242,0.021739130434782483,0.021739130434782483
kodim20.png,stripes,8,,22,glcm_contrast,True,23,RQ2,219,243,0.022727272727272818,0.022727272727272818
kodim20.png,stripes,8,,22,glcm_entropy,True,23,RQ2,220,244,0.015810276679841806,0.015810276679841806
kodim20.png,stripes,8,,22,glcm_homogeneity,True,23,RQ2,221,245,-0.008893280632411238,0.008893280632411238
kodim20.png,stripes,8,,27,sobel_si,True,23,RQ2,222,246,0.02075098814229248,0.02075098814229248
kodim20.png,stripes,8,,27,luma_sd,True,23,RQ2,223,247,-0.0039525691699604515,-0.0039525691699604515
kodim20.png,stripes,8,,27,edge_fraction,True,23,RQ2,224,248,0.015810276679841917,0.015810276679841917
kodim20.png,stripes,8,,27,glcm_contrast,True,23,RQ2,225,249,0.01778656126482203,0.01778656126482203
kodim20.png,stripes,8,,27,glcm_entropy,True,23,RQ2,226,250,-1.1102230246251565e-16,-1.1102230246251565e-16
kodim20.png,stripes,8,,27,glcm_homogeneity,True,23,RQ2,227,251,-0.010869565217391242,0.010869565217391242
kodim20.png,stripes,8,,32,sobel_si,True,23,RQ2,228,252,-0.0009881422924898908,-0.0009881422924898908
kodim20.png,stripes,8,,32,luma_sd,True,23,RQ2,229,253,-0.0019762845849802257,-0.0019762845849802257
kodim20.png,stripes,8,,32,edge_fraction,True,23,RQ2,230,254,0.004940711462450564,0.004940711462450564
kodim20.png,stripes,8,,32,glcm_contrast,True,23,RQ2,231,255,-0.0029644268774703386,-0.0029644268774703386
kodim20.png,stripes,8,,32,glcm_entropy,True,23,RQ2,232,256,0.005928853754940788,0.005928853754940788
kodim20.png,stripes,8,,32,glcm_homogeneity,True,23,RQ2,233,257,0.005928853754940566,-0.005928853754940566
kodim20.png,stripes,8,,37,sobel_si,True,23,RQ2,234,258,0.02075098814229248,0.02075098814229248
kodim20.png,stripes,8,,37,luma_sd,True,23,RQ2,235,259,0.03952569169960474,0.03952569169960474
kodim20.png,stripes,8,,37,edge_fraction,True,23,RQ2,236,260,0.0039525691699605625,0.0039525691699605625
kodim20.png,stripes,8,,37,glcm_contrast,True,23,RQ2,237,261,0.007905138339920903,0.007905138339920903
kodim20.png,stripes,8,,37,glcm_entropy,True,23,RQ2,238,262,0.039525691699604626,0.039525691699604626
kodim20.png,stripes,8,,37,glcm_homogeneity,True,23,RQ2,239,263,-0.008893280632411238,0.008893280632411238
kodim20.png,stripes,16,,22,sobel_si,True,23,RQ2,216,264,0.008893280632411127,0.008893280632411127
kodim20.png,stripes,16,,22,luma_sd,True,23,RQ2,217,265,0.03853754940711454,0.03853754940711454
kodim20.png,stripes,16,,22,edge_fraction,True,23,RQ2,218,266,0.02371541501976282,0.02371541501976282
kodim20.png,stripes,16,,22,glcm_contrast,True,23,RQ2,219,267,0.03063241106719372,0.03063241106719372
kodim20.png,stripes,16,,22,glcm_entropy,True,23,RQ2,220,268,-0.03458498023715417,-0.03458498023715417
kodim20.png,stripes,16,,22,glcm_homogeneity,True,23,RQ2,221,269,-0.059288537549407105,0.059288537549407105
kodim20.png,stripes,16,,27,sobel_si,True,23,RQ2,222,270,0.01976284584980237,0.01976284584980237
kodim20.png,stripes,16,,27,luma_sd,True,23,RQ2,223,271,-0.005928853754940733,-0.005928853754940733
kodim20.png,stripes,16,,27,edge_fraction,True,23,RQ2,224,272,0.041501976284585074,0.041501976284585074
kodim20.png,stripes,16,,27,glcm_contrast,True,23,RQ2,225,273,0.04841897233201564,0.04841897233201564
kodim20.png,stripes,16,,27,glcm_entropy,True,23,RQ2,226,274,-0.015810276679841917,-0.015810276679841917
kodim20.png,stripes,16,,27,glcm_homogeneity,True,23,RQ2,227,275,-0.06916996047430835,0.06916996047430835
kodim20.png,stripes,16,,32,sobel_si,True,23,RQ2,228,276,0.01679841897233214,0.01679841897233214
kodim20.png,stripes,16,,32,luma_sd,True,23,RQ2,229,277,-0.012845849802371523,-0.012845849802371523
kodim20.png,stripes,16,,32,edge_fraction,True,23,RQ2,230,278,0.015810276679841917,0.015810276679841917
kodim20.png,stripes,16,,32,glcm_contrast,True,23,RQ2,231,279,0.021739130434782594,0.021739130434782594
kodim20.png,stripes,16,,32,glcm_entropy,True,23,RQ2,232,280,-0.008893280632411016,-0.008893280632411016
kodim20.png,stripes,16,,32,glcm_homogeneity,True,23,RQ2,233,281,-0.031620553359683834,0.031620553359683834
kodim20.png,stripes,16,,37,sobel_si,True,23,RQ2,234,282,0.046442687747035416,0.046442687747035416
kodim20.png,stripes,16,,37,luma_sd,True,23,RQ2,235,283,0.052371541501976315,0.052371541501976315
kodim20.png,stripes,16,,37,edge_fraction,True,23,RQ2,236,284,-0.0029644268774702276,-0.0029644268774702276
kodim20.png,stripes,16,,37,glcm_contrast,True,23,RQ2,237,285,0.024703557312252933,0.024703557312252933
kodim20.png,stripes,16,,37,glcm_entropy,True,23,RQ2,238,286,0.01976284584980248,0.01976284584980248
kodim20.png,stripes,16,,37,glcm_homogeneity,True,23,RQ2,239,287,-0.01976284584980259,0.01976284584980259
kodim20.png,stripes,32,,22,sobel_si,True,23,RQ2,216,288,0.065217391304348,0.065217391304348
kodim20.png,stripes,32,,22,luma_sd,True,23,RQ2,217,289,0.044466403162055274,0.044466403162055274
kodim20.png,stripes,32,,22,edge_fraction,True,23,RQ2,218,290,-0.09980237154150207,-0.09980237154150207
kodim20.png,stripes,32,,22,glcm_contrast,True,23,RQ2,219,291,0.039525691699604626,0.039525691699604626
kodim20.png,stripes,32,,22,glcm_entropy,True,23,RQ2,220,292,-0.11166007905138342,-0.11166007905138342
kodim20.png,stripes,32,,22,glcm_homogeneity,True,23,RQ2,221,293,-0.025691699604743046,0.025691699604743046
kodim20.png,stripes,32,,27,sobel_si,True,23,RQ2,222,294,0.07312252964426891,0.07312252964426891
kodim20.png,stripes,32,,27,luma_sd,True,23,RQ2,223,295,-0.006916996047430846,-0.006916996047430846
kodim20.png,stripes,32,,27,edge_fraction,True,23,RQ2,224,296,-0.06719367588932801,-0.06719367588932801
kodim20.png,stripes,32,,27,glcm_contrast,True,23,RQ2,225,297,0.06422924901185767,0.06422924901185767
kodim20.png,stripes,32,,27,glcm_entropy,True,23,RQ2,226,298,-0.11561264822134376,-0.11561264822134376
kodim20.png,stripes,32,,27,glcm_homogeneity,True,23,RQ2,227,299,-0.052371541501976315,0.052371541501976315
kodim20.png,stripes,32,,32,sobel_si,True,23,RQ2,228,300,0.03260869565217417,0.03260869565217417
kodim20.png,stripes,32,,32,luma_sd,True,23,RQ2,229,301,-0.006916996047430846,-0.006916996047430846
kodim20.png,stripes,32,,32,edge_fraction,True,23,RQ2,230,302,-0.08201581027667959,-0.08201581027667959
kodim20.png,stripes,32,,32,glcm_contrast,True,23,RQ2,231,303,0.029644268774703497,0.029644268774703497
kodim20.png,stripes,32,,32,glcm_entropy,True,23,RQ2,232,304,-0.11956521739130421,-0.11956521739130421
kodim20.png,stripes,32,,32,glcm_homogeneity,True,23,RQ2,233,305,-0.009881422924901129,0.009881422924901129
kodim20.png,stripes,32,,37,sobel_si,True,23,RQ2,234,306,0.03458498023715406,0.03458498023715406
kodim20.png,stripes,32,,37,luma_sd,True,23,RQ2,235,307,0.03458498023715412,0.03458498023715412
kodim20.png,stripes,32,,37,edge_fraction,True,23,RQ2,236,308,-0.0741106719367588,-0.0741106719367588
kodim20.png,stripes,32,,37,glcm_contrast,True,23,RQ2,237,309,0.02766798418972327,0.02766798418972327
kodim20.png,stripes,32,,37,glcm_entropy,True,23,RQ2,238,310,-0.0820158102766797,-0.0820158102766797
kodim20.png,stripes,32,,37,glcm_homogeneity,True,23,RQ2,239,311,-0.015810276679841917,0.015810276679841917
kodim21.png,awgn,5,20260811,22,sobel_si,True,23,RQ2,216,0,0.08992094861660094,0.08992094861660094
kodim21.png,awgn,5,20260811,22,luma_sd,True,23,RQ2,217,1,-0.009881422924901184,-0.009881422924901184
kodim21.png,awgn,5,20260811,22,edge_fraction,True,23,RQ2,218,2,0.03656126482213429,0.03656126482213429
kodim21.png,awgn,5,20260811,22,glcm_contrast,True,23,RQ2,219,3,0.11264822134387342,0.11264822134387342
kodim21.png,awgn,5,20260811,22,glcm_entropy,True,23,RQ2,220,4,-0.03260869565217395,-0.03260869565217395
kodim21.png,awgn,5,20260811,22,glcm_homogeneity,True,23,RQ2,221,5,-0.025691699604743157,0.025691699604743157
kodim21.png,awgn,5,20260811,27,sobel_si,True,23,RQ2,222,6,0.008893280632411349,0.008893280632411349
kodim21.png,awgn,5,20260811,27,luma_sd,True,23,RQ2,223,7,-0.06126482213438739,-0.06126482213438739
kodim21.png,awgn,5,20260811,27,edge_fraction,True,23,RQ2,224,8,0.02371541501976282,0.02371541501976282
kodim21.png,awgn,5,20260811,27,glcm_contrast,True,23,RQ2,225,9,0.0731225296442688,0.0731225296442688
kodim21.png,awgn,5,20260811,27,glcm_entropy,True,23,RQ2,226,10,-0.029644268774703608,-0.029644268774703608
kodim21.png,awgn,5,20260811,27,glcm_homogeneity,True,23,RQ2,227,11,-0.004940711462450786,0.004940711462450786
kodim21.png,awgn,5,20260811,32,sobel_si,True,23,RQ2,228,12,0.008893280632411127,0.008893280632411127
kodim21.png,awgn,5,20260811,32,luma_sd,True,23,RQ2,229,13,0.0019762845849802257,0.0019762845849802257
kodim21.png,awgn,5,20260811,32,edge_fraction,True,23,RQ2,230,14,0.007905138339920903,0.007905138339920903
kodim21.png,awgn,5,20260811,32,glcm_contrast,True,23,RQ2,231,15,0.022727272727272818,0.022727272727272818
kodim21.png,awgn,5,20260811,32,glcm_entropy,True,23,RQ2,232,16,-0.042490118577074965,-0.042490118577074965
kodim21.png,awgn,5,20260811,32,glcm_homogeneity,True,23,RQ2,233,17,0.008893280632411127,-0.008893280632411127
kodim21.png,awgn,5,20260811,37,sobel_si,True,23,RQ2,234,18,0.006916996047430901,0.006916996047430901
kodim21.png,awgn,5,20260811,37,luma_sd,True,23,RQ2,235,19,-0.0009881422924901129,-0.0009881422924901129
kodim21.png,awgn,5,20260811,37,edge_fraction,True,23,RQ2,236,20,-0.004940711462450564,-0.004940711462450564
kodim21.png,awgn,5,20260811,37,glcm_contrast,True,23,RQ2,237,21,0.009881422924901129,0.009881422924901129
kodim21.png,awgn,5,20260811,37,glcm_entropy,True,23,RQ2,238,22,-0.04150197628458496,-0.04150197628458496
kodim21.png,awgn,5,20260811,37,glcm_homogeneity,True,23,RQ2,239,23,0.012845849802371467,-0.012845849802371467
kodim21.png,awgn,15,20260811,22,sobel_si,True,23,RQ2,216,72,0.28578459694910807,0.28578459694910807
kodim21.png,awgn,15,20260811,22,luma_sd,True,23,RQ2,217,73,0.3607906163984538,0.3607906163984538
kodim21.png,awgn,15,20260811,22,edge_fraction,True,23,RQ2,218,74,-0.042797501277962335,-0.042797501277962335
kodim21.png,awgn,15,20260811,22,glcm_contrast,True,23,RQ2,219,75,0.02734106574569861,0.02734106574569861
kodim21.png,awgn,15,20260811,22,glcm_entropy,True,23,RQ2,220,76,-0.15945470125010575,-0.15945470125010575
kodim21.png,awgn,15,20260811,22,glcm_homogeneity,True,23,RQ2,221,77,0.039850656569315634,-0.039850656569315634
kodim21.png,awgn,15,20260811,27,sobel_si,True,23,RQ2,222,78,0.22924901185770752,0.22924901185770752
kodim21.png,awgn,15,20260811,27,luma_sd,True,23,RQ2,223,79,0.30039525691699603,0.30039525691699603
kodim21.png,awgn,15,20260811,27,edge_fraction,True,23,RQ2,224,80,-0.03656126482213429,-0.03656126482213429
kodim21.png,awgn,15,20260811,27,glcm_contrast,True,23,RQ2,225,81,0.035573122529644174,0.035573122529644174
kodim21.png,awgn,15,20260811,27,glcm_entropy,True,23,RQ2,226,82,-0.1699604743083004,-0.1699604743083004
kodim21.png,awgn,15,20260811,27,glcm_homogeneity,True,23,RQ2,227,83,0.038537549407114624,-0.038537549407114624
kodim21.png,awgn,15,20260811,32,sobel_si,True,23,RQ2,228,84,0.12450592885375478,0.12450592885375478
kodim21.png,awgn,15,20260811,32,luma_sd,True,23,RQ2,229,85,0.09881422924901184,0.09881422924901184
kodim21.png,awgn,15,20260811,32,edge_fraction,True,23,RQ2,230,86,-0.02667984189723316,-0.02667984189723316
kodim21.png,awgn,15,20260811,32,glcm_contrast,True,23,RQ2,231,87,0.02075098814229237,0.02075098814229237
kodim21.png,awgn,15,20260811,32,glcm_entropy,True,23,RQ2,232,88,-0.1758893280632411,-0.1758893280632411
kodim21.png,awgn,15,20260811,32,glcm_homogeneity,True,23,RQ2,233,89,0.018774703557312256,-0.018774703557312256
kodim21.png,awgn,15,20260811,37,sobel_si,True,23,RQ2,234,90,-0.07213438735177846,-0.07213438735177846
kodim21.png,awgn,15,20260811,37,luma_sd,True,23,RQ2,235,91,-0.14822134387351776,-0.14822134387351776
kodim21.png,awgn,15,20260811,37,edge_fraction,True,23,RQ2,236,92,0.0039525691699606735,0.0039525691699606735
kodim21.png,awgn,15,20260811,37,glcm_contrast,True,23,RQ2,237,93,-0.004940711462450564,-0.004940711462450564
kodim21.png,awgn,15,20260811,37,glcm_entropy,True,23,RQ2,238,94,-0.24703557312252977,-0.24703557312252977
kodim21.png,awgn,15,20260811,37,glcm_homogeneity,True,23,RQ2,239,95,0.01383399209486158,-0.01383399209486158
kodim21.png,awgn,30,20260811,22,sobel_si,True,23,RQ2,216,144,0.17212015068198416,0.17212015068198416
kodim21.png,awgn,30,20260811,22,luma_sd,True,23,RQ2,217,145,0.5871311224434221,0.5871311224434221
kodim21.png,awgn,30,20260811,22,edge_fraction,True,23,RQ2,218,146,-0.5231533350677204,-0.5231533350677204
kodim21.png,awgn,30,20260811,22,glcm_contrast,True,23,RQ2,219,147,-0.3487399934250893,-0.3487399934250893
kodim21.png,awgn,30,20260811,22,glcm_entropy,True,23,RQ2,220,148,-0.5360299536655335,-0.5360299536655335
kodim21.png,awgn,30,20260811,22,glcm_homogeneity,True,23,RQ2,221,149,0.8547753169801295,-0.8547753169801295
kodim21.png,awgn,30,20260811,27,sobel_si,True,23,RQ2,222,150,0.1541501976284585,0.1541501976284585
kodim21.png,awgn,30,20260811,27,luma_sd,True,23,RQ2,223,151,0.40118577075098816,0.40118577075098816
kodim21.png,awgn,30,20260811,27,edge_fraction,True,23,RQ2,224,152,-0.35573122529644274,-0.35573122529644274
kodim21.png,awgn,30,20260811,27,glcm_contrast,True,23,RQ2,225,153,-0.22826086956521746,-0.22826086956521746
kodim21.png,awgn,30,20260811,27,glcm_entropy,True,23,RQ2,226,154,-0.49604743083003944,-0.49604743083003944
kodim21.png,awgn,30,20260811,27,glcm_homogeneity,True,23,RQ2,227,155,0.6798418972332015,-0.6798418972332015
kodim21.png,awgn,30,20260811,32,sobel_si,True,23,RQ2,228,156,0.08596837944664015,0.08596837944664015
kodim21.png,awgn,30,20260811,32,luma_sd,True,23,RQ2,229,157,0.39130434782608686,0.39130434782608686
kodim21.png,awgn,30,20260811,32,edge_fraction,True,23,RQ2,230,158,-0.40019762845849816,-0.40019762845849816
kodim21.png,awgn,30,20260811,32,glcm_contrast,True,23,RQ2,231,159,-0.2934782608695652,-0.2934782608695652
kodim21.png,awgn,30,20260811,32,glcm_entropy,True,23,RQ2,232,160,-0.47332015810276673,-0.47332015810276673
kodim21.png,awgn,30,20260811,32,glcm_homogeneity,True,23,RQ2,233,161,0.7628458498023716,-0.7628458498023716
kodim21.png,awgn,30,20260811,37,sobel_si,True,23,RQ2,234,162,-0.04940711462450598,-0.04940711462450598
kodim21.png,awgn,30,20260811,37,luma_sd,True,23,RQ2,235,163,0.062252964426877444,0.062252964426877444
kodim21.png,awgn,30,20260811,37,edge_fraction,True,23,RQ2,236,164,-0.2529644268774702,-0.2529644268774702
kodim21.png,awgn,30,20260811,37,glcm_contrast,True,23,RQ2,237,165,-0.2065217391304347,-0.2065217391304347
kodim21.png,awgn,30,20260811,37,glcm_entropy,True,23,RQ2,238,166,-0.41106719367588956,-0.41106719367588956
kodim21.png,awgn,30,20260811,37,glcm_homogeneity,True,23,RQ2,239,167,0.58399209486166,-0.58399209486166
kodim21.png,clean,0,,22,luma_sd,True,23,RQ1,216,217,-0.450592885375494,-0.450592885375494
kodim21.png,clean,0,,22,edge_fraction,True,23,RQ1,216,218,0.22826086956521752,0.22826086956521752
kodim21.png,clean,0,,22,glcm_contrast,True,23,RQ1,216,219,0.07905138339920958,0.07905138339920958
kodim21.png,clean,0,,22,glcm_entropy,True,23,RQ1,216,220,0.1166007905138341,0.1166007905138341
kodim21.png,clean,0,,22,glcm_homogeneity,True,23,RQ1,216,221,-1.2944664031620552,0.1541501976284586
kodim21.png,clean,0,,27,luma_sd,True,23,RQ1,222,223,-0.4565217391304347,-0.4565217391304347
kodim21.png,clean,0,,27,edge_fraction,True,23,RQ1,222,224,0.20948616600790515,0.20948616600790515
kodim21.png,clean,0,,27,glcm_contrast,True,23,RQ1,222,225,0.07114624505928857,0.07114624505928857
kodim21.png,clean,0,,27,glcm_entropy,True,23,RQ1,222,226,0.09881422924901184,0.09881422924901184
kodim21.png,clean,0,,27,glcm_homogeneity,True,23,RQ1,222,227,-1.3577075098814229,0.14229249011857714
kodim21.png,clean,0,,32,luma_sd,True,23,RQ1,228,229,-0.5088932806324111,-0.5088932806324111
kodim21.png,clean,0,,32,edge_fraction,True,23,RQ1,228,230,0.1551383399209486,0.1551383399209486
kodim21.png,clean,0,,32,glcm_contrast,True,23,RQ1,228,231,0.05830039525691688,0.05830039525691688
kodim21.png,clean,0,,32,glcm_entropy,True,23,RQ1,228,232,0.032608695652173836,0.032608695652173836
kodim21.png,clean,0,,32,glcm_homogeneity,True,23,RQ1,228,233,-1.516798418972332,0.0958498023715415
kodim21.png,clean,0,,37,luma_sd,True,23,RQ1,234,235,-0.5444664031620553,-0.5444664031620553
kodim21.png,clean,0,,37,edge_fraction,True,23,RQ1,234,236,0.11166007905138331,0.11166007905138331
kodim21.png,clean,0,,37,glcm_contrast,True,23,RQ1,234,237,0.052371541501976315,0.052371541501976315
kodim21.png,clean,0,,37,glcm_entropy,True,23,RQ1,234,238,-0.014822134387351582,-0.014822134387351582
kodim21.png,clean,0,,37,glcm_homogeneity,True,23,RQ1,234,239,-1.617588932806324,0.05434782608695654
kodim21.png,stripes,8,,22,sobel_si,True,23,RQ2,216,240,0.04051383399209496,0.04051383399209496
kodim21.png,stripes,8,,22,luma_sd,True,23,RQ2,217,241,0.022727272727272707,0.022727272727272707
kodim21.png,stripes,8,,22,edge_fraction,True,23,RQ2,218,242,0.02371541501976271,0.02371541501976271
kodim21.png,stripes,8,,22,glcm_contrast,True,23,RQ2,219,243,0.021739130434782594,0.021739130434782594
kodim21.png,stripes,8,,22,glcm_entropy,True,23,RQ2,220,244,-0.008893280632411349,-0.008893280632411349
kodim21.png,stripes,8,,22,glcm_homogeneity,True,23,RQ2,221,245,0.0039525691699604515,-0.0039525691699604515
kodim21.png,stripes,8,,27,sobel_si,True,23,RQ2,222,246,0.07707509881422936,0.07707509881422936
kodim21.png,stripes,8,,27,luma_sd,True,23,RQ2,223,247,0.06422924901185775,0.06422924901185775
kodim21.png,stripes,8,,27,edge_fraction,True,23,RQ2,224,248,0.015810276679841917,0.015810276679841917
kodim21.png,stripes,8,,27,glcm_contrast,True,23,RQ2,225,249,0.04249011857707519,0.04249011857707519
kodim21.png,stripes,8,,27,glcm_entropy,True,23,RQ2,226,250,-0.005928853754940677,-0.005928853754940677
kodim21.png,stripes,8,,27,glcm_homogeneity,True,23,RQ2,227,251,0.0039525691699605625,-0.0039525691699605625
kodim21.png,stripes,8,,32,sobel_si,True,23,RQ2,228,252,0.005928853754940788,0.005928853754940788
kodim21.png,stripes,8,,32,luma_sd,True,23,RQ2,229,253,0.02371541501976282,0.02371541501976282
kodim21.png,stripes,8,,32,edge_fraction,True,23,RQ2,230,254,-0.008893280632411127,-0.008893280632411127
kodim21.png,stripes,8,,32,glcm_contrast,True,23,RQ2,231,255,-0.006916996047430679,-0.006916996047430679
kodim21.png,stripes,8,,32,glcm_entropy,True,23,RQ2,232,256,-0.00988142292490124,-0.00988142292490124
kodim21.png,stripes,8,,32,glcm_homogeneity,True,23,RQ2,233,257,0.025691699604743157,-0.025691699604743157
kodim21.png,stripes,8,,37,sobel_si,True,23,RQ2,234,258,0.018774703557312367,0.018774703557312367
kodim21.png,stripes,8,,37,luma_sd,True,23,RQ2,235,259,0.0365612648221344,0.0365612648221344
kodim21.png,stripes,8,,37,edge_fraction,True,23,RQ2,236,260,-0.009881422924901129,-0.009881422924901129
kodim21.png,stripes,8,,37,glcm_contrast,True,23,RQ2,237,261,0.004940711462450675,0.004940711462450675
kodim21.png,stripes,8,,37,glcm_entropy,True,23,RQ2,238,262,0.03754940711462429,0.03754940711462429
kodim21.png,stripes,8,,37,glcm_homogeneity,True,23,RQ2,239,263,-1.1102230246251565e-16,1.1102230246251565e-16
kodim21.png,stripes,16,,22,sobel_si,True,23,RQ2,216,264,0.008893280632411127,0.008893280632411127
kodim21.png,stripes,16,,22,luma_sd,True,23,RQ2,217,265,0.07411067193675891,0.07411067193675891
kodim21.png,stripes,16,,22,edge_fraction,True,23,RQ2,218,266,0.028656126482213384,0.028656126482213384
kodim21.png,stripes,16,,22,glcm_contrast,True,23,RQ2,219,267,0.049407114624505755,0.049407114624505755
kodim21.png,stripes,16,,22,glcm_entropy,True,23,RQ2,220,268,-0.058300395256917104,-0.058300395256917104
kodim21.png,stripes,16,,22,glcm_homogeneity,True,23,RQ2,221,269,-0.049407114624505866,0.049407114624505866
kodim21.png,stripes,16,,27,sobel_si,True,23,RQ2,222,270,0.024703557312253044,0.024703557312253044
kodim21.png,stripes,16,,27,luma_sd,True,23,RQ2,223,271,0.013833992094861663,0.013833992094861663
kodim21.png,stripes,16,,27,edge_fraction,True,23,RQ2,224,272,0.05138339920948631,0.05138339920948631
kodim21.png,stripes,16,,27,glcm_contrast,True,23,RQ2,225,273,0.07905138339920947,0.07905138339920947
kodim21.png,stripes,16,,27,glcm_entropy,True,23,RQ2,226,274,-0.019762845849802257,-0.019762845849802257
kodim21.png,stripes,16,,27,glcm_homogeneity,True,23,RQ2,227,275,-0.06818181818181823,0.06818181818181823
kodim21.png,stripes,16,,32,sobel_si,True,23,RQ2,228,276,0.004940711462450675,0.004940711462450675
kodim21.png,stripes,16,,32,luma_sd,True,23,RQ2,229,277,0.019762845849802313,0.019762845849802313
kodim21.png,stripes,16,,32,edge_fraction,True,23,RQ2,230,278,0.008893280632411016,0.008893280632411016
kodim21.png,stripes,16,,32,glcm_contrast,True,23,RQ2,231,279,0.023715415019763042,0.023715415019763042
kodim21.png,stripes,16,,32,glcm_entropy,True,23,RQ2,232,280,-0.029644268774703497,-0.029644268774703497
kodim21.png,stripes,16,,32,glcm_homogeneity,True,23,RQ2,233,281,-0.008893280632411016,0.008893280632411016
kodim21.png,stripes,16,,37,sobel_si,True,23,RQ2,234,282,0.031620553359683945,0.031620553359683945
kodim21.png,stripes,16,,37,luma_sd,True,23,RQ2,235,283,0.03952569169960474,0.03952569169960474
kodim21.png,stripes,16,,37,edge_fraction,True,23,RQ2,236,284,-0.01086956521739113,-0.01086956521739113
kodim21.png,stripes,16,,37,glcm_contrast,True,23,RQ2,237,285,0.02075098814229248,0.02075098814229248
kodim21.png,stripes,16,,37,glcm_entropy,True,23,RQ2,238,286,0.009881422924901129,0.009881422924901129
kodim21.png,stripes,16,,37,glcm_homogeneity,True,23,RQ2,239,287,0.0019762845849800037,-0.0019762845849800037
kodim21.png,stripes,32,,22,sobel_si,True,23,RQ2,216,288,0.05039525691699609,0.05039525691699609
kodim21.png,stripes,32,,22,luma_sd,True,23,RQ2,217,289,0.08003952569169959,0.08003952569169959
kodim21.png,stripes,32,,22,edge_fraction,True,23,RQ2,218,290,-0.11363636363636387,-0.11363636363636387
kodim21.png,stripes,32,,22,glcm_contrast,True,23,RQ2,219,291,0.06126482213438733,0.06126482213438733
kodim21.png,stripes,32,,22,glcm_entropy,True,23,RQ2,220,292,-0.13043478260869568,-0.13043478260869568
kodim21.png,stripes,32,,22,glcm_homogeneity,True,23,RQ2,221,293,-0.018774703557312034,0.018774703557312034
kodim21.png,stripes,32,,27,sobel_si,True,23,RQ2,222,294,0.08498023715415037,0.08498023715415037
kodim21.png,stripes,32,,27,luma_sd,True,23,RQ2,223,295,0.05533596837944657,0.05533596837944657
kodim21.png,stripes,32,,27,edge_fraction,True,23,RQ2,224,296,-0.09090909090909094,-0.09090909090909094
kodim21.png,stripes,32,,27,glcm_contrast,True,23,RQ2,225,297,0.08893280632411082,0.08893280632411082
kodim21.png,stripes,32,,27,glcm_entropy,True,23,RQ2,226,298,-0.14130434782608692,-0.14130434782608692
kodim21.png,stripes,32,,27,glcm_homogeneity,True,23,RQ2,227,299,-0.021739130434782594,0.021739130434782594
kodim21.png,stripes,32,,32,sobel_si,True,23,RQ2,228,300,0.006916996047430901,0.006916996047430901
kodim21.png,stripes,32,,32,luma_sd,True,23,RQ2,229,301,0.014822134387351804,0.014822134387351804
kodim21.png,stripes,32,,32,edge_fraction,True,23,RQ2,230,302,-0.11660079051383399,-0.11660079051383399
kodim21.png,stripes,32,,32,glcm_contrast,True,23,RQ2,231,303,0.027667984189723493,0.027667984189723493
kodim21.png,stripes,32,,32,glcm_entropy,True,23,RQ2,232,304,-0.15415019762845827,-0.15415019762845827
kodim21.png,stripes,32,,32,glcm_homogeneity,True,23,RQ2,233,305,0.021739130434782594,-0.021739130434782594
kodim21.png,stripes,32,,37,sobel_si,True,23,RQ2,234,306,0.012845849802371578,0.012845849802371578
kodim21.png,stripes,32,,37,luma_sd,True,23,RQ2,235,307,0.037549407114624456,0.037549407114624456
kodim21.png,stripes,32,,37,edge_fraction,True,23,RQ2,236,308,-0.12845849802371512,-0.12845849802371512
kodim21.png,stripes,32,,37,glcm_contrast,True,23,RQ2,237,309,0.02075098814229248,0.02075098814229248
kodim21.png,stripes,32,,37,glcm_entropy,True,23,RQ2,238,310,-0.12549407114624522,-0.12549407114624522
kodim21.png,stripes,32,,37,glcm_homogeneity,True,23,RQ2,239,311,0.021739130434782483,-0.021739130434782483
kodim22.png,awgn,5,20260811,22,sobel_si,True,23,RQ2,216,0,0.0731225296442688,0.0731225296442688
kodim22.png,awgn,5,20260811,22,luma_sd,True,23,RQ2,217,1,-0.029644268774703553,-0.029644268774703553
kodim22.png,awgn,5,20260811,22,edge_fraction,True,23,RQ2,218,2,0.028656126482213384,0.028656126482213384
kodim22.png,awgn,5,20260811,22,glcm_contrast,True,23,RQ2,219,3,0.09683794466403162,0.09683794466403162
kodim22.png,awgn,5,20260811,22,glcm_entropy,True,23,RQ2,220,4,-0.048418972332015975,-0.048418972332015975
kodim22.png,awgn,5,20260811,22,glcm_homogeneity,True,23,RQ2,221,5,-0.006916996047430901,0.006916996047430901
kodim22.png,awgn,5,20260811,27,sobel_si,True,23,RQ2,222,6,-0.003796283224860142,-0.003796283224860142
kodim22.png,awgn,5,20260811,27,luma_sd,True,23,RQ2,223,7,-0.07161919318326612,-0.07161919318326612
kodim22.png,awgn,5,20260811,27,edge_fraction,True,23,RQ2,224,8,0.012558735434989643,0.012558735434989643
kodim22.png,awgn,5,20260811,27,glcm_contrast,True,23,RQ2,225,9,0.05551813918420412,0.05551813918420412
kodim22.png,awgn,5,20260811,27,glcm_entropy,True,23,RQ2,226,10,-0.05418372584460118,-0.05418372584460118
kodim22.png,awgn,5,20260811,27,glcm_homogeneity,True,23,RQ2,227,11,0.0067311622908351465,-0.0067311622908351465
kodim22.png,awgn,5,20260811,32,sobel_si,True,23,RQ2,228,12,0.01679841897233203,0.01679841897233203
kodim22.png,awgn,5,20260811,32,luma_sd,True,23,RQ2,229,13,0.012845849802371523,0.012845849802371523
kodim22.png,awgn,5,20260811,32,edge_fraction,True,23,RQ2,230,14,0.013833992094861691,0.013833992094861691
kodim22.png,awgn,5,20260811,32,glcm_contrast,True,23,RQ2,231,15,0.02766798418972316,0.02766798418972316
kodim22.png,awgn,5,20260811,32,glcm_entropy,True,23,RQ2,232,16,-0.035573122529644174,-0.035573122529644174
kodim22.png,awgn,5,20260811,32,glcm_homogeneity,True,23,RQ2,233,17,0.0,0.0
kodim22.png,awgn,5,20260811,37,sobel_si,True,23,RQ2,234,18,0.011857707509881465,0.011857707509881465
kodim22.png,awgn,5,20260811,37,luma_sd,True,23,RQ2,235,19,0.0,0.0
kodim22.png,awgn,5,20260811,37,edge_fraction,True,23,RQ2,236,20,-0.004940711462450675,-0.004940711462450675
kodim22.png,awgn,5,20260811,37,glcm_contrast,True,23,RQ2,237,21,0.015810276679841806,0.015810276679841806
kodim22.png,awgn,5,20260811,37,glcm_entropy,True,23,RQ2,238,22,-0.03359683794466417,-0.03359683794466417
kodim22.png,awgn,5,20260811,37,glcm_homogeneity,True,23,RQ2,239,23,0.0029644268774702276,-0.0029644268774702276
kodim22.png,awgn,15,20260811,22,sobel_si,True,23,RQ2,216,72,0.2679953495196047,0.2679953495196047
kodim22.png,awgn,15,20260811,22,luma_sd,True,23,RQ2,217,73,0.34893095531425866,0.34893095531425866
kodim22.png,awgn,15,20260811,22,edge_fraction,True,23,RQ2,218,74,-0.031926959273414046,-0.031926959273414046
kodim22.png,awgn,15,20260811,22,glcm_contrast,True,23,RQ2,219,75,0.032279335240256946,0.032279335240256946
kodim22.png,awgn,15,20260811,22,glcm_entropy,True,23,RQ2,220,76,-0.13672376557099486,-0.13672376557099486
kodim22.png,awgn,15,20260811,22,glcm_homogeneity,True,23,RQ2,221,77,0.05270065771710397,-0.05270065771710397
kodim22.png,awgn,15,20260811,27,sobel_si,True,23,RQ2,222,78,0.19960474308300402,0.19960474308300402
kodim22.png,awgn,15,20260811,27,luma_sd,True,23,RQ2,223,79,0.27470355731225304,0.27470355731225304
kodim22.png,awgn,15,20260811,27,edge_fraction,True,23,RQ2,224,80,-0.027667984189723382,-0.027667984189723382
kodim22.png,awgn,15,20260811,27,glcm_contrast,True,23,RQ2,225,81,0.036561264822134176,0.036561264822134176
kodim22.png,awgn,15,20260811,27,glcm_entropy,True,23,RQ2,226,82,-0.15711462450592883,-0.15711462450592883
kodim22.png,awgn,15,20260811,27,glcm_homogeneity,True,23,RQ2,227,83,0.0513833992094862,-0.0513833992094862
kodim22.png,awgn,15,20260811,32,sobel_si,True,23,RQ2,228,84,0.11758893280632432,0.11758893280632432
kodim22.png,awgn,15,20260811,32,luma_sd,True,23,RQ2,229,85,0.08695652173913032,0.08695652173913032
kodim22.png,awgn,15,20260811,32,edge_fraction,True,23,RQ2,230,86,-0.014822134387351693,-0.014822134387351693
kodim22.png,awgn,15,20260811,32,glcm_contrast,True,23,RQ2,231,87,0.029644268774703608,0.029644268774703608
kodim22.png,awgn,15,20260811,32,glcm_entropy,True,23,RQ2,232,88,-0.1679841897233203,-0.1679841897233203
kodim22.png,awgn,15,20260811,32,glcm_homogeneity,True,23,RQ2,233,89,0.018774703557312145,-0.018774703557312145
kodim22.png,awgn,15,20260811,37,sobel_si,True,23,RQ2,234,90,-0.05830039525691699,-0.05830039525691699
kodim22.png,awgn,15,20260811,37,luma_sd,True,23,RQ2,235,91,-0.13043478260869562,-0.13043478260869562
kodim22.png,awgn,15,20260811,37,edge_fraction,True,23,RQ2,236,92,0.006916996047431012,0.006916996047431012
kodim22.png,awgn,15,20260811,37,glcm_contrast,True,23,RQ2,237,93,-0.00691699604743079,-0.00691699604743079
kodim22.png,awgn,15,20260811,37,glcm_entropy,True,23,RQ2,238,94,-0.23517786561264842,-0.23517786561264842
kodim22.png,awgn,15,20260811,37,glcm_homogeneity,True,23,RQ2,239,95,0.022727272727272596,-0.022727272727272596
kodim22.png,awgn,30,20260811,22,sobel_si,True,23,RQ2,216,144,0.15284832351856148,0.15284832351856148
kodim22.png,awgn,30,20260811,22,luma_sd,True,23,RQ2,217,145,0.5831785532734617,0.5831785532734617
kodim22.png,awgn,30,20260811,22,edge_fraction,True,23,RQ2,218,146,-0.5271085904023622,-0.5271085904023622
kodim22.png,awgn,30,20260811,22,glcm_contrast,True,23,RQ2,219,147,-0.3368830185055755,-0.3368830185055755
kodim22.png,awgn,30,20260811,22,glcm_entropy,True,23,RQ2,220,148,-0.5281248153256126,-0.5281248153256126
kodim22.png,awgn,30,20260811,22,glcm_homogeneity,True,23,RQ2,221,149,0.8508227478101691,-0.8508227478101691
kodim22.png,awgn,30,20260811,27,sobel_si,True,23,RQ2,222,150,0.10671936758893286,0.10671936758893286
kodim22.png,awgn,30,20260811,27,luma_sd,True,23,RQ2,223,151,0.38438735177865613,0.38438735177865613
kodim22.png,awgn,30,20260811,27,edge_fraction,True,23,RQ2,224,152,-0.36067193675889336,-0.36067193675889336
kodim22.png,awgn,30,20260811,27,glcm_contrast,True,23,RQ2,225,153,-0.21541501976284605,-0.21541501976284605
kodim22.png,awgn,30,20260811,27,glcm_entropy,True,23,RQ2,226,154,-0.4861660079051383,-0.4861660079051383
kodim22.png,awgn,30,20260811,27,glcm_homogeneity,True,23,RQ2,227,155,0.6590909090909091,-0.6590909090909091
kodim22.png,awgn,30,20260811,32,sobel_si,True,23,RQ2,228,156,0.07608695652173947,0.07608695652173947
kodim22.png,awgn,30,20260811,32,luma_sd,True,23,RQ2,229,157,0.4051383399209485,0.4051383399209485
kodim22.png,awgn,30,20260811,32,edge_fraction,True,23,RQ2,230,158,-0.4031620553359684,-0.4031620553359684
kodim22.png,awgn,30,20260811,32,glcm_contrast,True,23,RQ2,231,159,-0.2796442687747036,-0.2796442687747036
kodim22.png,awgn,30,20260811,32,glcm_entropy,True,23,RQ2,232,160,-0.46640316205533594,-0.46640316205533594
kodim22.png,awgn,30,20260811,32,glcm_homogeneity,True,23,RQ2,233,161,0.7539525691699605,-0.7539525691699605
kodim22.png,awgn,30,20260811,37,sobel_si,True,23,RQ2,234,162,-0.058300395256917215,-0.058300395256917215
kodim22.png,awgn,30,20260811,37,luma_sd,True,23,RQ2,235,163,0.07213438735177874,0.07213438735177874
kodim22.png,awgn,30,20260811,37,edge_fraction,True,23,RQ2,236,164,-0.23913043478260854,-0.23913043478260854
kodim22.png,awgn,30,20260811,37,glcm_contrast,True,23,RQ2,237,165,-0.18181818181818188,-0.18181818181818188
kodim22.png,awgn,30,20260811,37,glcm_entropy,True,23,RQ2,238,166,-0.38833992094861675,-0.38833992094861675
kodim22.png,awgn,30,20260811,37,glcm_homogeneity,True,23,RQ2,239,167,0.5484189723320156,-0.5484189723320156
kodim22.png,clean,0,,22,luma_sd,True,23,RQ1,216,217,-0.4535573122529645,-0.4535573122529645
kodim22.png,clean,0,,22,edge_fraction,True,23,RQ1,216,218,0.21442687747035571,0.21442687747035571
kodim22.png,clean,0,,22,glcm_contrast,True,23,RQ1,216,219,0.05731225296442688,0.05731225296442688
kodim22.png,clean,0,,22,glcm_entropy,True,23,RQ1,216,220,0.10177865612648229,0.10177865612648229
kodim22.png,clean,0,,22,glcm_homogeneity,True,23,RQ1,216,221,-1.2974308300395259,0.14328063241106725
kodim22.png,clean,0,,27,luma_sd,True,23,RQ1,222,223,-0.4792490118577074,-0.4792490118577074
kodim22.png,clean,0,,27,edge_fraction,True,23,RQ1,222,224,0.18873517786561278,0.18873517786561278
kodim22.png,clean,0,,27,glcm_contrast,True,23,RQ1,222,225,0.045454545454545636,0.045454545454545636
kodim22.png,clean,0,,27,glcm_entropy,True,23,RQ1,222,226,0.08201581027667981,0.08201581027667981
kodim22.png,clean,0,,27,glcm_homogeneity,True,23,RQ1,222,227,-1.3952569169960474,0.12252964426877477
kodim22.png,clean,0,,32,luma_sd,True,23,RQ1,228,229,-0.5276679841897232,-0.5276679841897232
kodim22.png,clean,0,,32,edge_fraction,True,23,RQ1,228,230,0.14426877470355737,0.14426877470355737
kodim22.png,clean,0,,32,glcm_contrast,True,23,RQ1,228,231,0.038537549407114735,0.038537549407114735
kodim22.png,clean,0,,32,glcm_entropy,True,23,RQ1,228,232,0.020750988142292592,0.020750988142292592
kodim22.png,clean,0,,32,glcm_homogeneity,True,23,RQ1,228,233,-1.5128458498023714,0.08201581027667992
kodim22.png,clean,0,,37,luma_sd,True,23,RQ1,234,235,-0.5721343873517788,-0.5721343873517788
kodim22.png,clean,0,,37,edge_fraction,True,23,RQ1,234,236,0.10375494071146218,0.10375494071146218
kodim22.png,clean,0,,37,glcm_contrast,True,23,RQ1,234,237,0.03853754940711451,0.03853754940711451
kodim22.png,clean,0,,37,glcm_entropy,True,23,RQ1,234,238,-0.027667984189723382,-0.027667984189723382
kodim22.png,clean,0,,37,glcm_homogeneity,True,23,RQ1,234,239,-1.6235177865612647,0.04446640316205508
kodim22.png,stripes,8,,22,sobel_si,True,23,RQ2,216,240,0.046442687747035416,0.046442687747035416
kodim22.png,stripes,8,,22,luma_sd,True,23,RQ2,217,241,0.014822134387351776,0.014822134387351776
kodim22.png,stripes,8,,22,edge_fraction,True,23,RQ2,218,242,0.03063241106719361,0.03063241106719361
kodim22.png,stripes,8,,22,glcm_contrast,True,23,RQ2,219,243,0.024703557312252822,0.024703557312252822
kodim22.png,stripes,8,,22,glcm_entropy,True,23,RQ2,220,244,-0.000988142292490446,-0.000988142292490446
kodim22.png,stripes,8,,22,glcm_homogeneity,True,23,RQ2,221,245,0.000988142292490224,-0.000988142292490224
kodim22.png,stripes,8,,27,sobel_si,True,23,RQ2,222,246,0.04644268774703575,0.04644268774703575
kodim22.png,stripes,8,,27,luma_sd,True,23,RQ2,223,247,0.0424901185770751,0.0424901185770751
kodim22.png,stripes,8,,27,edge_fraction,True,23,RQ2,224,248,0.004940711462450453,0.004940711462450453
kodim22.png,stripes,8,,27,glcm_contrast,True,23,RQ2,225,249,0.021739130434782483,0.021739130434782483
kodim22.png,stripes,8,,27,glcm_entropy,True,23,RQ2,226,250,-0.022727272727272707,-0.022727272727272707
kodim22.png,stripes,8,,27,glcm_homogeneity,True,23,RQ2,227,251,0.02075098814229248,-0.02075098814229248
kodim22.png,stripes,8,,32,sobel_si,True,23,RQ2,228,252,0.0029644268774704496,0.0029644268774704496
kodim22.png,stripes,8,,32,luma_sd,True,23,RQ2,229,253,0.022727272727272707,0.022727272727272707
kodim22.png,stripes,8,,32,edge_fraction,True,23,RQ2,230,254,-0.005928853754940788,-0.005928853754940788
kodim22.png,stripes,8,,32,glcm_contrast,True,23,RQ2,231,255,-0.007905138339920903,-0.007905138339920903
kodim22.png,stripes,8,,32,glcm_entropy,True,23,RQ2,232,256,-0.007905138339921125,-0.007905138339921125
kodim22.png,stripes,8,,32,glcm_homogeneity,True,23,RQ2,233,257,0.021739130434782594,-0.021739130434782594
kodim22.png,stripes,8,,37,sobel_si,True,23,RQ2,234,258,0.021739130434782483,0.021739130434782483
kodim22.png,stripes,8,,37,luma_sd,True,23,RQ2,235,259,0.03754940711462457,0.03754940711462457
kodim22.png,stripes,8,,37,edge_fraction,True,23,RQ2,236,260,-0.009881422924901129,-0.009881422924901129
kodim22.png,stripes,8,,37,glcm_contrast,True,23,RQ2,237,261,0.00691699604743079,0.00691699604743079
kodim22.png,stripes,8,,37,glcm_entropy,True,23,RQ2,238,262,0.04446640316205541,0.04446640316205541
kodim22.png,stripes,8,,37,glcm_homogeneity,True,23,RQ2,239,263,-0.005928853754940899,0.005928853754940899
kodim22.png,stripes,16,,22,sobel_si,True,23,RQ2,216,264,0.006916996047430679,0.006916996047430679
kodim22.png,stripes,16,,22,luma_sd,True,23,RQ2,217,265,0.05731225296442691,0.05731225296442691
kodim22.png,stripes,16,,22,edge_fraction,True,23,RQ2,218,266,0.03162055335968372,0.03162055335968372
kodim22.png,stripes,16,,22,glcm_contrast,True,23,RQ2,219,267,0.04940711462450598,0.04940711462450598
kodim22.png,stripes,16,,22,glcm_entropy,True,23,RQ2,220,268,-0.055335968379446765,-0.055335968379446765
kodim22.png,stripes,16,,22,glcm_homogeneity,True,23,RQ2,221,269,-0.045454545454545525,0.045454545454545525
kodim22.png,stripes,16,,27,sobel_si,True,23,RQ2,222,270,0.010869565217391464,0.010869565217391464
kodim22.png,stripes,16,,27,luma_sd,True,23,RQ2,223,271,0.0019762845849802535,0.0019762845849802535
kodim22.png,stripes,16,,27,edge_fraction,True,23,RQ2,224,272,0.048418972332015864,0.048418972332015864
kodim22.png,stripes,16,,27,glcm_contrast,True,23,RQ2,225,273,0.06916996047430812,0.06916996047430812
kodim22.png,stripes,16,,27,glcm_entropy,True,23,RQ2,226,274,-0.022727272727272485,-0.022727272727272485
kodim22.png,stripes,16,,27,glcm_homogeneity,True,23,RQ2,227,275,-0.05335968379446643,0.05335968379446643
kodim22.png,stripes,16,,32,sobel_si,True,23,RQ2,228,276,0.011857707509881688,0.011857707509881688
kodim22.png,stripes,16,,32,luma_sd,True,23,RQ2,229,277,0.01185770750988141,0.01185770750988141
kodim22.png,stripes,16,,32,edge_fraction,True,23,RQ2,230,278,0.015810276679841917,0.015810276679841917
kodim22.png,stripes,16,,32,glcm_contrast,True,23,RQ2,231,279,0.03063241106719372,0.03063241106719372
kodim22.png,stripes,16,,32,glcm_entropy,True,23,RQ2,232,280,-0.022727272727272707,-0.022727272727272707
kodim22.png,stripes,16,,32,glcm_homogeneity,True,23,RQ2,233,281,-0.015810276679841917,0.015810276679841917
kodim22.png,stripes,16,,37,sobel_si,True,23,RQ2,234,282,0.0444664031620553,0.0444664031620553
kodim22.png,stripes,16,,37,luma_sd,True,23,RQ2,235,283,0.047430830039525695,0.047430830039525695
kodim22.png,stripes,16,,37,edge_fraction,True,23,RQ2,236,284,-0.007905138339920903,-0.007905138339920903
kodim22.png,stripes,16,,37,glcm_contrast,True,23,RQ2,237,285,0.028656126482213384,0.028656126482213384
kodim22.png,stripes,16,,37,glcm_entropy,True,23,RQ2,238,286,0.02371541501976293,0.02371541501976293
kodim22.png,stripes,16,,37,glcm_homogeneity,True,23,RQ2,239,287,-0.0029644268774705607,0.0029644268774705607
kodim22.png,stripes,32,,22,sobel_si,True,23,RQ2,216,288,0.04051383399209474,0.04051383399209474
kodim22.png,stripes,32,,22,luma_sd,True,23,RQ2,217,289,0.06126482213438736,0.06126482213438736
kodim22.png,stripes,32,,22,edge_fraction,True,23,RQ2,218,290,-0.09980237154150218,-0.09980237154150218
kodim22.png,stripes,32,,22,glcm_contrast,True,23,RQ2,219,291,0.06027667984189733,0.06027667984189733
kodim22.png,stripes,32,,22,glcm_entropy,True,23,RQ2,220,292,-0.12845849802371556,-0.12845849802371556
kodim22.png,stripes,32,,22,glcm_homogeneity,True,23,RQ2,221,293,-0.012845849802371467,0.012845849802371467
kodim22.png,stripes,32,,27,sobel_si,True,23,RQ2,222,294,0.07312252964426891,0.07312252964426891
kodim22.png,stripes,32,,27,luma_sd,True,23,RQ2,223,295,0.04051383399209488,0.04051383399209488
kodim22.png,stripes,32,,27,edge_fraction,True,23,RQ2,224,296,-0.066205533596838,-0.066205533596838
kodim22.png,stripes,32,,27,glcm_contrast,True,23,RQ2,225,297,0.09189723320158105,0.09189723320158105
kodim22.png,stripes,32,,27,glcm_entropy,True,23,RQ2,226,298,-0.13142292490118568,-0.13142292490118568
kodim22.png,stripes,32,,27,glcm_homogeneity,True,23,RQ2,227,299,-0.02371541501976293,0.02371541501976293
kodim22.png,stripes,32,,32,sobel_si,True,23,RQ2,228,300,0.02272727272727304,0.02272727272727304
kodim22.png,stripes,32,,32,luma_sd,True,23,RQ2,229,301,0.01778656126482203,0.01778656126482203
kodim22.png,stripes,32,,32,edge_fraction,True,23,RQ2,230,302,-0.08992094861660072,-0.08992094861660072
kodim22.png,stripes,32,,32,glcm_contrast,True,23,RQ2,231,303,0.04150197628458496,0.04150197628458496
kodim22.png,stripes,32,,32,glcm_entropy,True,23,RQ2,232,304,-0.13438735177865602,-0.13438735177865602
kodim22.png,stripes,32,,32,glcm_homogeneity,True,23,RQ2,233,305,0.010869565217391353,-0.010869565217391353
kodim22.png,stripes,32,,37,sobel_si,True,23,RQ2,234,306,0.02766798418972327,0.02766798418972327
kodim22.png,stripes,32,,37,luma_sd,True,23,RQ2,235,307,0.055335968379446654,0.055335968379446654
kodim22.png,stripes,32,,37,edge_fraction,True,23,RQ2,236,308,-0.10573122529644252,-0.10573122529644252
kodim22.png,stripes,32,,37,glcm_contrast,True,23,RQ2,237,309,0.02766798418972327,0.02766798418972327
kodim22.png,stripes,32,,37,glcm_entropy,True,23,RQ2,238,310,-0.10079051383399207,-0.10079051383399207
kodim22.png,stripes,32,,37,glcm_homogeneity,True,23,RQ2,239,311,0.018774703557312034,-0.018774703557312034
kodim23.png,awgn,5,20260811,22,sobel_si,True,23,RQ2,216,0,0.08300395256917004,0.08300395256917004
kodim23.png,awgn,5,20260811,22,luma_sd,True,23,RQ2,217,1,-0.02272727272727265,-0.02272727272727265
kodim23.png,awgn,5,20260811,22,edge_fraction,True,23,RQ2,218,2,0.04446640316205541,0.04446640316205541
kodim23.png,awgn,5,20260811,22,glcm_contrast,True,23,RQ2,219,3,0.10671936758893263,0.10671936758893263
kodim23.png,awgn,5,20260811,22,glcm_entropy,True,23,RQ2,220,4,-0.021739130434782705,-0.021739130434782705
kodim23.png,awgn,5,20260811,22,glcm_homogeneity,True,23,RQ2,221,5,-0.03754940711462462,0.03754940711462462
kodim23.png,awgn,5,20260811,27,sobel_si,True,23,RQ2,222,6,-0.009737102622472738,-0.009737102622472738
kodim23.png,awgn,5,20260811,27,luma_sd,True,23,RQ2,223,7,-0.06914773856648933,-0.06914773856648933
kodim23.png,awgn,5,20260811,27,edge_fraction,True,23,RQ2,224,8,0.02144713213161653,0.02144713213161653
kodim23.png,awgn,5,20260811,27,glcm_contrast,True,23,RQ2,225,9,0.06242903031190472,0.06242903031190472
kodim23.png,awgn,5,20260811,27,glcm_entropy,True,23,RQ2,226,10,-0.02256390507528505,-0.02256390507528505
kodim23.png,awgn,5,20260811,27,glcm_homogeneity,True,23,RQ2,227,11,-0.015003328404952554,0.015003328404952554
kodim23.png,awgn,5,20260811,32,sobel_si,True,23,RQ2,228,12,0.008893280632411127,0.008893280632411127
kodim23.png,awgn,5,20260811,32,luma_sd,True,23,RQ2,229,13,0.0009881422924900574,0.0009881422924900574
kodim23.png,awgn,5,20260811,32,edge_fraction,True,23,RQ2,230,14,0.009881422924901462,0.009881422924901462
kodim23.png,awgn,5,20260811,32,glcm_contrast,True,23,RQ2,231,15,0.022727272727272707,0.022727272727272707
kodim23.png,awgn,5,20260811,32,glcm_entropy,True,23,RQ2,232,16,-0.02766798418972327,-0.02766798418972327
kodim23.png,awgn,5,20260811,32,glcm_homogeneity,True,23,RQ2,233,17,-0.010869565217391464,0.010869565217391464
kodim23.png,awgn,5,20260811,37,sobel_si,True,23,RQ2,234,18,0.011857707509881354,0.011857707509881354
kodim23.png,awgn,5,20260811,37,luma_sd,True,23,RQ2,235,19,0.0009881422924900574,0.0009881422924900574
kodim23.png,awgn,5,20260811,37,edge_fraction,True,23,RQ2,236,20,-0.009881422924901129,-0.009881422924901129
kodim23.png,awgn,5,20260811,37,glcm_contrast,True,23,RQ2,237,21,0.01284584980237169,0.01284584980237169
kodim23.png,awgn,5,20260811,37,glcm_entropy,True,23,RQ2,238,22,-0.018774703557312256,-0.018774703557312256
kodim23.png,awgn,5,20260811,37,glcm_homogeneity,True,23,RQ2,239,23,-0.008893280632411127,0.008893280632411127
kodim23.png,awgn,15,20260811,22,sobel_si,True,23,RQ2,216,72,0.3124602875009246,0.3124602875009246
kodim23.png,awgn,15,20260811,22,luma_sd,True,23,RQ2,217,73,0.384512136337947,0.384512136337947
kodim23.png,awgn,15,20260811,22,edge_fraction,True,23,RQ2,218,74,-0.005743019998345034,-0.005743019998345034
kodim23.png,awgn,15,20260811,22,glcm_contrast,True,23,RQ2,219,75,0.06933577009418779,0.06933577009418779
kodim23.png,awgn,15,20260811,22,glcm_entropy,True,23,RQ2,220,76,-0.0616149392733879,-0.0616149392733879
kodim23.png,awgn,15,20260811,22,glcm_homogeneity,True,23,RQ2,221,77,-0.003131945874874642,0.003131945874874642
kodim23.png,awgn,15,20260811,27,sobel_si,True,23,RQ2,222,78,0.22233201581027662,0.22233201581027662
kodim23.png,awgn,15,20260811,27,luma_sd,True,23,RQ2,223,79,0.3063241106719368,0.3063241106719368
kodim23.png,awgn,15,20260811,27,edge_fraction,True,23,RQ2,224,80,-0.012845849802371467,-0.012845849802371467
kodim23.png,awgn,15,20260811,27,glcm_contrast,True,23,RQ2,225,81,0.065217391304348,0.065217391304348
kodim23.png,awgn,15,20260811,27,glcm_entropy,True,23,RQ2,226,82,-0.0879446640316206,-0.0879446640316206
kodim23.png,awgn,15,20260811,27,glcm_homogeneity,True,23,RQ2,227,83,0.006916996047430679,-0.006916996047430679
kodim23.png,awgn,15,20260811,32,sobel_si,True,23,RQ2,228,84,0.12747035573122556,0.12747035573122556
kodim23.png,awgn,15,20260811,32,luma_sd,True,23,RQ2,229,85,0.09189723320158089,0.09189723320158089
kodim23.png,awgn,15,20260811,32,edge_fraction,True,23,RQ2,230,86,-0.008893280632410794,-0.008893280632410794
kodim23.png,awgn,15,20260811,32,glcm_contrast,True,23,RQ2,231,87,0.05039525691699598,0.05039525691699598
kodim23.png,awgn,15,20260811,32,glcm_entropy,True,23,RQ2,232,88,-0.1027667984189724,-0.1027667984189724
kodim23.png,awgn,15,20260811,32,glcm_homogeneity,True,23,RQ2,233,89,-0.017786561264822254,0.017786561264822254
kodim23.png,awgn,15,20260811,37,sobel_si,True,23,RQ2,234,90,-0.06916996047430835,-0.06916996047430835
kodim23.png,awgn,15,20260811,37,luma_sd,True,23,RQ2,235,91,-0.1432806324110672,-0.1432806324110672
kodim23.png,awgn,15,20260811,37,edge_fraction,True,23,RQ2,236,92,0.0039525691699606735,0.0039525691699606735
kodim23.png,awgn,15,20260811,37,glcm_contrast,True,23,RQ2,237,93,0.0029644268774703386,0.0029644268774703386
kodim23.png,awgn,15,20260811,37,glcm_entropy,True,23,RQ2,238,94,-0.18280632411067188,-0.18280632411067188
kodim23.png,awgn,15,20260811,37,glcm_homogeneity,True,23,RQ2,239,95,-0.004940711462450564,0.004940711462450564
kodim23.png,awgn,30,20260811,22,sobel_si,True,23,RQ2,216,144,0.17984189723320165,0.17984189723320165
kodim23.png,awgn,30,20260811,22,luma_sd,True,23,RQ2,217,145,0.5780632411067194,0.5780632411067194
kodim23.png,awgn,30,20260811,22,edge_fraction,True,23,RQ2,218,146,-0.47826086956521746,-0.47826086956521746
kodim23.png,awgn,30,20260811,22,glcm_contrast,True,23,RQ2,219,147,-0.2944664031620556,-0.2944664031620556
kodim23.png,awgn,30,20260811,22,glcm_entropy,True,23,RQ2,220,148,-0.491106719367589,-0.491106719367589
kodim23.png,awgn,30,20260811,22,glcm_homogeneity,True,23,RQ2,221,149,0.8023715415019763,-0.8023715415019763
kodim23.png,awgn,30,20260811,27,sobel_si,True,23,RQ2,222,150,0.12845849802371534,0.12845849802371534
kodim23.png,awgn,30,20260811,27,luma_sd,True,23,RQ2,223,151,0.4031620553359684,0.4031620553359684
kodim23.png,awgn,30,20260811,27,edge_fraction,True,23,RQ2,224,152,-0.34881422924901184,-0.34881422924901184
kodim23.png,awgn,30,20260811,27,glcm_contrast,True,23,RQ2,225,153,-0.2173913043478259,-0.2173913043478259
kodim23.png,awgn,30,20260811,27,glcm_entropy,True,23,RQ2,226,154,-0.4318181818181819,-0.4318181818181819
kodim23.png,awgn,30,20260811,27,glcm_homogeneity,True,23,RQ2,227,155,0.66699604743083,-0.66699604743083
kodim23.png,awgn,30,20260811,32,sobel_si,True,23,RQ2,228,156,0.06027667984189733,0.06027667984189733
kodim23.png,awgn,30,20260811,32,luma_sd,True,23,RQ2,229,157,0.4041501976284582,0.4041501976284582
kodim23.png,awgn,30,20260811,32,edge_fraction,True,23,RQ2,230,158,-0.40612648221343867,-0.40612648221343867
kodim23.png,awgn,30,20260811,32,glcm_contrast,True,23,RQ2,231,159,-0.2806324110671938,-0.2806324110671938
kodim23.png,awgn,30,20260811,32,glcm_entropy,True,23,RQ2,232,160,-0.4160079051383399,-0.4160079051383399
kodim23.png,awgn,30,20260811,32,glcm_homogeneity,True,23,RQ2,233,161,0.758893280632411,-0.758893280632411
kodim23.png,awgn,30,20260811,37,sobel_si,True,23,RQ2,234,162,-0.062252964426877666,-0.062252964426877666
kodim23.png,awgn,30,20260811,37,luma_sd,True,23,RQ2,235,163,0.0770750988142293,0.0770750988142293
kodim23.png,awgn,30,20260811,37,edge_fraction,True,23,RQ2,236,164,-0.24110671936758876,-0.24110671936758876
kodim23.png,awgn,30,20260811,37,glcm_contrast,True,23,RQ2,237,165,-0.19466403162055335,-0.19466403162055335
kodim23.png,awgn,30,20260811,37,glcm_entropy,True,23,RQ2,238,166,-0.3300395256916996,-0.3300395256916996
kodim23.png,awgn,30,20260811,37,glcm_homogeneity,True,23,RQ2,239,167,0.5711462450592886,-0.5711462450592886
kodim23.png,clean,0,,22,luma_sd,True,23,RQ1,216,217,-0.4061264822134387,-0.4061264822134387
kodim23.png,clean,0,,22,edge_fraction,True,23,RQ1,216,218,0.23122529644268774,0.23122529644268774
kodim23.png,clean,0,,22,glcm_contrast,True,23,RQ1,216,219,0.07509881422924924,0.07509881422924924
kodim23.png,clean,0,,22,glcm_entropy,True,23,RQ1,216,220,0.11758893280632421,0.11758893280632421
kodim23.png,clean,0,,22,glcm_homogeneity,True,23,RQ1,216,221,-1.2015810276679841,0.14822134387351782
kodim23.png,clean,0,,27,luma_sd,True,23,RQ1,222,223,-0.4347826086956522,-0.4347826086956522
kodim23.png,clean,0,,27,edge_fraction,True,23,RQ1,222,224,0.20256916996047425,0.20256916996047425
kodim23.png,clean,0,,27,glcm_contrast,True,23,RQ1,222,225,0.056324110671936545,0.056324110671936545
kodim23.png,clean,0,,27,glcm_entropy,True,23,RQ1,222,226,0.08992094861660083,0.08992094861660083
kodim23.png,clean,0,,27,glcm_homogeneity,True,23,RQ1,222,227,-1.3122529644268774,0.12450592885375489
kodim23.png,clean,0,,32,luma_sd,True,23,RQ1,228,229,-0.4841897233201579,-0.4841897233201579
kodim23.png,clean,0,,32,edge_fraction,True,23,RQ1,228,230,0.1551383399209486,0.1551383399209486
kodim23.png,clean,0,,32,glcm_contrast,True,23,RQ1,228,231,0.04743083003952575,0.04743083003952575
kodim23.png,clean,0,,32,glcm_entropy,True,23,RQ1,228,232,0.029644268774703608,0.029644268774703608
kodim23.png,clean,0,,32,glcm_homogeneity,True,23,RQ1,228,233,-1.4713438735177864,0.08596837944664038
kodim23.png,clean,0,,37,luma_sd,True,23,RQ1,234,235,-0.5355731225296443,-0.5355731225296443
kodim23.png,clean,0,,37,edge_fraction,True,23,RQ1,234,236,0.1116600790513832,0.1116600790513832
kodim23.png,clean,0,,37,glcm_contrast,True,23,RQ1,234,237,0.04051383399209463,0.04051383399209463
kodim23.png,clean,0,,37,glcm_entropy,True,23,RQ1,234,238,-0.02272727272727293,-0.02272727272727293
kodim23.png,clean,0,,37,glcm_homogeneity,True,23,RQ1,234,239,-1.5869565217391304,0.0454545454545453
kodim23.png,stripes,8,,22,sobel_si,True,23,RQ2,216,240,0.05632411067193677,0.05632411067193677
kodim23.png,stripes,8,,22,luma_sd,True,23,RQ2,217,241,0.02173913043478265,0.02173913043478265
kodim23.png,stripes,8,,22,edge_fraction,True,23,RQ2,218,242,0.03754940711462451,0.03754940711462451
kodim23.png,stripes,8,,22,glcm_contrast,True,23,RQ2,219,243,0.030632411067193388,0.030632411067193388
kodim23.png,stripes,8,,22,glcm_entropy,True,23,RQ2,220,244,0.008893280632411016,0.008893280632411016
kodim23.png,stripes,8,,22,glcm_homogeneity,True,23,RQ2,221,245,-0.021739130434782483,0.021739130434782483
kodim23.png,stripes,8,,27,sobel_si,True,23,RQ2,222,246,0.05731225296442699,0.05731225296442699
kodim23.png,stripes,8,,27,luma_sd,True,23,RQ2,223,247,0.05434782608695657,0.05434782608695657
kodim23.png,stripes,8,,27,edge_fraction,True,23,RQ2,224,248,0.01284584980237169,0.01284584980237169
kodim23.png,stripes,8,,27,glcm_contrast,True,23,RQ2,225,249,0.030632411067193832,0.030632411067193832
kodim23.png,stripes,8,,27,glcm_entropy,True,23,RQ2,226,250,-0.008893280632411127,-0.008893280632411127
kodim23.png,stripes,8,,27,glcm_homogeneity,True,23,RQ2,227,251,-0.0019762845849802257,0.0019762845849802257
kodim23.png,stripes,8,,32,sobel_si,True,23,RQ2,228,252,0.0029644268774703386,0.0029644268774703386
kodim23.png,stripes,8,,32,luma_sd,True,23,RQ2,229,253,0.023715415019762764,0.023715415019762764
kodim23.png,stripes,8,,32,edge_fraction,True,23,RQ2,230,254,-0.0039525691699603405,-0.0039525691699603405
kodim23.png,stripes,8,,32,glcm_contrast,True,23,RQ2,231,255,-0.007905138339921014,-0.007905138339921014
kodim23.png,stripes,8,,32,glcm_entropy,True,23,RQ2,232,256,-0.004940711462450453,-0.004940711462450453
kodim23.png,stripes,8,,32,glcm_homogeneity,True,23,RQ2,233,257,0.011857707509881577,-0.011857707509881577
kodim23.png,stripes,8,,37,sobel_si,True,23,RQ2,234,258,0.021739130434782594,0.021739130434782594
kodim23.png,stripes,8,,37,luma_sd,True,23,RQ2,235,259,0.038537549407114624,0.038537549407114624
kodim23.png,stripes,8,,37,edge_fraction,True,23,RQ2,236,260,-0.007905138339920903,-0.007905138339920903
kodim23.png,stripes,8,,37,glcm_contrast,True,23,RQ2,237,261,0.007905138339920903,0.007905138339920903
kodim23.png,stripes,8,,37,glcm_entropy,True,23,RQ2,238,262,0.045454545454545414,0.045454545454545414
kodim23.png,stripes,8,,37,glcm_homogeneity,True,23,RQ2,239,263,-0.012845849802371578,0.012845849802371578
kodim23.png,stripes,16,,22,sobel_si,True,23,RQ2,216,264,0.021739130434782594,0.021739130434782594
kodim23.png,stripes,16,,22,luma_sd,True,23,RQ2,217,265,0.07608695652173916,0.07608695652173916
kodim23.png,stripes,16,,22,edge_fraction,True,23,RQ2,218,266,0.03458498023715417,0.03458498023715417
kodim23.png,stripes,16,,22,glcm_contrast,True,23,RQ2,219,267,0.04150197628458496,0.04150197628458496
kodim23.png,stripes,16,,22,glcm_entropy,True,23,RQ2,220,268,-0.03952569169960485,-0.03952569169960485
kodim23.png,stripes,16,,22,glcm_homogeneity,True,23,RQ2,221,269,-0.0652173913043479,0.0652173913043479
kodim23.png,stripes,16,,27,sobel_si,True,23,RQ2,222,270,0.021739130434782483,0.021739130434782483
kodim23.png,stripes,16,,27,luma_sd,True,23,RQ2,223,271,0.016798418972332085,0.016798418972332085
kodim23.png,stripes,16,,27,edge_fraction,True,23,RQ2,224,272,0.048418972332015975,0.048418972332015975
kodim23.png,stripes,16,,27,glcm_contrast,True,23,RQ2,225,273,0.06620553359683812,0.06620553359683812
kodim23.png,stripes,16,,27,glcm_entropy,True,23,RQ2,226,274,-0.011857707509881577,-0.011857707509881577
kodim23.png,stripes,16,,27,glcm_homogeneity,True,23,RQ2,227,275,-0.07312252964426891,0.07312252964426891
kodim23.png,stripes,16,,32,sobel_si,True,23,RQ2,228,276,0.01284584980237169,0.01284584980237169
kodim23.png,stripes,16,,32,luma_sd,True,23,RQ2,229,277,0.013833992094861525,0.013833992094861525
kodim23.png,stripes,16,,32,edge_fraction,True,23,RQ2,230,278,0.007905138339921125,0.007905138339921125
kodim23.png,stripes,16,,32,glcm_contrast,True,23,RQ2,231,279,0.02075098814229248,0.02075098814229248
kodim23.png,stripes,16,,32,glcm_entropy,True,23,RQ2,232,280,-0.018774703557312256,-0.018774703557312256
kodim23.png,stripes,16,,32,glcm_homogeneity,True,23,RQ2,233,281,-0.022727272727272707,0.022727272727272707
kodim23.png,stripes,16,,37,sobel_si,True,23,RQ2,234,282,0.042490118577074965,0.042490118577074965
kodim23.png,stripes,16,,37,luma_sd,True,23,RQ2,235,283,0.05138339920948615,0.05138339920948615
kodim23.png,stripes,16,,37,edge_fraction,True,23,RQ2,236,284,-0.014822134387351693,-0.014822134387351693
kodim23.png,stripes,16,,37,glcm_contrast,True,23,RQ2,237,285,0.02667984189723338,0.02667984189723338
kodim23.png,stripes,16,,37,glcm_entropy,True,23,RQ2,238,286,0.02964426877470372,0.02964426877470372
kodim23.png,stripes,16,,37,glcm_homogeneity,True,23,RQ2,239,287,-0.013833992094861802,0.013833992094861802
kodim23.png,stripes,32,,22,sobel_si,True,23,RQ2,216,288,0.059288537549407105,0.059288537549407105
kodim23.png,stripes,32,,22,luma_sd,True,23,RQ2,217,289,0.08003952569169961,0.08003952569169961
kodim23.png,stripes,32,,22,edge_fraction,True,23,RQ2,218,290,-0.07509881422924902,-0.07509881422924902
kodim23.png,stripes,32,,22,glcm_contrast,True,23,RQ2,219,291,0.053359683794466095,0.053359683794466095
kodim23.png,stripes,32,,22,glcm_entropy,True,23,RQ2,220,292,-0.09584980237154161,-0.09584980237154161
kodim23.png,stripes,32,,22,glcm_homogeneity,True,23,RQ2,221,293,-0.029644268774703497,0.029644268774703497
kodim23.png,stripes,32,,27,sobel_si,True,23,RQ2,222,294,0.08695652173913038,0.08695652173913038
kodim23.png,stripes,32,,27,luma_sd,True,23,RQ2,223,295,0.050395256916996006,0.050395256916996006
kodim23.png,stripes,32,,27,edge_fraction,True,23,RQ2,224,296,-0.05434782608695654,-0.05434782608695654
kodim23.png,stripes,32,,27,glcm_contrast,True,23,RQ2,225,297,0.0869565217391306,0.0869565217391306
kodim23.png,stripes,32,,27,glcm_entropy,True,23,RQ2,226,298,-0.1037549407114623,-0.1037549407114623
kodim23.png,stripes,32,,27,glcm_homogeneity,True,23,RQ2,227,299,-0.038537549407114624,0.038537549407114624
kodim23.png,stripes,32,,32,sobel_si,True,23,RQ2,228,300,0.017786561264822476,0.017786561264822476
kodim23.png,stripes,32,,32,luma_sd,True,23,RQ2,229,301,0.01679841897233192,0.01679841897233192
kodim23.png,stripes,32,,32,edge_fraction,True,23,RQ2,230,302,-0.07707509881422903,-0.07707509881422903
kodim23.png,stripes,32,,32,glcm_contrast,True,23,RQ2,231,303,0.03359683794466395,0.03359683794466395
kodim23.png,stripes,32,,32,glcm_entropy,True,23,RQ2,232,304,-0.1096837944664032,-0.1096837944664032
kodim23.png,stripes,32,,32,glcm_homogeneity,True,23,RQ2,233,305,0.0029644268774703386,-0.0029644268774703386
kodim23.png,stripes,32,,37,sobel_si,True,23,RQ2,234,306,0.018774703557312256,0.018774703557312256
kodim23.png,stripes,32,,37,luma_sd,True,23,RQ2,235,307,0.05830039525691694,0.05830039525691694
kodim23.png,stripes,32,,37,edge_fraction,True,23,RQ2,236,308,-0.09584980237154139,-0.09584980237154139
kodim23.png,stripes,32,,37,glcm_contrast,True,23,RQ2,237,309,0.023715415019763042,0.023715415019763042
kodim23.png,stripes,32,,37,glcm_entropy,True,23,RQ2,238,310,-0.07608695652173891,-0.07608695652173891
kodim23.png,stripes,32,,37,glcm_homogeneity,True,23,RQ2,239,311,0.008893280632410905,-0.008893280632410905
kodim24.png,awgn,5,20260811,22,sobel_si,True,23,RQ2,216,0,0.09387351778656128,0.09387351778656128
kodim24.png,awgn,5,20260811,22,luma_sd,True,23,RQ2,217,1,-0.01877470355731227,-0.01877470355731227
kodim24.png,awgn,5,20260811,22,edge_fraction,True,23,RQ2,218,2,0.04249011857707519,0.04249011857707519
kodim24.png,awgn,5,20260811,22,glcm_contrast,True,23,RQ2,219,3,0.11758893280632421,0.11758893280632421
kodim24.png,awgn,5,20260811,22,glcm_entropy,True,23,RQ2,220,4,-0.041501976284585074,-0.041501976284585074
kodim24.png,awgn,5,20260811,22,glcm_homogeneity,True,23,RQ2,221,5,-0.021739130434782705,0.021739130434782705
kodim24.png,awgn,5,20260811,27,sobel_si,True,23,RQ2,222,6,-0.009245351345725128,-0.009245351345725128
kodim24.png,awgn,5,20260811,27,luma_sd,True,23,RQ2,223,7,-0.07015297463422482,-0.07015297463422482
kodim24.png,awgn,5,20260811,27,edge_fraction,True,23,RQ2,224,8,0.019474754695263607,0.019474754695263607
kodim24.png,awgn,5,20260811,27,glcm_contrast,True,23,RQ2,225,9,0.06391038906187729,0.06391038906187729
kodim24.png,awgn,5,20260811,27,glcm_entropy,True,23,RQ2,226,10,-0.04183548804191828,-0.04183548804191828
kodim24.png,awgn,5,20260811,27,glcm_homogeneity,True,23,RQ2,227,11,-0.0006763640493971934,0.0006763640493971934
kodim24.png,awgn,5,20260811,32,sobel_si,True,23,RQ2,228,12,0.008893280632411127,0.008893280632411127
kodim24.png,awgn,5,20260811,32,luma_sd,True,23,RQ2,229,13,0.0009881422924901129,0.0009881422924901129
kodim24.png,awgn,5,20260811,32,edge_fraction,True,23,RQ2,230,14,0.008893280632411127,0.008893280632411127
kodim24.png,awgn,5,20260811,32,glcm_contrast,True,23,RQ2,231,15,0.022727272727272818,0.022727272727272818
kodim24.png,awgn,5,20260811,32,glcm_entropy,True,23,RQ2,232,16,-0.045454545454545636,-0.045454545454545636
kodim24.png,awgn,5,20260811,32,glcm_homogeneity,True,23,RQ2,233,17,0.0039525691699603405,-0.0039525691699603405
kodim24.png,awgn,5,20260811,37,sobel_si,True,23,RQ2,234,18,0.010869565217391353,0.010869565217391353
kodim24.png,awgn,5,20260811,37,luma_sd,True,23,RQ2,235,19,0.0,0.0
kodim24.png,awgn,5,20260811,37,edge_fraction,True,23,RQ2,236,20,-0.009881422924901462,-0.009881422924901462
kodim24.png,awgn,5,20260811,37,glcm_contrast,True,23,RQ2,237,21,0.012845849802371467,0.012845849802371467
kodim24.png,awgn,5,20260811,37,glcm_entropy,True,23,RQ2,238,22,-0.038537549407114735,-0.038537549407114735
kodim24.png,awgn,5,20260811,37,glcm_homogeneity,True,23,RQ2,239,23,0.0029644268774703386,-0.0029644268774703386
kodim24.png,awgn,15,20260811,22,sobel_si,True,23,RQ2,216,72,0.3312347468614474,0.3312347468614474
kodim24.png,awgn,15,20260811,22,luma_sd,True,23,RQ2,217,73,0.399319863114735,0.399319863114735
kodim24.png,awgn,15,20260811,22,edge_fraction,True,23,RQ2,218,74,-0.04576803307516286,-0.04576803307516286
kodim24.png,awgn,15,20260811,22,glcm_contrast,True,23,RQ2,219,75,0.051046957090681966,0.051046957090681966
kodim24.png,awgn,15,20260811,22,glcm_entropy,True,23,RQ2,220,76,-0.15353341759563077,-0.15353341759563077
kodim24.png,awgn,15,20260811,22,glcm_homogeneity,True,23,RQ2,221,77,0.04183499964834003,-0.04183499964834003
kodim24.png,awgn,15,20260811,27,sobel_si,True,23,RQ2,222,78,0.23320158102766786,0.23320158102766786
kodim24.png,awgn,15,20260811,27,luma_sd,True,23,RQ2,223,79,0.3013833992094862,0.3013833992094862
kodim24.png,awgn,15,20260811,27,edge_fraction,True,23,RQ2,224,80,-0.04150197628458485,-0.04150197628458485
kodim24.png,awgn,15,20260811,27,glcm_contrast,True,23,RQ2,225,81,0.04051383399209485,0.04051383399209485
kodim24.png,awgn,15,20260811,27,glcm_entropy,True,23,RQ2,226,82,-0.1778656126482212,-0.1778656126482212
kodim24.png,awgn,15,20260811,27,glcm_homogeneity,True,23,RQ2,227,83,0.04051383399209496,-0.04051383399209496
kodim24.png,awgn,15,20260811,32,sobel_si,True,23,RQ2,228,84,0.13537549407114613,0.13537549407114613
kodim24.png,awgn,15,20260811,32,luma_sd,True,23,RQ2,229,85,0.09288537549407111,0.09288537549407111
kodim24.png,awgn,15,20260811,32,edge_fraction,True,23,RQ2,230,86,-0.028656126482213273,-0.028656126482213273
kodim24.png,awgn,15,20260811,32,glcm_contrast,True,23,RQ2,231,87,0.03260869565217395,0.03260869565217395
kodim24.png,awgn,15,20260811,32,glcm_entropy,True,23,RQ2,232,88,-0.1897233201581029,-0.1897233201581029
kodim24.png,awgn,15,20260811,32,glcm_homogeneity,True,23,RQ2,233,89,0.012845849802371467,-0.012845849802371467
kodim24.png,awgn,15,20260811,37,sobel_si,True,23,RQ2,234,90,-0.07312252964426857,-0.07312252964426857
kodim24.png,awgn,15,20260811,37,luma_sd,True,23,RQ2,235,91,-0.1442687747035573,-0.1442687747035573
kodim24.png,awgn,15,20260811,37,edge_fraction,True,23,RQ2,236,92,-0.005928853754940788,-0.005928853754940788
kodim24.png,awgn,15,20260811,37,glcm_contrast,True,23,RQ2,237,93,-0.00691699604743079,-0.00691699604743079
kodim24.png,awgn,15,20260811,37,glcm_entropy,True,23,RQ2,238,94,-0.264822134387352,-0.264822134387352
kodim24.png,awgn,15,20260811,37,glcm_homogeneity,True,23,RQ2,239,95,0.015810276679841917,-0.015810276679841917
kodim24.png,awgn,30,20260811,22,sobel_si,True,23,RQ2,216,144,0.2116399816586476,0.2116399816586476
kodim24.png,awgn,30,20260811,22,luma_sd,True,23,RQ2,217,145,0.6281313353829017,0.6281313353829017
kodim24.png,awgn,30,20260811,22,edge_fraction,True,23,RQ2,218,146,-0.526123866864921,-0.526123866864921
kodim24.png,awgn,30,20260811,22,glcm_contrast,True,23,RQ2,219,147,-0.33294119399434063,-0.33294119399434063
kodim24.png,awgn,30,20260811,22,glcm_entropy,True,23,RQ2,220,148,-0.5449344673502486,-0.5449344673502486
kodim24.png,awgn,30,20260811,22,glcm_homogeneity,True,23,RQ2,221,149,0.8256254856468548,-0.8256254856468548
kodim24.png,awgn,30,20260811,27,sobel_si,True,23,RQ2,222,150,0.15909090909090895,0.15909090909090895
kodim24.png,awgn,30,20260811,27,luma_sd,True,23,RQ2,223,151,0.40316205533596844,0.40316205533596844
kodim24.png,awgn,30,20260811,27,edge_fraction,True,23,RQ2,224,152,-0.3646245059288537,-0.3646245059288537
kodim24.png,awgn,30,20260811,27,glcm_contrast,True,23,RQ2,225,153,-0.22035573122529656,-0.22035573122529656
kodim24.png,awgn,30,20260811,27,glcm_entropy,True,23,RQ2,226,154,-0.5088932806324109,-0.5088932806324109
kodim24.png,awgn,30,20260811,27,glcm_homogeneity,True,23,RQ2,227,155,0.6531620553359684,-0.6531620553359684
kodim24.png,awgn,30,20260811,32,sobel_si,True,23,RQ2,228,156,0.07905138339920936,0.07905138339920936
kodim24.png,awgn,30,20260811,32,luma_sd,True,23,RQ2,229,157,0.40118577075098816,0.40118577075098816
kodim24.png,awgn,30,20260811,32,edge_fraction,True,23,RQ2,230,158,-0.4209486166007905,-0.4209486166007905
kodim24.png,awgn,30,20260811,32,glcm_contrast,True,23,RQ2,231,159,-0.31225296442687744,-0.31225296442687744
kodim24.png,awgn,30,20260811,32,glcm_entropy,True,23,RQ2,232,160,-0.5019762845849803,-0.5019762845849803
kodim24.png,awgn,30,20260811,32,glcm_homogeneity,True,23,RQ2,233,161,0.7490118577075098,-0.7490118577075098
kodim24.png,awgn,30,20260811,37,sobel_si,True,23,RQ2,234,162,-0.056324110671936545,-0.056324110671936545
kodim24.png,awgn,30,20260811,37,luma_sd,True,23,RQ2,235,163,0.060276679841897274,0.060276679841897274
kodim24.png,awgn,30,20260811,37,edge_fraction,True,23,RQ2,236,164,-0.2509881422924902,-0.2509881422924902
kodim24.png,awgn,30,20260811,37,glcm_contrast,True,23,RQ2,237,165,-0.21541501976284583,-0.21541501976284583
kodim24.png,awgn,30,20260811,37,glcm_entropy,True,23,RQ2,238,166,-0.43083003952569177,-0.43083003952569177
kodim24.png,awgn,30,20260811,37,glcm_homogeneity,True,23,RQ2,239,167,0.5563241106719368,-0.5563241106719368
kodim24.png,clean,0,,22,luma_sd,True,23,RQ1,216,217,-0.4594861660079052,-0.4594861660079052
kodim24.png,clean,0,,22,edge_fraction,True,23,RQ1,216,218,0.26976284584980215,0.26976284584980215
kodim24.png,clean,0,,22,glcm_contrast,True,23,RQ1,216,219,0.08003952569169948,0.08003952569169948
kodim24.png,clean,0,,22,glcm_entropy,True,23,RQ1,216,220,0.14328063241106714,0.14328063241106714
kodim24.png,clean,0,,22,glcm_homogeneity,True,23,RQ1,216,221,-1.2005928853754941,0.18675889328063233
kodim24.png,clean,0,,27,luma_sd,True,23,RQ1,222,223,-0.49308300395256927,-0.49308300395256927
kodim24.png,clean,0,,27,edge_fraction,True,23,RQ1,222,224,0.2302371541501974,0.2302371541501974
kodim24.png,clean,0,,27,glcm_contrast,True,23,RQ1,222,225,0.06126482213438733,0.06126482213438733
kodim24.png,clean,0,,27,glcm_entropy,True,23,RQ1,222,226,0.10770750988142264,0.10770750988142264
kodim24.png,clean,0,,27,glcm_homogeneity,True,23,RQ1,222,227,-1.3211462450592886,0.15316205533596827
kodim24.png,clean,0,,32,luma_sd,True,23,RQ1,228,229,-0.5355731225296443,-0.5355731225296443
kodim24.png,clean,0,,32,edge_fraction,True,23,RQ1,228,230,0.17292490118577064,0.17292490118577064
kodim24.png,clean,0,,32,glcm_contrast,True,23,RQ1,228,231,0.05335968379446632,0.05335968379446632
kodim24.png,clean,0,,32,glcm_entropy,True,23,RQ1,228,232,0.03952569169960474,0.03952569169960474
kodim24.png,clean,0,,32,glcm_homogeneity,True,23,RQ1,228,233,-1.4743083003952568,0.10474308300395241
kodim24.png,clean,0,,37,luma_sd,True,23,RQ1,234,235,-0.592885375494071,-0.592885375494071
kodim24.png,clean,0,,37,edge_fraction,True,23,RQ1,234,236,0.123517786561265,0.123517786561265
kodim24.png,clean,0,,37,glcm_contrast,True,23,RQ1,234,237,0.045454545454545525,0.045454545454545525
kodim24.png,clean,0,,37,glcm_entropy,True,23,RQ1,234,238,-0.015810276679841695,-0.015810276679841695
kodim24.png,clean,0,,37,glcm_homogeneity,True,23,RQ1,234,239,-1.593873517786561,0.058300395256917104
kodim24.png,stripes,8,,22,sobel_si,True,23,RQ2,216,240,0.06324110671936745,0.06324110671936745
kodim24.png,stripes,8,,22,luma_sd,True,23,RQ2,217,241,0.023715415019762834,0.023715415019762834
kodim24.png,stripes,8,,22,edge_fraction,True,23,RQ2,218,242,0.035573122529644396,0.035573122529644396
kodim24.png,stripes,8,,22,glcm_contrast,True,23,RQ2,219,243,0.035573122529644174,0.035573122529644174
kodim24.png,stripes,8,,22,glcm_entropy,True,23,RQ2,220,244,-0.001976284584980448,-0.001976284584980448
kodim24.png,stripes,8,,22,glcm_homogeneity,True,23,RQ2,221,245,-0.0039525691699603405,0.0039525691699603405
kodim24.png,stripes,8,,27,sobel_si,True,23,RQ2,222,246,0.06027667984189711,0.06027667984189711
kodim24.png,stripes,8,,27,luma_sd,True,23,RQ2,223,247,0.052371541501976315,0.052371541501976315
kodim24.png,stripes,8,,27,edge_fraction,True,23,RQ2,224,248,0.00988142292490135,0.00988142292490135
kodim24.png,stripes,8,,27,glcm_contrast,True,23,RQ2,225,249,0.029644268774703497,0.029644268774703497
kodim24.png,stripes,8,,27,glcm_entropy,True,23,RQ2,226,250,-0.02075098814229226,-0.02075098814229226
kodim24.png,stripes,8,,27,glcm_homogeneity,True,23,RQ2,227,251,0.01383399209486147,-0.01383399209486147
kodim24.png,stripes,8,,32,sobel_si,True,23,RQ2,228,252,0.005928853754940788,0.005928853754940788
kodim24.png,stripes,8,,32,luma_sd,True,23,RQ2,229,253,0.02173913043478265,0.02173913043478265
kodim24.png,stripes,8,,32,edge_fraction,True,23,RQ2,230,254,-0.004940711462450564,-0.004940711462450564
kodim24.png,stripes,8,,32,glcm_contrast,True,23,RQ2,231,255,-0.008893280632411016,-0.008893280632411016
kodim24.png,stripes,8,,32,glcm_entropy,True,23,RQ2,232,256,-0.008893280632411238,-0.008893280632411238
kodim24.png,stripes,8,,32,glcm_homogeneity,True,23,RQ2,233,257,0.021739130434782594,-0.021739130434782594
kodim24.png,stripes,8,,37,sobel_si,True,23,RQ2,234,258,0.022727272727272818,0.022727272727272818
kodim24.png,stripes,8,,37,luma_sd,True,23,RQ2,235,259,0.03754940711462451,0.03754940711462451
kodim24.png,stripes,8,,37,edge_fraction,True,23,RQ2,236,260,-0.00988142292490135,-0.00988142292490135
kodim24.png,stripes,8,,37,glcm_contrast,True,23,RQ2,237,261,0.007905138339921125,0.007905138339921125
kodim24.png,stripes,8,,37,glcm_entropy,True,23,RQ2,238,262,0.0434782608695653,0.0434782608695653
kodim24.png,stripes,8,,37,glcm_homogeneity,True,23,RQ2,239,263,-0.006916996047430901,0.006916996047430901
kodim24.png,stripes,16,,22,sobel_si,True,23,RQ2,216,264,0.03063241106719372,0.03063241106719372
kodim24.png,stripes,16,,22,luma_sd,True,23,RQ2,217,265,0.07806324110671936,0.07806324110671936
kodim24.png,stripes,16,,22,edge_fraction,True,23,RQ2,218,266,0.022727272727272707,0.022727272727272707
kodim24.png,stripes,16,,22,glcm_contrast,True,23,RQ2,219,267,0.06324110671936756,0.06324110671936756
kodim24.png,stripes,16,,22,glcm_entropy,True,23,RQ2,220,268,-0.055335968379446654,-0.055335968379446654
kodim24.png,stripes,16,,22,glcm_homogeneity,True,23,RQ2,221,269,-0.059288537549406994,0.059288537549406994
kodim24.png,stripes,16,,27,sobel_si,True,23,RQ2,222,270,0.02371541501976282,0.02371541501976282
kodim24.png,stripes,16,,27,luma_sd,True,23,RQ2,223,271,0.013833992094861677,0.013833992094861677
kodim24.png,stripes,16,,27,edge_fraction,True,23,RQ2,224,272,0.03557312252964451,0.03557312252964451
kodim24.png,stripes,16,,27,glcm_contrast,True,23,RQ2,225,273,0.07905138339920936,0.07905138339920936
kodim24.png,stripes,16,,27,glcm_entropy,True,23,RQ2,226,274,-0.02371541501976271,-0.02371541501976271
kodim24.png,stripes,16,,27,glcm_homogeneity,True,23,RQ2,227,275,-0.06719367588932812,0.06719367588932812
kodim24.png,stripes,16,,32,sobel_si,True,23,RQ2,228,276,0.015810276679841806,0.015810276679841806
kodim24.png,stripes,16,,32,luma_sd,True,23,RQ2,229,277,0.010869565217391242,0.010869565217391242
kodim24.png,stripes,16,,32,edge_fraction,True,23,RQ2,230,278,0.0,0.0
kodim24.png,stripes,16,,32,glcm_contrast,True,23,RQ2,231,279,0.028656126482213495,0.028656126482213495
kodim24.png,stripes,16,,32,glcm_entropy,True,23,RQ2,232,280,-0.026679841897233048,-0.026679841897233048
kodim24.png,stripes,16,,32,glcm_homogeneity,True,23,RQ2,233,281,-0.015810276679842028,0.015810276679842028
kodim24.png,stripes,16,,37,sobel_si,True,23,RQ2,234,282,0.04347826086956541,0.04347826086956541
kodim24.png,stripes,16,,37,luma_sd,True,23,RQ2,235,283,0.05138339920948626,0.05138339920948626
kodim24.png,stripes,16,,37,edge_fraction,True,23,RQ2,236,284,-0.022727272727272818,-0.022727272727272818
kodim24.png,stripes,16,,37,glcm_contrast,True,23,RQ2,237,285,0.03063241106719372,0.03063241106719372
kodim24.png,stripes,16,,37,glcm_entropy,True,23,RQ2,238,286,0.01976284584980237,0.01976284584980237
kodim24.png,stripes,16,,37,glcm_homogeneity,True,23,RQ2,239,287,-0.005928853754940899,0.005928853754940899
kodim24.png,stripes,32,,22,sobel_si,True,23,RQ2,216,288,0.07312252964426857,0.07312252964426857
kodim24.png,stripes,32,,22,luma_sd,True,23,RQ2,217,289,0.07806324110671936,0.07806324110671936
kodim24.png,stripes,32,,22,edge_fraction,True,23,RQ2,218,290,-0.1175889328063241,-0.1175889328063241
kodim24.png,stripes,32,,22,glcm_contrast,True,23,RQ2,219,291,0.07608695652173914,0.07608695652173914
kodim24.png,stripes,32,,22,glcm_entropy,True,23,RQ2,220,292,-0.13339920948616613,-0.13339920948616613
kodim24.png,stripes,32,,22,glcm_homogeneity,True,23,RQ2,221,293,-0.01976284584980237,0.01976284584980237
kodim24.png,stripes,32,,27,sobel_si,True,23,RQ2,222,294,0.09288537549407105,0.09288537549407105
kodim24.png,stripes,32,,27,luma_sd,True,23,RQ2,223,295,0.04446640316205536,0.04446640316205536
kodim24.png,stripes,32,,27,edge_fraction,True,23,RQ2,224,296,-0.09486166007905128,-0.09486166007905128
kodim24.png,stripes,32,,27,glcm_contrast,True,23,RQ2,225,297,0.09980237154150196,0.09980237154150196
kodim24.png,stripes,32,,27,glcm_entropy,True,23,RQ2,226,298,-0.14229249011857692,-0.14229249011857692
kodim24.png,stripes,32,,27,glcm_homogeneity,True,23,RQ2,227,299,-0.02667984189723316,0.02667984189723316
kodim24.png,stripes,32,,32,sobel_si,True,23,RQ2,228,300,0.022727272727272707,0.022727272727272707
kodim24.png,stripes,32,,32,luma_sd,True,23,RQ2,229,301,0.01185770750988141,0.01185770750988141
kodim24.png,stripes,32,,32,edge_fraction,True,23,RQ2,230,302,-0.11462450592885387,-0.11462450592885387
kodim24.png,stripes,32,,32,glcm_contrast,True,23,RQ2,231,303,0.041501976284585185,0.041501976284585185
kodim24.png,stripes,32,,32,glcm_entropy,True,23,RQ2,232,304,-0.14229249011857703,-0.14229249011857703
kodim24.png,stripes,32,,32,glcm_homogeneity,True,23,RQ2,233,305,0.011857707509881243,-0.011857707509881243
kodim24.png,stripes,32,,37,sobel_si,True,23,RQ2,234,306,0.022727272727272818,0.022727272727272818
kodim24.png,stripes,32,,37,luma_sd,True,23,RQ2,235,307,0.054347826086956486,0.054347826086956486
kodim24.png,stripes,32,,37,edge_fraction,True,23,RQ2,236,308,-0.13043478260869568,-0.13043478260869568
kodim24.png,stripes,32,,37,glcm_contrast,True,23,RQ2,237,309,0.02766798418972327,0.02766798418972327
kodim24.png,stripes,32,,37,glcm_entropy,True,23,RQ2,238,310,-0.10869565217391308,-0.10869565217391308
kodim24.png,stripes,32,,37,glcm_homogeneity,True,23,RQ2,239,311,0.01976284584980237,-0.01976284584980237
