stimulus,dr,dc,glcm_contrast,glcm_entropy,glcm_homogeneity
kodim01_a56e27cbf5f8__clean_0,0,1,0.4798932529335071,2.534306771828514,0.8343818126820561
kodim01_a56e27cbf5f8__clean_0,1,1,0.8462661090940636,2.776298615463226,0.7638913459388179
kodim01_a56e27cbf5f8__clean_0,1,0,0.6430355104370515,2.6574456652758207,0.8012917512948989
kodim01_a56e27cbf5f8__clean_0,1,-1,0.9076943488366753,2.809530194852297,0.7505608798970234
kodim01_a56e27cbf5f8__awgn_5_seed-20260811,0,1,0.5645957260430248,2.65127778353094,0.7983412115287851
kodim01_a56e27cbf5f8__awgn_5_seed-20260811,1,1,0.9197600634795897,2.8528668079681267,0.7360822345214164
kodim01_a56e27cbf5f8__awgn_5_seed-20260811,1,0,0.7236423679060666,2.75642318876604,0.7678690424636234
kodim01_a56e27cbf5f8__awgn_5_seed-20260811,1,-1,0.9809433658980907,2.8812755972920794,0.7241177036882859
kodim01_a56e27cbf5f8__awgn_5_seed-20260812,0,1,0.5642213983050848,2.651343145981831,0.7980661598235439
kodim01_a56e27cbf5f8__awgn_5_seed-20260812,1,1,0.9163692123989314,2.8518499775068706,0.7361885677650082
kodim01_a56e27cbf5f8__awgn_5_seed-20260812,1,0,0.7193003913894325,2.754424815451105,0.7684093890026605
kodim01_a56e27cbf5f8__awgn_5_seed-20260812,1,-1,0.9785526755575513,2.880856144637897,0.7238357359877099
kodim01_a56e27cbf5f8__awgn_5_seed-20260813,0,1,0.5657823704367666,2.653146568856738,0.7978863017573599
kodim01_a56e27cbf5f8__awgn_5_seed-20260813,1,1,0.9168565356166936,2.8527912355230485,0.7360169666899214
kodim01_a56e27cbf5f8__awgn_5_seed-20260813,1,0,0.7198354941291585,2.755273527059002,0.7684251852796626
kodim01_a56e27cbf5f8__awgn_5_seed-20260813,1,-1,0.9803055082832189,2.881830561326433,0.7239167505540567
kodim01_a56e27cbf5f8__awgn_15_seed-20260811,0,1,0.9536011856258148,2.994928440623057,0.6889990333366305
kodim01_a56e27cbf5f8__awgn_15_seed-20260811,1,1,1.2992317642886486,3.115766947900113,0.6479033048069668
kodim01_a56e27cbf5f8__awgn_15_seed-20260811,1,0,1.1063554916829745,3.0556399265771397,0.6684893241847688
kodim01_a56e27cbf5f8__awgn_15_seed-20260811,1,-1,1.3624357996310632,3.1328495164630796,0.639982790815288
kodim01_a56e27cbf5f8__awgn_15_seed-20260812,0,1,0.9542250651890483,2.9956519799981276,0.6886780486194144
kodim01_a56e27cbf5f8__awgn_15_seed-20260812,1,1,1.303954462069159,3.116938896747241,0.647243178780075
kodim01_a56e27cbf5f8__awgn_15_seed-20260812,1,0,1.106095584637965,3.055711481770892,0.6685207772955178
kodim01_a56e27cbf5f8__awgn_15_seed-20260812,1,-1,1.365158175931336,3.134069088098447,0.6394415483302669
kodim01_a56e27cbf5f8__awgn_15_seed-20260813,0,1,0.955730015482399,2.996173201881285,0.6883921377820899
kodim01_a56e27cbf5f8__awgn_15_seed-20260813,1,1,1.3000660820489007,3.1163881180514967,0.647639100179603
kodim01_a56e27cbf5f8__awgn_15_seed-20260813,1,0,1.1053082191780823,3.0559825786254846,0.6686983910379861
kodim01_a56e27cbf5f8__awgn_15_seed-20260813,1,-1,1.3664185825783224,3.1346692210496854,0.6391942341351018
kodim01_a56e27cbf5f8__awgn_30_seed-20260811,0,1,2.188508393089961,3.49889197405673,0.5397454982824595
kodim01_a56e27cbf5f8__awgn_30_seed-20260811,1,1,2.5170167654495494,3.5454813266552847,0.5197498538511958
kodim01_a56e27cbf5f8__awgn_30_seed-20260811,1,0,2.33039026826484,3.5205537341071054,0.53007035243771
kodim01_a56e27cbf5f8__awgn_30_seed-20260811,1,-1,2.580373886619533,3.5527786292575296,0.5160010646913059
kodim01_a56e27cbf5f8__awgn_30_seed-20260812,0,1,2.1850197604302477,3.4997132099250416,0.539948382366195
kodim01_a56e27cbf5f8__awgn_30_seed-20260812,1,1,2.5278399334586936,3.548215531126915,0.5191128031211364
kodim01_a56e27cbf5f8__awgn_30_seed-20260812,1,0,2.336031780006523,3.5225852041055123,0.5301555071689414
kodim01_a56e27cbf5f8__awgn_30_seed-20260812,1,-1,2.590809237198836,3.5554788207834767,0.5147773902182542
kodim01_a56e27cbf5f8__awgn_30_seed-20260813,0,1,2.193593648142112,3.501424999707922,0.5389605510977362
kodim01_a56e27cbf5f8__awgn_30_seed-20260813,1,1,2.521770080395574,3.5477833343283507,0.5192837704105377
kodim01_a56e27cbf5f8__awgn_30_seed-20260813,1,0,2.335975721624266,3.523112812986673,0.5294646814392105
kodim01_a56e27cbf5f8__awgn_30_seed-20260813,1,-1,2.590125453835693,3.5557877572784102,0.5143359706448942
kodim01_a56e27cbf5f8__stripes_8,0,1,0.4871455345501956,2.5564001608575846,0.8312654046944805
kodim01_a56e27cbf5f8__stripes_8,1,1,0.8527671539048367,2.8084358430723473,0.7563458672501826
kodim01_a56e27cbf5f8__stripes_8,1,0,0.6500224233529028,2.6932984254899264,0.7927079492941198
kodim01_a56e27cbf5f8__stripes_8,1,-1,0.9148026340968064,2.841226523232362,0.7428851043195996
kodim01_a56e27cbf5f8__stripes_16,0,1,0.4834226287483703,2.580752731097844,0.8340123000555945
kodim01_a56e27cbf5f8__stripes_16,1,1,0.8641720480587441,2.8532557156172293,0.753420353351876
kodim01_a56e27cbf5f8__stripes_16,1,0,0.665305976842792,2.7432341079529605,0.7873940544751634
kodim01_a56e27cbf5f8__stripes_16,1,-1,0.9264065398265537,2.8860615201223068,0.7401279501968163
kodim01_a56e27cbf5f8__stripes_32,0,1,0.4809831323337679,2.698552013372719,0.8347862681944571
kodim01_a56e27cbf5f8__stripes_32,1,1,0.9299581310261598,3.033467663319849,0.7307277964496824
kodim01_a56e27cbf5f8__stripes_32,1,0,0.7354910714285714,2.9359987466830155,0.7605677770727377
kodim01_a56e27cbf5f8__stripes_32,1,-1,0.9909067018423879,3.0631889627898916,0.7194959346743615
kodim02_4f4b74a79237__clean_0,0,1,0.1227998696219035,1.1162200986713104,0.9496778709728801
kodim02_4f4b74a79237__clean_0,1,1,0.18603755195350272,1.18944769367555,0.9312844009174615
kodim02_4f4b74a79237__clean_0,1,0,0.15026194553163733,1.1427491757293708,0.9420972417478511
kodim02_4f4b74a79237__clean_0,1,-1,0.20931680346586312,1.2157129350384956,0.9250679342666607
kodim02_4f4b74a79237__awgn_5_seed-20260811,0,1,0.17688895453063885,1.261651426350004,0.9235532020340604
kodim02_4f4b74a79237__awgn_5_seed-20260811,1,1,0.23237918338916713,1.3111808894746027,0.9088898842737013
kodim02_4f4b74a79237__awgn_5_seed-20260811,1,0,0.20081641389432486,1.2794342777006051,0.9174465351974669
kodim02_4f4b74a79237__awgn_5_seed-20260811,1,-1,0.2553879832728219,1.3317398957428241,0.9032560447343285
kodim02_4f4b74a79237__awgn_5_seed-20260812,0,1,0.1763236432529335,1.2597675584866126,0.9239254419157468
kodim02_4f4b74a79237__awgn_5_seed-20260812,1,1,0.23318798684482453,1.3110783803674557,0.9086692106257857
kodim02_4f4b74a79237__awgn_5_seed-20260812,1,0,0.201221563111546,1.2791419991767492,0.9174639286774786
kodim02_4f4b74a79237__awgn_5_seed-20260812,1,-1,0.255865100768746,1.3311143870818762,0.9032095485851813
kodim02_4f4b74a79237__awgn_5_seed-20260813,0,1,0.17701118399608867,1.2604397629208939,0.9234916310148698
kodim02_4f4b74a79237__awgn_5_seed-20260813,1,1,0.23255523209087178,1.3096837776774002,0.9088482260760368
kodim02_4f4b74a79237__awgn_5_seed-20260813,1,0,0.19984813274624919,1.2766324478822955,0.9177436890602936
kodim02_4f4b74a79237__awgn_5_seed-20260813,1,-1,0.25407654801664553,1.3286719320966032,0.9036890770565196
kodim02_4f4b74a79237__awgn_15_seed-20260811,0,1,0.6631432325619294,2.1488358783854222,0.7388771836988335
kodim02_4f4b74a79237__awgn_15_seed-20260811,1,1,0.7151659577942374,2.1652423817680466,0.7309325266308269
kodim02_4f4b74a79237__awgn_15_seed-20260811,1,0,0.6833211024135681,2.153858554608178,0.7356342311010925
kodim02_4f4b74a79237__awgn_15_seed-20260811,1,-1,0.7397081673840439,2.1736589724525333,0.7271618611373635
kodim02_4f4b74a79237__awgn_15_seed-20260812,0,1,0.6649690352020861,2.1517751756258514,0.7386351314828504
kodim02_4f4b74a79237__awgn_15_seed-20260812,1,1,0.7176229853267234,2.1683282789477936,0.7298154242254923
kodim02_4f4b74a79237__awgn_15_seed-20260812,1,0,0.6867508561643836,2.1576307173512768,0.7345296539375155
kodim02_4f4b74a79237__awgn_15_seed-20260812,1,-1,0.7436220617088971,2.177285252106368,0.7258759943908082
kodim02_4f4b74a79237__awgn_15_seed-20260813,0,1,0.6646914724576272,2.1520064288084697,0.738557392034326
kodim02_4f4b74a79237__awgn_15_seed-20260813,1,1,0.7162094928521675,2.168078653533599,0.7305923562989458
kodim02_4f4b74a79237__awgn_15_seed-20260813,1,0,0.6840804386823223,2.1566705932832204,0.7356169547087908
kodim02_4f4b74a79237__awgn_15_seed-20260813,1,-1,0.742772435365888,2.176963850934979,0.7266776974935114
kodim02_4f4b74a79237__awgn_30_seed-20260811,0,1,1.865687642601043,2.963790773007199,0.5601720516437753
kodim02_4f4b74a79237__awgn_30_seed-20260811,1,1,1.9099217476278076,2.9667108162213545,0.5568982233818704
kodim02_4f4b74a79237__awgn_30_seed-20260811,1,0,1.8805242987606003,2.963460374149551,0.5589665972688737
kodim02_4f4b74a79237__awgn_30_seed-20260811,1,-1,1.9345787715882912,2.9691654961316662,0.5550578073530397
kodim02_4f4b74a79237__awgn_30_seed-20260812,0,1,1.855904192470665,2.9611647797228593,0.5614650625414158
kodim02_4f4b74a79237__awgn_30_seed-20260812,1,1,1.9088526982652825,2.9649064959473588,0.5571290120770868
kodim02_4f4b74a79237__awgn_30_seed-20260812,1,0,1.8808530047292888,2.9617136179319274,0.5588895792890177
kodim02_4f4b74a79237__awgn_30_seed-20260812,1,-1,1.933892436794689,2.9670709698308477,0.5552180009223211
kodim02_4f4b74a79237__awgn_30_seed-20260813,0,1,1.8620487695567143,2.963546603683158,0.5608622644405861
kodim02_4f4b74a79237__awgn_30_seed-20260813,1,1,1.91309317568895,2.9668056976086814,0.5567698276442015
kodim02_4f4b74a79237__awgn_30_seed-20260813,1,0,1.8782615786040444,2.963369971956368,0.5598559489975183
kodim02_4f4b74a79237__awgn_30_seed-20260813,1,-1,1.9309863575013333,2.9687813269140295,0.555950516781974
kodim02_4f4b74a79237__stripes_8,0,1,0.1321555166232073,1.1677405746126481,0.944894880355236
kodim02_4f4b74a79237__stripes_8,1,1,0.18962486317954164,1.2497275065014894,0.9247461874219116
kodim02_4f4b74a79237__stripes_8,1,0,0.15454276744944553,1.205066020958462,0.9353067317958283
kodim02_4f4b74a79237__stripes_8,1,-1,0.21544023656863223,1.2785251132515645,0.9175493786641377
kodim02_4f4b74a79237__stripes_16,0,1,0.19146227183833117,1.5373467621023797,0.9154924464771367
kodim02_4f4b74a79237__stripes_16,1,1,0.2910442239441543,1.682838610596312,0.8743512707468046
kodim02_4f4b74a79237__stripes_16,1,0,0.2518142530984997,1.6398510922777856,0.886697528810744
kodim02_4f4b74a79237__stripes_16,1,-1,0.324952734750738,1.7176957835581952,0.8638140022496752
kodim02_4f4b74a79237__stripes_32,0,1,0.14310014667535853,1.781163462599545,0.9391653580309369
kodim02_4f4b74a79237__stripes_32,1,1,0.35521780286117416,2.1455213341851067,0.8437385714375609
kodim02_4f4b74a79237__stripes_32,1,0,0.3259591079582518,2.1181979482614324,0.8507167603303532
kodim02_4f4b74a79237__stripes_32,1,-1,0.37779285956671604,2.1666576516514597,0.8382964279921459
kodim03_e25ca1ff2f0c__clean_0,0,1,0.14225472620599738,2.0954087505443453,0.9367217432043387
kodim03_e25ca1ff2f0c__clean_0,1,1,0.2127357202815759,2.200444857099371,0.9148551416120678
kodim03_e25ca1ff2f0c__clean_0,1,0,0.21158471950424007,2.189959489038884,0.9153934308358664
kodim03_e25ca1ff2f0c__clean_0,1,-1,0.2816345484095658,2.2821568162059176,0.8972502800035796
kodim03_e25ca1ff2f0c__awgn_5_seed-20260811,0,1,0.2869795061929596,2.401633548228509,0.8651951732286149
kodim03_e25ca1ff2f0c__awgn_5_seed-20260811,1,1,0.33921267958881146,2.454970228410557,0.8517557691796829
kodim03_e25ca1ff2f0c__awgn_5_seed-20260811,1,0,0.34286580642530984,2.4574945843705818,0.8502566795138939
kodim03_e25ca1ff2f0c__awgn_5_seed-20260811,1,-1,0.4034832128632918,2.5150316406477584,0.8374515762407724
kodim03_e25ca1ff2f0c__awgn_5_seed-20260812,0,1,0.287583014178618,2.4017197164046604,0.8649384974237789
kodim03_e25ca1ff2f0c__awgn_5_seed-20260812,1,1,0.33959029129681556,2.45433156881163,0.8517144521691471
kodim03_e25ca1ff2f0c__awgn_5_seed-20260812,1,0,0.3407992906066536,2.453955541500852,0.8511326787874178
kodim03_e25ca1ff2f0c__awgn_5_seed-20260812,1,-1,0.40261572650706623,2.51318636992504,0.8377396461879367
kodim03_e25ca1ff2f0c__awgn_5_seed-20260813,0,1,0.28665610739895697,2.400493901758355,0.8653134312391966
kodim03_e25ca1ff2f0c__awgn_5_seed-20260813,1,1,0.3385493076693448,2.4532060476798168,0.8520867347355217
kodim03_e25ca1ff2f0c__awgn_5_seed-20260813,1,0,0.34174973499673844,2.4553042535634977,0.8508096097876896
kodim03_e25ca1ff2f0c__awgn_5_seed-20260813,1,-1,0.4020773746801144,2.5130482775104035,0.8378221423874559
kodim03_e25ca1ff2f0c__awgn_15_seed-20260811,0,1,0.6591529498044328,2.841899630527708,0.7307820364370665
kodim03_e25ca1ff2f0c__awgn_15_seed-20260811,1,1,0.7065650857153062,2.8669215775450345,0.7236610270724997
kodim03_e25ca1ff2f0c__awgn_15_seed-20260811,1,0,0.7101119129158512,2.8678313203653163,0.7228089211060353
kodim03_e25ca1ff2f0c__awgn_15_seed-20260811,1,-1,0.7676412280545089,2.897953699207993,0.7155723737698573
kodim03_e25ca1ff2f0c__awgn_15_seed-20260812,0,1,0.6628045550847457,2.843498314646827,0.7298974807271972
kodim03_e25ca1ff2f0c__awgn_15_seed-20260812,1,1,0.7076264807864528,2.8668145080141705,0.7229865112336771
kodim03_e25ca1ff2f0c__awgn_15_seed-20260812,1,0,0.7088633398564905,2.866375141694659,0.7232643406948402
kodim03_e25ca1ff2f0c__awgn_15_seed-20260812,1,-1,0.7669166218040144,2.896817433803377,0.7152960854966954
kodim03_e25ca1ff2f0c__awgn_15_seed-20260813,0,1,0.6572762182203391,2.838720359429958,0.7315426328724626
kodim03_e25ca1ff2f0c__awgn_15_seed-20260813,1,1,0.7011560531411936,2.8616750915408313,0.7246444318071377
kodim03_e25ca1ff2f0c__awgn_15_seed-20260813,1,0,0.7049545417482062,2.8628752140351503,0.7240892699513519
kodim03_e25ca1ff2f0c__awgn_15_seed-20260813,1,-1,0.7607191972179203,2.892126842791095,0.7169779597555068
kodim03_e25ca1ff2f0c__awgn_30_seed-20260811,0,1,1.8582494703389831,3.417117566880726,0.5621729173560998
kodim03_e25ca1ff2f0c__awgn_30_seed-20260811,1,1,1.9054899129196783,3.4257233856378053,0.557956245441356
kodim03_e25ca1ff2f0c__awgn_30_seed-20260811,1,0,1.9102836554142204,3.4261986199223156,0.5577936747056282
kodim03_e25ca1ff2f0c__awgn_30_seed-20260811,1,-1,1.9643922365073978,3.4367401662763215,0.5545308377640884
kodim03_e25ca1ff2f0c__awgn_30_seed-20260812,0,1,1.8670041558018253,3.4179501484165917,0.5613013281790245
kodim03_e25ca1ff2f0c__awgn_30_seed-20260812,1,1,1.9113250343805255,3.4258188664773916,0.5564260690094778
kodim03_e25ca1ff2f0c__awgn_30_seed-20260812,1,0,1.9097103310502281,3.425444258764398,0.5575900041455794
kodim03_e25ca1ff2f0c__awgn_30_seed-20260812,1,-1,1.9634788244029013,3.435791086382072,0.5547293930716477
kodim03_e25ca1ff2f0c__awgn_30_seed-20260813,0,1,1.8574957219687092,3.414613652473647,0.5620505894085096
kodim03_e25ca1ff2f0c__awgn_30_seed-20260813,1,1,1.8963175204178222,3.421454545518482,0.5586786833098267
kodim03_e25ca1ff2f0c__awgn_30_seed-20260813,1,0,1.9043108895955645,3.422827053438834,0.5586013434000818
kodim03_e25ca1ff2f0c__awgn_30_seed-20260813,1,-1,1.9565440364140156,3.432924023598701,0.5553322351756553
kodim03_e25ca1ff2f0c__stripes_8,0,1,0.12904375814863103,2.0692649671319554,0.942994016286938
kodim03_e25ca1ff2f0c__stripes_8,1,1,0.21727216363854396,2.237940844965583,0.9098445336413203
kodim03_e25ca1ff2f0c__stripes_8,1,0,0.2184289383561644,2.2352552199024545,0.9094562598182411
kodim03_e25ca1ff2f0c__stripes_8,1,-1,0.2824510061566017,2.312078575816917,0.8941384153033715
kodim03_e25ca1ff2f0c__stripes_16,0,1,0.11999368481095177,2.064028505891751,0.9473089261247323
kodim03_e25ca1ff2f0c__stripes_16,1,1,0.2359537374629086,2.309362840514181,0.8984058085242416
kodim03_e25ca1ff2f0c__stripes_16,1,0,0.238125815394651,2.3086220792432544,0.8976229559441181
kodim03_e25ca1ff2f0c__stripes_16,1,-1,0.29915266994440437,2.3787203440927707,0.8833135007640993
kodim03_e25ca1ff2f0c__stripes_32,0,1,0.1254379889178618,2.185414646585679,0.94439408291398
kodim03_e25ca1ff2f0c__stripes_32,1,1,0.3375619040815233,2.5967123754797763,0.8486386634974591
kodim03_e25ca1ff2f0c__stripes_32,1,0,0.3411152560339204,2.599164059712918,0.847366671594235
kodim03_e25ca1ff2f0c__stripes_32,1,-1,0.39934224122754425,2.6557087196308364,0.8351578020221195
kodim04_e3b946107c5d__clean_0,0,1,0.204760885518591,2.161796253173124,0.9122603971119533
kodim04_e3b946107c5d__clean_0,1,1,0.2612843390646966,2.2508260190986107,0.8927761634903644
kodim04_e3b946107c5d__clean_0,1,0,0.19760430247718386,2.1586247220144488,0.9134012112371507
kodim04_e3b946107c5d__clean_0,1,-1,0.2879212730617421,2.271460409054453,0.8884764677432828
kodim04_e3b946107c5d__awgn_5_seed-20260811,0,1,0.30209352576647097,2.3560746292081385,0.8644862146650021
kodim04_e3b946107c5d__awgn_5_seed-20260811,1,1,0.34941329856584097,2.413838024287229,0.8504878784822935
kodim04_e3b946107c5d__awgn_5_seed-20260811,1,0,0.29658215857235987,2.3562588337370345,0.8653301147191622
kodim04_e3b946107c5d__awgn_5_seed-20260811,1,-1,0.3749301545911715,2.4304432322514824,0.8466454214332813
kodim04_e3b946107c5d__awgn_5_seed-20260812,0,1,0.3021750652315721,2.3567525461539094,0.8643963690586878
kodim04_e3b946107c5d__awgn_5_seed-20260812,1,1,0.348402932103884,2.41312812444122,0.8509116422192788
kodim04_e3b946107c5d__awgn_5_seed-20260812,1,0,0.2972849779986962,2.357572409724576,0.8650636157692663
kodim04_e3b946107c5d__awgn_5_seed-20260812,1,-1,0.3740090881952967,2.43014912845724,0.8468640418052876
kodim04_e3b946107c5d__awgn_5_seed-20260813,0,1,0.301148177592955,2.3547157522751263,0.8649455483438285
kodim04_e3b946107c5d__awgn_5_seed-20260813,1,1,0.34721141407930356,2.4112581384412244,0.8514261315096954
kodim04_e3b946107c5d__awgn_5_seed-20260813,1,0,0.296796060136897,2.3567883133735013,0.8652616467114231
kodim04_e3b946107c5d__awgn_5_seed-20260813,1,-1,0.3756700694244228,2.4316504983013694,0.8464127140636076
kodim04_e3b946107c5d__awgn_15_seed-20260811,0,1,0.699524522994129,2.8259629310479055,0.7251750152142351
kodim04_e3b946107c5d__awgn_15_seed-20260811,1,1,0.743070952729648,2.8516010342551414,0.7178179590150211
kodim04_e3b946107c5d__awgn_15_seed-20260811,1,0,0.6946173199152543,2.8268533937041247,0.7259077005512429
kodim04_e3b946107c5d__awgn_15_seed-20260811,1,-1,0.7668018074333375,2.860524119285054,0.7155548108233991
kodim04_e3b946107c5d__awgn_15_seed-20260812,0,1,0.6978988299086757,2.8234010785619845,0.7259031143615778
kodim04_e3b946107c5d__awgn_15_seed-20260812,1,1,0.7400602647874532,2.848383107419232,0.7187146448188402
kodim04_e3b946107c5d__awgn_15_seed-20260812,1,0,0.6930283368644067,2.824320004525101,0.7260626555845916
kodim04_e3b946107c5d__awgn_15_seed-20260812,1,-1,0.7640028882192802,2.8577969779563936,0.716589087062514
kodim04_e3b946107c5d__awgn_15_seed-20260813,0,1,0.6967470849641227,2.824007504570545,0.7256093930439846
kodim04_e3b946107c5d__awgn_15_seed-20260813,1,1,0.7402363134891577,2.8496734671079924,0.7182899372366796
kodim04_e3b946107c5d__awgn_15_seed-20260813,1,0,0.6925546976857887,2.8251345453687233,0.7263731861784609
kodim04_e3b946107c5d__awgn_15_seed-20260813,1,-1,0.7656613180179468,2.859920548986029,0.7156819875907503
kodim04_e3b946107c5d__awgn_30_seed-20260811,0,1,1.9098148034898892,3.3974571994441773,0.5569332052437285
kodim04_e3b946107c5d__awgn_30_seed-20260811,1,1,1.953880343014311,3.405791686904305,0.5535472634125254
kodim04_e3b946107c5d__awgn_30_seed-20260811,1,0,1.9093744907105605,3.398696173587622,0.5577326993275031
kodim04_e3b946107c5d__awgn_30_seed-20260811,1,-1,1.9739754093132316,3.4092512359318157,0.5529537175017173
kodim04_e3b946107c5d__awgn_30_seed-20260812,0,1,1.9109130381604698,3.396622702692316,0.557081210397966
kodim04_e3b946107c5d__awgn_30_seed-20260812,1,1,1.9531174653069243,3.4048286177152045,0.5537580744540476
kodim04_e3b946107c5d__awgn_30_seed-20260812,1,0,1.9053536505867015,3.3968458316039394,0.5575090305357318
kodim04_e3b946107c5d__awgn_30_seed-20260812,1,-1,1.9738172206247435,3.408455363936007,0.5522137152389914
kodim04_e3b946107c5d__awgn_30_seed-20260813,0,1,1.9055186929223744,3.396037293819249,0.5574478493133433
kodim04_e3b946107c5d__awgn_30_seed-20260813,1,1,1.9423887002247815,3.4030727137086085,0.5546782753355659
kodim04_e3b946107c5d__awgn_30_seed-20260813,1,0,1.9021578593546282,3.396664182280059,0.5576981581679777
kodim04_e3b946107c5d__awgn_30_seed-20260813,1,-1,1.968295925110413,3.40775828072643,0.5531123662027895
kodim04_e3b946107c5d__stripes_8,0,1,0.1969534817351598,2.161723882897349,0.9151167642373073
kodim04_e3b946107c5d__stripes_8,1,1,0.2656779023159334,2.2774030500661913,0.8898852727124498
kodim04_e3b946107c5d__stripes_8,1,0,0.20895636408083446,2.1971763808588562,0.9078637973488578
kodim04_e3b946107c5d__stripes_8,1,-1,0.2936875059001829,2.3005768776828113,0.884807441148429
kodim04_e3b946107c5d__stripes_16,0,1,0.1915412997390737,2.185358972545685,0.9173902322566454
kodim04_e3b946107c5d__stripes_16,1,1,0.2879850588232293,2.3571466150835003,0.8783721990615536
kodim04_e3b946107c5d__stripes_16,1,0,0.23586976450456323,2.2888148365797196,0.8939072033621769
kodim04_e3b946107c5d__stripes_16,1,-1,0.3137315435899137,2.3766195308497475,0.8740507791992956
kodim04_e3b946107c5d__stripes_32,0,1,0.19457354859752118,2.312615744449937,0.9159101252460942
kodim04_e3b946107c5d__stripes_32,1,1,0.38447505594011283,2.6300635729347146,0.8329939343486689
kodim04_e3b946107c5d__stripes_32,1,0,0.3378040457953064,2.5804819255356537,0.8446476249413741
kodim04_e3b946107c5d__stripes_32,1,-1,0.4085784194908875,2.646973533756135,0.8289800661668201
kodim05_10349e963c5c__clean_0,0,1,0.5718760185788787,2.68999246016082,0.8305481965740193
kodim05_10349e963c5c__clean_0,1,1,0.8031418314678124,2.8246298118559787,0.793401844326142
kodim05_10349e963c5c__clean_0,1,0,0.632277397260274,2.733413774413159,0.818010119549201
kodim05_10349e963c5c__clean_0,1,-1,0.984589360024698,2.8853587313026443,0.7776062132207395
kodim05_10349e963c5c__awgn_5_seed-20260811,0,1,0.6460412931877444,2.7841801695033723,0.7987069206344763
kodim05_10349e963c5c__awgn_5_seed-20260811,1,1,0.8654452118580281,2.893153169934461,0.7674276692125569
kodim05_10349e963c5c__awgn_5_seed-20260811,1,0,0.7014305079908676,2.8179063515210885,0.7885098881446962
kodim05_10349e963c5c__awgn_5_seed-20260811,1,-1,1.0457114281121709,2.9490918672066933,0.7527264989869169
kodim05_10349e963c5c__awgn_5_seed-20260812,0,1,0.6463825171121251,2.784672301652787,0.798684150569591
kodim05_10349e963c5c__awgn_5_seed-20260812,1,1,0.8655753348114621,2.8934671407051638,0.7675316534302274
kodim05_10349e963c5c__awgn_5_seed-20260812,1,0,0.7012521404109588,2.81895592728138,0.7882997052530819
kodim05_10349e963c5c__awgn_5_seed-20260812,1,-1,1.0455659965759803,2.9492992006075696,0.7529106180282262
kodim05_10349e963c5c__awgn_5_seed-20260813,0,1,0.6464130744784876,2.784766869862796,0.7983812789738792
kodim05_10349e963c5c__awgn_5_seed-20260813,1,1,0.8649680943621041,2.892919347620075,0.7675075726320306
kodim05_10349e963c5c__awgn_5_seed-20260813,1,0,0.7017948874755382,2.8189201499052112,0.7880715419284365
kodim05_10349e963c5c__awgn_5_seed-20260813,1,-1,1.0446245187364296,2.949133003472203,0.7526048384577748
kodim05_10349e963c5c__awgn_15_seed-20260811,0,1,1.0045123044328552,3.0626971464552613,0.6933506395743603
kodim05_10349e963c5c__awgn_15_seed-20260811,1,1,1.2123887257390857,3.1286137056797103,0.6731616784110094
kodim05_10349e963c5c__awgn_15_seed-20260811,1,0,1.057549025603392,3.0830895133941083,0.6866488662372149
kodim05_10349e963c5c__awgn_15_seed-20260811,1,-1,1.3893406338263548,3.1713857836100203,0.6611441123842382
kodim05_10349e963c5c__awgn_15_seed-20260812,0,1,1.0026661302151239,3.062971741661811,0.6929498503293194
kodim05_10349e963c5c__awgn_15_seed-20260812,1,1,1.2114293878863185,3.129149584486992,0.6730893439939326
kodim05_10349e963c5c__awgn_15_seed-20260812,1,0,1.054239032941944,3.082419705041477,0.6871881399531732
kodim05_10349e963c5c__awgn_15_seed-20260812,1,-1,1.3878633555903117,3.170540244565023,0.6620689160001256
kodim05_10349e963c5c__awgn_15_seed-20260813,0,1,1.003554840286832,3.062476878049182,0.6931153857215336
kodim05_10349e963c5c__awgn_15_seed-20260813,1,1,1.2108833817679883,3.128638424119675,0.6728624811816752
kodim05_10349e963c5c__awgn_15_seed-20260813,1,0,1.05662915851272,3.0825548720163076,0.6863817501304912
kodim05_10349e963c5c__awgn_15_seed-20260813,1,-1,1.387085169300168,3.1700177050791627,0.6615685657719095
kodim05_10349e963c5c__awgn_30_seed-20260811,0,1,2.0369591346153846,3.416499416546101,0.563115546549122
kodim05_10349e963c5c__awgn_30_seed-20260811,1,1,2.2265950905375096,3.4464598056826845,0.552106396594702
kodim05_10349e963c5c__awgn_30_seed-20260811,1,0,2.0870612157534247,3.425759620998678,0.5593510508172953
kodim05_10349e963c5c__awgn_30_seed-20260811,1,-1,2.3962703189543215,3.469987358179209,0.5444379779485946
kodim05_10349e963c5c__awgn_30_seed-20260812,0,1,2.0366688396349417,3.4165657167802914,0.5622768553646593
kodim05_10349e963c5c__awgn_30_seed-20260812,1,1,2.234774976590626,3.4475795780054757,0.5513081127832449
kodim05_10349e963c5c__awgn_30_seed-20260812,1,0,2.087912283920417,3.4259585416253366,0.5596729670574478
kodim05_10349e963c5c__awgn_30_seed-20260812,1,-1,2.3929993851052593,3.469196731982064,0.5449103894048303
kodim05_10349e963c5c__awgn_30_seed-20260813,0,1,2.047728059810952,3.4186804853386334,0.5614537845675054
kodim05_10349e963c5c__awgn_30_seed-20260813,1,1,2.2357878944830416,3.448589483803585,0.5505435683929916
kodim05_10349e963c5c__awgn_30_seed-20260813,1,0,2.0968535958904106,3.427916845865505,0.5577974148125487
kodim05_10349e963c5c__awgn_30_seed-20260813,1,-1,2.4024447806662805,3.4710912098471782,0.5433539700082747
kodim05_10349e963c5c__stripes_8,0,1,0.5704907513037809,2.691212727662554,0.8308896651964983
kodim05_10349e963c5c__stripes_8,1,1,0.7992840686130679,2.8339051838532825,0.7906554610653275
kodim05_10349e963c5c__stripes_8,1,0,0.6321601842791911,2.7458088996380936,0.8143160839845722
kodim05_10349e963c5c__stripes_8,1,-1,0.9817419636319102,2.894812808355168,0.7748631492845216
kodim05_10349e963c5c__stripes_16,0,1,0.562815759452412,2.6980329930533795,0.8332072093181913
kodim05_10349e963c5c__stripes_16,1,1,0.8067801713030409,2.866684985003853,0.7837696100555782
kodim05_10349e963c5c__stripes_16,1,0,0.6448803408349641,2.783771124230534,0.8061605611312248
kodim05_10349e963c5c__stripes_16,1,-1,0.9859875439164968,2.9250248111471726,0.7689898358957776
kodim05_10349e963c5c__stripes_32,0,1,0.5416395045632334,2.718124907812762,0.8396421141331722
kodim05_10349e963c5c__stripes_32,1,1,0.8414898312739036,2.9546330131791696,0.7656332132859767
kodim05_10349e963c5c__stripes_32,1,0,0.692662467384214,2.8867975240466093,0.7837299517943908
kodim05_10349e963c5c__stripes_32,1,-1,1.0119509002722378,3.0098054563278493,0.7516488541650148
kodim06_363510303b71__clean_0,0,1,0.2685737858539765,2.479038656401559,0.8999057323745818
kodim06_363510303b71__clean_0,1,1,0.6443663139739295,2.7874720214892186,0.8178292919530324
kodim06_363510303b71__clean_0,1,0,0.5418246493803001,2.7340733502151857,0.8300602944432265
kodim06_363510303b71__clean_0,1,-1,0.5978027080882897,2.771276394102072,0.8211251401570224
kodim06_363510303b71__awgn_5_seed-20260811,0,1,0.3454637589634941,2.635664883114531,0.8634599561888758
kodim06_363510303b71__awgn_5_seed-20260811,1,1,0.7090910018701986,2.89389172990259,0.7907711443888792
kodim06_363510303b71__awgn_5_seed-20260811,1,0,0.6085264799412916,2.846861293369966,0.8018751414812428
kodim06_363510303b71__awgn_5_seed-20260811,1,-1,0.6617262468202798,2.875644205512071,0.7948272337617894
kodim06_363510303b71__awgn_5_seed-20260812,0,1,0.3472793758148631,2.6384466085284908,0.8627071252184794
kodim06_363510303b71__awgn_5_seed-20260812,1,1,0.7126043216129123,2.8955308700208624,0.7905857023355529
kodim06_363510303b71__awgn_5_seed-20260812,1,0,0.611589306099152,2.8493523403258902,0.8012562651055424
kodim06_363510303b71__awgn_5_seed-20260812,1,-1,0.664377183067687,2.8783791457763948,0.7939671551657932
kodim06_363510303b71__awgn_5_seed-20260813,0,1,0.34720552884615385,2.6379886230938134,0.8628807810523631
kodim06_363510303b71__awgn_5_seed-20260813,1,1,0.7113770835618989,2.895718803150295,0.7902716392935304
kodim06_363510303b71__awgn_5_seed-20260813,1,0,0.6103815027723418,2.847909318541655,0.8016405142880139
kodim06_363510303b71__awgn_5_seed-20260813,1,-1,0.6636194082212192,2.8765824334877976,0.7947563372444262
kodim06_363510303b71__awgn_15_seed-20260811,0,1,0.7177848965123859,3.063922247846928,0.7372699216228156
kodim06_363510303b71__awgn_15_seed-20260811,1,1,1.0761831620898255,3.2138069139033436,0.6920535998133133
kodim06_363510303b71__awgn_15_seed-20260811,1,0,0.9768937540769733,3.1813642891813405,0.7001079976105158
kodim06_363510303b71__awgn_15_seed-20260811,1,-1,1.0279611264055193,3.1992466089157725,0.6959268179526058
kodim06_363510303b71__awgn_15_seed-20260812,0,1,0.7205325130378097,3.0674269239917065,0.736724543405606
kodim06_363510303b71__awgn_15_seed-20260812,1,1,1.0843528424211033,3.2189735728320246,0.6905985310102779
kodim06_363510303b71__awgn_15_seed-20260812,1,0,0.9804763943248533,3.185397402680668,0.6986259838658357
kodim06_363510303b71__awgn_15_seed-20260812,1,-1,1.032987444410709,3.204729070290944,0.6939751835317614
kodim06_363510303b71__awgn_15_seed-20260813,0,1,0.7184036831812256,3.0648978030029577,0.7373252617905918
kodim06_363510303b71__awgn_15_seed-20260813,1,1,1.0762086763944205,3.214960134765403,0.6920526673945028
kodim06_363510303b71__awgn_15_seed-20260813,1,0,0.9749240663731247,3.181485772396617,0.7000300651037834
kodim06_363510303b71__awgn_15_seed-20260813,1,-1,1.0253280501713284,3.198966398816969,0.6957662891995615
kodim06_363510303b71__awgn_30_seed-20260811,0,1,1.8390900016297262,3.563102500823945,0.5801118176012303
kodim06_363510303b71__awgn_30_seed-20260811,1,1,2.191732344739078,3.626091375825256,0.5579918966412594
kodim06_363510303b71__awgn_30_seed-20260811,1,0,2.0981760640900196,3.6099170452734723,0.5630423632310342
kodim06_363510303b71__awgn_30_seed-20260811,1,-1,2.1462275824941255,3.6192333979449804,0.5602707480526921
kodim06_363510303b71__awgn_30_seed-20260812,0,1,1.8469890808344198,3.565519256293156,0.5792673424532895
kodim06_363510303b71__awgn_30_seed-20260812,1,1,2.201580866312698,3.6286007708187977,0.5571719803814037
kodim06_363510303b71__awgn_30_seed-20260812,1,0,2.103134682811481,3.611983205126047,0.5614218200727946
kodim06_363510303b71__awgn_30_seed-20260812,1,-1,2.1535348793300964,3.621410725378274,0.5588958960610497
kodim06_363510303b71__awgn_30_seed-20260813,0,1,1.8407248207301172,3.5638597865667574,0.5799978147079632
kodim06_363510303b71__awgn_30_seed-20260813,1,1,2.190920989852961,3.626386481991699,0.557744370094191
kodim06_363510303b71__awgn_30_seed-20260813,1,0,2.092371473418134,3.6097247613794536,0.5626109462301923
kodim06_363510303b71__awgn_30_seed-20260813,1,-1,2.138364073817986,3.618079041250824,0.5599939053855492
kodim06_363510303b71__stripes_8,0,1,0.26903723924380707,2.4998071159336517,0.8990857436785278
kodim06_363510303b71__stripes_8,1,1,0.6462186524875171,2.828478014567466,0.8123145207244017
kodim06_363510303b71__stripes_8,1,0,0.5449690150032616,2.7771493773363463,0.8241108207088264
kodim06_363510303b71__stripes_8,1,-1,0.5992315091456025,2.8107395859092064,0.8160319385163084
kodim06_363510303b71__stripes_16,0,1,0.2717466590612777,2.5480867446844675,0.8977625526636546
kodim06_363510303b71__stripes_16,1,1,0.6732383010534857,2.9178136860780475,0.7997064059266283
kodim06_363510303b71__stripes_16,1,0,0.5714591487279843,2.867606027050779,0.8112177854296105
kodim06_363510303b71__stripes_16,1,-1,0.6255673743484285,2.8985923165985605,0.8034571387042739
kodim06_363510303b71__stripes_32,0,1,0.26560972131681876,2.6061435188712085,0.8997652159490863
kodim06_363510303b71__stripes_32,1,1,0.7346206150478266,3.0759870195265044,0.7720846866080291
kodim06_363510303b71__stripes_32,1,0,0.6369557240704501,3.0305531116047684,0.7822187088139445
kodim06_363510303b71__stripes_32,1,-1,0.6873528143553683,3.0561285313197715,0.7758258273925391
kodim07_b77d3f006f42__clean_0,0,1,0.18368032920469363,2.0784862151345096,0.9262686699516833
kodim07_b77d3f006f42__clean_0,1,1,0.3293922237502456,2.269556467363481,0.8826770215020427
kodim07_b77d3f006f42__clean_0,1,0,0.25191617742987604,2.181550757173375,0.900825580926558
kodim07_b77d3f006f42__clean_0,1,-1,0.32401891120256576,2.2642743468152284,0.8823059143847043
kodim07_b77d3f006f42__awgn_5_seed-20260811,0,1,0.3157008841264668,2.344482642028474,0.8618125430588433
kodim07_b77d3f006f42__awgn_5_seed-20260811,1,1,0.44114487787578105,2.4652810632746514,0.8292896595657229
kodim07_b77d3f006f42__awgn_5_seed-20260811,1,0,0.3716594300391389,2.407435959630421,0.8428520551602365
kodim07_b77d3f006f42__awgn_5_seed-20260811,1,-1,0.4366262945320294,2.4636675610145584,0.8286451378591186
kodim07_b77d3f006f42__awgn_5_seed-20260812,0,1,0.3154462394067796,2.3445113558683923,0.8618070886729605
kodim07_b77d3f006f42__awgn_5_seed-20260812,1,1,0.43871336464788985,2.464032920841302,0.8297501501285303
kodim07_b77d3f006f42__awgn_5_seed-20260812,1,0,0.37203400195694725,2.4088015026701397,0.8423810532208498
kodim07_b77d3f006f42__awgn_5_seed-20260812,1,-1,0.43398556400646027,2.4614223138072813,0.8294917847666345
kodim07_b77d3f006f42__awgn_5_seed-20260813,0,1,0.31637059973924386,2.3468440219294098,0.8613586385812975
kodim07_b77d3f006f42__awgn_5_seed-20260813,1,1,0.43961401960008883,2.465430140618228,0.8296507194076446
kodim07_b77d3f006f42__awgn_5_seed-20260813,1,0,0.37252833496412263,2.4103852151227736,0.8421122533807617
kodim07_b77d3f006f42__awgn_5_seed-20260813,1,-1,0.43614917703610523,2.4647093665786213,0.8286904400998157
kodim07_b77d3f006f42__awgn_15_seed-20260811,0,1,0.7010190881681877,2.8030899571928938,0.725773835033511
kodim07_b77d3f006f42__awgn_15_seed-20260811,1,1,0.8174400477627782,2.860268927694171,0.7080108827317569
kodim07_b77d3f006f42__awgn_15_seed-20260811,1,0,0.7520053612198305,2.829916943531236,0.7159688529377162
kodim07_b77d3f006f42__awgn_15_seed-20260811,1,-1,0.8135746306166551,2.858886869387685,0.7083079478863255
kodim07_b77d3f006f42__awgn_15_seed-20260812,0,1,0.7029289235658409,2.8044087088744027,0.725059114976008
kodim07_b77d3f006f42__awgn_15_seed-20260812,1,1,0.8179809510201894,2.860716895294712,0.7085183752740829
kodim07_b77d3f006f42__awgn_15_seed-20260812,1,0,0.7538399991846054,2.8312799141365366,0.7153653040893044
kodim07_b77d3f006f42__awgn_15_seed-20260812,1,-1,0.8140389909602819,2.8596022165352366,0.7081686172924577
kodim07_b77d3f006f42__awgn_15_seed-20260813,0,1,0.7032395901238593,2.8074512982382323,0.7253685993372732
kodim07_b77d3f006f42__awgn_15_seed-20260813,1,1,0.81807790537765,2.863553224341209,0.708506917794314
kodim07_b77d3f006f42__awgn_15_seed-20260813,1,0,0.7532590304957599,2.8335191738602235,0.7152854295420145
kodim07_b77d3f006f42__awgn_15_seed-20260813,1,-1,0.8143553683372584,2.86300466608555,0.7078340840648859
kodim07_b77d3f006f42__awgn_30_seed-20260811,0,1,1.9371689618644066,3.39763571857427,0.5569841884046207
kodim07_b77d3f006f42__awgn_30_seed-20260811,1,1,2.0445811444186184,3.4166122710107567,0.5489474795977837
kodim07_b77d3f006f42__awgn_30_seed-20260811,1,0,1.9813784246575343,3.4057058163465608,0.552697349039009
kodim07_b77d3f006f42__awgn_30_seed-20260811,1,-1,2.0407106244115765,3.41609988897423,0.5494713286347026
kodim07_b77d3f006f42__awgn_30_seed-20260812,0,1,1.9398962068122554,3.398103946067684,0.5564681943133398
kodim07_b77d3f006f42__awgn_30_seed-20260812,1,1,2.0471810520568354,3.416952605230988,0.5482799365310315
kodim07_b77d3f006f42__awgn_30_seed-20260812,1,0,1.9869001753098503,3.406287832170667,0.55202676878839
kodim07_b77d3f006f42__awgn_30_seed-20260812,1,-1,2.0375085791849203,3.4156559265035864,0.5487735403989382
kodim07_b77d3f006f42__awgn_30_seed-20260813,0,1,1.940642315840939,3.400819374956334,0.556764705844983
kodim07_b77d3f006f42__awgn_30_seed-20260813,1,1,2.0413867534833403,3.4187812920903013,0.549362636505192
kodim07_b77d3f006f42__awgn_30_seed-20260813,1,0,1.9797323467058057,3.4079156597252647,0.5529412850012416
kodim07_b77d3f006f42__awgn_30_seed-20260813,1,-1,2.0389501373945302,3.418689552333718,0.5488763995908527
kodim07_b77d3f006f42__stripes_8,0,1,0.1750784305736636,2.0735229637847694,0.9303631703816065
kodim07_b77d3f006f42__stripes_8,1,1,0.3360310458058311,2.315288425525445,0.8760861372458613
kodim07_b77d3f006f42__stripes_8,1,0,0.26364257175472927,2.240444549447945,0.8917577167550728
kodim07_b77d3f006f42__stripes_8,1,-1,0.3312343565419953,2.313223319557386,0.8752440342434744
kodim07_b77d3f006f42__stripes_16,0,1,0.16875305573663624,2.101557397409932,0.9334727488208452
kodim07_b77d3f006f42__stripes_16,1,1,0.3577998504861751,2.4060723753206124,0.8647161183537093
kodim07_b77d3f006f42__stripes_16,1,0,0.2902499184605349,2.34261318283912,0.8781133045164069
kodim07_b77d3f006f42__stripes_16,1,-1,0.3541513049291085,2.4050320317195797,0.8639436531338697
kodim07_b77d3f006f42__stripes_32,0,1,0.1716916558018253,2.223426938080836,0.9319147632914864
kodim07_b77d3f006f42__stripes_32,1,1,0.44860526053932137,2.661585530192385,0.8224727755341603
kodim07_b77d3f006f42__stripes_32,1,0,0.38467261904761907,2.6098413195528596,0.8337331772376594
kodim07_b77d3f006f42__stripes_32,1,-1,0.44536494385577274,2.66104284514115,0.8220195055788382
kodim08_ba23983c76b4__clean_0,0,1,1.0011408083441982,3.05564129780395,0.7883862207257167
kodim08_ba23983c76b4__clean_0,1,1,1.559452156851739,3.2971775689213976,0.7072719402815102
kodim08_ba23983c76b4__clean_0,1,0,0.7343291340508806,2.9679138726507657,0.8086325746069652
kodim08_ba23983c76b4__clean_0,1,-1,1.3623694624391165,3.250759955963211,0.7205128677076795
kodim08_ba23983c76b4__awgn_5_seed-20260811,0,1,1.0679290254237288,3.1359280686601094,0.7598457833460279
kodim08_ba23983c76b4__awgn_5_seed-20260811,1,1,1.6135833054802176,3.341718772960757,0.6877254552827413
kodim08_ba23983c76b4__awgn_5_seed-20260811,1,0,0.8057271281800392,3.0555810797369323,0.7784911926084619
kodim08_ba23983c76b4__awgn_5_seed-20260811,1,-1,1.4181896580317757,3.2979337368149713,0.7000845511416434
kodim08_ba23983c76b4__awgn_5_seed-20260812,0,1,1.0662254522490222,3.1358260359446377,0.7600560484270142
kodim08_ba23983c76b4__awgn_5_seed-20260812,1,1,1.610516486067914,3.341394511402193,0.6881408163420293
kodim08_ba23983c76b4__awgn_5_seed-20260812,1,0,0.8048582232550554,3.05587919677666,0.7786038445910148
kodim08_ba23983c76b4__awgn_5_seed-20260812,1,-1,1.4183606038725611,3.2982275386139883,0.7004897942143529
kodim08_ba23983c76b4__awgn_5_seed-20260813,0,1,1.067824621088657,3.1350725438719493,0.7604070653327181
kodim08_ba23983c76b4__awgn_5_seed-20260813,1,1,1.6124402646343672,3.34068832081166,0.6882277910212231
kodim08_ba23983c76b4__awgn_5_seed-20260813,1,0,0.80501110975212,3.0555717417341692,0.778470716855399
kodim08_ba23983c76b4__awgn_5_seed-20260813,1,-1,1.4182202751972892,3.2970644254990473,0.7008338862917383
kodim08_ba23983c76b4__awgn_15_seed-20260811,0,1,1.4098175725228161,3.3732519090624367,0.668087225179521
kodim08_ba23983c76b4__awgn_15_seed-20260811,1,1,1.934474162939452,3.5056818442852977,0.6199727796099902
kodim08_ba23983c76b4__awgn_15_seed-20260811,1,0,1.1485368762230919,3.308731315996007,0.6833239264978412
kodim08_ba23983c76b4__awgn_15_seed-20260811,1,-1,1.7449768712828848,3.471142258461021,0.6299957863455148
kodim08_ba23983c76b4__awgn_15_seed-20260812,0,1,1.4013200782268578,3.371543557869428,0.6688412683796124
kodim08_ba23983c76b4__awgn_15_seed-20260812,1,1,1.9276414321689455,3.505860242739929,0.6196568060311288
kodim08_ba23983c76b4__awgn_15_seed-20260812,1,0,1.1446790402804958,3.308823702201325,0.6833064031537415
kodim08_ba23983c76b4__awgn_15_seed-20260812,1,-1,1.7414048686396029,3.4713435709813356,0.6298891786507548
kodim08_ba23983c76b4__awgn_15_seed-20260813,0,1,1.40745446952412,3.3723560256933824,0.6683996018588545
kodim08_ba23983c76b4__awgn_15_seed-20260813,1,1,1.9379798283907874,3.5061161776952843,0.619926438131759
kodim08_ba23983c76b4__awgn_15_seed-20260813,1,0,1.1508454623287672,3.3092838964595193,0.6831215267261675
kodim08_ba23983c76b4__awgn_15_seed-20260813,1,-1,1.7453672401431861,3.470352626774852,0.6311998081017263
kodim08_ba23983c76b4__awgn_30_seed-20260811,0,1,2.4499470338983054,3.7012087026342564,0.5459180900744911
kodim08_ba23983c76b4__awgn_30_seed-20260811,1,1,2.9392427864682333,3.7684221701790133,0.519669841953024
kodim08_ba23983c76b4__awgn_30_seed-20260811,1,0,2.201035551206784,3.660583746687,0.556472473629756
kodim08_ba23983c76b4__awgn_30_seed-20260811,1,-1,2.764283545569824,3.7470147794420168,0.5264551757200471
kodim08_ba23983c76b4__awgn_30_seed-20260812,0,1,2.4303674014015644,3.6979907647010792,0.5472344142520962
kodim08_ba23983c76b4__awgn_30_seed-20260812,1,1,2.925962590926603,3.7673308335630757,0.5201299321499941
kodim08_ba23983c76b4__awgn_30_seed-20260812,1,0,2.197480940150033,3.660217806515595,0.5561997061884376
kodim08_ba23983c76b4__awgn_30_seed-20260812,1,-1,2.753485891865274,3.7458645863039206,0.5276092084915142
kodim08_ba23983c76b4__awgn_30_seed-20260813,0,1,2.4446427843872227,3.698958468284499,0.546815433047521
kodim08_ba23983c76b4__awgn_30_seed-20260813,1,1,2.948371804652279,3.768609982345453,0.519289106335596
kodim08_ba23983c76b4__awgn_30_seed-20260813,1,0,2.205813254240052,3.6604538747338404,0.5566747860670982
kodim08_ba23983c76b4__awgn_30_seed-20260813,1,-1,2.761494832077604,3.7452745070771276,0.5271186085031587
kodim08_ba23983c76b4__stripes_8,0,1,0.9929768986310299,3.054019708899464,0.7908199924081306
kodim08_ba23983c76b4__stripes_8,1,1,1.5522163000686333,3.3026505516033615,0.7076999381262356
kodim08_ba23983c76b4__stripes_8,1,0,0.7367447407045009,2.9817538897961344,0.8060538716971282
kodim08_ba23983c76b4__stripes_8,1,-1,1.359103631450973,3.257076634009357,0.720848610844356
kodim08_ba23983c76b4__stripes_16,0,1,0.9770768823337679,3.0536578155339815,0.7960767239875408
kodim08_ba23983c76b4__stripes_16,1,1,1.5387957758517312,3.3192219658617645,0.7073503988805502
kodim08_ba23983c76b4__stripes_16,1,0,0.7368874347684279,3.0105552625288157,0.8009901102436106
kodim08_ba23983c76b4__stripes_16,1,-1,1.3467240908615414,3.273192770432595,0.7206650338595494
kodim08_ba23983c76b4__stripes_32,0,1,0.954764911994785,3.1031484633429818,0.798592243071282
kodim08_ba23983c76b4__stripes_32,1,1,1.5636671199708116,3.4148402466159635,0.6916423779499252
kodim08_ba23983c76b4__stripes_32,1,0,0.7949741112198303,3.1401999132349703,0.7744531010738959
kodim08_ba23983c76b4__stripes_32,1,-1,1.3783873428637765,3.3716112987568274,0.7035811195093306
kodim09_6a4361c2fc19__clean_0,0,1,0.24262067840834964,2.1120750294624138,0.9201691042948095
kodim09_6a4361c2fc19__clean_0,1,1,0.33643417181843,2.237799665499271,0.893773663815845
kodim09_6a4361c2fc19__clean_0,1,0,0.2036444752281617,2.1246832249811676,0.9165842010989262
kodim09_6a4361c2fc19__clean_0,1,-1,0.32856556028137174,2.2405680431213653,0.8928025630355522
kodim09_6a4361c2fc19__awgn_5_seed-20260811,0,1,0.34352831457925637,2.3349857011861728,0.8702103781956848
kodim09_6a4361c2fc19__awgn_5_seed-20260811,1,1,0.42831883695593936,2.4194987080470893,0.8494255876865057
kodim09_6a4361c2fc19__awgn_5_seed-20260811,1,0,0.3048377403846154,2.3343745004696563,0.867918340404233
kodim09_6a4361c2fc19__awgn_5_seed-20260811,1,-1,0.42181524071470666,2.4221595048284383,0.8480506538007166
kodim09_6a4361c2fc19__awgn_5_seed-20260812,0,1,0.3458012271689498,2.339226419033092,0.8691598591820817
kodim09_6a4361c2fc19__awgn_5_seed-20260812,1,1,0.4305028614292603,2.4227994594312614,0.8486288354572229
kodim09_6a4361c2fc19__awgn_5_seed-20260812,1,0,0.3051509533898305,2.3357653772066547,0.8676865295959036
kodim09_6a4361c2fc19__awgn_5_seed-20260812,1,-1,0.42246075262095695,2.4231740244235556,0.8480607518551221
kodim09_6a4361c2fc19__awgn_5_seed-20260813,0,1,0.34511068982387477,2.3377343207479893,0.8696967469687302
kodim09_6a4361c2fc19__awgn_5_seed-20260813,1,1,0.43063298438269415,2.4228199143023454,0.8487073917388873
kodim09_6a4361c2fc19__awgn_5_seed-20260813,1,0,0.30446341264667537,2.334638652710068,0.8682052209904352
kodim09_6a4361c2fc19__awgn_5_seed-20260813,1,-1,0.42245820119049743,2.423493729710995,0.8480156644874923
kodim09_6a4361c2fc19__awgn_15_seed-20260811,0,1,0.7505045254403131,2.850748464335871,0.7233253218465499
kodim09_6a4361c2fc19__awgn_15_seed-20260811,1,1,0.832031678560585,2.8906090635666515,0.7122973617695143
kodim09_6a4361c2fc19__awgn_15_seed-20260811,1,0,0.713086701434159,2.8414049329530666,0.7247863586545258
kodim09_6a4361c2fc19__awgn_15_seed-20260811,1,-1,0.823708912401738,2.8887735736523776,0.7120285880753057
kodim09_6a4361c2fc19__awgn_15_seed-20260812,0,1,0.7504790443574689,2.8484776546094546,0.7239713411815043
kodim09_6a4361c2fc19__awgn_15_seed-20260812,1,1,0.8313274837537665,2.887896549860515,0.7126430003251593
kodim09_6a4361c2fc19__awgn_15_seed-20260812,1,0,0.7097432162646675,2.8379398559801183,0.7254231217084095
kodim09_6a4361c2fc19__awgn_15_seed-20260812,1,-1,0.8224612629070488,2.8863955182575802,0.7127463155232534
kodim09_6a4361c2fc19__awgn_15_seed-20260813,0,1,0.7505198140900196,2.8503786078077527,0.7234475714003312
kodim09_6a4361c2fc19__awgn_15_seed-20260813,1,1,0.8331543079627592,2.8907889723876243,0.7121107682244503
kodim09_6a4361c2fc19__awgn_15_seed-20260813,1,0,0.7109120355280314,2.840105473124689,0.7253953121320311
kodim09_6a4361c2fc19__awgn_15_seed-20260813,1,-1,0.8253290707435124,2.8899524279062634,0.7119631725872224
kodim09_6a4361c2fc19__awgn_30_seed-20260811,0,1,2.0015772790280497,3.443097356324623,0.5517396416272701
kodim09_6a4361c2fc19__awgn_30_seed-20260811,1,1,2.086085263703095,3.4578632236540185,0.5469078306111989
kodim09_6a4361c2fc19__awgn_30_seed-20260811,1,0,1.9776752974250327,3.4405119858614004,0.5528423298180283
kodim09_6a4361c2fc19__awgn_30_seed-20260811,1,-1,2.076946039797212,3.456369970328977,0.5469567162684229
kodim09_6a4361c2fc19__awgn_30_seed-20260812,0,1,2.008131013535551,3.442907231597056,0.5513884011823551
kodim09_6a4361c2fc19__awgn_30_seed-20260812,1,1,2.0828730127546007,3.4559264438643105,0.5467468867335232
kodim09_6a4361c2fc19__awgn_30_seed-20260812,1,0,1.9647011489569752,3.437048559440291,0.5537558676346819
kodim09_6a4361c2fc19__awgn_30_seed-20260812,1,-1,2.0681614647251982,3.4540153707588535,0.5477239138093666
kodim09_6a4361c2fc19__awgn_30_seed-20260813,0,1,2.006711717221135,3.4443855062396556,0.5509248887430546
kodim09_6a4361c2fc19__awgn_30_seed-20260813,1,1,2.0855647718893597,3.457736301899394,0.5464894973866059
kodim09_6a4361c2fc19__awgn_30_seed-20260813,1,0,1.968607398956975,3.4391991885887663,0.5537341079522109
kodim09_6a4361c2fc19__awgn_30_seed-20260813,1,-1,2.0802680022554645,3.457415363490069,0.5466535783598925
kodim09_6a4361c2fc19__stripes_8,0,1,0.23309075342465752,2.115890895268562,0.9236894487952102
kodim09_6a4361c2fc19__stripes_8,1,1,0.34337916552915393,2.2761813316617445,0.8896132923722021
kodim09_6a4361c2fc19__stripes_8,1,0,0.21439557529335068,2.1686093911753175,0.9114645915249813
kodim09_6a4361c2fc19__stripes_8,1,-1,0.3351635594496054,2.2795703372536353,0.8884384458441843
kodim09_6a4361c2fc19__stripes_16,0,1,0.23288690476190477,2.1791090267363815,0.9235685047379245
kodim09_6a4361c2fc19__stripes_16,1,1,0.37884149748556534,2.411019350301083,0.8721929354432687
kodim09_6a4361c2fc19__stripes_16,1,0,0.2523299991851369,2.3106760803463833,0.8927185264196316
kodim09_6a4361c2fc19__stripes_16,1,-1,0.369689516427385,2.4122694191284397,0.8713723509688616
kodim09_6a4361c2fc19__stripes_32,0,1,0.2305222602739726,2.2918926011599963,0.9238508970856876
kodim09_6a4361c2fc19__stripes_32,1,1,0.47035110234553,2.677141162322513,0.8272971611138775
kodim09_6a4361c2fc19__stripes_32,1,0,0.3506585112451108,2.591952716714144,0.844731257778669
kodim09_6a4361c2fc19__stripes_32,1,-1,0.461933933259682,2.6771574366156927,0.8267052397250843
kodim10_9dfb70f5867c__clean_0,0,1,0.22301043705153295,2.1193245850622073,0.9248377768502668
kodim10_9dfb70f5867c__clean_0,1,1,0.3316221739718373,2.255517457920318,0.8967149610246034
kodim10_9dfb70f5867c__clean_0,1,0,0.19405455508474576,2.125257007518486,0.9226975582004786
kodim10_9dfb70f5867c__clean_0,1,-1,0.27585810984928705,2.2202340567574037,0.9038682599207978
kodim10_9dfb70f5867c__awgn_5_seed-20260811,0,1,0.320256441617743,2.3423086777977646,0.8765948379465703
kodim10_9dfb70f5867c__awgn_5_seed-20260811,1,1,0.418689738401835,2.4338828655277887,0.8545406360745591
kodim10_9dfb70f5867c__awgn_5_seed-20260811,1,0,0.29290508882007826,2.342253287376712,0.8749656395426206
kodim10_9dfb70f5867c__awgn_5_seed-20260811,1,-1,0.36472953561414206,2.40599896914811,0.8607320807030003
kodim10_9dfb70f5867c__awgn_5_seed-20260812,0,1,0.3202233162100456,2.3424265421820065,0.8766304661967811
kodim10_9dfb70f5867c__awgn_5_seed-20260812,1,1,0.41852899828288725,2.432679356724308,0.8549881688902771
kodim10_9dfb70f5867c__awgn_5_seed-20260812,1,0,0.29277012711864403,2.342292233091757,0.8750612027512936
kodim10_9dfb70f5867c__awgn_5_seed-20260812,1,-1,0.3651250073353626,2.4066346683941604,0.8606454144982081
kodim10_9dfb70f5867c__awgn_5_seed-20260813,0,1,0.32008062214611877,2.342125663437526,0.8765386772598068
kodim10_9dfb70f5867c__awgn_5_seed-20260813,1,1,0.41818965803177555,2.433199325773601,0.854742123208799
kodim10_9dfb70f5867c__awgn_5_seed-20260813,1,0,0.2924390889830509,2.3415949746442397,0.8751146636927336
kodim10_9dfb70f5867c__awgn_5_seed-20260813,1,-1,0.3643646810584354,2.406040317274134,0.8606869881058274
kodim10_9dfb70f5867c__awgn_15_seed-20260811,0,1,0.7273014514024788,2.8550902603364285,0.728165081403649
kodim10_9dfb70f5867c__awgn_15_seed-20260811,1,1,0.8205094186055413,2.8982919793477886,0.7163527513072345
kodim10_9dfb70f5867c__awgn_15_seed-20260811,1,0,0.7004537768904824,2.8479972619232123,0.7289966542442977
kodim10_9dfb70f5867c__awgn_15_seed-20260811,1,-1,0.7680239426234318,2.8803217611778003,0.7203584858894798
kodim10_9dfb70f5867c__awgn_15_seed-20260812,0,1,0.729031616927593,2.856992942091591,0.7275089622674106
kodim10_9dfb70f5867c__awgn_15_seed-20260812,1,1,0.8221117169340992,2.8992082957724916,0.7164669349001493
kodim10_9dfb70f5867c__awgn_15_seed-20260812,1,0,0.7029391093546284,2.850164140581376,0.7287632480091011
kodim10_9dfb70f5867c__awgn_15_seed-20260812,1,-1,0.77136631652536,2.882717296962059,0.7199496144561265
kodim10_9dfb70f5867c__awgn_15_seed-20260813,0,1,0.7335799902152641,2.8593537227685117,0.7271279979290153
kodim10_9dfb70f5867c__awgn_15_seed-20260813,1,1,0.8266354031387697,2.9020232882803634,0.7151972735281187
kodim10_9dfb70f5867c__awgn_15_seed-20260813,1,0,0.7044644312255541,2.8511607242134627,0.7280995508621464
kodim10_9dfb70f5867c__awgn_15_seed-20260813,1,-1,0.7744127244939876,2.8847511053174957,0.7191551372029328
kodim10_9dfb70f5867c__awgn_30_seed-20260811,0,1,1.968123165362035,3.4440586925175936,0.5568601002133686
kodim10_9dfb70f5867c__awgn_30_seed-20260811,1,1,2.0546541918726735,3.4596707252295498,0.5513693919710223
kodim10_9dfb70f5867c__awgn_30_seed-20260811,1,0,1.938801234517601,3.439280435205399,0.5586126211325344
kodim10_9dfb70f5867c__awgn_30_seed-20260811,1,-1,2.0081212031525473,3.4515167255189825,0.5532612528132816
kodim10_9dfb70f5867c__awgn_30_seed-20260812,0,1,1.9736984262883235,3.4449745169175015,0.5552363463950641
kodim10_9dfb70f5867c__awgn_30_seed-20260812,1,1,2.0649415594853253,3.461385584348249,0.5503223833856172
kodim10_9dfb70f5867c__awgn_30_seed-20260812,1,0,1.9487960397653192,3.441230272977334,0.5570010461528815
kodim10_9dfb70f5867c__awgn_30_seed-20260812,1,-1,2.0086136292312284,3.451584176298327,0.5533683879243197
kodim10_9dfb70f5867c__awgn_30_seed-20260813,0,1,1.9751610404435747,3.4452311189892115,0.5560392381328119
kodim10_9dfb70f5867c__awgn_30_seed-20260813,1,1,2.0664009777081525,3.4618292992693105,0.5507304185538608
kodim10_9dfb70f5867c__awgn_30_seed-20260813,1,0,1.9437209705019556,3.4402881658930076,0.5575408312796
kodim10_9dfb70f5867c__awgn_30_seed-20260813,1,-1,2.0152447969954355,3.452625008577987,0.5530754031863349
kodim10_9dfb70f5867c__stripes_8,0,1,0.22086492987606,2.1454646941432762,0.9248334399244704
kodim10_9dfb70f5867c__stripes_8,1,1,0.34504269818873956,2.3147705558888028,0.8890525219929211
kodim10_9dfb70f5867c__stripes_8,1,0,0.21230748859191656,2.1948759994955633,0.9136598875585581
kodim10_9dfb70f5867c__stripes_8,1,-1,0.2899624174293317,2.2819907283903276,0.8957705757961891
kodim10_9dfb70f5867c__stripes_16,0,1,0.22345890410958902,2.2008469553537546,0.9233095545127172
kodim10_9dfb70f5867c__stripes_16,1,1,0.379295652107354,2.4304380580993925,0.8722820156938035
kodim10_9dfb70f5867c__stripes_16,1,0,0.2522841631355932,2.328034606842179,0.8940725569560608
kodim10_9dfb70f5867c__stripes_16,1,-1,0.3268509990125964,2.4034956279149395,0.8778803419484328
kodim10_9dfb70f5867c__stripes_32,0,1,0.21797537508153947,2.2958695742527215,0.9252393842187859
kodim10_9dfb70f5867c__stripes_32,1,1,0.4665800881264081,2.6798170221665494,0.830074021116363
kodim10_9dfb70f5867c__stripes_32,1,0,0.3489167413624511,2.600258908860041,0.8474421140452284
kodim10_9dfb70f5867c__stripes_32,1,-1,0.41719715158303505,2.656302653039061,0.8348641953616492
kodim11_7936814b58b5__clean_0,0,1,0.2849474413298566,2.1260532148834743,0.9023346978395536
kodim11_7936814b58b5__clean_0,1,1,0.4640669291238133,2.2972966516424016,0.8592319613949981
kodim11_7936814b58b5__clean_0,1,0,0.3493711268754077,2.193844447109431,0.8842076637439501
kodim11_7936814b58b5__clean_0,1,-1,0.47762523058552775,2.300606754470409,0.8586372660955025
kodim11_7936814b58b5__awgn_5_seed-20260811,0,1,0.3903372514667536,2.3628762583982947,0.8516582632123719
kodim11_7936814b58b5__awgn_5_seed-20260811,1,1,0.5540916014563566,2.4840685116053765,0.8162052827953334
kodim11_7936814b58b5__awgn_5_seed-20260811,1,0,0.4464718892694064,2.406220955100661,0.8365426129699522
kodim11_7936814b58b5__awgn_5_seed-20260811,1,-1,0.5677978858847212,2.4879118040130566,0.8156748147106471
kodim11_7936814b58b5__awgn_5_seed-20260812,0,1,0.3891964431225554,2.3619906126645125,0.8521249935686404
kodim11_7936814b58b5__awgn_5_seed-20260812,1,1,0.5529664206237226,2.48382545720451,0.8167449974674456
kodim11_7936814b58b5__awgn_5_seed-20260812,1,0,0.4464846298108284,2.4068577244775384,0.836791918881086
kodim11_7936814b58b5__awgn_5_seed-20260812,1,-1,0.5667900708532239,2.4870014751430825,0.8163477976505491
kodim11_7936814b58b5__awgn_5_seed-20260813,0,1,0.3895274812581486,2.360419798736178,0.8524316506479184
kodim11_7936814b58b5__awgn_5_seed-20260813,1,1,0.5533261723185103,2.482839673650005,0.8166606119051207
kodim11_7936814b58b5__awgn_5_seed-20260813,1,0,0.4470273768754076,2.4057382346360763,0.8367707037808644
kodim11_7936814b58b5__awgn_5_seed-20260813,1,-1,0.5677162401100178,2.486891898079046,0.8157257782188889
kodim11_7936814b58b5__awgn_15_seed-20260811,0,1,0.7595568163298566,2.8081286769601492,0.7247211887085325
kodim11_7936814b58b5__awgn_15_seed-20260811,1,1,0.9226431798988104,2.876505885046787,0.7031306723153837
kodim11_7936814b58b5__awgn_15_seed-20260811,1,0,0.8212502038486628,2.8344344724747925,0.7146836365106661
kodim11_7936814b58b5__awgn_15_seed-20260811,1,-1,0.9326447872999997,2.878207050857316,0.702887460790443
kodim11_7936814b58b5__awgn_15_seed-20260812,0,1,0.7599591549869622,2.807426975115442,0.7249635261627261
kodim11_7936814b58b5__awgn_15_seed-20260812,1,1,0.918844099944634,2.8743555248647104,0.7040117780557578
kodim11_7936814b58b5__awgn_15_seed-20260812,1,0,0.8170891430202218,2.8322367535679995,0.7162775132560714
kodim11_7936814b58b5__awgn_15_seed-20260812,1,-1,0.9309327774616839,2.8775212583070866,0.7031549648476739
kodim11_7936814b58b5__awgn_15_seed-20260813,0,1,0.7591366525423728,2.806457425455081,0.7243328513878642
kodim11_7936814b58b5__awgn_15_seed-20260813,1,1,0.9201121608829991,2.875114403756731,0.7033047097148155
kodim11_7936814b58b5__awgn_15_seed-20260813,1,0,0.8184268998695368,2.8327856528808764,0.7155639159143139
kodim11_7936814b58b5__awgn_15_seed-20260813,1,-1,0.9312772205737148,2.876876023035374,0.703212871822575
kodim11_7936814b58b5__awgn_30_seed-20260811,0,1,1.8964843750000002,3.34727832080414,0.570160601992549
kodim11_7936814b58b5__awgn_30_seed-20260811,1,1,2.05014581425076,3.3736318433018235,0.559205723216788
kodim11_7936814b58b5__awgn_30_seed-20260811,1,0,1.961977128180039,3.358236094123745,0.5647543443248773
kodim11_7936814b58b5__awgn_30_seed-20260811,1,-1,2.064102138864154,3.3755420460806986,0.5592388113102472
kodim11_7936814b58b5__awgn_30_seed-20260812,0,1,1.8945414357887873,3.345933521840438,0.5702057132093046
kodim11_7936814b58b5__awgn_30_seed-20260812,1,1,2.047566318056218,3.372446377872191,0.560671146970857
kodim11_7936814b58b5__awgn_30_seed-20260812,1,0,1.9479294072080888,3.355313775096606,0.5668053301698673
kodim11_7936814b58b5__awgn_30_seed-20260812,1,-1,2.056565213286829,3.3737135138194088,0.5598967411224633
kodim11_7936814b58b5__awgn_30_seed-20260813,0,1,1.8878595583441982,3.342892408091438,0.571261001959837
kodim11_7936814b58b5__awgn_30_seed-20260813,1,1,2.0418128423700748,3.370056314743798,0.56026103635419
kodim11_7936814b58b5__awgn_30_seed-20260813,1,0,1.947136945531637,3.3535745451781285,0.5672628533674313
kodim11_7936814b58b5__awgn_30_seed-20260813,1,-1,2.051212312182825,3.3707470616755177,0.5612030860611358
kodim11_7936814b58b5__stripes_8,0,1,0.2891287076271187,2.222738322116368,0.8998259899928991
kodim11_7936814b58b5__stripes_8,1,1,0.4825545942332569,2.4321280693403446,0.8455767716128468
kodim11_7936814b58b5__stripes_8,1,0,0.3705408105022831,2.334692752529955,0.869236186103254
kodim11_7936814b58b5__stripes_8,1,-1,0.493612493844674,2.432829352118425,0.8457206948439467
kodim11_7936814b58b5__stripes_16,0,1,0.2866586538461538,2.280972762079823,0.9001708685065466
kodim11_7936814b58b5__stripes_16,1,1,0.5112837012070817,2.5456044966640414,0.8310812925811555
kodim11_7936814b58b5__stripes_16,1,0,0.4050625815394651,2.460968064932426,0.8522223540952137
kodim11_7936814b58b5__stripes_16,1,-1,0.5233468644195368,2.5476686774104795,0.8307921172907877
kodim11_7936814b58b5__stripes_32,0,1,0.2779701760104303,2.3611108419515885,0.9031761331081519
kodim11_7936814b58b5__stripes_32,1,1,0.5641901632150065,2.714316799027489,0.8064138718395337
kodim11_7936814b58b5__stripes_32,1,0,0.46489216405740375,2.644037615742178,0.8238024607163659
kodim11_7936814b58b5__stripes_32,1,-1,0.5761461663481631,2.717320247369446,0.8057864711517873
kodim12_d78c37c2f04f__clean_0,0,1,0.16480606258148633,2.0345849238876337,0.9382316702339805
kodim12_d78c37c2f04f__clean_0,1,1,0.2853188139930652,2.2055158893843356,0.9001788530598307
kodim12_d78c37c2f04f__clean_0,1,0,0.2211808953033268,2.1494646124281074,0.9123261676601977
kodim12_d78c37c2f04f__clean_0,1,-1,0.293478288602505,2.2186364777820713,0.8974547395277828
kodim12_d78c37c2f04f__awgn_5_seed-20260811,0,1,0.2723858173076923,2.271999627309697,0.884783369068839
kodim12_d78c37c2f04f__awgn_5_seed-20260811,1,1,0.37483064880325156,2.369430736232344,0.8577500945468487
kodim12_d78c37c2f04f__awgn_5_seed-20260811,1,0,0.3191352739726027,2.332812164330381,0.8659822787479416
kodim12_d78c37c2f04f__awgn_5_seed-20260811,1,-1,0.38375044968961847,2.3809626140553295,0.8549368340907106
kodim12_d78c37c2f04f__awgn_5_seed-20260812,0,1,0.27268375162972625,2.272177401065619,0.8847009091169639
kodim12_d78c37c2f04f__awgn_5_seed-20260812,1,1,0.37705804759438377,2.3714885984148575,0.8570259929472702
kodim12_d78c37c2f04f__awgn_5_seed-20260812,1,0,0.31977230104370513,2.3329742643492573,0.865692048372976
kodim12_d78c37c2f04f__awgn_5_seed-20260812,1,-1,0.3849087991182256,2.3825536782755528,0.8544253739726121
kodim12_d78c37c2f04f__awgn_5_seed-20260813,0,1,0.27281871333116037,2.2722889976509673,0.8847339910379907
kodim12_d78c37c2f04f__awgn_5_seed-20260813,1,1,0.37578743522555924,2.369439790038617,0.8575879047273924
kodim12_d78c37c2f04f__awgn_5_seed-20260813,1,0,0.3180701647097195,2.3308912336303202,0.8665335533278472
kodim12_d78c37c2f04f__awgn_5_seed-20260813,1,-1,0.38371472966318565,2.380439479004437,0.854998439095253
kodim12_d78c37c2f04f__awgn_15_seed-20260811,0,1,0.6590638241525424,2.7925543050650123,0.741613589204749
kodim12_d78c37c2f04f__awgn_15_seed-20260811,1,1,0.7526617798268599,2.832991987446244,0.7276744883859052
kodim12_d78c37c2f04f__awgn_15_seed-20260811,1,0,0.7018229166666667,2.8116978417709237,0.7324717396436901
kodim12_d78c37c2f04f__awgn_15_seed-20260811,1,-1,0.7607064400656228,2.8381897932489277,0.7258409546792659
kodim12_d78c37c2f04f__awgn_15_seed-20260812,0,1,0.6605611351043026,2.794627154765779,0.7408034433539199
kodim12_d78c37c2f04f__awgn_15_seed-20260812,1,1,0.7571803631706115,2.836190164965462,0.7267922718231644
kodim12_d78c37c2f04f__awgn_15_seed-20260812,1,0,0.7028752853881279,2.8136248008749556,0.732305174613419
kodim12_d78c37c2f04f__awgn_15_seed-20260812,1,-1,0.7657837866800021,2.841803500376712,0.7253498693356359
kodim12_d78c37c2f04f__awgn_15_seed-20260813,0,1,0.6589746985006519,2.7928391522469624,0.7415699915062705
kodim12_d78c37c2f04f__awgn_15_seed-20260813,1,1,0.7536313234014649,2.8341040018482824,0.7273296412011773
kodim12_d78c37c2f04f__awgn_15_seed-20260813,1,0,0.701407575016308,2.8124459042766143,0.7325954786426432
kodim12_d78c37c2f04f__awgn_15_seed-20260813,1,-1,0.7604206798541602,2.8381564136323223,0.7261243221563105
kodim12_d78c37c2f04f__awgn_30_seed-20260811,0,1,1.8280740710560628,3.404094687143229,0.5719087710032784
kodim12_d78c37c2f04f__awgn_30_seed-20260811,1,1,1.9118378719028821,3.4161366068462344,0.5656545463336681
kodim12_d78c37c2f04f__awgn_30_seed-20260811,1,0,1.8682526092628833,3.4078646967041415,0.5679376185049534
kodim12_d78c37c2f04f__awgn_30_seed-20260811,1,-1,1.9240260552078525,3.418397058403374,0.5638350284766989
kodim12_d78c37c2f04f__awgn_30_seed-20260812,0,1,1.8376614447522817,3.407834922416809,0.5705804324779041
kodim12_d78c37c2f04f__awgn_30_seed-20260812,1,1,1.9289605217165007,3.42029038832204,0.5644269630267169
kodim12_d78c37c2f04f__awgn_30_seed-20260812,1,0,1.8756013535551206,3.411573479661331,0.5672293633904734
kodim12_d78c37c2f04f__awgn_30_seed-20260812,1,-1,1.936568887346691,3.4224632587893447,0.5636048536412356
kodim12_d78c37c2f04f__awgn_30_seed-20260813,0,1,1.8246567389178616,3.404758268719705,0.5720580150316482
kodim12_d78c37c2f04f__awgn_30_seed-20260813,1,1,1.9118582833465583,3.4174094973115983,0.5655874731116025
kodim12_d78c37c2f04f__awgn_30_seed-20260813,1,0,1.863846930039139,3.4085026701044003,0.5677792281999448
kodim12_d78c37c2f04f__awgn_30_seed-20260813,1,-1,1.9161140693529828,3.4180978429814886,0.5654681832878958
kodim12_d78c37c2f04f__stripes_8,0,1,0.157019027053455,2.049552135544559,0.9413416110989555
kodim12_d78c37c2f04f__stripes_8,1,1,0.29224849912103223,2.251273868077169,0.8967166259663688
kodim12_d78c37c2f04f__stripes_8,1,0,0.23413038160469668,2.202951440779896,0.906652469356438
kodim12_d78c37c2f04f__stripes_8,1,-1,0.3018673919532986,2.2671870422234406,0.8931999397707647
kodim12_d78c37c2f04f__stripes_16,0,1,0.15517030638852675,2.1000537560206634,0.9418215898940792
kodim12_d78c37c2f04f__stripes_16,1,1,0.31741580917341305,2.3586248148723783,0.8837228473245397
kodim12_d78c37c2f04f__stripes_16,1,0,0.2640655577299413,2.3174121129908682,0.8918790151729816
kodim12_d78c37c2f04f__stripes_16,1,-1,0.3282389771825574,2.3744122899774687,0.8800071700219517
kodim12_d78c37c2f04f__stripes_32,0,1,0.15256274445893092,2.2326951317641575,0.9423548965938023
kodim12_d78c37c2f04f__stripes_32,1,1,0.39921466970456987,2.660800551395817,0.8382590634928038
kodim12_d78c37c2f04f__stripes_32,1,0,0.34679753750815395,2.6213220630781695,0.8459581837213284
kodim12_d78c37c2f04f__stripes_32,1,-1,0.4068944753876261,2.669966837759817,0.8359755292376396
kodim13_bc34a3ce58de__clean_0,0,1,0.6963769149282921,2.8551478315484653,0.7867555598113505
kodim13_bc34a3ce58de__clean_0,1,1,1.159142923480049,3.053051819732005,0.7243072106318196
kodim13_bc34a3ce58de__clean_0,1,0,0.9907656555772995,2.9749370944932716,0.7514570968292765
kodim13_bc34a3ce58de__clean_0,1,-1,1.193383120246366,3.05508640110917,0.7253786186181623
kodim13_bc34a3ce58de__awgn_5_seed-20260811,0,1,0.752958971642764,2.918624856709343,0.7650276197310635
kodim13_bc34a3ce58de__awgn_5_seed-20260811,1,1,1.2100056896899245,3.0977472674281414,0.7076498582547768
kodim13_bc34a3ce58de__awgn_5_seed-20260811,1,0,1.0454404150358774,3.030051235432419,0.7318896019100617
kodim13_bc34a3ce58de__awgn_5_seed-20260811,1,-1,1.243781526112615,3.1002509299161067,0.7085879563117188
kodim13_bc34a3ce58de__awgn_5_seed-20260812,0,1,0.7539877363102998,2.918895247664516,0.7647156500348427
kodim13_bc34a3ce58de__awgn_5_seed-20260812,1,1,1.2096867608824888,3.096709326331284,0.7079335420068542
kodim13_bc34a3ce58de__awgn_5_seed-20260812,1,0,1.0456034939660794,3.0292449750613875,0.7319535203447496
kodim13_bc34a3ce58de__awgn_5_seed-20260812,1,-1,1.2433426800735832,3.0994419356118934,0.7087169786772138
kodim13_bc34a3ce58de__awgn_5_seed-20260813,0,1,0.7564934403520209,2.921374622962713,0.7645665066186973
kodim13_bc34a3ce58de__awgn_5_seed-20260813,1,1,1.211646259475375,3.0989674997173795,0.7076949242424366
kodim13_bc34a3ce58de__awgn_5_seed-20260813,1,0,1.0466099967384215,3.0317123391511975,0.7314267216334602
kodim13_bc34a3ce58de__awgn_5_seed-20260813,1,-1,1.247123900014543,3.102396208372859,0.7081908383952095
kodim13_bc34a3ce58de__awgn_15_seed-20260811,0,1,1.1177375325945242,3.189155257789855,0.6745880053596208
kodim13_bc34a3ce58de__awgn_15_seed-20260811,1,1,1.5700737618545837,3.312024559788208,0.634225955247506
kodim13_bc34a3ce58de__awgn_15_seed-20260811,1,0,1.4107244781474233,3.270565384084783,0.6489894609269106
kodim13_bc34a3ce58de__awgn_15_seed-20260811,1,-1,1.6043624357996311,3.316477911265412,0.633901638207099
kodim13_bc34a3ce58de__awgn_15_seed-20260812,0,1,1.1202814333441982,3.1892550431673308,0.6743960757074391
kodim13_bc34a3ce58de__awgn_15_seed-20260812,1,1,1.5702702219999642,3.311168722341547,0.6341801024320168
kodim13_bc34a3ce58de__awgn_15_seed-20260812,1,0,1.4048026744944555,3.2678983281623926,0.6497703685324556
kodim13_bc34a3ce58de__awgn_15_seed-20260812,1,-1,1.59954278366166,3.3144122272788863,0.6345624366234401
kodim13_bc34a3ce58de__awgn_15_seed-20260813,0,1,1.1237293228487615,3.19254827985296,0.6731876036429234
kodim13_bc34a3ce58de__awgn_15_seed-20260813,1,1,1.568545455009351,3.312511646435171,0.6340156294801318
kodim13_bc34a3ce58de__awgn_15_seed-20260813,1,0,1.4062092302674496,3.2704666112039495,0.6492295331754437
kodim13_bc34a3ce58de__awgn_15_seed-20260813,1,-1,1.6029285318813993,3.317308329597233,0.6338335605757576
kodim13_bc34a3ce58de__awgn_30_seed-20260811,0,1,2.249032350065189,3.5900449984334166,0.543559233666544
kodim13_bc34a3ce58de__awgn_30_seed-20260811,1,1,2.6776752386225335,3.6521871669674044,0.5203506681031116
kodim13_bc34a3ce58de__awgn_30_seed-20260811,1,0,2.526617539138943,3.6323505078660947,0.5285083327235574
kodim13_bc34a3ce58de__awgn_30_seed-20260811,1,-1,2.7031767860651077,3.6555229904096675,0.5203615232430998
kodim13_bc34a3ce58de__awgn_30_seed-20260812,0,1,2.252266338005215,3.5897367100760067,0.5439563983241185
kodim13_bc34a3ce58de__awgn_30_seed-20260812,1,1,2.682255056297313,3.6518016187077507,0.5209575803081482
kodim13_bc34a3ce58de__awgn_30_seed-20260812,1,0,2.524836411448141,3.631166832408141,0.5284683936362901
kodim13_bc34a3ce58de__awgn_30_seed-20260812,1,-1,2.70878483021506,3.655255340236556,0.519992387027005
kodim13_bc34a3ce58de__awgn_30_seed-20260813,0,1,2.257713188559322,3.591560134628543,0.5425388233575601
kodim13_bc34a3ce58de__awgn_30_seed-20260813,1,1,2.671263493877843,3.6511968818650633,0.5211007929329466
kodim13_bc34a3ce58de__awgn_30_seed-20260813,1,0,2.5199007257012394,3.6313219225359523,0.5285920754344657
kodim13_bc34a3ce58de__awgn_30_seed-20260813,1,-1,2.7067181715428754,3.6561439736500967,0.5199506160696563
kodim13_bc34a3ce58de__stripes_8,0,1,0.6965093301825294,2.8654374445424793,0.7861807169173951
kodim13_bc34a3ce58de__stripes_8,1,1,1.160791147556878,3.0683760092155623,0.7212346615747582
kodim13_bc34a3ce58de__stripes_8,1,0,0.9924779843444227,2.990692901748462,0.7483256915637557
kodim13_bc34a3ce58de__stripes_8,1,-1,1.1919083934407826,3.0688047418221776,0.7229335260764052
kodim13_bc34a3ce58de__stripes_16,0,1,0.6941716916558018,2.8944632788322764,0.7859751438701249
kodim13_bc34a3ce58de__stripes_16,1,1,1.1703181888926026,3.1106385243365255,0.7158796276034446
kodim13_bc34a3ce58de__stripes_16,1,0,1.0032615786040444,3.035174111855534,0.7423595603871088
kodim13_bc34a3ce58de__stripes_16,1,-1,1.2010067944593135,3.1104997037671067,0.7177110501659719
kodim13_bc34a3ce58de__stripes_32,0,1,0.6791782105606259,2.9705846912186367,0.7889540851647441
kodim13_bc34a3ce58de__stripes_32,1,1,1.1968938885586202,3.2282704397753594,0.7022347238833923
kodim13_bc34a3ce58de__stripes_32,1,0,1.0385426859099804,3.1628976533456177,0.7247480924506761
kodim13_bc34a3ce58de__stripes_32,1,-1,1.2295419927182176,3.2302275973777688,0.703316834285845
kodim14_55a94550ff18__clean_0,0,1,0.31594788950456326,2.529357255200384,0.8823981330312398
kodim14_55a94550ff18__clean_0,1,1,0.5315930876645991,2.7356768672090666,0.8311269820139839
kodim14_55a94550ff18__clean_0,1,0,0.43084943737769077,2.6621627354584634,0.8487898665236749
kodim14_55a94550ff18__clean_0,1,-1,0.5498205068671751,2.7553066885712276,0.8253844241537012
kodim14_55a94550ff18__awgn_5_seed-20260811,0,1,0.40005194752281614,2.673014405836444,0.8432528932099632
kodim14_55a94550ff18__awgn_5_seed-20260811,1,1,0.5994815493306322,2.8286643671871765,0.801897188317674
kodim14_55a94550ff18__awgn_5_seed-20260811,1,0,0.5024207028701891,2.7685047850238433,0.816860690120536
kodim14_55a94550ff18__awgn_5_seed-20260811,1,-1,0.6177829600165333,2.8457430527232592,0.7964975072089134
kodim14_55a94550ff18__awgn_5_seed-20260812,0,1,0.399127587190352,2.6707671579376786,0.8439356992803475
kodim14_55a94550ff18__awgn_5_seed-20260812,1,1,0.5985451743520005,2.8268997443628976,0.8026209141514858
kodim14_55a94550ff18__awgn_5_seed-20260812,1,0,0.5018805039138943,2.7678083907748885,0.8170341156729403
kodim14_55a94550ff18__awgn_5_seed-20260812,1,-1,0.616236793158084,2.843161783811791,0.7974299707887984
kodim14_55a94550ff18__awgn_5_seed-20260813,0,1,0.3993745925684484,2.6732630440200267,0.8433485015427888
kodim14_55a94550ff18__awgn_5_seed-20260813,1,1,0.599427969290983,2.829997470705044,0.801756501506062
kodim14_55a94550ff18__awgn_5_seed-20260813,1,0,0.5021913731245923,2.7698142153389402,0.8168954553918796
kodim14_55a94550ff18__awgn_5_seed-20260813,1,-1,0.6171731681367159,2.8462129932476996,0.7966779938894155
kodim14_55a94550ff18__awgn_15_seed-20260811,0,1,0.7818662402216426,3.0506631439033725,0.7169621246931084
kodim14_55a94550ff18__awgn_15_seed-20260811,1,1,0.97030134945157,3.1345559314349463,0.692863098966706
kodim14_55a94550ff18__awgn_15_seed-20260811,1,0,0.8761976108936724,3.098571184096179,0.7022368777328235
kodim14_55a94550ff18__awgn_15_seed-20260811,1,-1,0.9835101049403348,3.140529602325434,0.690666117875827
kodim14_55a94550ff18__awgn_15_seed-20260812,0,1,0.7822100105932204,3.0513412602134196,0.7165800708967273
kodim14_55a94550ff18__awgn_15_seed-20260812,1,1,0.9729012570897874,3.135802146994881,0.6933374347138535
kodim14_55a94550ff18__awgn_15_seed-20260812,1,0,0.8770690639269406,3.0990397738818247,0.7022832071839928
kodim14_55a94550ff18__awgn_15_seed-20260812,1,-1,0.9858063923538732,3.1421159058155763,0.6907443728347088
kodim14_55a94550ff18__awgn_15_seed-20260813,0,1,0.7791797384289441,3.0497468800412824,0.7167863512316182
kodim14_55a94550ff18__awgn_15_seed-20260813,1,1,0.972046527885859,3.136146101425941,0.6921670987916297
kodim14_55a94550ff18__awgn_15_seed-20260813,1,0,0.8778640737116764,3.1000864252742715,0.701756754936902
kodim14_55a94550ff18__awgn_15_seed-20260813,1,-1,0.9866942901537747,3.142735112877146,0.6899354784049698
kodim14_55a94550ff18__awgn_30_seed-20260811,0,1,1.8935737858539765,3.4910783847675617,0.5652915067990695
kodim14_55a94550ff18__awgn_30_seed-20260811,1,1,2.0766908967512636,3.5254208862844445,0.5538125127690677
kodim14_55a94550ff18__awgn_30_seed-20260811,1,0,1.9863497839204176,3.5093431710214684,0.5592579363280286
kodim14_55a94550ff18__awgn_30_seed-20260811,1,-1,2.089465909061915,3.527686918378337,0.5532341537074861
kodim14_55a94550ff18__awgn_30_seed-20260812,0,1,1.8960743970013036,3.4921316171442465,0.5658147755079557
kodim14_55a94550ff18__awgn_30_seed-20260812,1,1,2.074300206410724,3.5258623808475327,0.5545088334127959
kodim14_55a94550ff18__awgn_30_seed-20260812,1,0,1.978983202870189,3.5085808479251046,0.5597506502316132
kodim14_55a94550ff18__awgn_30_seed-20260812,1,-1,2.089562863419376,3.5286222235125466,0.5528331312318234
kodim14_55a94550ff18__awgn_30_seed-20260813,0,1,1.8860413950456325,3.490428802411701,0.5662503081272734
kodim14_55a94550ff18__awgn_30_seed-20260813,1,1,2.0757111474548204,3.526331565206187,0.5539858373031352
kodim14_55a94550ff18__awgn_30_seed-20260813,1,0,1.986882338551859,3.5104476772063022,0.5583184044664202
kodim14_55a94550ff18__awgn_30_seed-20260813,1,-1,2.08586073782266,3.5280043857833308,0.5535763681542152
kodim14_55a94550ff18__stripes_8,0,1,0.3163349494784876,2.5358689936811185,0.8822759885200269
kodim14_55a94550ff18__stripes_8,1,1,0.5397168422476061,2.7535208186419213,0.8278776985984553
kodim14_55a94550ff18__stripes_8,1,0,0.4401602250489237,2.6838292052540322,0.8446883481021777
kodim14_55a94550ff18__stripes_8,1,-1,0.5567144719687093,2.7726928578810393,0.8223224255938968
kodim14_55a94550ff18__stripes_16,0,1,0.31272408735332463,2.5488506249995666,0.8832699512857956
kodim14_55a94550ff18__stripes_16,1,1,0.5436664565988922,2.794377638146286,0.8199241468741925
kodim14_55a94550ff18__stripes_16,1,0,0.4469636741682975,2.7294223724932865,0.8355673708961129
kodim14_55a94550ff18__stripes_16,1,-1,0.5602864746119912,2.811412061921688,0.8148652735399345
kodim14_55a94550ff18__stripes_32,0,1,0.3065005704041721,2.588166090370054,0.8851837754218951
kodim14_55a94550ff18__stripes_32,1,1,0.6049007876265828,2.9183059840019188,0.7925123197139604
kodim14_55a94550ff18__stripes_32,1,0,0.5139738258317026,2.863905293460637,0.8058368648238209
kodim14_55a94550ff18__stripes_32,1,-1,0.6211942225408675,2.93135053652963,0.7885990457077827
kodim15_7538cbb80cb9__clean_0,0,1,0.24643497392438068,2.3271989579249377,0.9199403385328183
kodim15_7538cbb80cb9__clean_0,1,1,0.327917496944662,2.4034412720679623,0.90357545260661
kodim15_7538cbb80cb9__clean_0,1,0,0.18604248206131768,2.2740223540872115,0.9306892270870415
kodim15_7538cbb80cb9__clean_0,1,-1,0.3121139366785989,2.3879204863783,0.9074568561541783
kodim15_7538cbb80cb9__awgn_5_seed-20260811,0,1,0.32230127526075625,2.481058088855118,0.8840275463079319
kodim15_7538cbb80cb9__awgn_5_seed-20260811,1,1,0.3967040621324346,2.535942797109442,0.8712378531593384
kodim15_7538cbb80cb9__awgn_5_seed-20260811,1,0,0.2647459026418787,2.443924199332632,0.8925613974185564
kodim15_7538cbb80cb9__awgn_5_seed-20260811,1,-1,0.3828370375851221,2.5261513160052615,0.8741920827974573
kodim15_7538cbb80cb9__awgn_5_seed-20260812,0,1,0.3228614936440678,2.4828682077975524,0.8834600390503984
kodim15_7538cbb80cb9__awgn_5_seed-20260812,1,1,0.39708167384043863,2.5370783782969815,0.8710793449320333
kodim15_7538cbb80cb9__awgn_5_seed-20260812,1,0,0.26478922048271364,2.444652057221169,0.8925156640633072
kodim15_7538cbb80cb9__awgn_5_seed-20260812,1,-1,0.3834238665908041,2.528006359413753,0.8737195854718733
kodim15_7538cbb80cb9__awgn_5_seed-20260813,0,1,0.32241077249022165,2.4815567670947116,0.8838433423840903
kodim15_7538cbb80cb9__awgn_5_seed-20260813,1,1,0.3974006026478746,2.537887528894795,0.8708117442343426
kodim15_7538cbb80cb9__awgn_5_seed-20260813,1,0,0.2648682118395303,2.444601361246596,0.8924931588481019
kodim15_7538cbb80cb9__awgn_5_seed-20260813,1,-1,0.38278600897593235,2.527392300373691,0.8739112258755647
kodim15_7538cbb80cb9__awgn_15_seed-20260811,0,1,0.6513429962516297,2.8767973516985297,0.7634854434564828
kodim15_7538cbb80cb9__awgn_15_seed-20260811,1,1,0.7213761395326289,2.9070022800087134,0.7555639162318807
kodim15_7538cbb80cb9__awgn_15_seed-20260811,1,0,0.5956585331050228,2.8585259664387284,0.7675549146845607
kodim15_7538cbb80cb9__awgn_15_seed-20260811,1,-1,0.7076086207732365,2.903372045833919,0.7570141910665125
kodim15_7538cbb80cb9__awgn_15_seed-20260812,0,1,0.6529116077249022,2.8777301559320696,0.7627307477592709
kodim15_7538cbb80cb9__awgn_15_seed-20260812,1,1,0.7216618997440915,2.907389243970575,0.7554060689489388
kodim15_7538cbb80cb9__awgn_15_seed-20260812,1,0,0.597233264024788,2.8596342565455553,0.766979254674095
kodim15_7538cbb80cb9__awgn_15_seed-20260812,1,-1,0.7093563506379852,2.90452092136155,0.7561752803258003
kodim15_7538cbb80cb9__awgn_15_seed-20260813,0,1,0.6540957056714473,2.8793409272107606,0.7626033771112896
kodim15_7538cbb80cb9__awgn_15_seed-20260813,1,1,0.721962968538311,2.9083770651524445,0.7553377155621634
kodim15_7538cbb80cb9__awgn_15_seed-20260813,1,0,0.5958165158186561,2.8592104165015075,0.7671813600157048
kodim15_7538cbb80cb9__awgn_15_seed-20260813,1,-1,0.7096625222931237,2.9053916755504154,0.7563223477105225
kodim15_7538cbb80cb9__awgn_30_seed-20260811,0,1,1.4930711171773143,3.291478681774576,0.6271484256661987
kodim15_7538cbb80cb9__awgn_30_seed-20260811,1,1,1.5605926462671298,3.304924204549895,0.6227036024087861
kodim15_7538cbb80cb9__awgn_30_seed-20260811,1,0,1.4451341324200913,3.2809666945269678,0.6290435124331679
kodim15_7538cbb80cb9__awgn_30_seed-20260811,1,-1,1.5483993601012407,3.3036148425914122,0.6231439497573026
kodim15_7538cbb80cb9__awgn_30_seed-20260812,0,1,1.4928139260104303,3.2928615721029013,0.6271248663428195
kodim15_7538cbb80cb9__awgn_30_seed-20260812,1,1,1.5586765219920549,3.3063380072165653,0.6228983323679215
kodim15_7538cbb80cb9__awgn_30_seed-20260812,1,0,1.444527682648402,3.2824970627899828,0.6287131877909224
kodim15_7538cbb80cb9__awgn_30_seed-20260812,1,-1,1.5507977047331587,3.3053692844570906,0.6232950780882328
kodim15_7538cbb80cb9__awgn_30_seed-20260813,0,1,1.5006671691655802,3.295124226529191,0.6268012833027585
kodim15_7538cbb80cb9__awgn_30_seed-20260813,1,1,1.562817493627802,3.307385222214793,0.6228153717000979
kodim15_7538cbb80cb9__awgn_30_seed-20260813,1,0,1.4453405291911283,3.282806140055458,0.6289744298178147
kodim15_7538cbb80cb9__awgn_30_seed-20260813,1,-1,1.5533057608748346,3.30648570320582,0.6227439673429207
kodim15_7538cbb80cb9__stripes_8,0,1,0.2462618155149935,2.331539527483908,0.9202781713381765
kodim15_7538cbb80cb9__stripes_8,1,1,0.33563302265415107,2.4293275660950098,0.8996175679137752
kodim15_7538cbb80cb9__stripes_8,1,0,0.1981358039791259,2.3128197992906374,0.9241470175576996
kodim15_7538cbb80cb9__stripes_8,1,-1,0.3206765373006376,2.4169529561106886,0.9027193987182094
kodim15_7538cbb80cb9__stripes_16,0,1,0.24831425195567142,2.3585197421420077,0.9202320713201233
kodim15_7538cbb80cb9__stripes_16,1,1,0.3568047926069751,2.50870129236261,0.8870779280303711
kodim15_7538cbb80cb9__stripes_16,1,0,0.2225823548597521,2.409219175911694,0.9086274011712167
kodim15_7538cbb80cb9__stripes_16,1,-1,0.3434710170256955,2.50027311354639,0.8893434650186525
kodim15_7538cbb80cb9__stripes_32,0,1,0.23344300032594525,2.4211446374053947,0.9251230159149729
kodim15_7538cbb80cb9__stripes_32,1,1,0.41974347918160315,2.715685459227675,0.8534758495323376
kodim15_7538cbb80cb9__stripes_32,1,0,0.29881665851272016,2.6385202853320933,0.8704400382262237
kodim15_7538cbb80cb9__stripes_32,1,-1,0.408894796867864,2.7103894007755187,0.8549963395085562
kodim16_a89c7268ccd4__clean_0,0,1,0.13322502444589307,2.0709849387645805,0.9391745137184601
kodim16_a89c7268ccd4__clean_0,1,1,0.31718107757114034,2.3286686059201984,0.8798074433466465
kodim16_a89c7268ccd4__clean_0,1,0,0.29667624755381605,2.3032265821686533,0.8848339266732951
kodim16_a89c7268ccd4__clean_0,1,-1,0.32467718026111336,2.3381402757088185,0.8772432511168884
kodim16_a89c7268ccd4__awgn_5_seed-20260811,0,1,0.2334659183507171,2.3154918466480234,0.8899918184149476
kodim16_a89c7268ccd4__awgn_5_seed-20260811,1,1,0.40235548060019843,2.5023615055248882,0.8413364608169025
kodim16_a89c7268ccd4__awgn_5_seed-20260811,1,0,0.3824812459230268,2.4829403780609303,0.845415189293614
kodim16_a89c7268ccd4__awgn_5_seed-20260811,1,-1,0.4076752131082291,2.5077607335820367,0.8394821281811522
kodim16_a89c7268ccd4__awgn_5_seed-20260812,0,1,0.23199661831812252,2.312035685317131,0.8905718841072934
kodim16_a89c7268ccd4__awgn_5_seed-20260812,1,1,0.4006893965101534,2.500204297926884,0.8414897767006877
kodim16_a89c7268ccd4__awgn_5_seed-20260812,1,0,0.3811715182648402,2.4809789543761775,0.8457002226121132
kodim16_a89c7268ccd4__awgn_5_seed-20260812,1,-1,0.4052360455889595,2.504942464307046,0.840054487078326
kodim16_a89c7268ccd4__awgn_5_seed-20260813,0,1,0.23230473842894395,2.311963850366599,0.8906097962123245
kodim16_a89c7268ccd4__awgn_5_seed-20260813,1,1,0.4007251165365862,2.499290933225277,0.8417357065771149
kodim16_a89c7268ccd4__awgn_5_seed-20260813,1,0,0.38158685991519903,2.480619737560527,0.8455811982834671
kodim16_a89c7268ccd4__awgn_5_seed-20260813,1,-1,0.4061953834417266,2.504656047479566,0.8399687293100836
kodim16_a89c7268ccd4__awgn_15_seed-20260811,0,1,0.6586793106258149,2.88846853319315,0.7340283859036796
kodim16_a89c7268ccd4__awgn_15_seed-20260811,1,1,0.8143910883636911,2.9730477014975136,0.7076763131532438
kodim16_a89c7268ccd4__awgn_15_seed-20260811,1,0,0.7950632950097847,2.962436896876611,0.7110186266011332
kodim16_a89c7268ccd4__awgn_15_seed-20260811,1,-1,0.8193791349119883,2.975250048513687,0.7074754931102641
kodim16_a89c7268ccd4__awgn_15_seed-20260812,0,1,0.6557432570078227,2.8852322234957737,0.7348011427533228
kodim16_a89c7268ccd4__awgn_15_seed-20260812,1,1,0.8180141196161628,2.9733131428218584,0.706932729352383
kodim16_a89c7268ccd4__awgn_15_seed-20260812,1,0,0.7969667318982389,2.9620179082487783,0.7103008363514004
kodim16_a89c7268ccd4__awgn_15_seed-20260812,1,-1,0.8191622633229321,2.9740398145211353,0.7070230442993083
kodim16_a89c7268ccd4__awgn_15_seed-20260813,0,1,0.6575614203063885,2.8878781107794413,0.7339577801820132
kodim16_a89c7268ccd4__awgn_15_seed-20260813,1,1,0.8176339564776991,2.974578288135707,0.7074244389399661
kodim16_a89c7268ccd4__awgn_15_seed-20260813,1,0,0.7990969504240053,2.964415711512325,0.709359199547304
kodim16_a89c7268ccd4__awgn_15_seed-20260813,1,-1,0.8203104070297011,2.9756675671192636,0.7067896429854812
kodim16_a89c7268ccd4__awgn_30_seed-20260811,0,1,1.8701795754563233,3.4597200053239567,0.5623108098105433
kodim16_a89c7268ccd4__awgn_30_seed-20260811,1,1,2.009917410196026,3.4852975605784655,0.5509462934344244
kodim16_a89c7268ccd4__awgn_30_seed-20260811,1,0,1.999212634540117,3.482591540950132,0.5520041664664826
kodim16_a89c7268ccd4__awgn_30_seed-20260811,1,-1,2.019513340154157,3.4867740227404065,0.5509691258133602
kodim16_a89c7268ccd4__awgn_30_seed-20260812,0,1,1.8592935136897002,3.4569655411157245,0.5630190692664929
kodim16_a89c7268ccd4__awgn_30_seed-20260812,1,1,2.011616662882045,3.4848633192534577,0.5508322998898479
kodim16_a89c7268ccd4__awgn_30_seed-20260812,1,0,1.9938004525440312,3.4809120594423777,0.5520479207608412
kodim16_a89c7268ccd4__awgn_30_seed-20260812,1,-1,2.011037488167741,3.4846621979610797,0.5508581458086368
kodim16_a89c7268ccd4__awgn_30_seed-20260813,0,1,1.856767438070404,3.4575874197523153,0.5630322802233392
kodim16_a89c7268ccd4__awgn_30_seed-20260813,1,1,2.0039802315168,3.484666671688257,0.5519547684679686
kodim16_a89c7268ccd4__awgn_30_seed-20260813,1,0,1.9934564579256362,3.4820718084278295,0.5516892232927688
kodim16_a89c7268ccd4__awgn_30_seed-20260813,1,-1,2.007664497100299,3.4851550023186446,0.5517499216455457
kodim16_a89c7268ccd4__stripes_8,0,1,0.13884757985658408,2.116603678917193,0.9362447812811565
kodim16_a89c7268ccd4__stripes_8,1,1,0.33917951099283816,2.408074732241767,0.8692843166325774
kodim16_a89c7268ccd4__stripes_8,1,0,0.3184116112198304,2.383087280167361,0.8743324391314924
kodim16_a89c7268ccd4__stripes_8,1,-1,0.34498146385771183,2.4146130072304564,0.867371138624712
kodim16_a89c7268ccd4__stripes_16,0,1,0.146405435136897,2.2005487556782772,0.9323856854916022
kodim16_a89c7268ccd4__stripes_16,1,1,0.3690108359251615,2.549396775343464,0.8497745250791695
kodim16_a89c7268ccd4__stripes_16,1,0,0.3491265084801044,2.527934870732895,0.8541720162294547
kodim16_a89c7268ccd4__stripes_16,1,-1,0.374644394379709,2.556164363469861,0.84770367128992
kodim16_a89c7268ccd4__stripes_32,0,1,0.13989162320730114,2.2908609262485475,0.9356708120829818
kodim16_a89c7268ccd4__stripes_32,1,1,0.4528508408239079,2.7769960137433545,0.8142779762467591
kodim16_a89c7268ccd4__stripes_32,1,0,0.43429447977821267,2.759847223444585,0.8179860995728995
kodim16_a89c7268ccd4__stripes_32,1,-1,0.45801493607390986,2.781863761897011,0.812794128943153
kodim17_37afcc89fbdc__clean_0,0,1,0.21270588714938032,2.2825907044854095,0.9209309709095668
kodim17_37afcc89fbdc__clean_0,1,1,0.2944810007730834,2.3864968062683465,0.8989128945413516
kodim17_37afcc89fbdc__clean_0,1,0,0.22243216264667534,2.2980703211414366,0.9169772177724582
kodim17_37afcc89fbdc__clean_0,1,-1,0.3094783090139487,2.393236223734091,0.8978549173822994
kodim17_37afcc89fbdc__awgn_5_seed-20260811,0,1,0.29301461594911943,2.450858131556375,0.8816362048096159
kodim17_37afcc89fbdc__awgn_5_seed-20260811,1,1,0.3660205594266426,2.5236695905692823,0.8643042505294106
kodim17_37afcc89fbdc__awgn_5_seed-20260811,1,0,0.3037351287483703,2.464294184312175,0.8776439324951539
kodim17_37afcc89fbdc__awgn_5_seed-20260811,1,-1,0.3822170399834667,2.530758045483021,0.8632430302922515
kodim17_37afcc89fbdc__awgn_5_seed-20260812,0,1,0.29149849151989565,2.447409789957934,0.8824426563390857
kodim17_37afcc89fbdc__awgn_5_seed-20260812,1,1,0.3659210536387225,2.521729519560704,0.8648019212844864
kodim17_37afcc89fbdc__awgn_5_seed-20260812,1,0,0.30286679025423735,2.462254150344411,0.8780477880275992
kodim17_37afcc89fbdc__awgn_5_seed-20260812,1,-1,0.3814260965410257,2.5285808430530388,0.8638238884451774
kodim17_37afcc89fbdc__awgn_5_seed-20260813,0,1,0.2933738992172211,2.4503441664004697,0.8816630827867985
kodim17_37afcc89fbdc__awgn_5_seed-20260813,1,1,0.3671380859678979,2.5242055727995374,0.8641000041558955
kodim17_37afcc89fbdc__awgn_5_seed-20260813,1,0,0.30397194833767927,2.4642298468228088,0.8774572430370511
kodim17_37afcc89fbdc__awgn_5_seed-20260813,1,-1,0.3827885604063918,2.531375831409373,0.8628839217314256
kodim17_37afcc89fbdc__awgn_15_seed-20260811,0,1,0.6491688070776256,2.865623824637947,0.7509731003166865
kodim17_37afcc89fbdc__awgn_15_seed-20260811,1,1,0.7162094928521676,2.9009686363450466,0.7409801261979816
kodim17_37afcc89fbdc__awgn_15_seed-20260811,1,0,0.6607317470664928,2.8721936754140773,0.7485308465944323
kodim17_37afcc89fbdc__awgn_15_seed-20260811,1,-1,0.7346155121869076,2.90781935051329,0.7397676637656383
kodim17_37afcc89fbdc__awgn_15_seed-20260812,0,1,0.6520660061969994,2.8671906397089275,0.7502368243936284
kodim17_37afcc89fbdc__awgn_15_seed-20260812,1,1,0.7227488091198331,2.903669208578032,0.7408041549721461
kodim17_37afcc89fbdc__awgn_15_seed-20260812,1,0,0.6624887956323338,2.8722417369601914,0.7482898820106727
kodim17_37afcc89fbdc__awgn_15_seed-20260812,1,-1,0.7362203619459251,2.908245175140518,0.7400810905257733
kodim17_37afcc89fbdc__awgn_15_seed-20260813,0,1,0.6522163445857796,2.866450907282271,0.7503100281324118
kodim17_37afcc89fbdc__awgn_15_seed-20260813,1,1,0.7176663596445347,2.900445429997335,0.7415644407856392
kodim17_37afcc89fbdc__awgn_15_seed-20260813,1,0,0.6615720746414602,2.8711615963790384,0.7481185928187173
kodim17_37afcc89fbdc__awgn_15_seed-20260813,1,-1,0.7353248098546451,2.906991977929267,0.7400526524884327
kodim17_37afcc89fbdc__awgn_30_seed-20260811,0,1,1.6722699567840835,3.3062895825967726,0.5979959787105612
kodim17_37afcc89fbdc__awgn_30_seed-20260811,1,1,1.7369398653355002,3.319268184554812,0.594148757885724
kodim17_37afcc89fbdc__awgn_30_seed-20260811,1,0,1.6848822522816167,3.30848240464322,0.597727231332749
kodim17_37afcc89fbdc__awgn_30_seed-20260811,1,-1,1.7546850641812333,3.322491993750429,0.5929859449796162
kodim17_37afcc89fbdc__awgn_30_seed-20260812,0,1,1.6730343892694064,3.306369983630111,0.5985233999181294
kodim17_37afcc89fbdc__awgn_30_seed-20260812,1,1,1.7444461737473114,3.3206441713867862,0.5943056007593901
kodim17_37afcc89fbdc__awgn_30_seed-20260812,1,0,1.6841310503585398,3.308238892994904,0.5980318211901856
kodim17_37afcc89fbdc__awgn_30_seed-20260812,1,-1,1.7514243360540087,3.321714006337176,0.5932808305192522
kodim17_37afcc89fbdc__awgn_30_seed-20260813,0,1,1.6814100212002607,3.307431261531218,0.5979826811128433
kodim17_37afcc89fbdc__awgn_30_seed-20260813,1,1,1.742075894850448,3.3197096986888983,0.5943570564749809
kodim17_37afcc89fbdc__awgn_30_seed-20260813,1,0,1.691581954856584,3.309143664878111,0.5970132747609662
kodim17_37afcc89fbdc__awgn_30_seed-20260813,1,-1,1.7626072557579406,3.3232708748413837,0.5937738263248351
kodim17_37afcc89fbdc__stripes_8,0,1,0.2104482632093933,2.2855421581887034,0.9214094677026536
kodim17_37afcc89fbdc__stripes_8,1,1,0.3051561858155775,2.4164334759586983,0.8930968348402453
kodim17_37afcc89fbdc__stripes_8,1,0,0.23720664928292046,2.337698376857088,0.9095737750515844
kodim17_37afcc89fbdc__stripes_8,1,-1,0.3206586772874212,2.423837779968372,0.8920072881522149
kodim17_37afcc89fbdc__stripes_16,0,1,0.21098846216568817,2.306585960543913,0.9201482262104996
kodim17_37afcc89fbdc__stripes_16,1,1,0.32873905755261684,2.485436368369247,0.8799183404275399
kodim17_37afcc89fbdc__stripes_16,1,0,0.26623105443285533,2.4180041689536598,0.8944334927734189
kodim17_37afcc89fbdc__stripes_16,1,-1,0.3454611327840954,2.4940118555283655,0.8786058705830055
kodim17_37afcc89fbdc__stripes_32,0,1,0.20235037508153947,2.3230295806838344,0.9233967239104224
kodim17_37afcc89fbdc__stripes_32,1,1,0.40481250813268455,2.6441488534461226,0.8441545099432554
kodim17_37afcc89fbdc__stripes_32,1,0,0.3486086212516297,2.5948945008019386,0.8552867815123715
kodim17_37afcc89fbdc__stripes_32,1,-1,0.4198098163735498,2.651643347643679,0.8431032609971242
kodim18_1a9258c36598__clean_0,0,1,0.4418801981409002,2.3156060941572147,0.8546092923212559
kodim18_1a9258c36598__clean_0,1,1,0.5766309381354656,2.4199234001771632,0.8268598556371065
kodim18_1a9258c36598__clean_0,1,0,0.3984629644719687,2.2921785608993406,0.8607118225450189
kodim18_1a9258c36598__clean_0,1,-1,0.5798687033885548,2.4169023680765176,0.8277407546794749
kodim18_1a9258c36598__awgn_5_seed-20260811,0,1,0.5136119944553164,2.425097366762058,0.8230829090902871
kodim18_1a9258c36598__awgn_5_seed-20260811,1,1,0.6440295251532772,2.508930750134632,0.7991386013999104
kodim18_1a9258c36598__awgn_5_seed-20260811,1,0,0.47154599902216426,2.4061957609458107,0.828510384270286
kodim18_1a9258c36598__awgn_5_seed-20260811,1,-1,0.6466626013874679,2.506619041198165,0.7999707252607141
kodim18_1a9258c36598__awgn_5_seed-20260812,0,1,0.514847826973255,2.4252488461307506,0.8227750696074503
kodim18_1a9258c36598__awgn_5_seed-20260812,1,1,0.644866394343989,2.508713863499491,0.7989576604543294
kodim18_1a9258c36598__awgn_5_seed-20260812,1,0,0.47204000977835725,2.4059371927648114,0.8284683838048864
kodim18_1a9258c36598__awgn_5_seed-20260812,1,-1,0.6472417761017715,2.506205405479999,0.8000343332863791
kodim18_1a9258c36598__awgn_5_seed-20260813,0,1,0.5107453726353555,2.4211740665125516,0.823986879643671
kodim18_1a9258c36598__awgn_5_seed-20260813,1,1,0.6414653375414927,2.505628509001561,0.8000100833330543
kodim18_1a9258c36598__awgn_5_seed-20260813,1,0,0.4700104913624511,2.4039809909864407,0.8288595684004378
kodim18_1a9258c36598__awgn_5_seed-20260813,1,-1,0.6436136419883808,2.5038971110243926,0.8006972000120058
kodim18_1a9258c36598__awgn_15_seed-20260811,0,1,0.8907014432485324,2.785093279737206,0.7062693865014321
kodim18_1a9258c36598__awgn_15_seed-20260811,1,1,1.013292952693928,2.8282271857891863,0.6917818180396935
kodim18_1a9258c36598__awgn_15_seed-20260811,1,0,0.8478345013037809,2.7725298925963036,0.7093975659380407
kodim18_1a9258c36598__awgn_15_seed-20260811,1,-1,1.0191204198633965,2.8296061486293147,0.691798306102853
kodim18_1a9258c36598__awgn_15_seed-20260812,0,1,0.8887648809523809,2.7829939316371175,0.7058803674671673
kodim18_1a9258c36598__awgn_15_seed-20260812,1,1,1.011580942855612,2.826035865779668,0.691871638595093
kodim18_1a9258c36598__awgn_15_seed-20260812,1,0,0.8464696056062582,2.7707956360138124,0.709253268675303
kodim18_1a9258c36598__awgn_15_seed-20260812,1,-1,1.0146299022546992,2.82651895252714,0.6921914168288638
kodim18_1a9258c36598__awgn_15_seed-20260813,0,1,0.8893356572080888,2.7842136529369856,0.7064591606068993
kodim18_1a9258c36598__awgn_15_seed-20260813,1,1,1.0135429928789574,2.8276454490182403,0.6920095887955008
kodim18_1a9258c36598__awgn_15_seed-20260813,1,0,0.8479618236636246,2.772391345584134,0.7093198547224749
kodim18_1a9258c36598__awgn_15_seed-20260813,1,-1,1.016122489073499,2.8280264970415017,0.6921181404637253
kodim18_1a9258c36598__awgn_30_seed-20260811,0,1,1.9439084923352903,3.2193715581573223,0.5659897567118937
kodim18_1a9258c36598__awgn_30_seed-20260811,1,1,2.0550318035806776,3.2353474898091372,0.5586013029327553
kodim18_1a9258c36598__awgn_30_seed-20260811,1,0,1.89981258148631,3.211341208584951,0.5684164541448818
kodim18_1a9258c36598__awgn_30_seed-20260811,1,-1,2.061448651186288,3.2362872051004783,0.5590232485173374
kodim18_1a9258c36598__awgn_30_seed-20260812,0,1,1.9444435950750163,3.2204274272747218,0.5650482400057465
kodim18_1a9258c36598__awgn_30_seed-20260812,1,1,2.0630764638194403,3.237588960316443,0.5587550289799706
kodim18_1a9258c36598__awgn_30_seed-20260812,1,0,1.903624612940026,3.2131578157581107,0.5676646817391561
kodim18_1a9258c36598__awgn_30_seed-20260812,1,-1,2.063362224030903,3.2374412344295216,0.5588540095794727
kodim18_1a9258c36598__awgn_30_seed-20260813,0,1,1.935782575016308,3.2194634018519226,0.5659143675893021
kodim18_1a9258c36598__awgn_30_seed-20260813,1,1,2.05327897085501,3.2365036997951906,0.5592912482141948
kodim18_1a9258c36598__awgn_30_seed-20260813,1,0,1.8961966264667538,3.2121579694516464,0.5687364825352424
kodim18_1a9258c36598__awgn_30_seed-20260813,1,-1,2.055327769513978,3.2367753819675507,0.5592398179973074
kodim18_1a9258c36598__stripes_8,0,1,0.4440231572080887,2.325658105927233,0.8536837066299192
kodim18_1a9258c36598__stripes_8,1,1,0.5861834937757855,2.4405538492242584,0.8223202723575787
kodim18_1a9258c36598__stripes_8,1,0,0.40862583523468055,2.316601080284488,0.8557563008527094
kodim18_1a9258c36598__stripes_8,1,-1,0.5891967331484397,2.438101926198586,0.8232262302724888
kodim18_1a9258c36598__stripes_16,0,1,0.4431644447162426,2.356671091891867,0.8534257121089188
kodim18_1a9258c36598__stripes_16,1,1,0.6055029252150218,2.4993611701424503,0.812957748930337
kodim18_1a9258c36598__stripes_16,1,0,0.43280435136897005,2.3865120339542076,0.8439879419942236
kodim18_1a9258c36598__stripes_16,1,-1,0.6104246345713724,2.500023111536318,0.812881869750421
kodim18_1a9258c36598__stripes_32,0,1,0.42777641878669276,2.4430163251875863,0.8587189020974778
kodim18_1a9258c36598__stripes_32,1,1,0.6594809880159311,2.6737405091796793,0.7890917750500437
kodim18_1a9258c36598__stripes_32,1,0,0.49868348679921776,2.583563776638296,0.813939950405311
kodim18_1a9258c36598__stripes_32,1,-1,0.6627442675736152,2.6741036454658564,0.7892286667734401
kodim19_b7450b264b1b__clean_0,0,1,0.4317412752772342,2.496985473837932,0.8742037581985206
kodim19_b7450b264b1b__clean_0,1,1,0.6086131189451365,2.6273298859033134,0.8401735155559247
kodim19_b7450b264b1b__clean_0,1,0,0.3562148590286832,2.4417547596378206,0.8842981884460663
kodim19_b7450b264b1b__clean_0,1,-1,0.6449276286750167,2.6454729443788993,0.8344055772561194
kodim19_b7450b264b1b__awgn_5_seed-20260811,0,1,0.5228896567188519,2.674981153708256,0.8316306559353372
kodim19_b7450b264b1b__awgn_5_seed-20260811,1,1,0.6886616981810852,2.7719185915898974,0.8041886199880499
kodim19_b7450b264b1b__awgn_5_seed-20260811,1,0,0.4409478895045632,2.616153098073657,0.8434535907435419
kodim19_b7450b264b1b__awgn_5_seed-20260811,1,-1,0.7224962175043438,2.785376370166939,0.7993780255249378
kodim19_b7450b264b1b__awgn_5_seed-20260812,0,1,0.5226348458904109,2.673977436477715,0.831793545151913
kodim19_b7450b264b1b__awgn_5_seed-20260812,1,1,0.6887305868034914,2.7721427373697387,0.8040141100638217
kodim19_b7450b264b1b__awgn_5_seed-20260812,1,0,0.441681266297262,2.6163325899286374,0.8429915115694616
kodim19_b7450b264b1b__awgn_5_seed-20260812,1,-1,0.7224809089215869,2.7851425245202255,0.7991191472996216
kodim19_b7450b264b1b__awgn_5_seed-20260813,0,1,0.5242197692433137,2.6755390351299138,0.8315536220442169
kodim19_b7450b264b1b__awgn_5_seed-20260813,1,1,0.6908533769457846,2.7742193330487557,0.8035907162140474
kodim19_b7450b264b1b__awgn_5_seed-20260813,1,0,0.4420428617992177,2.6176758814831786,0.8428717896865138
kodim19_b7450b264b1b__awgn_5_seed-20260813,1,-1,0.7232718523640278,2.7872954136166377,0.7987353199113703
kodim19_b7450b264b1b__awgn_15_seed-20260811,0,1,0.9199715631115458,3.088556098900888,0.7029063939791804
kodim19_b7450b264b1b__awgn_15_seed-20260811,1,1,1.0774078487103795,3.14497925956416,0.6856784762364546
kodim19_b7450b264b1b__awgn_15_seed-20260811,1,0,0.8318071626466754,3.048477237590697,0.7114247308226249
kodim19_b7450b264b1b__awgn_15_seed-20260811,1,-1,1.1064405759088833,3.15324009455599,0.683320119194057
kodim19_b7450b264b1b__awgn_15_seed-20260812,0,1,0.9145109670580561,3.084997455818447,0.7038128870880935
kodim19_b7450b264b1b__awgn_15_seed-20260812,1,1,1.0712946213294483,3.142085734818802,0.6864282146729431
kodim19_b7450b264b1b__awgn_15_seed-20260812,1,0,0.8276819181877444,3.0457510622747446,0.7122223281603494
kodim19_b7450b264b1b__awgn_15_seed-20260812,1,-1,1.0995797794033224,3.149621194015894,0.6838970331918253
kodim19_b7450b264b1b__awgn_15_seed-20260813,0,1,0.9206213307240705,3.0890292134015365,0.7032150724150623
kodim19_b7450b264b1b__awgn_15_seed-20260813,1,1,1.0791377185619115,3.1463858922403665,0.6859418436563924
kodim19_b7450b264b1b__awgn_15_seed-20260813,1,0,0.8320210642112125,3.0495915988881324,0.7113709400669135
kodim19_b7450b264b1b__awgn_15_seed-20260813,1,-1,1.1060757213531767,3.1537046773890083,0.6828234009022939
kodim19_b7450b264b1b__awgn_30_seed-20260811,0,1,2.107894549086758,3.5711874937544357,0.5482265084883311
kodim19_b7450b264b1b__awgn_30_seed-20260811,1,1,2.251481743239347,3.5959162461189687,0.5385667870055172
kodim19_b7450b264b1b__awgn_30_seed-20260811,1,0,2.019920856421121,3.5546385983051425,0.5521380320758599
kodim19_b7450b264b1b__awgn_30_seed-20260811,1,-1,2.279664844094842,3.601055729825708,0.5371657600020561
kodim19_b7450b264b1b__awgn_30_seed-20260812,0,1,2.1071836268754076,3.5701183715286384,0.5480213886383307
kodim19_b7450b264b1b__awgn_30_seed-20260812,1,1,2.251104131531343,3.59498691304685,0.5388099039743264
kodim19_b7450b264b1b__awgn_30_seed-20260812,1,0,2.020832484517601,3.553934187541931,0.552992701607665
kodim19_b7450b264b1b__awgn_30_seed-20260812,1,-1,2.269456570826434,3.59828241857819,0.5379805788988777
kodim19_b7450b264b1b__awgn_30_seed-20260813,0,1,2.1192744006849313,3.5738706645357547,0.5471979232243762
kodim19_b7450b264b1b__awgn_30_seed-20260813,1,1,2.2635959350609918,3.5985585282493964,0.5387645716231928
kodim19_b7450b264b1b__awgn_30_seed-20260813,1,0,2.030376568611473,3.5574268324278933,0.5509802779399189
kodim19_b7450b264b1b__awgn_30_seed-20260813,1,-1,2.2827954492686326,3.602096253933132,0.5371599008980228
kodim19_b7450b264b1b__stripes_8,0,1,0.4291396567188519,2.510550404607586,0.8757847328716966
kodim19_b7450b264b1b__stripes_8,1,1,0.6156014869736719,2.6655069935641644,0.8364297145127888
kodim19_b7450b264b1b__stripes_8,1,0,0.36208187337027375,2.483078167178022,0.8800695631513125
kodim19_b7450b264b1b__stripes_8,1,-1,0.6493109862044155,2.6818564721056783,0.8310585510452506
kodim19_b7450b264b1b__stripes_16,0,1,0.4266425106001305,2.5487174062354976,0.8773963179693816
kodim19_b7450b264b1b__stripes_16,1,1,0.6382811523280527,2.7548883231965045,0.825602881898148
kodim19_b7450b264b1b__stripes_16,1,0,0.3847630785528031,2.5810450730869423,0.8673450410926384
kodim19_b7450b264b1b__stripes_16,1,-1,0.6681175801212951,2.7696328451789087,0.8207654126192295
kodim19_b7450b264b1b__stripes_32,0,1,0.42272861627527725,2.641796730305363,0.8773844467825507
kodim19_b7450b264b1b__stripes_32,1,1,0.7141326284581451,2.9631501878824973,0.7883201166650923
kodim19_b7450b264b1b__stripes_32,1,0,0.4708304473598436,2.8128490663989334,0.8244581445310539
kodim19_b7450b264b1b__stripes_32,1,-1,0.7423208321745587,2.975874497592057,0.7840296109102967
kodim20_3b46c71e3b92__clean_0,0,1,0.1892010267275098,1.8988239159573852,0.9418722781758674
kodim20_3b46c71e3b92__clean_0,1,1,0.3197605737656818,1.9887142923111367,0.9217377066901622
kodim20_3b46c71e3b92__clean_0,1,0,0.23701484018264843,1.9425328420189394,0.9321828431661733
kodim20_3b46c71e3b92__clean_0,1,-1,0.32416434273875644,2.0000856631981607,0.9187206001264985
kodim20_3b46c71e3b92__awgn_5_seed-20260811,0,1,0.22919552640156454,1.9859599358626119,0.9233000911681036
kodim20_3b46c71e3b92__awgn_5_seed-20260811,1,1,0.35697573844776076,2.0588649684744986,0.9056626853687517
kodim20_3b46c71e3b92__awgn_5_seed-20260811,1,0,0.27471665035877363,2.0187522818508894,0.9152304041828618
kodim20_3b46c71e3b92__awgn_5_seed-20260811,1,-1,0.3599762206681176,2.067300679105242,0.9034865241813207
kodim20_3b46c71e3b92__awgn_5_seed-20260812,0,1,0.23056042209908734,1.9875951647139871,0.9225356801442188
kodim20_3b46c71e3b92__awgn_5_seed-20260812,1,1,0.35763655893676793,2.0596065669306762,0.9053619435582712
kodim20_3b46c71e3b92__awgn_5_seed-20260812,1,0,0.2763805650684932,2.021279372139695,0.9143545096008457
kodim20_3b46c71e3b92__awgn_5_seed-20260812,1,-1,0.361968887856977,2.0697532779503414,0.9024730126983116
kodim20_3b46c71e3b92__awgn_5_seed-20260813,0,1,0.22848761408083443,1.9844465362680035,0.9234525324653736
kodim20_3b46c71e3b92__awgn_5_seed-20260813,1,1,0.3567563154282448,2.0587567695144466,0.9055075794023545
kodim20_3b46c71e3b92__awgn_5_seed-20260813,1,0,0.2748950179386823,2.018578425818286,0.9150038646360917
kodim20_3b46c71e3b92__awgn_5_seed-20260813,1,-1,0.35886379698778126,2.066701955532726,0.9032807928297225
kodim20_3b46c71e3b92__awgn_15_seed-20260811,0,1,0.4490277664602347,2.310086281848906,0.842857240918427
kodim20_3b46c71e3b92__awgn_15_seed-20260811,1,1,0.574296379265035,2.353886965777162,0.8313313975363862
kodim20_3b46c71e3b92__awgn_15_seed-20260811,1,0,0.49689895221787345,2.329735356103763,0.8376139762634398
kodim20_3b46c71e3b92__awgn_15_seed-20260811,1,-1,0.577837764742803,2.359136681824194,0.830036003398403
kodim20_3b46c71e3b92__awgn_15_seed-20260812,0,1,0.45745650668187743,2.3154280876804783,0.8414042741973882
kodim20_3b46c71e3b92__awgn_15_seed-20260812,1,1,0.578544510980081,2.3562746278844875,0.831184581263344
kodim20_3b46c71e3b92__awgn_15_seed-20260812,1,0,0.49864695450097846,2.332113670471247,0.8366021289765372
kodim20_3b46c71e3b92__awgn_15_seed-20260812,1,-1,0.5814199731079229,2.362249424775543,0.8292146345237231
kodim20_3b46c71e3b92__awgn_15_seed-20260813,0,1,0.45165060707301175,2.3118178672796326,0.842509552337859
kodim20_3b46c71e3b92__awgn_15_seed-20260813,1,1,0.5731354784059683,2.354061030369375,0.831402811922055
kodim20_3b46c71e3b92__awgn_15_seed-20260813,1,0,0.4943788731245923,2.329235250584649,0.8374691015710103
kodim20_3b46c71e3b92__awgn_15_seed-20260813,1,-1,0.5749520968931232,2.358989243480965,0.8299279867910752
kodim20_3b46c71e3b92__awgn_30_seed-20260811,0,1,1.1535940555736635,2.843053280443112,0.7074077875508589
kodim20_3b46c71e3b92__awgn_30_seed-20260811,1,1,1.270410805818282,2.8651723139636975,0.7009913694536959
kodim20_3b46c71e3b92__awgn_30_seed-20260811,1,0,1.2004291014350947,2.852462402848899,0.7041157399382874
kodim20_3b46c71e3b92__awgn_30_seed-20260811,1,-1,1.2723473415370328,2.866677608855405,0.7008821127706621
kodim20_3b46c71e3b92__awgn_30_seed-20260812,0,1,1.1627128829856586,2.844503213363444,0.7066776749378643
kodim20_3b46c71e3b92__awgn_30_seed-20260812,1,1,1.2736409167799927,2.864550824352839,0.701289109500156
kodim20_3b46c71e3b92__awgn_30_seed-20260812,1,0,1.1991907208088715,2.8514190540957762,0.7042434969958137
kodim20_3b46c71e3b92__awgn_30_seed-20260812,1,-1,1.2799506043063043,2.867390351870446,0.6999550218786503
kodim20_3b46c71e3b92__awgn_30_seed-20260813,0,1,1.14760735821382,2.8427454228913644,0.7078298894970095
kodim20_3b46c71e3b92__awgn_30_seed-20260813,1,1,1.2598887066033573,2.8639540519728377,0.7018238570610538
kodim20_3b46c71e3b92__awgn_30_seed-20260813,1,0,1.1871611015981736,2.8504936087595514,0.7048935463056509
kodim20_3b46c71e3b92__awgn_30_seed-20260813,1,-1,1.2605444242314454,2.8653917559458284,0.7012081742755896
kodim20_3b46c71e3b92__stripes_8,0,1,0.19231278520208603,1.915570266684447,0.9402471320371405
kodim20_3b46c71e3b92__stripes_8,1,1,0.3271291049326805,2.015163881221684,0.9174671227240601
kodim20_3b46c71e3b92__stripes_8,1,0,0.24377751956947163,1.9691556570353144,0.928096001225156
kodim20_3b46c71e3b92__stripes_8,1,-1,0.3308695019862886,2.026479446628765,0.914561801901679
kodim20_3b46c71e3b92__stripes_16,0,1,0.19264127689048238,1.9420292279678468,0.9396926465388837
kodim20_3b46c71e3b92__stripes_16,1,1,0.34044502050074377,2.0668480434778704,0.910686529431832
kodim20_3b46c71e3b92__stripes_16,1,0,0.25686460371819964,2.0224121056533795,0.9210856334228362
kodim20_3b46c71e3b92__stripes_16,1,-1,0.3421442731867622,2.0760871543722246,0.9084286080562793
kodim20_3b46c71e3b92__stripes_32,0,1,0.18675898386571055,2.1017294318988435,0.9404620421965652
kodim20_3b46c71e3b92__stripes_32,1,1,0.4188810956862965,2.4008402104815167,0.8693336039536637
kodim20_3b46c71e3b92__stripes_32,1,0,0.34225171232876717,2.363567446961608,0.8777531347172766
kodim20_3b46c71e3b92__stripes_32,1,-1,0.42053442262404417,2.4088724492698526,0.8670532098332364
kodim21_ac958597c820__clean_0,0,1,0.2798647327249022,2.2816186356612076,0.8961344696121134
kodim21_ac958597c820__clean_0,1,1,0.5704819907281017,2.5008769349344293,0.8427865038354959
kodim21_ac958597c820__clean_0,1,0,0.4591436317677756,2.4371535400911384,0.8586149667144077
kodim21_ac958597c820__clean_0,1,-1,0.5236734475183512,2.475412912697951,0.8489292099266181
kodim21_ac958597c820__awgn_5_seed-20260811,0,1,0.38779080426988266,2.4652542538516506,0.8448073592733814
kodim21_ac958597c820__awgn_5_seed-20260811,1,1,0.6699061328733955,2.6465645951704095,0.7979702012511276
kodim21_ac958597c820__awgn_5_seed-20260811,1,0,0.5607902193411611,2.591552959753951,0.812202701265516
kodim21_ac958597c820__awgn_5_seed-20260811,1,-1,0.6225924064326664,2.6227855025486595,0.8038478388854657
kodim21_ac958597c820__awgn_5_seed-20260812,0,1,0.38735026890482405,2.4647445317592087,0.8451753228863904
kodim21_ac958597c820__awgn_5_seed-20260812,1,1,0.6691279465832519,2.6474816583919463,0.7979161590584014
kodim21_ac958597c820__awgn_5_seed-20260812,1,0,0.5595977046640573,2.5914615672647594,0.8125836750459661
kodim21_ac958597c820__awgn_5_seed-20260812,1,-1,0.6207987508196471,2.622125341561757,0.8043547887472384
kodim21_ac958597c820__awgn_5_seed-20260813,0,1,0.38845033409387225,2.466087101382972,0.844625123622117
kodim21_ac958597c820__awgn_5_seed-20260813,1,1,0.6697887670722591,2.646567164061329,0.7981889653107612
kodim21_ac958597c820__awgn_5_seed-20260813,1,0,0.5605073793215916,2.591873519975759,0.8122948690501319
kodim21_ac958597c820__awgn_5_seed-20260813,1,-1,0.6224597320487731,2.6227040517134497,0.8040707099587152
kodim21_ac958597c820__awgn_15_seed-20260811,0,1,0.7714971072359844,2.890877260771905,0.7172549751518075
kodim21_ac958597c820__awgn_15_seed-20260811,1,1,1.0427874888055988,2.9971898391927008,0.6878555972946773
kodim21_ac958597c820__awgn_15_seed-20260811,1,0,0.9388504973907372,2.9617076089529695,0.6974745566479803
kodim21_ac958597c820__awgn_15_seed-20260811,1,-1,0.9983721873668472,2.981766556324499,0.691817935336673
kodim21_ac958597c820__awgn_15_seed-20260812,0,1,0.7705880255867015,2.8909396043653226,0.7177265671139368
kodim21_ac958597c820__awgn_15_seed-20260812,1,1,1.043851435307205,2.9972354020974414,0.6879260945258105
kodim21_ac958597c820__awgn_15_seed-20260812,1,0,0.9354793501304631,2.9605077801794177,0.6980077625443635
kodim21_ac958597c820__awgn_15_seed-20260812,1,-1,0.9954788652257888,2.9809539526489104,0.6926184421158508
kodim21_ac958597c820__awgn_15_seed-20260813,0,1,0.7705956649282921,2.888327556739971,0.7183333559711876
kodim21_ac958597c820__awgn_15_seed-20260813,1,1,1.0422312769654307,2.994286870327855,0.6884961080852017
kodim21_ac958597c820__awgn_15_seed-20260813,1,0,0.9356475252772343,2.958522197309009,0.6981533768644088
kodim21_ac958597c820__awgn_15_seed-20260813,1,-1,0.9970122749319406,2.978625148058401,0.6927867115850268
kodim21_ac958597c820__awgn_30_seed-20260811,0,1,1.9880062337027378,3.4664717967644805,0.5556738771496361
kodim21_ac958597c820__awgn_30_seed-20260811,1,1,2.2487134411908034,3.5093008733334594,0.5406403823047674
kodim21_ac958597c820__awgn_30_seed-20260811,1,0,2.1476654231898236,3.4933012665715895,0.5469193744223333
kodim21_ac958597c820__awgn_30_seed-20260811,1,-1,2.205571303551336,3.502697290812242,0.5430803677108598
kodim21_ac958597c820__awgn_30_seed-20260812,0,1,1.9843979180247722,3.465172794763631,0.5572032173497399
kodim21_ac958597c820__awgn_30_seed-20260812,1,1,2.247305051577167,3.508356935573563,0.5410070848112887
kodim21_ac958597c820__awgn_30_seed-20260812,1,0,2.138199200913242,3.491356471766338,0.5474266376409306
kodim21_ac958597c820__awgn_30_seed-20260812,1,-1,2.1998586507525446,3.501563689719307,0.5432916713778448
kodim21_ac958597c820__awgn_30_seed-20260813,0,1,1.9814949682203387,3.464079651466971,0.5570406384833086
kodim21_ac958597c820__awgn_30_seed-20260813,1,1,2.2409315782893677,3.5066956694991265,0.5413822509277977
kodim21_ac958597c820__awgn_30_seed-20260813,1,0,2.138148238747554,3.4900559541292315,0.5471512857378591
kodim21_ac958597c820__awgn_30_seed-20260813,1,-1,2.196870925684485,3.499870989842897,0.5441135646733605
kodim21_ac958597c820__stripes_8,0,1,0.2821157920469361,2.295523022412265,0.8946736022840642
kodim21_ac958597c820__stripes_8,1,1,0.587841923574452,2.544944819712271,0.8334795018315584
kodim21_ac958597c820__stripes_8,1,0,0.4778008806262231,2.4826441566131265,0.8490537703062885
kodim21_ac958597c820__stripes_8,1,-1,0.5412221862187035,2.5191723915767112,0.8396487715931492
kodim21_ac958597c820__stripes_16,0,1,0.27419379481747064,2.3297405165199203,0.8986834960482677
kodim21_ac958597c820__stripes_16,1,1,0.6053421850960741,2.6319519733242824,0.8251964462836587
kodim21_ac958597c820__stripes_16,1,0,0.4965957273320287,2.5713195864111382,0.8401053140726287
kodim21_ac958597c820__stripes_16,1,-1,0.5583703503369164,2.6061769050448635,0.8312678425487732
kodim21_ac958597c820__stripes_32,0,1,0.27007873614732725,2.4560235964776576,0.899091844657087
kodim21_ac958597c820__stripes_32,1,1,0.6812829612922485,2.8772343253248662,0.7889659629937638
kodim21_ac958597c820__stripes_32,1,0,0.5766012312459231,2.8227034885674227,0.8021526041977038
kodim21_ac958597c820__stripes_32,1,-1,0.6343009208112529,2.852218874053402,0.7947599379845949
kodim22_1cee58eb1f2d__clean_0,0,1,0.2841274853324642,2.3160608941932086,0.8902678044922285
kodim22_1cee58eb1f2d__clean_0,1,1,0.3822476571489806,2.4180639843129397,0.8654958275517253
kodim22_1cee58eb1f2d__clean_0,1,0,0.26039118558382257,2.2823905125980306,0.8966198318443231
kodim22_1cee58eb1f2d__clean_0,1,-1,0.3839341526827015,2.4175819229836355,0.8650260841173036
kodim22_1cee58eb1f2d__awgn_5_seed-20260811,0,1,0.37150882089309,2.4742726764605822,0.8493775438873589
kodim22_1cee58eb1f2d__awgn_5_seed-20260811,1,1,0.46310503984058665,2.551306036441045,0.8287569962773227
kodim22_1cee58eb1f2d__awgn_5_seed-20260811,1,0,0.35193452380952384,2.4534704757282637,0.8530335356702702
kodim22_1cee58eb1f2d__awgn_5_seed-20260811,1,-1,0.4650721927248512,2.551093856839098,0.82810633277805
kodim22_1cee58eb1f2d__awgn_5_seed-20260812,0,1,0.3696244499674054,2.47150195252043,0.8498646958968668
kodim22_1cee58eb1f2d__awgn_5_seed-20260812,1,1,0.4606046379902893,2.548601388530493,0.8292329983828303
kodim22_1cee58eb1f2d__awgn_5_seed-20260812,1,0,0.34978901663405093,2.450095420273634,0.8538299696409336
kodim22_1cee58eb1f2d__awgn_5_seed-20260812,1,-1,0.4624850422389312,2.548149731777301,0.8287962871394241
kodim22_1cee58eb1f2d__awgn_5_seed-20260813,0,1,0.3710784713168187,2.4732963129519545,0.8493107560614176
kodim22_1cee58eb1f2d__awgn_5_seed-20260813,1,1,0.46114298981724106,2.5490519203926594,0.8291131180138972
kodim22_1cee58eb1f2d__awgn_5_seed-20260813,1,0,0.351338266470972,2.452053942522327,0.8533456379821458
kodim22_1cee58eb1f2d__awgn_5_seed-20260813,1,-1,0.46327343425091283,2.5488666039065633,0.8286731004885498
kodim22_1cee58eb1f2d__awgn_15_seed-20260811,0,1,0.7684515563885268,2.916421563318534,0.7169158544053391
kodim22_1cee58eb1f2d__awgn_15_seed-20260811,1,1,0.8539765319426337,2.9531690699126205,0.7059111336571264
kodim22_1cee58eb1f2d__awgn_15_seed-20260811,1,0,0.7505631319308546,2.9057829530206627,0.7181026336546709
kodim22_1cee58eb1f2d__awgn_15_seed-20260811,1,-1,0.8545225380609638,2.9527701943826132,0.7057895043804334
kodim22_1cee58eb1f2d__awgn_15_seed-20260812,0,1,0.7673260267275097,2.9153006916061273,0.7176441953176533
kodim22_1cee58eb1f2d__awgn_15_seed-20260812,1,1,0.852925342593325,2.9517915331306197,0.7059906141014134
kodim22_1cee58eb1f2d__awgn_15_seed-20260812,1,0,0.7486163772015655,2.9033124245539916,0.7194331483421053
kodim22_1cee58eb1f2d__awgn_15_seed-20260812,1,-1,0.8547011381931279,2.9520035099666515,0.7055450523803946
kodim22_1cee58eb1f2d__awgn_15_seed-20260813,0,1,0.7674431632985659,2.915446546730336,0.7172641265417924
kodim22_1cee58eb1f2d__awgn_15_seed-20260813,1,1,0.8524635336801578,2.9511036774125343,0.70598566566179
kodim22_1cee58eb1f2d__awgn_15_seed-20260813,1,0,0.7482112279843444,2.9029941836758533,0.7187466113681111
kodim22_1cee58eb1f2d__awgn_15_seed-20260813,1,-1,0.8535606487777372,2.951652292376501,0.7058000462470719
kodim22_1cee58eb1f2d__awgn_30_seed-20260811,0,1,2.0131651320078223,3.4819608722172766,0.5513058114084302
kodim22_1cee58eb1f2d__awgn_30_seed-20260811,1,1,2.0960485996473923,3.4945412121064257,0.5469205437117717
kodim22_1cee58eb1f2d__awgn_30_seed-20260811,1,0,2.0021556996086103,3.478097434786029,0.5518335973942592
kodim22_1cee58eb1f2d__awgn_30_seed-20260811,1,-1,2.0942268782993185,3.494404227083059,0.5467806745623243
kodim22_1cee58eb1f2d__awgn_30_seed-20260812,0,1,2.005052151238592,3.478610191110922,0.5527355784726821
kodim22_1cee58eb1f2d__awgn_30_seed-20260812,1,1,2.0892413831814807,3.4914098403312632,0.5464574884324698
kodim22_1cee58eb1f2d__awgn_30_seed-20260812,1,0,1.9867906066536203,3.473178908069821,0.553468616450083
kodim22_1cee58eb1f2d__awgn_30_seed-20260812,1,-1,2.0875676448000573,3.4909042703228064,0.5473480036000062
kodim22_1cee58eb1f2d__awgn_30_seed-20260813,0,1,2.0089303903194264,3.4790655201823855,0.5522386449481816
kodim22_1cee58eb1f2d__awgn_30_seed-20260813,1,1,2.085648969094523,3.4906043200445813,0.5474259111874191
kodim22_1cee58eb1f2d__awgn_30_seed-20260813,1,0,1.9950006115459884,3.474498307073265,0.55213709128206
kodim22_1cee58eb1f2d__awgn_30_seed-20260813,1,-1,2.0911600588870147,3.491737361424985,0.5467609235762521
kodim22_1cee58eb1f2d__stripes_8,0,1,0.285629889178618,2.3422923829564555,0.8895027316100634
kodim22_1cee58eb1f2d__stripes_8,1,1,0.39231049888119773,2.46289639926833,0.8594701607959621
kodim22_1cee58eb1f2d__stripes_8,1,0,0.27201565557729934,2.33317417937557,0.8895984210012716
kodim22_1cee58eb1f2d__stripes_8,1,-1,0.3945940291424387,2.463317217809113,0.8588240994444513
kodim22_1cee58eb1f2d__stripes_16,0,1,0.2835316166883963,2.3841867418213765,0.8899100663735247
kodim22_1cee58eb1f2d__stripes_16,1,1,0.41236984515368547,2.545204658213547,0.8488450675505317
kodim22_1cee58eb1f2d__stripes_16,1,0,0.29788914709719505,2.4293015867746903,0.8764401380140955
kodim22_1cee58eb1f2d__stripes_16,1,-1,0.4144135409517346,2.5464019433805922,0.8481725000660081
kodim22_1cee58eb1f2d__stripes_32,0,1,0.2794038257822686,2.4827052476358853,0.8912890975155953
kodim22_1cee58eb1f2d__stripes_32,1,1,0.4883029670584813,2.7612138471041408,0.8129791126189077
kodim22_1cee58eb1f2d__stripes_32,1,0,0.3835667400521853,2.6739035347052367,0.8343577293913464
kodim22_1cee58eb1f2d__stripes_32,1,-1,0.48854025009121366,2.761214856395423,0.8126260333282049
kodim23_e3111a2fd4da__clean_0,0,1,0.140230300684485,2.120892069797244,0.9421238353633625
kodim23_e3111a2fd4da__clean_0,1,1,0.1992514103031865,2.174162432651659,0.9322472596693769
kodim23_e3111a2fd4da__clean_0,1,0,0.15583211024135682,2.0991819440271824,0.9456065026471957
kodim23_e3111a2fd4da__clean_0,1,-1,0.21915767074810494,2.1934196665341705,0.929075989093618
kodim23_e3111a2fd4da__awgn_5_seed-20260811,0,1,0.2639417984028683,2.393296843426013,0.881478722497598
kodim23_e3111a2fd4da__awgn_5_seed-20260811,1,1,0.3180051896095546,2.425867330449671,0.8745896184783317
kodim23_e3111a2fd4da__awgn_5_seed-20260811,1,0,0.28432301859099807,2.3906621375537203,0.882703694436294
kodim23_e3111a2fd4da__awgn_5_seed-20260811,1,-1,0.3386054391394535,2.4424329887075107,0.8713738989573236
kodim23_e3111a2fd4da__awgn_5_seed-20260812,0,1,0.2636387711864407,2.39361108282423,0.881422379496127
kodim23_e3111a2fd4da__awgn_5_seed-20260812,1,1,0.31769646652395667,2.4264730092937685,0.8745129897763253
kodim23_e3111a2fd4da__awgn_5_seed-20260812,1,0,0.2839153212654925,2.3911656521503186,0.8826568922591534
kodim23_e3111a2fd4da__awgn_5_seed-20260812,1,-1,0.33827120174926073,2.442754484766692,0.8713035491643608
kodim23_e3111a2fd4da__awgn_5_seed-20260813,0,1,0.2625387059973925,2.3917793448559177,0.8817911557487301
kodim23_e3111a2fd4da__awgn_5_seed-20260813,1,1,0.3181812383112592,2.4282264456005405,0.8738166895203268
kodim23_e3111a2fd4da__awgn_5_seed-20260813,1,0,0.2834158920417482,2.391230636933186,0.8824586926250151
kodim23_e3111a2fd4da__awgn_5_seed-20260813,1,-1,0.33766906416082176,2.4424444996388357,0.8712729632512959
kodim23_e3111a2fd4da__awgn_15_seed-20260811,0,1,0.661951495273794,2.8897853466846266,0.734266901195751
kodim23_e3111a2fd4da__awgn_15_seed-20260811,1,1,0.713650408101302,2.9081927339712292,0.7301922343094296
kodim23_e3111a2fd4da__awgn_15_seed-20260811,1,0,0.6826025358773646,2.8931566029319034,0.73417558760717
kodim23_e3111a2fd4da__awgn_15_seed-20260811,1,-1,0.7347532894317199,2.917946287825827,0.7280779727969455
kodim23_e3111a2fd4da__awgn_15_seed-20260812,0,1,0.6583508189374185,2.8872508296606654,0.7356523724980404
kodim23_e3111a2fd4da__awgn_15_seed-20260812,1,1,0.7124997129640731,2.9072291821289715,0.7311125115622477
kodim23_e3111a2fd4da__awgn_15_seed-20260812,1,0,0.6814176655251142,2.8923295345660396,0.7343629661169071
kodim23_e3111a2fd4da__awgn_15_seed-20260812,1,-1,0.732454450587722,2.9162235875200757,0.7290524689423883
kodim23_e3111a2fd4da__awgn_15_seed-20260813,0,1,0.6579535731747066,2.8857154875643998,0.7356109610445312
kodim23_e3111a2fd4da__awgn_15_seed-20260813,1,1,0.7118618553492015,2.9061317758668688,0.7302676135749728
kodim23_e3111a2fd4da__awgn_15_seed-20260813,1,0,0.6812800676777561,2.8909316804965766,0.7341270574093776
kodim23_e3111a2fd4da__awgn_15_seed-20260813,1,-1,0.7321559332239621,2.9145949534341207,0.7281154294685461
kodim23_e3111a2fd4da__awgn_30_seed-20260811,0,1,1.8568591101694918,3.477772928102022,0.5636633208183701
kodim23_e3111a2fd4da__awgn_30_seed-20260811,1,1,1.8976493671176746,3.4846981739432215,0.5613239694539526
kodim23_e3111a2fd4da__awgn_30_seed-20260811,1,0,1.8691979574363993,3.4792334389535866,0.5636710024045716
kodim23_e3111a2fd4da__awgn_30_seed-20260811,1,-1,1.919520229016398,3.488713691850155,0.5608369042561092
kodim23_e3111a2fd4da__awgn_30_seed-20260812,0,1,1.8449748411016946,3.474741884435409,0.5650157168016481
kodim23_e3111a2fd4da__awgn_30_seed-20260812,1,1,1.8949474022610777,3.4832015064744795,0.5628374879561256
kodim23_e3111a2fd4da__awgn_30_seed-20260812,1,0,1.8725283349641226,3.479140775279684,0.5628034596471089
kodim23_e3111a2fd4da__awgn_30_seed-20260812,1,-1,1.918958914315311,3.488097653177518,0.5609950319873449
kodim23_e3111a2fd4da__awgn_30_seed-20260813,0,1,1.8373558710886573,3.4718297427984477,0.5655417610352116
kodim23_e3111a2fd4da__awgn_30_seed-20260813,1,1,1.8877191997693505,3.4809038076939918,0.5628916124860746
kodim23_e3111a2fd4da__awgn_30_seed-20260813,1,0,1.8622772953359426,3.475519840438028,0.563914571715929
kodim23_e3111a2fd4da__awgn_30_seed-20260813,1,-1,1.9062808563621194,3.484428559695857,0.5617603110847298
kodim23_e3111a2fd4da__stripes_8,0,1,0.13988398386571055,2.1251579537183285,0.9421313756124379
kodim23_e3111a2fd4da__stripes_8,1,1,0.22061708897093157,2.2346597150072998,0.921112414294617
kodim23_e3111a2fd4da__stripes_8,1,0,0.18014615949119372,2.171973003700999,0.9331139328274953
kodim23_e3111a2fd4da__stripes_8,1,-1,0.2405845837468777,2.2516155269171954,0.9182527245438616
kodim23_e3111a2fd4da__stripes_16,0,1,0.1377424217731421,2.1503383646719074,0.9434704116201691
kodim23_e3111a2fd4da__stripes_16,1,1,0.25687036436978394,2.349651843455765,0.9031648446653797
kodim23_e3111a2fd4da__stripes_16,1,0,0.2198405903457273,2.301628812844003,0.9131696310156222
kodim23_e3111a2fd4da__stripes_16,1,-1,0.27656230465610543,2.365881405108443,0.9003477160322326
kodim23_e3111a2fd4da__stripes_32,0,1,0.1355448378422425,2.2681411177898814,0.9442216792208433
kodim23_e3111a2fd4da__stripes_32,1,1,0.35127584280126656,2.656239440436254,0.8547243849852777
kodim23_e3111a2fd4da__stripes_32,1,0,0.3214948222439661,2.6284550459835505,0.8612506841033483
kodim23_e3111a2fd4da__stripes_32,1,-1,0.3716107435633788,2.6713659387008994,0.8520110441623878
kodim24_1071c68372cc__clean_0,0,1,0.43770880867014345,2.493830777398516,0.8603969313946653
kodim24_1071c68372cc__clean_0,1,1,0.6270956811936612,2.6204204355456744,0.8282281509361071
kodim24_1071c68372cc__clean_0,1,0,0.4837354248206132,2.4592366773732777,0.8711206546642308
kodim24_1071c68372cc__clean_0,1,-1,0.6833802371299469,2.605785896801813,0.8339169960711237
kodim24_1071c68372cc__awgn_5_seed-20260811,0,1,0.5189532064863103,2.6282224663591864,0.8239784002943292
kodim24_1071c68372cc__awgn_5_seed-20260811,1,1,0.7018347336434172,2.7296733795522714,0.7965938862979038
kodim24_1071c68372cc__awgn_5_seed-20260811,1,0,0.5728988299086758,2.6182220432575884,0.8303338301125494
kodim24_1071c68372cc__awgn_5_seed-20260811,1,-1,0.7609054516414628,2.722490367043717,0.8008945024196216
kodim24_1071c68372cc__awgn_5_seed-20260812,0,1,0.5193224413298566,2.6280774376008065,0.8239152604556393
kodim24_1071c68372cc__awgn_5_seed-20260812,1,1,0.7026588456818316,2.729795253196908,0.7964108202419612
kodim24_1071c68372cc__awgn_5_seed-20260812,1,0,0.5727612320613177,2.61833586199056,0.8301851730950618
kodim24_1071c68372cc__awgn_5_seed-20260812,1,-1,0.7598083365438834,2.72225547232493,0.8009028261674118
kodim24_1071c68372cc__awgn_5_seed-20260813,0,1,0.5215531290743155,2.6308880491103697,0.8229941813871515
kodim24_1071c68372cc__awgn_5_seed-20260813,1,1,0.7025720970462088,2.728816038552311,0.7969408660316758
kodim24_1071c68372cc__awgn_5_seed-20260813,1,0,0.5735919153620351,2.618018409967622,0.8302645461975766
kodim24_1071c68372cc__awgn_5_seed-20260813,1,-1,0.7617627322758505,2.7221813526938363,0.8010211257602698
kodim24_1071c68372cc__awgn_15_seed-20260811,0,1,0.8889316126140808,3.0024670169183136,0.7102979223076114
kodim24_1071c68372cc__awgn_15_seed-20260811,1,1,1.0673730727132167,3.063718448490742,0.6929450500393941
kodim24_1071c68372cc__awgn_15_seed-20260811,1,0,0.945424616764514,3.0099711867953385,0.7113605059312905
kodim24_1071c68372cc__awgn_15_seed-20260811,1,-1,1.1282374463242817,3.069084052859365,0.6939461478100566
kodim24_1071c68372cc__awgn_15_seed-20260812,0,1,0.887016684322034,3.000193655202736,0.7112740743926962
kodim24_1071c68372cc__awgn_15_seed-20260812,1,1,1.0643547304796435,3.061474625195968,0.6932223371615417
kodim24_1071c68372cc__awgn_15_seed-20260812,1,0,0.9436664220482713,3.0080436920123477,0.7118055756321268
kodim24_1071c68372cc__awgn_15_seed-20260812,1,-1,1.1234152427558513,3.0657875595720547,0.6949077206497569
kodim24_1071c68372cc__awgn_15_seed-20260813,0,1,0.8908669124837028,3.00117989547919,0.7101235254597734
kodim24_1071c68372cc__awgn_15_seed-20260813,1,1,1.06730673552127,3.0612261592705523,0.6933783302094805
kodim24_1071c68372cc__awgn_15_seed-20260813,1,0,0.9448920621330725,3.0072959857243644,0.7117210374639489
kodim24_1071c68372cc__awgn_15_seed-20260813,1,-1,1.1264973707509114,3.0655673831442036,0.6946609050085344
kodim24_1071c68372cc__awgn_30_seed-20260811,0,1,2.0320699559973923,3.501699717871653,0.5612519808413198
kodim24_1071c68372cc__awgn_30_seed-20260811,1,1,2.2110160561518817,3.5314365472101725,0.5518237070486749
kodim24_1071c68372cc__awgn_30_seed-20260811,1,0,2.0886996493803,3.511154534822149,0.5606477408676996
kodim24_1071c68372cc__awgn_30_seed-20260811,1,-1,2.262799888757632,3.539681432992465,0.5511594433111231
kodim24_1071c68372cc__awgn_30_seed-20260812,0,1,2.036022042046936,3.5024756135519812,0.5611281039861584
kodim24_1071c68372cc__awgn_30_seed-20260812,1,1,2.203716413607289,3.5308952343130606,0.5517014152737332
kodim24_1071c68372cc__awgn_30_seed-20260812,1,0,2.0902845727332027,3.5113721586040505,0.5603942947184285
kodim24_1071c68372cc__awgn_30_seed-20260812,1,-1,2.260730678654988,3.5394978552771295,0.5513661433575874
kodim24_1071c68372cc__awgn_30_seed-20260813,0,1,2.036635735821382,3.50034255349427,0.5613975482508675
kodim24_1071c68372cc__awgn_30_seed-20260813,1,1,2.2070970589661094,3.5290506976868983,0.5520408793177422
kodim24_1071c68372cc__awgn_30_seed-20260813,1,0,2.0871580438682322,3.5084570928237397,0.5609456577046349
kodim24_1071c68372cc__awgn_30_seed-20260813,1,-1,2.2598070608286536,3.5368035881059594,0.5517526944766405
kodim24_1071c68372cc__stripes_8,0,1,0.4351165254237288,2.506966946476852,0.8617161691102129
kodim24_1071c68372cc__stripes_8,1,1,0.6357195161467276,2.6511719926919763,0.8246735842637285
kodim24_1071c68372cc__stripes_8,1,0,0.4981271404109589,2.5033927146846136,0.8646891578565254
kodim24_1071c68372cc__stripes_8,1,-1,0.6934966589018133,2.6386791556060127,0.8298945234934948
kodim24_1071c68372cc__stripes_16,0,1,0.4311517071382007,2.5460212849547763,0.8635805996135314
kodim24_1071c68372cc__stripes_16,1,1,0.6557916195715127,2.7263446926363653,0.8156688975137529
kodim24_1071c68372cc__stripes_16,1,0,0.5242044805936072,2.5964403056981062,0.8517549778424954
kodim24_1071c68372cc__stripes_16,1,-1,0.713466705108219,2.716200383636406,0.8203128192594566
kodim24_1071c68372cc__stripes_32,0,1,0.42506824478487615,2.6640414724739445,0.8629406468519237
kodim24_1071c68372cc__stripes_32,1,1,0.7276960327807785,2.93716457120538,0.781888484442004
kodim24_1071c68372cc__stripes_32,1,0,0.604243109915199,2.838134526397397,0.8112871549650105
kodim24_1071c68372cc__stripes_32,1,-1,0.7819675100845289,2.931718921397599,0.7854722687904911
