distortion,level,seed,qp,feature,primary,n_images,source,oriented_feature_change,log_density_ratio,density_change_percent
awgn,5,20260811,22,sobel_si,True,24,kodim01.png,-1.749981961139099,0.037984364345475884,3.8714991762767603
awgn,5,20260811,22,sobel_si,True,24,kodim02.png,-1.6589857189528487,-0.13549493959082143,-12.671641791044784
awgn,5,20260811,22,sobel_si,True,24,kodim03.png,-2.4685694720540923,0.15600682885205167,16.883418485833722
awgn,5,20260811,22,sobel_si,True,24,kodim04.png,-1.4611495091609825,0.05980444543254505,6.162891986062702
awgn,5,20260811,22,sobel_si,True,24,kodim05.png,-1.8125908361756444,-0.03938805860722669,-3.862243408891919
awgn,5,20260811,22,sobel_si,True,24,kodim06.png,-2.4243037246820904,0.011667426294829851,1.1735756199129366
awgn,5,20260811,22,sobel_si,True,24,kodim07.png,-3.1756771420500485,0.05387061540185108,5.534804753820044
awgn,5,20260811,22,sobel_si,True,24,kodim08.png,-2.495773210219369,-0.04025001340727423,-3.9450741063644212
awgn,5,20260811,22,sobel_si,True,24,kodim09.png,-2.604367002480174,0.2816613456735727,32.53298153034301
awgn,5,20260811,22,sobel_si,True,24,kodim10.png,-2.442580565834703,0.08323195314709264,8.67938645716424
awgn,5,20260811,22,sobel_si,True,24,kodim11.png,-2.3688989045606093,0.062096064482699484,6.406455862977589
awgn,5,20260811,22,sobel_si,True,24,kodim12.png,-1.972136700243965,0.1126542932622973,11.924493554327809
awgn,5,20260811,22,sobel_si,True,24,kodim13.png,-1.217064737942266,-0.02115066081599678,-2.0928554245850384
awgn,5,20260811,22,sobel_si,True,24,kodim14.png,-1.3086031877189725,0.029705154413915694,3.015075376884413
awgn,5,20260811,22,sobel_si,True,24,kodim15.png,-2.346976025848136,0.16295200402429477,17.69801980198018
awgn,5,20260811,22,sobel_si,True,24,kodim16.png,-2.101261765968438,0.07609363193466702,7.90636042402828
awgn,5,20260811,22,sobel_si,True,24,kodim17.png,-1.9824146917851948,-0.0391167906915704,-3.836160782515674
awgn,5,20260811,22,sobel_si,True,24,kodim18.png,-1.768642060431361,0.1146273943856975,12.145549909850839
awgn,5,20260811,22,sobel_si,True,24,kodim19.png,-2.2820052616068267,0.18068238741435538,19.80346079897457
awgn,5,20260811,22,sobel_si,True,24,kodim20.png,-2.2150320607389773,0.20069347372713184,22.225006264094226
awgn,5,20260811,22,sobel_si,True,24,kodim21.png,-3.0738653521064947,0.11009069003322783,11.637931034482762
awgn,5,20260811,22,sobel_si,True,24,kodim22.png,-1.7199141272039213,0.1009215620729379,10.618987111998557
awgn,5,20260811,22,sobel_si,True,24,kodim23.png,-1.7237326016395684,0.17676954594896524,19.335604770017035
awgn,5,20260811,22,sobel_si,True,24,kodim24.png,-3.016303996534319,-0.045237569725846444,-4.422960725075531
awgn,5,20260811,22,luma_sd,True,24,kodim01.png,0.28293515062059527,0.037984364345475884,3.8714991762767603
awgn,5,20260811,22,luma_sd,True,24,kodim02.png,0.5744002663888494,-0.13549493959082143,-12.671641791044784
awgn,5,20260811,22,luma_sd,True,24,kodim03.png,0.26666878296803986,0.15600682885205167,16.883418485833722
awgn,5,20260811,22,luma_sd,True,24,kodim04.png,0.3105088394033899,0.05980444543254505,6.162891986062702
awgn,5,20260811,22,luma_sd,True,24,kodim05.png,0.18804334101533016,-0.03938805860722669,-3.862243408891919
awgn,5,20260811,22,luma_sd,True,24,kodim06.png,-0.06836417610247736,0.011667426294829851,1.1735756199129366
awgn,5,20260811,22,luma_sd,True,24,kodim07.png,0.30636263554629295,0.05387061540185108,5.534804753820044
awgn,5,20260811,22,luma_sd,True,24,kodim08.png,0.03302382728161746,-0.04025001340727423,-3.9450741063644212
awgn,5,20260811,22,luma_sd,True,24,kodim09.png,0.3082145316125562,0.2816613456735727,32.53298153034301
awgn,5,20260811,22,luma_sd,True,24,kodim10.png,0.24548353437253212,0.08323195314709264,8.67938645716424
awgn,5,20260811,22,luma_sd,True,24,kodim11.png,0.2780130223188735,0.062096064482699484,6.406455862977589
awgn,5,20260811,22,luma_sd,True,24,kodim12.png,0.1352835739332221,0.1126542932622973,11.924493554327809
awgn,5,20260811,22,luma_sd,True,24,kodim13.png,0.07755971208883494,-0.02115066081599678,-2.0928554245850384
awgn,5,20260811,22,luma_sd,True,24,kodim14.png,0.24082093463346155,0.029705154413915694,3.015075376884413
awgn,5,20260811,22,luma_sd,True,24,kodim15.png,-0.1624323666633103,0.16295200402429477,17.69801980198018
awgn,5,20260811,22,luma_sd,True,24,kodim16.png,0.2546426505611308,0.07609363193466702,7.90636042402828
awgn,5,20260811,22,luma_sd,True,24,kodim17.png,0.22987722887818762,-0.0391167906915704,-3.836160782515674
awgn,5,20260811,22,luma_sd,True,24,kodim18.png,0.2549679152810356,0.1146273943856975,12.145549909850839
awgn,5,20260811,22,luma_sd,True,24,kodim19.png,0.245162887726444,0.18068238741435538,19.80346079897457
awgn,5,20260811,22,luma_sd,True,24,kodim20.png,-0.6247823876327772,0.20069347372713184,22.225006264094226
awgn,5,20260811,22,luma_sd,True,24,kodim21.png,0.1966597901771152,0.11009069003322783,11.637931034482762
awgn,5,20260811,22,luma_sd,True,24,kodim22.png,0.23820574374051517,0.1009215620729379,10.618987111998557
awgn,5,20260811,22,luma_sd,True,24,kodim23.png,0.21203093111557791,0.17676954594896524,19.335604770017035
awgn,5,20260811,22,luma_sd,True,24,kodim24.png,-0.11505187663998839,-0.045237569725846444,-4.422960725075531
awgn,5,20260811,22,edge_fraction,True,24,kodim01.png,0.026690728510725514,0.037984364345475884,3.8714991762767603
awgn,5,20260811,22,edge_fraction,True,24,kodim02.png,0.03361234833358931,-0.13549493959082143,-12.671641791044784
awgn,5,20260811,22,edge_fraction,True,24,kodim03.png,0.022554139149132235,0.15600682885205167,16.883418485833722
awgn,5,20260811,22,edge_fraction,True,24,kodim04.png,0.038463113705012014,0.05980444543254505,6.162891986062702
awgn,5,20260811,22,edge_fraction,True,24,kodim05.png,0.029951876311882453,-0.03938805860722669,-3.862243408891919
awgn,5,20260811,22,edge_fraction,True,24,kodim06.png,0.027156606768033553,0.011667426294829851,1.1735756199129366
awgn,5,20260811,22,edge_fraction,True,24,kodim07.png,0.022858751855833748,0.05387061540185108,5.534804753820044
awgn,5,20260811,22,edge_fraction,True,24,kodim08.png,0.02410791993037431,-0.04025001340727423,-3.9450741063644212
awgn,5,20260811,22,edge_fraction,True,24,kodim09.png,0.019664158091434986,0.2816613456735727,32.53298153034301
awgn,5,20260811,22,edge_fraction,True,24,kodim10.png,0.027166845850611798,0.08323195314709264,8.67938645716424
awgn,5,20260811,22,edge_fraction,True,24,kodim11.png,0.03667383402447144,0.062096064482699484,6.406455862977589
awgn,5,20260811,22,edge_fraction,True,24,kodim12.png,0.032212153791020326,0.1126542932622973,11.924493554327809
awgn,5,20260811,22,edge_fraction,True,24,kodim13.png,0.02128961245072447,-0.02115066081599678,-2.0928554245850384
awgn,5,20260811,22,edge_fraction,True,24,kodim14.png,0.037416167511390985,0.029705154413915694,3.015075376884413
awgn,5,20260811,22,edge_fraction,True,24,kodim15.png,0.02776327241079199,0.16295200402429477,17.69801980198018
awgn,5,20260811,22,edge_fraction,True,24,kodim16.png,0.033033840167920936,0.07609363193466702,7.90636042402828
awgn,5,20260811,22,edge_fraction,True,24,kodim17.png,0.0363615420058363,-0.0391167906915704,-3.836160782515674
awgn,5,20260811,22,edge_fraction,True,24,kodim18.png,0.031613167460195546,0.1146273943856975,12.145549909850839
awgn,5,20260811,22,edge_fraction,True,24,kodim19.png,0.028756463420877454,0.18068238741435538,19.80346079897457
awgn,5,20260811,22,edge_fraction,True,24,kodim20.png,0.01685608969436339,0.20069347372713184,22.225006264094226
awgn,5,20260811,22,edge_fraction,True,24,kodim21.png,0.02103107561562484,0.11009069003322783,11.637931034482762
awgn,5,20260811,22,edge_fraction,True,24,kodim22.png,0.03853990682434855,0.1009215620729379,10.618987111998557
awgn,5,20260811,22,edge_fraction,True,24,kodim23.png,0.028108841447806274,0.17676954594896524,19.335604770017035
awgn,5,20260811,22,edge_fraction,True,24,kodim24.png,0.02553115240874415,-0.045237569725846444,-4.422960725075531
awgn,5,20260811,22,glcm_contrast,True,24,kodim01.png,0.0780130755063686,0.037984364345475884,3.8714991762767603
awgn,5,20260811,22,glcm_contrast,True,24,kodim02.png,0.04926409112851152,-0.13549493959082143,-12.671641791044784
awgn,5,20260811,22,glcm_contrast,True,24,kodim03.png,0.13108287266724838,0.15600682885205167,16.883418485833722
awgn,5,20260811,22,glcm_contrast,True,24,kodim04.png,0.0928620843434074,0.05980444543254505,6.162891986062702
awgn,5,20260811,22,glcm_contrast,True,24,kodim05.png,0.06668595845428704,-0.03938805860722669,-3.862243408891919
awgn,5,20260811,22,glcm_contrast,True,24,kodim06.png,0.06806000757469222,0.011667426294829851,1.1735756199129366
awgn,5,20260811,22,glcm_contrast,True,24,kodim07.png,0.1190309612465088,0.05387061540185108,5.534804753820044
awgn,5,20260811,22,glcm_contrast,True,24,kodim08.png,0.062034388857456824,-0.04025001340727423,-3.9450741063644212
awgn,5,20260811,22,glcm_contrast,True,24,kodim09.png,0.09680881172455119,0.2816613456735727,32.53298153034301
awgn,5,20260811,22,glcm_contrast,True,24,kodim10.png,0.09300888212409886,0.08323195314709264,8.67938645716424
awgn,5,20260811,22,glcm_contrast,True,24,kodim11.png,0.09567197504065811,0.062096064482699484,6.406455862977589
awgn,5,20260811,22,glcm_contrast,True,24,kodim12.png,0.09632953232319544,0.1126542932622973,11.924493554327809
awgn,5,20260811,22,glcm_contrast,True,24,kodim13.png,0.05312949706229375,-0.02115066081599678,-2.0928554245850384
awgn,5,20260811,22,glcm_contrast,True,24,kodim14.png,0.0728815595815357,0.029705154413915694,3.015075376884413
awgn,5,20260811,22,glcm_contrast,True,24,kodim15.png,0.07351984700280811,0.16295200402429477,17.69801980198018
awgn,5,20260811,22,glcm_contrast,True,24,kodim16.png,0.08855458203755212,0.07609363193466702,7.90636042402828
awgn,5,20260811,22,glcm_contrast,True,24,kodim17.png,0.07647249613112783,-0.0391167906915704,-3.836160782515674
awgn,5,20260811,22,glcm_contrast,True,24,kodim18.png,0.06975182897033405,0.1146273943856975,12.145549909850839
awgn,5,20260811,22,glcm_contrast,True,24,kodim19.png,0.08337464499569347,0.18068238741435538,19.80346079897457
awgn,5,20260811,22,glcm_contrast,True,24,kodim20.png,0.03768083811540507,0.20069347372713184,22.225006264094226
awgn,5,20260811,22,glcm_contrast,True,24,kodim21.png,0.10197894004449382,0.11009069003322783,11.637931034482762
awgn,5,20260811,22,glcm_contrast,True,24,kodim22.png,0.08523002413002073,0.1009215620729379,10.618987111998557
awgn,5,20260811,22,glcm_contrast,True,24,kodim23.png,0.1226009884414353,0.17676954594896524,19.335604770017035
awgn,5,20260811,22,glcm_contrast,True,24,kodim24.png,0.08066801746637531,-0.045237569725846444,-4.422960725075531
awgn,5,20260811,22,glcm_entropy,True,24,kodim01.png,0.09106553253433214,0.037984364345475884,3.8714991762767603
awgn,5,20260811,22,glcm_entropy,True,24,kodim02.png,0.12996914653832725,-0.13549493959082143,-12.671641791044784
awgn,5,20260811,22,glcm_entropy,True,24,kodim03.png,0.2652900221922221,0.15600682885205167,16.883418485833722
awgn,5,20260811,22,glcm_entropy,True,24,kodim04.png,0.1784768290358123,0.05980444543254505,6.162891986062702
awgn,5,20260811,22,glcm_entropy,True,24,kodim05.png,0.07773419510825352,-0.03938805860722669,-3.862243408891919
awgn,5,20260811,22,glcm_entropy,True,24,kodim06.png,0.1200504224227803,0.011667426294829851,1.1735756199129366
awgn,5,20260811,22,glcm_entropy,True,24,kodim07.png,0.22174985986537799,0.05387061540185108,5.534804753820044
awgn,5,20260811,22,glcm_entropy,True,24,kodim08.png,0.06491724070836158,-0.04025001340727423,-3.9450741063644212
awgn,5,20260811,22,glcm_entropy,True,24,kodim09.png,0.19897311286678487,0.2816613456735727,32.53298153034301
awgn,5,20260811,22,glcm_entropy,True,24,kodim10.png,0.20102767314799008,0.08323195314709264,8.67938645716424
awgn,5,20260811,22,glcm_entropy,True,24,kodim11.png,0.20581911525291785,0.062096064482699484,6.406455862977589
awgn,5,20260811,22,glcm_entropy,True,24,kodim12.png,0.186750809611401,0.1126542932622973,11.924493554327809
awgn,5,20260811,22,glcm_entropy,True,24,kodim13.png,0.05211278565077482,-0.02115066081599678,-2.0928554245850384
awgn,5,20260811,22,glcm_entropy,True,24,kodim14.png,0.10835576608289532,0.029705154413915694,3.015075376884413
awgn,5,20260811,22,glcm_entropy,True,24,kodim15.png,0.14862333271101003,0.16295200402429477,17.69801980198018
awgn,5,20260811,22,glcm_entropy,True,24,kodim16.png,0.1918835153134073,0.07609363193466702,7.90636042402828
awgn,5,20260811,22,glcm_entropy,True,24,kodim17.png,0.15229647407289226,-0.0391167906915704,-3.836160782515674
awgn,5,20260811,22,glcm_entropy,True,24,kodim18.png,0.10055812393260766,0.1146273943856975,12.145549909850839
awgn,5,20260811,22,glcm_entropy,True,24,kodim19.png,0.1592215374451964,0.18068238741435538,19.80346079897457
awgn,5,20260811,22,glcm_entropy,True,24,kodim20.png,0.07518028795190479,0.20069347372713184,22.225006264094226
awgn,5,20260811,22,glcm_entropy,True,24,kodim21.png,0.15777382198498602,0.11009069003322783,11.637931034482762
awgn,5,20260811,22,glcm_entropy,True,24,kodim22.png,0.1490114328452936,0.1009215620729379,10.618987111998557
awgn,5,20260811,22,glcm_entropy,True,24,kodim23.png,0.2661507967816652,0.17676954594896524,19.335604770017035
awgn,5,20260811,22,glcm_entropy,True,24,kodim24.png,0.12983361727337073,-0.045237569725846444,-4.422960725075531
awgn,5,20260811,22,glcm_homogeneity,True,24,kodim01.png,0.030928899402671295,0.037984364345475884,3.8714991762767603
awgn,5,20260811,22,glcm_homogeneity,True,24,kodim02.png,0.023745445416324062,-0.13549493959082143,-12.671641791044784
awgn,5,20260811,22,glcm_homogeneity,True,24,kodim03.png,0.06489034937322213,0.15600682885205167,16.883418485833722
awgn,5,20260811,22,glcm_homogeneity,True,24,kodim04.png,0.044991152570753146,0.05980444543254505,6.162891986062702
awgn,5,20260811,22,glcm_homogeneity,True,24,kodim05.png,0.028048849172863655,-0.03938805860722669,-3.862243408891919
awgn,5,20260811,22,glcm_homogeneity,True,24,kodim06.png,0.029496745776768973,0.011667426294829851,1.1735756199129366
awgn,5,20260811,22,glcm_homogeneity,True,24,kodim07.png,0.05736944778026665,0.05387061540185108,5.534804753820044
awgn,5,20260811,22,glcm_homogeneity,True,24,kodim08.png,0.024664155235749385,-0.04025001340727423,-3.9450741063644212
awgn,5,20260811,22,glcm_homogeneity,True,24,kodim09.png,0.04693114303949819,0.2816613456735727,32.53298153034301
awgn,5,20260811,22,glcm_homogeneity,True,24,kodim10.png,0.04532134043234903,0.08323195314709264,8.67938645716424
awgn,5,20260811,22,glcm_homogeneity,True,24,kodim11.png,0.04608265384642485,0.062096064482699484,6.406455862977589
awgn,5,20260811,22,glcm_homogeneity,True,24,kodim12.png,0.04618471350686282,0.1126542932622973,11.924493554327809
awgn,5,20260811,22,glcm_homogeneity,True,24,kodim13.png,0.0186858624207471,-0.02115066081599678,-2.0928554245850384
awgn,5,20260811,22,glcm_homogeneity,True,24,kodim14.png,0.032297781716378315,0.029705154413915694,3.015075376884413
awgn,5,20260811,22,glcm_homogeneity,True,24,kodim15.png,0.034910748674341074,0.16295200402429477,17.69801980198018
awgn,5,20260811,22,glcm_homogeneity,True,24,kodim16.png,0.04120838453716846,0.07609363193466702,7.90636042402828
awgn,5,20260811,22,glcm_homogeneity,True,24,kodim17.png,0.03696214561981104,-0.0391167906915704,-3.836160782515674
awgn,5,20260811,22,glcm_homogeneity,True,24,kodim18.png,0.02980477629041456,0.1146273943856975,12.145549909850839
awgn,5,20260811,22,glcm_homogeneity,True,24,kodim19.png,0.03860753681619111,0.18068238741435538,19.80346079897457
awgn,5,20260811,22,glcm_homogeneity,True,24,kodim20.png,0.016708430814415864,0.20069347372713184,22.225006264094226
awgn,5,20260811,22,glcm_homogeneity,True,24,kodim21.png,0.046909262353286185,0.11009069003322783,11.637931034482762
awgn,5,20260811,22,glcm_homogeneity,True,24,kodim22.png,0.03953378484814474,0.1009215620729379,10.618987111998557
awgn,5,20260811,22,glcm_homogeneity,True,24,kodim23.png,0.05972691310100142,0.17676954594896524,19.335604770017035
awgn,5,20260811,22,glcm_homogeneity,True,24,kodim24.png,0.03546552848543072,-0.045237569725846444,-4.422960725075531
awgn,5,20260811,27,sobel_si,True,24,kodim01.png,-1.749981961139099,0.04223676115279952,4.314142488227235
awgn,5,20260811,27,sobel_si,True,24,kodim02.png,-1.6589857189528487,0.11825979371070593,12.55364806866952
awgn,5,20260811,27,sobel_si,True,24,kodim03.png,-2.4685694720540923,0.28207320165894245,32.58757727406536
awgn,5,20260811,27,sobel_si,True,24,kodim04.png,-1.4611495091609825,0.22399813048600173,25.10686805357649
awgn,5,20260811,27,sobel_si,True,24,kodim05.png,-1.8125908361756444,0.008039622771647048,0.8072027320707775
awgn,5,20260811,27,sobel_si,True,24,kodim06.png,-2.4243037246820904,0.16335324863322065,17.745254973702252
awgn,5,20260811,27,sobel_si,True,24,kodim07.png,-3.1756771420500485,0.11180762979005689,11.829771278590172
awgn,5,20260811,27,sobel_si,True,24,kodim08.png,-2.495773210219369,0.024226639863891147,2.4522489217498444
awgn,5,20260811,27,sobel_si,True,24,kodim09.png,-2.604367002480174,0.38740820523105346,47.31577192397467
awgn,5,20260811,27,sobel_si,True,24,kodim10.png,-2.442580565834703,0.21014094796546343,23.385195662423385
awgn,5,20260811,27,sobel_si,True,24,kodim11.png,-2.3688989045606093,0.11145618497266511,11.790476190476195
awgn,5,20260811,27,sobel_si,True,24,kodim12.png,-1.972136700243965,0.22976279464872232,25.83014986776373
awgn,5,20260811,27,sobel_si,True,24,kodim13.png,-1.217064737942266,0.001055269851259365,0.10558268443976448
awgn,5,20260811,27,sobel_si,True,24,kodim14.png,-1.3086031877189725,0.04097700054709282,4.182814379259647
awgn,5,20260811,27,sobel_si,True,24,kodim15.png,-2.346976025848136,0.19421255580569255,21.435437359820565
awgn,5,20260811,27,sobel_si,True,24,kodim16.png,-2.101261765968438,0.27936107347480144,32.22846996152708
awgn,5,20260811,27,sobel_si,True,24,kodim17.png,-1.9824146917851948,0.12845980711191157,13.707571801566587
awgn,5,20260811,27,sobel_si,True,24,kodim18.png,-1.768642060431361,0.24190254365223166,27.36700595352408
awgn,5,20260811,27,sobel_si,True,24,kodim19.png,-2.2820052616068267,0.2901717546655422,33.66570453949096
awgn,5,20260811,27,sobel_si,True,24,kodim20.png,-2.2150320607389773,0.15596063507249783,16.878019323671502
awgn,5,20260811,27,sobel_si,True,24,kodim21.png,-3.0738653521064947,0.1137634795303269,12.048707541123683
awgn,5,20260811,27,sobel_si,True,24,kodim22.png,-1.7199141272039213,0.26867030684615884,30.82237575217295
awgn,5,20260811,27,sobel_si,True,24,kodim23.png,-1.7237326016395684,0.33111000880626756,39.251297257227556
awgn,5,20260811,27,sobel_si,True,24,kodim24.png,-3.016303996534319,0.02835675682161243,2.876263704969384
awgn,5,20260811,27,luma_sd,True,24,kodim01.png,0.28293515062059527,0.04223676115279952,4.314142488227235
awgn,5,20260811,27,luma_sd,True,24,kodim02.png,0.5744002663888494,0.11825979371070593,12.55364806866952
awgn,5,20260811,27,luma_sd,True,24,kodim03.png,0.26666878296803986,0.28207320165894245,32.58757727406536
awgn,5,20260811,27,luma_sd,True,24,kodim04.png,0.3105088394033899,0.22399813048600173,25.10686805357649
awgn,5,20260811,27,luma_sd,True,24,kodim05.png,0.18804334101533016,0.008039622771647048,0.8072027320707775
awgn,5,20260811,27,luma_sd,True,24,kodim06.png,-0.06836417610247736,0.16335324863322065,17.745254973702252
awgn,5,20260811,27,luma_sd,True,24,kodim07.png,0.30636263554629295,0.11180762979005689,11.829771278590172
awgn,5,20260811,27,luma_sd,True,24,kodim08.png,0.03302382728161746,0.024226639863891147,2.4522489217498444
awgn,5,20260811,27,luma_sd,True,24,kodim09.png,0.3082145316125562,0.38740820523105346,47.31577192397467
awgn,5,20260811,27,luma_sd,True,24,kodim10.png,0.24548353437253212,0.21014094796546343,23.385195662423385
awgn,5,20260811,27,luma_sd,True,24,kodim11.png,0.2780130223188735,0.11145618497266511,11.790476190476195
awgn,5,20260811,27,luma_sd,True,24,kodim12.png,0.1352835739332221,0.22976279464872232,25.83014986776373
awgn,5,20260811,27,luma_sd,True,24,kodim13.png,0.07755971208883494,0.001055269851259365,0.10558268443976448
awgn,5,20260811,27,luma_sd,True,24,kodim14.png,0.24082093463346155,0.04097700054709282,4.182814379259647
awgn,5,20260811,27,luma_sd,True,24,kodim15.png,-0.1624323666633103,0.19421255580569255,21.435437359820565
awgn,5,20260811,27,luma_sd,True,24,kodim16.png,0.2546426505611308,0.27936107347480144,32.22846996152708
awgn,5,20260811,27,luma_sd,True,24,kodim17.png,0.22987722887818762,0.12845980711191157,13.707571801566587
awgn,5,20260811,27,luma_sd,True,24,kodim18.png,0.2549679152810356,0.24190254365223166,27.36700595352408
awgn,5,20260811,27,luma_sd,True,24,kodim19.png,0.245162887726444,0.2901717546655422,33.66570453949096
awgn,5,20260811,27,luma_sd,True,24,kodim20.png,-0.6247823876327772,0.15596063507249783,16.878019323671502
awgn,5,20260811,27,luma_sd,True,24,kodim21.png,0.1966597901771152,0.1137634795303269,12.048707541123683
awgn,5,20260811,27,luma_sd,True,24,kodim22.png,0.23820574374051517,0.26867030684615884,30.82237575217295
awgn,5,20260811,27,luma_sd,True,24,kodim23.png,0.21203093111557791,0.33111000880626756,39.251297257227556
awgn,5,20260811,27,luma_sd,True,24,kodim24.png,-0.11505187663998839,0.02835675682161243,2.876263704969384
awgn,5,20260811,27,edge_fraction,True,24,kodim01.png,0.026690728510725514,0.04223676115279952,4.314142488227235
awgn,5,20260811,27,edge_fraction,True,24,kodim02.png,0.03361234833358931,0.11825979371070593,12.55364806866952
awgn,5,20260811,27,edge_fraction,True,24,kodim03.png,0.022554139149132235,0.28207320165894245,32.58757727406536
awgn,5,20260811,27,edge_fraction,True,24,kodim04.png,0.038463113705012014,0.22399813048600173,25.10686805357649
awgn,5,20260811,27,edge_fraction,True,24,kodim05.png,0.029951876311882453,0.008039622771647048,0.8072027320707775
awgn,5,20260811,27,edge_fraction,True,24,kodim06.png,0.027156606768033553,0.16335324863322065,17.745254973702252
awgn,5,20260811,27,edge_fraction,True,24,kodim07.png,0.022858751855833748,0.11180762979005689,11.829771278590172
awgn,5,20260811,27,edge_fraction,True,24,kodim08.png,0.02410791993037431,0.024226639863891147,2.4522489217498444
awgn,5,20260811,27,edge_fraction,True,24,kodim09.png,0.019664158091434986,0.38740820523105346,47.31577192397467
awgn,5,20260811,27,edge_fraction,True,24,kodim10.png,0.027166845850611798,0.21014094796546343,23.385195662423385
awgn,5,20260811,27,edge_fraction,True,24,kodim11.png,0.03667383402447144,0.11145618497266511,11.790476190476195
awgn,5,20260811,27,edge_fraction,True,24,kodim12.png,0.032212153791020326,0.22976279464872232,25.83014986776373
awgn,5,20260811,27,edge_fraction,True,24,kodim13.png,0.02128961245072447,0.001055269851259365,0.10558268443976448
awgn,5,20260811,27,edge_fraction,True,24,kodim14.png,0.037416167511390985,0.04097700054709282,4.182814379259647
awgn,5,20260811,27,edge_fraction,True,24,kodim15.png,0.02776327241079199,0.19421255580569255,21.435437359820565
awgn,5,20260811,27,edge_fraction,True,24,kodim16.png,0.033033840167920936,0.27936107347480144,32.22846996152708
awgn,5,20260811,27,edge_fraction,True,24,kodim17.png,0.0363615420058363,0.12845980711191157,13.707571801566587
awgn,5,20260811,27,edge_fraction,True,24,kodim18.png,0.031613167460195546,0.24190254365223166,27.36700595352408
awgn,5,20260811,27,edge_fraction,True,24,kodim19.png,0.028756463420877454,0.2901717546655422,33.66570453949096
awgn,5,20260811,27,edge_fraction,True,24,kodim20.png,0.01685608969436339,0.15596063507249783,16.878019323671502
awgn,5,20260811,27,edge_fraction,True,24,kodim21.png,0.02103107561562484,0.1137634795303269,12.048707541123683
awgn,5,20260811,27,edge_fraction,True,24,kodim22.png,0.03853990682434855,0.26867030684615884,30.82237575217295
awgn,5,20260811,27,edge_fraction,True,24,kodim23.png,0.028108841447806274,0.33111000880626756,39.251297257227556
awgn,5,20260811,27,edge_fraction,True,24,kodim24.png,0.02553115240874415,0.02835675682161243,2.876263704969384
awgn,5,20260811,27,glcm_contrast,True,24,kodim01.png,0.0780130755063686,0.04223676115279952,4.314142488227235
awgn,5,20260811,27,glcm_contrast,True,24,kodim02.png,0.04926409112851152,0.11825979371070593,12.55364806866952
awgn,5,20260811,27,glcm_contrast,True,24,kodim03.png,0.13108287266724838,0.28207320165894245,32.58757727406536
awgn,5,20260811,27,glcm_contrast,True,24,kodim04.png,0.0928620843434074,0.22399813048600173,25.10686805357649
awgn,5,20260811,27,glcm_contrast,True,24,kodim05.png,0.06668595845428704,0.008039622771647048,0.8072027320707775
awgn,5,20260811,27,glcm_contrast,True,24,kodim06.png,0.06806000757469222,0.16335324863322065,17.745254973702252
awgn,5,20260811,27,glcm_contrast,True,24,kodim07.png,0.1190309612465088,0.11180762979005689,11.829771278590172
awgn,5,20260811,27,glcm_contrast,True,24,kodim08.png,0.062034388857456824,0.024226639863891147,2.4522489217498444
awgn,5,20260811,27,glcm_contrast,True,24,kodim09.png,0.09680881172455119,0.38740820523105346,47.31577192397467
awgn,5,20260811,27,glcm_contrast,True,24,kodim10.png,0.09300888212409886,0.21014094796546343,23.385195662423385
awgn,5,20260811,27,glcm_contrast,True,24,kodim11.png,0.09567197504065811,0.11145618497266511,11.790476190476195
awgn,5,20260811,27,glcm_contrast,True,24,kodim12.png,0.09632953232319544,0.22976279464872232,25.83014986776373
awgn,5,20260811,27,glcm_contrast,True,24,kodim13.png,0.05312949706229375,0.001055269851259365,0.10558268443976448
awgn,5,20260811,27,glcm_contrast,True,24,kodim14.png,0.0728815595815357,0.04097700054709282,4.182814379259647
awgn,5,20260811,27,glcm_contrast,True,24,kodim15.png,0.07351984700280811,0.19421255580569255,21.435437359820565
awgn,5,20260811,27,glcm_contrast,True,24,kodim16.png,0.08855458203755212,0.27936107347480144,32.22846996152708
awgn,5,20260811,27,glcm_contrast,True,24,kodim17.png,0.07647249613112783,0.12845980711191157,13.707571801566587
awgn,5,20260811,27,glcm_contrast,True,24,kodim18.png,0.06975182897033405,0.24190254365223166,27.36700595352408
awgn,5,20260811,27,glcm_contrast,True,24,kodim19.png,0.08337464499569347,0.2901717546655422,33.66570453949096
awgn,5,20260811,27,glcm_contrast,True,24,kodim20.png,0.03768083811540507,0.15596063507249783,16.878019323671502
awgn,5,20260811,27,glcm_contrast,True,24,kodim21.png,0.10197894004449382,0.1137634795303269,12.048707541123683
awgn,5,20260811,27,glcm_contrast,True,24,kodim22.png,0.08523002413002073,0.26867030684615884,30.82237575217295
awgn,5,20260811,27,glcm_contrast,True,24,kodim23.png,0.1226009884414353,0.33111000880626756,39.251297257227556
awgn,5,20260811,27,glcm_contrast,True,24,kodim24.png,0.08066801746637531,0.02835675682161243,2.876263704969384
awgn,5,20260811,27,glcm_entropy,True,24,kodim01.png,0.09106553253433214,0.04223676115279952,4.314142488227235
awgn,5,20260811,27,glcm_entropy,True,24,kodim02.png,0.12996914653832725,0.11825979371070593,12.55364806866952
awgn,5,20260811,27,glcm_entropy,True,24,kodim03.png,0.2652900221922221,0.28207320165894245,32.58757727406536
awgn,5,20260811,27,glcm_entropy,True,24,kodim04.png,0.1784768290358123,0.22399813048600173,25.10686805357649
awgn,5,20260811,27,glcm_entropy,True,24,kodim05.png,0.07773419510825352,0.008039622771647048,0.8072027320707775
awgn,5,20260811,27,glcm_entropy,True,24,kodim06.png,0.1200504224227803,0.16335324863322065,17.745254973702252
awgn,5,20260811,27,glcm_entropy,True,24,kodim07.png,0.22174985986537799,0.11180762979005689,11.829771278590172
awgn,5,20260811,27,glcm_entropy,True,24,kodim08.png,0.06491724070836158,0.024226639863891147,2.4522489217498444
awgn,5,20260811,27,glcm_entropy,True,24,kodim09.png,0.19897311286678487,0.38740820523105346,47.31577192397467
awgn,5,20260811,27,glcm_entropy,True,24,kodim10.png,0.20102767314799008,0.21014094796546343,23.385195662423385
awgn,5,20260811,27,glcm_entropy,True,24,kodim11.png,0.20581911525291785,0.11145618497266511,11.790476190476195
awgn,5,20260811,27,glcm_entropy,True,24,kodim12.png,0.186750809611401,0.22976279464872232,25.83014986776373
awgn,5,20260811,27,glcm_entropy,True,24,kodim13.png,0.05211278565077482,0.001055269851259365,0.10558268443976448
awgn,5,20260811,27,glcm_entropy,True,24,kodim14.png,0.10835576608289532,0.04097700054709282,4.182814379259647
awgn,5,20260811,27,glcm_entropy,True,24,kodim15.png,0.14862333271101003,0.19421255580569255,21.435437359820565
awgn,5,20260811,27,glcm_entropy,True,24,kodim16.png,0.1918835153134073,0.27936107347480144,32.22846996152708
awgn,5,20260811,27,glcm_entropy,True,24,kodim17.png,0.15229647407289226,0.12845980711191157,13.707571801566587
awgn,5,20260811,27,glcm_entropy,True,24,kodim18.png,0.10055812393260766,0.24190254365223166,27.36700595352408
awgn,5,20260811,27,glcm_entropy,True,24,kodim19.png,0.1592215374451964,0.2901717546655422,33.66570453949096
awgn,5,20260811,27,glcm_entropy,True,24,kodim20.png,0.07518028795190479,0.15596063507249783,16.878019323671502
awgn,5,20260811,27,glcm_entropy,True,24,kodim21.png,0.15777382198498602,0.1137634795303269,12.048707541123683
awgn,5,20260811,27,glcm_entropy,True,24,kodim22.png,0.1490114328452936,0.26867030684615884,30.82237575217295
awgn,5,20260811,27,glcm_entropy,True,24,kodim23.png,0.2661507967816652,0.33111000880626756,39.251297257227556
awgn,5,20260811,27,glcm_entropy,True,24,kodim24.png,0.12983361727337073,0.02835675682161243,2.876263704969384
awgn,5,20260811,27,glcm_homogeneity,True,24,kodim01.png,0.030928899402671295,0.04223676115279952,4.314142488227235
awgn,5,20260811,27,glcm_homogeneity,True,24,kodim02.png,0.023745445416324062,0.11825979371070593,12.55364806866952
awgn,5,20260811,27,glcm_homogeneity,True,24,kodim03.png,0.06489034937322213,0.28207320165894245,32.58757727406536
awgn,5,20260811,27,glcm_homogeneity,True,24,kodim04.png,0.044991152570753146,0.22399813048600173,25.10686805357649
awgn,5,20260811,27,glcm_homogeneity,True,24,kodim05.png,0.028048849172863655,0.008039622771647048,0.8072027320707775
awgn,5,20260811,27,glcm_homogeneity,True,24,kodim06.png,0.029496745776768973,0.16335324863322065,17.745254973702252
awgn,5,20260811,27,glcm_homogeneity,True,24,kodim07.png,0.05736944778026665,0.11180762979005689,11.829771278590172
awgn,5,20260811,27,glcm_homogeneity,True,24,kodim08.png,0.024664155235749385,0.024226639863891147,2.4522489217498444
awgn,5,20260811,27,glcm_homogeneity,True,24,kodim09.png,0.04693114303949819,0.38740820523105346,47.31577192397467
awgn,5,20260811,27,glcm_homogeneity,True,24,kodim10.png,0.04532134043234903,0.21014094796546343,23.385195662423385
awgn,5,20260811,27,glcm_homogeneity,True,24,kodim11.png,0.04608265384642485,0.11145618497266511,11.790476190476195
awgn,5,20260811,27,glcm_homogeneity,True,24,kodim12.png,0.04618471350686282,0.22976279464872232,25.83014986776373
awgn,5,20260811,27,glcm_homogeneity,True,24,kodim13.png,0.0186858624207471,0.001055269851259365,0.10558268443976448
awgn,5,20260811,27,glcm_homogeneity,True,24,kodim14.png,0.032297781716378315,0.04097700054709282,4.182814379259647
awgn,5,20260811,27,glcm_homogeneity,True,24,kodim15.png,0.034910748674341074,0.19421255580569255,21.435437359820565
awgn,5,20260811,27,glcm_homogeneity,True,24,kodim16.png,0.04120838453716846,0.27936107347480144,32.22846996152708
awgn,5,20260811,27,glcm_homogeneity,True,24,kodim17.png,0.03696214561981104,0.12845980711191157,13.707571801566587
awgn,5,20260811,27,glcm_homogeneity,True,24,kodim18.png,0.02980477629041456,0.24190254365223166,27.36700595352408
awgn,5,20260811,27,glcm_homogeneity,True,24,kodim19.png,0.03860753681619111,0.2901717546655422,33.66570453949096
awgn,5,20260811,27,glcm_homogeneity,True,24,kodim20.png,0.016708430814415864,0.15596063507249783,16.878019323671502
awgn,5,20260811,27,glcm_homogeneity,True,24,kodim21.png,0.046909262353286185,0.1137634795303269,12.048707541123683
awgn,5,20260811,27,glcm_homogeneity,True,24,kodim22.png,0.03953378484814474,0.26867030684615884,30.82237575217295
awgn,5,20260811,27,glcm_homogeneity,True,24,kodim23.png,0.05972691310100142,0.33111000880626756,39.251297257227556
awgn,5,20260811,27,glcm_homogeneity,True,24,kodim24.png,0.03546552848543072,0.02835675682161243,2.876263704969384
awgn,5,20260811,32,sobel_si,True,24,kodim01.png,-1.749981961139099,0.0005450086427939071,0.05451571869889982
awgn,5,20260811,32,sobel_si,True,24,kodim02.png,-1.6589857189528487,0.11733800682330793,12.449945394976346
awgn,5,20260811,32,sobel_si,True,24,kodim03.png,-2.4685694720540923,-0.010642441762253754,-1.0586011342154866
awgn,5,20260811,32,sobel_si,True,24,kodim04.png,-1.4611495091609825,0.06987475436392647,7.237386269644341
awgn,5,20260811,32,sobel_si,True,24,kodim05.png,-1.8125908361756444,-0.014822169518409874,-1.471286188894172
awgn,5,20260811,32,sobel_si,True,24,kodim06.png,-2.4243037246820904,-0.005096273770666103,-0.5083309799491675
awgn,5,20260811,32,sobel_si,True,24,kodim07.png,-3.1756771420500485,-0.003176766910329039,-0.3171726325328361
awgn,5,20260811,32,sobel_si,True,24,kodim08.png,-2.495773210219369,0.024069257032832372,2.4361259655377276
awgn,5,20260811,32,sobel_si,True,24,kodim09.png,-2.604367002480174,0.014412438065946744,1.4516798009124976
awgn,5,20260811,32,sobel_si,True,24,kodim10.png,-2.442580565834703,0.012232568435634451,1.2307692307692353
awgn,5,20260811,32,sobel_si,True,24,kodim11.png,-2.3688989045606093,0.05077465885882213,5.208578835729449
awgn,5,20260811,32,sobel_si,True,24,kodim12.png,-1.972136700243965,0.010505147114671237,1.0560519902518273
awgn,5,20260811,32,sobel_si,True,24,kodim13.png,-1.217064737942266,0.0013728932062582978,0.13738360555639595
awgn,5,20260811,32,sobel_si,True,24,kodim14.png,-1.3086031877189725,-0.005719107262093911,-0.5702784300570252
awgn,5,20260811,32,sobel_si,True,24,kodim15.png,-2.346976025848136,0.026328857395179744,2.667852378835045
awgn,5,20260811,32,sobel_si,True,24,kodim16.png,-2.101261765968438,0.003079294196061579,0.30840400925213896
awgn,5,20260811,32,sobel_si,True,24,kodim17.png,-1.9824146917851948,0.02183167829360803,2.207173313268118
awgn,5,20260811,32,sobel_si,True,24,kodim18.png,-1.768642060431361,0.06304367511693054,6.507335541883563
awgn,5,20260811,32,sobel_si,True,24,kodim19.png,-2.2820052616068267,0.10501006883454454,11.072179397337067
awgn,5,20260811,32,sobel_si,True,24,kodim20.png,-2.2150320607389773,0.029064132943911334,2.9490616621983934
awgn,5,20260811,32,sobel_si,True,24,kodim21.png,-3.0738653521064947,0.07346828228456138,7.62344004340747
awgn,5,20260811,32,sobel_si,True,24,kodim22.png,-1.7199141272039213,0.08998047808672346,9.41529235382308
awgn,5,20260811,32,sobel_si,True,24,kodim23.png,-1.7237326016395684,0.026898348395430698,2.726337448559657
awgn,5,20260811,32,sobel_si,True,24,kodim24.png,-3.016303996534319,0.009462915033521766,0.9507829977628557
awgn,5,20260811,32,luma_sd,True,24,kodim01.png,0.28293515062059527,0.0005450086427939071,0.05451571869889982
awgn,5,20260811,32,luma_sd,True,24,kodim02.png,0.5744002663888494,0.11733800682330793,12.449945394976346
awgn,5,20260811,32,luma_sd,True,24,kodim03.png,0.26666878296803986,-0.010642441762253754,-1.0586011342154866
awgn,5,20260811,32,luma_sd,True,24,kodim04.png,0.3105088394033899,0.06987475436392647,7.237386269644341
awgn,5,20260811,32,luma_sd,True,24,kodim05.png,0.18804334101533016,-0.014822169518409874,-1.471286188894172
awgn,5,20260811,32,luma_sd,True,24,kodim06.png,-0.06836417610247736,-0.005096273770666103,-0.5083309799491675
awgn,5,20260811,32,luma_sd,True,24,kodim07.png,0.30636263554629295,-0.003176766910329039,-0.3171726325328361
awgn,5,20260811,32,luma_sd,True,24,kodim08.png,0.03302382728161746,0.024069257032832372,2.4361259655377276
awgn,5,20260811,32,luma_sd,True,24,kodim09.png,0.3082145316125562,0.014412438065946744,1.4516798009124976
awgn,5,20260811,32,luma_sd,True,24,kodim10.png,0.24548353437253212,0.012232568435634451,1.2307692307692353
awgn,5,20260811,32,luma_sd,True,24,kodim11.png,0.2780130223188735,0.05077465885882213,5.208578835729449
awgn,5,20260811,32,luma_sd,True,24,kodim12.png,0.1352835739332221,0.010505147114671237,1.0560519902518273
awgn,5,20260811,32,luma_sd,True,24,kodim13.png,0.07755971208883494,0.0013728932062582978,0.13738360555639595
awgn,5,20260811,32,luma_sd,True,24,kodim14.png,0.24082093463346155,-0.005719107262093911,-0.5702784300570252
awgn,5,20260811,32,luma_sd,True,24,kodim15.png,-0.1624323666633103,0.026328857395179744,2.667852378835045
awgn,5,20260811,32,luma_sd,True,24,kodim16.png,0.2546426505611308,0.003079294196061579,0.30840400925213896
awgn,5,20260811,32,luma_sd,True,24,kodim17.png,0.22987722887818762,0.02183167829360803,2.207173313268118
awgn,5,20260811,32,luma_sd,True,24,kodim18.png,0.2549679152810356,0.06304367511693054,6.507335541883563
awgn,5,20260811,32,luma_sd,True,24,kodim19.png,0.245162887726444,0.10501006883454454,11.072179397337067
awgn,5,20260811,32,luma_sd,True,24,kodim20.png,-0.6247823876327772,0.029064132943911334,2.9490616621983934
awgn,5,20260811,32,luma_sd,True,24,kodim21.png,0.1966597901771152,0.07346828228456138,7.62344004340747
awgn,5,20260811,32,luma_sd,True,24,kodim22.png,0.23820574374051517,0.08998047808672346,9.41529235382308
awgn,5,20260811,32,luma_sd,True,24,kodim23.png,0.21203093111557791,0.026898348395430698,2.726337448559657
awgn,5,20260811,32,luma_sd,True,24,kodim24.png,-0.11505187663998839,0.009462915033521766,0.9507829977628557
awgn,5,20260811,32,edge_fraction,True,24,kodim01.png,0.026690728510725514,0.0005450086427939071,0.05451571869889982
awgn,5,20260811,32,edge_fraction,True,24,kodim02.png,0.03361234833358931,0.11733800682330793,12.449945394976346
awgn,5,20260811,32,edge_fraction,True,24,kodim03.png,0.022554139149132235,-0.010642441762253754,-1.0586011342154866
awgn,5,20260811,32,edge_fraction,True,24,kodim04.png,0.038463113705012014,0.06987475436392647,7.237386269644341
awgn,5,20260811,32,edge_fraction,True,24,kodim05.png,0.029951876311882453,-0.014822169518409874,-1.471286188894172
awgn,5,20260811,32,edge_fraction,True,24,kodim06.png,0.027156606768033553,-0.005096273770666103,-0.5083309799491675
awgn,5,20260811,32,edge_fraction,True,24,kodim07.png,0.022858751855833748,-0.003176766910329039,-0.3171726325328361
awgn,5,20260811,32,edge_fraction,True,24,kodim08.png,0.02410791993037431,0.024069257032832372,2.4361259655377276
awgn,5,20260811,32,edge_fraction,True,24,kodim09.png,0.019664158091434986,0.014412438065946744,1.4516798009124976
awgn,5,20260811,32,edge_fraction,True,24,kodim10.png,0.027166845850611798,0.012232568435634451,1.2307692307692353
awgn,5,20260811,32,edge_fraction,True,24,kodim11.png,0.03667383402447144,0.05077465885882213,5.208578835729449
awgn,5,20260811,32,edge_fraction,True,24,kodim12.png,0.032212153791020326,0.010505147114671237,1.0560519902518273
awgn,5,20260811,32,edge_fraction,True,24,kodim13.png,0.02128961245072447,0.0013728932062582978,0.13738360555639595
awgn,5,20260811,32,edge_fraction,True,24,kodim14.png,0.037416167511390985,-0.005719107262093911,-0.5702784300570252
awgn,5,20260811,32,edge_fraction,True,24,kodim15.png,0.02776327241079199,0.026328857395179744,2.667852378835045
awgn,5,20260811,32,edge_fraction,True,24,kodim16.png,0.033033840167920936,0.003079294196061579,0.30840400925213896
awgn,5,20260811,32,edge_fraction,True,24,kodim17.png,0.0363615420058363,0.02183167829360803,2.207173313268118
awgn,5,20260811,32,edge_fraction,True,24,kodim18.png,0.031613167460195546,0.06304367511693054,6.507335541883563
awgn,5,20260811,32,edge_fraction,True,24,kodim19.png,0.028756463420877454,0.10501006883454454,11.072179397337067
awgn,5,20260811,32,edge_fraction,True,24,kodim20.png,0.01685608969436339,0.029064132943911334,2.9490616621983934
awgn,5,20260811,32,edge_fraction,True,24,kodim21.png,0.02103107561562484,0.07346828228456138,7.62344004340747
awgn,5,20260811,32,edge_fraction,True,24,kodim22.png,0.03853990682434855,0.08998047808672346,9.41529235382308
awgn,5,20260811,32,edge_fraction,True,24,kodim23.png,0.028108841447806274,0.026898348395430698,2.726337448559657
awgn,5,20260811,32,edge_fraction,True,24,kodim24.png,0.02553115240874415,0.009462915033521766,0.9507829977628557
awgn,5,20260811,32,glcm_contrast,True,24,kodim01.png,0.0780130755063686,0.0005450086427939071,0.05451571869889982
awgn,5,20260811,32,glcm_contrast,True,24,kodim02.png,0.04926409112851152,0.11733800682330793,12.449945394976346
awgn,5,20260811,32,glcm_contrast,True,24,kodim03.png,0.13108287266724838,-0.010642441762253754,-1.0586011342154866
awgn,5,20260811,32,glcm_contrast,True,24,kodim04.png,0.0928620843434074,0.06987475436392647,7.237386269644341
awgn,5,20260811,32,glcm_contrast,True,24,kodim05.png,0.06668595845428704,-0.014822169518409874,-1.471286188894172
awgn,5,20260811,32,glcm_contrast,True,24,kodim06.png,0.06806000757469222,-0.005096273770666103,-0.5083309799491675
awgn,5,20260811,32,glcm_contrast,True,24,kodim07.png,0.1190309612465088,-0.003176766910329039,-0.3171726325328361
awgn,5,20260811,32,glcm_contrast,True,24,kodim08.png,0.062034388857456824,0.024069257032832372,2.4361259655377276
awgn,5,20260811,32,glcm_contrast,True,24,kodim09.png,0.09680881172455119,0.014412438065946744,1.4516798009124976
awgn,5,20260811,32,glcm_contrast,True,24,kodim10.png,0.09300888212409886,0.012232568435634451,1.2307692307692353
awgn,5,20260811,32,glcm_contrast,True,24,kodim11.png,0.09567197504065811,0.05077465885882213,5.208578835729449
awgn,5,20260811,32,glcm_contrast,True,24,kodim12.png,0.09632953232319544,0.010505147114671237,1.0560519902518273
awgn,5,20260811,32,glcm_contrast,True,24,kodim13.png,0.05312949706229375,0.0013728932062582978,0.13738360555639595
awgn,5,20260811,32,glcm_contrast,True,24,kodim14.png,0.0728815595815357,-0.005719107262093911,-0.5702784300570252
awgn,5,20260811,32,glcm_contrast,True,24,kodim15.png,0.07351984700280811,0.026328857395179744,2.667852378835045
awgn,5,20260811,32,glcm_contrast,True,24,kodim16.png,0.08855458203755212,0.003079294196061579,0.30840400925213896
awgn,5,20260811,32,glcm_contrast,True,24,kodim17.png,0.07647249613112783,0.02183167829360803,2.207173313268118
awgn,5,20260811,32,glcm_contrast,True,24,kodim18.png,0.06975182897033405,0.06304367511693054,6.507335541883563
awgn,5,20260811,32,glcm_contrast,True,24,kodim19.png,0.08337464499569347,0.10501006883454454,11.072179397337067
awgn,5,20260811,32,glcm_contrast,True,24,kodim20.png,0.03768083811540507,0.029064132943911334,2.9490616621983934
awgn,5,20260811,32,glcm_contrast,True,24,kodim21.png,0.10197894004449382,0.07346828228456138,7.62344004340747
awgn,5,20260811,32,glcm_contrast,True,24,kodim22.png,0.08523002413002073,0.08998047808672346,9.41529235382308
awgn,5,20260811,32,glcm_contrast,True,24,kodim23.png,0.1226009884414353,0.026898348395430698,2.726337448559657
awgn,5,20260811,32,glcm_contrast,True,24,kodim24.png,0.08066801746637531,0.009462915033521766,0.9507829977628557
awgn,5,20260811,32,glcm_entropy,True,24,kodim01.png,0.09106553253433214,0.0005450086427939071,0.05451571869889982
awgn,5,20260811,32,glcm_entropy,True,24,kodim02.png,0.12996914653832725,0.11733800682330793,12.449945394976346
awgn,5,20260811,32,glcm_entropy,True,24,kodim03.png,0.2652900221922221,-0.010642441762253754,-1.0586011342154866
awgn,5,20260811,32,glcm_entropy,True,24,kodim04.png,0.1784768290358123,0.06987475436392647,7.237386269644341
awgn,5,20260811,32,glcm_entropy,True,24,kodim05.png,0.07773419510825352,-0.014822169518409874,-1.471286188894172
awgn,5,20260811,32,glcm_entropy,True,24,kodim06.png,0.1200504224227803,-0.005096273770666103,-0.5083309799491675
awgn,5,20260811,32,glcm_entropy,True,24,kodim07.png,0.22174985986537799,-0.003176766910329039,-0.3171726325328361
awgn,5,20260811,32,glcm_entropy,True,24,kodim08.png,0.06491724070836158,0.024069257032832372,2.4361259655377276
awgn,5,20260811,32,glcm_entropy,True,24,kodim09.png,0.19897311286678487,0.014412438065946744,1.4516798009124976
awgn,5,20260811,32,glcm_entropy,True,24,kodim10.png,0.20102767314799008,0.012232568435634451,1.2307692307692353
awgn,5,20260811,32,glcm_entropy,True,24,kodim11.png,0.20581911525291785,0.05077465885882213,5.208578835729449
awgn,5,20260811,32,glcm_entropy,True,24,kodim12.png,0.186750809611401,0.010505147114671237,1.0560519902518273
awgn,5,20260811,32,glcm_entropy,True,24,kodim13.png,0.05211278565077482,0.0013728932062582978,0.13738360555639595
awgn,5,20260811,32,glcm_entropy,True,24,kodim14.png,0.10835576608289532,-0.005719107262093911,-0.5702784300570252
awgn,5,20260811,32,glcm_entropy,True,24,kodim15.png,0.14862333271101003,0.026328857395179744,2.667852378835045
awgn,5,20260811,32,glcm_entropy,True,24,kodim16.png,0.1918835153134073,0.003079294196061579,0.30840400925213896
awgn,5,20260811,32,glcm_entropy,True,24,kodim17.png,0.15229647407289226,0.02183167829360803,2.207173313268118
awgn,5,20260811,32,glcm_entropy,True,24,kodim18.png,0.10055812393260766,0.06304367511693054,6.507335541883563
awgn,5,20260811,32,glcm_entropy,True,24,kodim19.png,0.1592215374451964,0.10501006883454454,11.072179397337067
awgn,5,20260811,32,glcm_entropy,True,24,kodim20.png,0.07518028795190479,0.029064132943911334,2.9490616621983934
awgn,5,20260811,32,glcm_entropy,True,24,kodim21.png,0.15777382198498602,0.07346828228456138,7.62344004340747
awgn,5,20260811,32,glcm_entropy,True,24,kodim22.png,0.1490114328452936,0.08998047808672346,9.41529235382308
awgn,5,20260811,32,glcm_entropy,True,24,kodim23.png,0.2661507967816652,0.026898348395430698,2.726337448559657
awgn,5,20260811,32,glcm_entropy,True,24,kodim24.png,0.12983361727337073,0.009462915033521766,0.9507829977628557
awgn,5,20260811,32,glcm_homogeneity,True,24,kodim01.png,0.030928899402671295,0.0005450086427939071,0.05451571869889982
awgn,5,20260811,32,glcm_homogeneity,True,24,kodim02.png,0.023745445416324062,0.11733800682330793,12.449945394976346
awgn,5,20260811,32,glcm_homogeneity,True,24,kodim03.png,0.06489034937322213,-0.010642441762253754,-1.0586011342154866
awgn,5,20260811,32,glcm_homogeneity,True,24,kodim04.png,0.044991152570753146,0.06987475436392647,7.237386269644341
awgn,5,20260811,32,glcm_homogeneity,True,24,kodim05.png,0.028048849172863655,-0.014822169518409874,-1.471286188894172
awgn,5,20260811,32,glcm_homogeneity,True,24,kodim06.png,0.029496745776768973,-0.005096273770666103,-0.5083309799491675
awgn,5,20260811,32,glcm_homogeneity,True,24,kodim07.png,0.05736944778026665,-0.003176766910329039,-0.3171726325328361
awgn,5,20260811,32,glcm_homogeneity,True,24,kodim08.png,0.024664155235749385,0.024069257032832372,2.4361259655377276
awgn,5,20260811,32,glcm_homogeneity,True,24,kodim09.png,0.04693114303949819,0.014412438065946744,1.4516798009124976
awgn,5,20260811,32,glcm_homogeneity,True,24,kodim10.png,0.04532134043234903,0.012232568435634451,1.2307692307692353
awgn,5,20260811,32,glcm_homogeneity,True,24,kodim11.png,0.04608265384642485,0.05077465885882213,5.208578835729449
awgn,5,20260811,32,glcm_homogeneity,True,24,kodim12.png,0.04618471350686282,0.010505147114671237,1.0560519902518273
awgn,5,20260811,32,glcm_homogeneity,True,24,kodim13.png,0.0186858624207471,0.0013728932062582978,0.13738360555639595
awgn,5,20260811,32,glcm_homogeneity,True,24,kodim14.png,0.032297781716378315,-0.005719107262093911,-0.5702784300570252
awgn,5,20260811,32,glcm_homogeneity,True,24,kodim15.png,0.034910748674341074,0.026328857395179744,2.667852378835045
awgn,5,20260811,32,glcm_homogeneity,True,24,kodim16.png,0.04120838453716846,0.003079294196061579,0.30840400925213896
awgn,5,20260811,32,glcm_homogeneity,True,24,kodim17.png,0.03696214561981104,0.02183167829360803,2.207173313268118
awgn,5,20260811,32,glcm_homogeneity,True,24,kodim18.png,0.02980477629041456,0.06304367511693054,6.507335541883563
awgn,5,20260811,32,glcm_homogeneity,True,24,kodim19.png,0.03860753681619111,0.10501006883454454,11.072179397337067
awgn,5,20260811,32,glcm_homogeneity,True,24,kodim20.png,0.016708430814415864,0.029064132943911334,2.9490616621983934
awgn,5,20260811,32,glcm_homogeneity,True,24,kodim21.png,0.046909262353286185,0.07346828228456138,7.62344004340747
awgn,5,20260811,32,glcm_homogeneity,True,24,kodim22.png,0.03953378484814474,0.08998047808672346,9.41529235382308
awgn,5,20260811,32,glcm_homogeneity,True,24,kodim23.png,0.05972691310100142,0.026898348395430698,2.726337448559657
awgn,5,20260811,32,glcm_homogeneity,True,24,kodim24.png,0.03546552848543072,0.009462915033521766,0.9507829977628557
awgn,5,20260811,37,sobel_si,True,24,kodim01.png,-1.749981961139099,0.007220247973487097,0.7246376811594235
awgn,5,20260811,37,sobel_si,True,24,kodim02.png,-1.6589857189528487,-0.02865525576037606,-2.824858757062143
awgn,5,20260811,37,sobel_si,True,24,kodim03.png,-2.4685694720540923,0.033901551675681416,3.4482758620689724
awgn,5,20260811,37,sobel_si,True,24,kodim04.png,-1.4611495091609825,-0.003157564985321366,-0.31525851197983235
awgn,5,20260811,37,sobel_si,True,24,kodim05.png,-1.8125908361756444,0.004741882690232509,0.4753143207605115
awgn,5,20260811,37,sobel_si,True,24,kodim06.png,-2.4243037246820904,0.0060716640685497736,0.6090133982947554
awgn,5,20260811,37,sobel_si,True,24,kodim07.png,-3.1756771420500485,0.04594340762094209,4.701515620167007
awgn,5,20260811,37,sobel_si,True,24,kodim08.png,-2.495773210219369,0.0028283228055550973,0.2832326283987996
awgn,5,20260811,37,sobel_si,True,24,kodim09.png,-2.604367002480174,0.05841076215641451,6.015037593984962
awgn,5,20260811,37,sobel_si,True,24,kodim10.png,-2.442580565834703,0.01080118511734748,1.0859728506787292
awgn,5,20260811,37,sobel_si,True,24,kodim11.png,-2.3688989045606093,-0.0059249679584717965,-0.5907449950771304
awgn,5,20260811,37,sobel_si,True,24,kodim12.png,-1.972136700243965,0.0013908208083430271,0.13917884481560172
awgn,5,20260811,37,sobel_si,True,24,kodim13.png,-1.217064737942266,0.008616424413638442,0.8653652646407828
awgn,5,20260811,37,sobel_si,True,24,kodim14.png,-1.3086031877189725,0.0012014899919479654,0.12022120702093186
awgn,5,20260811,37,sobel_si,True,24,kodim15.png,-2.346976025848136,-0.032550200118682364,-3.202614379084967
awgn,5,20260811,37,sobel_si,True,24,kodim16.png,-2.101261765968438,0.06697062610618375,6.926406926406936
awgn,5,20260811,37,sobel_si,True,24,kodim17.png,-1.9824146917851948,0.04194789754196148,4.28401428004761
awgn,5,20260811,37,sobel_si,True,24,kodim18.png,-1.768642060431361,-0.013653172873145648,-1.3560391043834774
awgn,5,20260811,37,sobel_si,True,24,kodim19.png,-2.2820052616068267,0.0597901014013898,6.161369193154043
awgn,5,20260811,37,sobel_si,True,24,kodim20.png,-2.2150320607389773,0.020704673361690983,2.0920502092049986
awgn,5,20260811,37,sobel_si,True,24,kodim21.png,-3.0738653521064947,0.03294258953760322,3.3491204330175828
awgn,5,20260811,37,sobel_si,True,24,kodim22.png,-1.7199141272039213,0.01916434958921572,1.9349164467898028
awgn,5,20260811,37,sobel_si,True,24,kodim23.png,-1.7237326016395684,0.03530681383214492,3.5937499999999956
awgn,5,20260811,37,sobel_si,True,24,kodim24.png,-3.016303996534319,-0.022712701613934606,-2.245670995671001
awgn,5,20260811,37,luma_sd,True,24,kodim01.png,0.28293515062059527,0.007220247973487097,0.7246376811594235
awgn,5,20260811,37,luma_sd,True,24,kodim02.png,0.5744002663888494,-0.02865525576037606,-2.824858757062143
awgn,5,20260811,37,luma_sd,True,24,kodim03.png,0.26666878296803986,0.033901551675681416,3.4482758620689724
awgn,5,20260811,37,luma_sd,True,24,kodim04.png,0.3105088394033899,-0.003157564985321366,-0.31525851197983235
awgn,5,20260811,37,luma_sd,True,24,kodim05.png,0.18804334101533016,0.004741882690232509,0.4753143207605115
awgn,5,20260811,37,luma_sd,True,24,kodim06.png,-0.06836417610247736,0.0060716640685497736,0.6090133982947554
awgn,5,20260811,37,luma_sd,True,24,kodim07.png,0.30636263554629295,0.04594340762094209,4.701515620167007
awgn,5,20260811,37,luma_sd,True,24,kodim08.png,0.03302382728161746,0.0028283228055550973,0.2832326283987996
awgn,5,20260811,37,luma_sd,True,24,kodim09.png,0.3082145316125562,0.05841076215641451,6.015037593984962
awgn,5,20260811,37,luma_sd,True,24,kodim10.png,0.24548353437253212,0.01080118511734748,1.0859728506787292
awgn,5,20260811,37,luma_sd,True,24,kodim11.png,0.2780130223188735,-0.0059249679584717965,-0.5907449950771304
awgn,5,20260811,37,luma_sd,True,24,kodim12.png,0.1352835739332221,0.0013908208083430271,0.13917884481560172
awgn,5,20260811,37,luma_sd,True,24,kodim13.png,0.07755971208883494,0.008616424413638442,0.8653652646407828
awgn,5,20260811,37,luma_sd,True,24,kodim14.png,0.24082093463346155,0.0012014899919479654,0.12022120702093186
awgn,5,20260811,37,luma_sd,True,24,kodim15.png,-0.1624323666633103,-0.032550200118682364,-3.202614379084967
awgn,5,20260811,37,luma_sd,True,24,kodim16.png,0.2546426505611308,0.06697062610618375,6.926406926406936
awgn,5,20260811,37,luma_sd,True,24,kodim17.png,0.22987722887818762,0.04194789754196148,4.28401428004761
awgn,5,20260811,37,luma_sd,True,24,kodim18.png,0.2549679152810356,-0.013653172873145648,-1.3560391043834774
awgn,5,20260811,37,luma_sd,True,24,kodim19.png,0.245162887726444,0.0597901014013898,6.161369193154043
awgn,5,20260811,37,luma_sd,True,24,kodim20.png,-0.6247823876327772,0.020704673361690983,2.0920502092049986
awgn,5,20260811,37,luma_sd,True,24,kodim21.png,0.1966597901771152,0.03294258953760322,3.3491204330175828
awgn,5,20260811,37,luma_sd,True,24,kodim22.png,0.23820574374051517,0.01916434958921572,1.9349164467898028
awgn,5,20260811,37,luma_sd,True,24,kodim23.png,0.21203093111557791,0.03530681383214492,3.5937499999999956
awgn,5,20260811,37,luma_sd,True,24,kodim24.png,-0.11505187663998839,-0.022712701613934606,-2.245670995671001
awgn,5,20260811,37,edge_fraction,True,24,kodim01.png,0.026690728510725514,0.007220247973487097,0.7246376811594235
awgn,5,20260811,37,edge_fraction,True,24,kodim02.png,0.03361234833358931,-0.02865525576037606,-2.824858757062143
awgn,5,20260811,37,edge_fraction,True,24,kodim03.png,0.022554139149132235,0.033901551675681416,3.4482758620689724
awgn,5,20260811,37,edge_fraction,True,24,kodim04.png,0.038463113705012014,-0.003157564985321366,-0.31525851197983235
awgn,5,20260811,37,edge_fraction,True,24,kodim05.png,0.029951876311882453,0.004741882690232509,0.4753143207605115
awgn,5,20260811,37,edge_fraction,True,24,kodim06.png,0.027156606768033553,0.0060716640685497736,0.6090133982947554
awgn,5,20260811,37,edge_fraction,True,24,kodim07.png,0.022858751855833748,0.04594340762094209,4.701515620167007
awgn,5,20260811,37,edge_fraction,True,24,kodim08.png,0.02410791993037431,0.0028283228055550973,0.2832326283987996
awgn,5,20260811,37,edge_fraction,True,24,kodim09.png,0.019664158091434986,0.05841076215641451,6.015037593984962
awgn,5,20260811,37,edge_fraction,True,24,kodim10.png,0.027166845850611798,0.01080118511734748,1.0859728506787292
awgn,5,20260811,37,edge_fraction,True,24,kodim11.png,0.03667383402447144,-0.0059249679584717965,-0.5907449950771304
awgn,5,20260811,37,edge_fraction,True,24,kodim12.png,0.032212153791020326,0.0013908208083430271,0.13917884481560172
awgn,5,20260811,37,edge_fraction,True,24,kodim13.png,0.02128961245072447,0.008616424413638442,0.8653652646407828
awgn,5,20260811,37,edge_fraction,True,24,kodim14.png,0.037416167511390985,0.0012014899919479654,0.12022120702093186
awgn,5,20260811,37,edge_fraction,True,24,kodim15.png,0.02776327241079199,-0.032550200118682364,-3.202614379084967
awgn,5,20260811,37,edge_fraction,True,24,kodim16.png,0.033033840167920936,0.06697062610618375,6.926406926406936
awgn,5,20260811,37,edge_fraction,True,24,kodim17.png,0.0363615420058363,0.04194789754196148,4.28401428004761
awgn,5,20260811,37,edge_fraction,True,24,kodim18.png,0.031613167460195546,-0.013653172873145648,-1.3560391043834774
awgn,5,20260811,37,edge_fraction,True,24,kodim19.png,0.028756463420877454,0.0597901014013898,6.161369193154043
awgn,5,20260811,37,edge_fraction,True,24,kodim20.png,0.01685608969436339,0.020704673361690983,2.0920502092049986
awgn,5,20260811,37,edge_fraction,True,24,kodim21.png,0.02103107561562484,0.03294258953760322,3.3491204330175828
awgn,5,20260811,37,edge_fraction,True,24,kodim22.png,0.03853990682434855,0.01916434958921572,1.9349164467898028
awgn,5,20260811,37,edge_fraction,True,24,kodim23.png,0.028108841447806274,0.03530681383214492,3.5937499999999956
awgn,5,20260811,37,edge_fraction,True,24,kodim24.png,0.02553115240874415,-0.022712701613934606,-2.245670995671001
awgn,5,20260811,37,glcm_contrast,True,24,kodim01.png,0.0780130755063686,0.007220247973487097,0.7246376811594235
awgn,5,20260811,37,glcm_contrast,True,24,kodim02.png,0.04926409112851152,-0.02865525576037606,-2.824858757062143
awgn,5,20260811,37,glcm_contrast,True,24,kodim03.png,0.13108287266724838,0.033901551675681416,3.4482758620689724
awgn,5,20260811,37,glcm_contrast,True,24,kodim04.png,0.0928620843434074,-0.003157564985321366,-0.31525851197983235
awgn,5,20260811,37,glcm_contrast,True,24,kodim05.png,0.06668595845428704,0.004741882690232509,0.4753143207605115
awgn,5,20260811,37,glcm_contrast,True,24,kodim06.png,0.06806000757469222,0.0060716640685497736,0.6090133982947554
awgn,5,20260811,37,glcm_contrast,True,24,kodim07.png,0.1190309612465088,0.04594340762094209,4.701515620167007
awgn,5,20260811,37,glcm_contrast,True,24,kodim08.png,0.062034388857456824,0.0028283228055550973,0.2832326283987996
awgn,5,20260811,37,glcm_contrast,True,24,kodim09.png,0.09680881172455119,0.05841076215641451,6.015037593984962
awgn,5,20260811,37,glcm_contrast,True,24,kodim10.png,0.09300888212409886,0.01080118511734748,1.0859728506787292
awgn,5,20260811,37,glcm_contrast,True,24,kodim11.png,0.09567197504065811,-0.0059249679584717965,-0.5907449950771304
awgn,5,20260811,37,glcm_contrast,True,24,kodim12.png,0.09632953232319544,0.0013908208083430271,0.13917884481560172
awgn,5,20260811,37,glcm_contrast,True,24,kodim13.png,0.05312949706229375,0.008616424413638442,0.8653652646407828
awgn,5,20260811,37,glcm_contrast,True,24,kodim14.png,0.0728815595815357,0.0012014899919479654,0.12022120702093186
awgn,5,20260811,37,glcm_contrast,True,24,kodim15.png,0.07351984700280811,-0.032550200118682364,-3.202614379084967
awgn,5,20260811,37,glcm_contrast,True,24,kodim16.png,0.08855458203755212,0.06697062610618375,6.926406926406936
awgn,5,20260811,37,glcm_contrast,True,24,kodim17.png,0.07647249613112783,0.04194789754196148,4.28401428004761
awgn,5,20260811,37,glcm_contrast,True,24,kodim18.png,0.06975182897033405,-0.013653172873145648,-1.3560391043834774
awgn,5,20260811,37,glcm_contrast,True,24,kodim19.png,0.08337464499569347,0.0597901014013898,6.161369193154043
awgn,5,20260811,37,glcm_contrast,True,24,kodim20.png,0.03768083811540507,0.020704673361690983,2.0920502092049986
awgn,5,20260811,37,glcm_contrast,True,24,kodim21.png,0.10197894004449382,0.03294258953760322,3.3491204330175828
awgn,5,20260811,37,glcm_contrast,True,24,kodim22.png,0.08523002413002073,0.01916434958921572,1.9349164467898028
awgn,5,20260811,37,glcm_contrast,True,24,kodim23.png,0.1226009884414353,0.03530681383214492,3.5937499999999956
awgn,5,20260811,37,glcm_contrast,True,24,kodim24.png,0.08066801746637531,-0.022712701613934606,-2.245670995671001
awgn,5,20260811,37,glcm_entropy,True,24,kodim01.png,0.09106553253433214,0.007220247973487097,0.7246376811594235
awgn,5,20260811,37,glcm_entropy,True,24,kodim02.png,0.12996914653832725,-0.02865525576037606,-2.824858757062143
awgn,5,20260811,37,glcm_entropy,True,24,kodim03.png,0.2652900221922221,0.033901551675681416,3.4482758620689724
awgn,5,20260811,37,glcm_entropy,True,24,kodim04.png,0.1784768290358123,-0.003157564985321366,-0.31525851197983235
awgn,5,20260811,37,glcm_entropy,True,24,kodim05.png,0.07773419510825352,0.004741882690232509,0.4753143207605115
awgn,5,20260811,37,glcm_entropy,True,24,kodim06.png,0.1200504224227803,0.0060716640685497736,0.6090133982947554
awgn,5,20260811,37,glcm_entropy,True,24,kodim07.png,0.22174985986537799,0.04594340762094209,4.701515620167007
awgn,5,20260811,37,glcm_entropy,True,24,kodim08.png,0.06491724070836158,0.0028283228055550973,0.2832326283987996
awgn,5,20260811,37,glcm_entropy,True,24,kodim09.png,0.19897311286678487,0.05841076215641451,6.015037593984962
awgn,5,20260811,37,glcm_entropy,True,24,kodim10.png,0.20102767314799008,0.01080118511734748,1.0859728506787292
awgn,5,20260811,37,glcm_entropy,True,24,kodim11.png,0.20581911525291785,-0.0059249679584717965,-0.5907449950771304
awgn,5,20260811,37,glcm_entropy,True,24,kodim12.png,0.186750809611401,0.0013908208083430271,0.13917884481560172
awgn,5,20260811,37,glcm_entropy,True,24,kodim13.png,0.05211278565077482,0.008616424413638442,0.8653652646407828
awgn,5,20260811,37,glcm_entropy,True,24,kodim14.png,0.10835576608289532,0.0012014899919479654,0.12022120702093186
awgn,5,20260811,37,glcm_entropy,True,24,kodim15.png,0.14862333271101003,-0.032550200118682364,-3.202614379084967
awgn,5,20260811,37,glcm_entropy,True,24,kodim16.png,0.1918835153134073,0.06697062610618375,6.926406926406936
awgn,5,20260811,37,glcm_entropy,True,24,kodim17.png,0.15229647407289226,0.04194789754196148,4.28401428004761
awgn,5,20260811,37,glcm_entropy,True,24,kodim18.png,0.10055812393260766,-0.013653172873145648,-1.3560391043834774
awgn,5,20260811,37,glcm_entropy,True,24,kodim19.png,0.1592215374451964,0.0597901014013898,6.161369193154043
awgn,5,20260811,37,glcm_entropy,True,24,kodim20.png,0.07518028795190479,0.020704673361690983,2.0920502092049986
awgn,5,20260811,37,glcm_entropy,True,24,kodim21.png,0.15777382198498602,0.03294258953760322,3.3491204330175828
awgn,5,20260811,37,glcm_entropy,True,24,kodim22.png,0.1490114328452936,0.01916434958921572,1.9349164467898028
awgn,5,20260811,37,glcm_entropy,True,24,kodim23.png,0.2661507967816652,0.03530681383214492,3.5937499999999956
awgn,5,20260811,37,glcm_entropy,True,24,kodim24.png,0.12983361727337073,-0.022712701613934606,-2.245670995671001
awgn,5,20260811,37,glcm_homogeneity,True,24,kodim01.png,0.030928899402671295,0.007220247973487097,0.7246376811594235
awgn,5,20260811,37,glcm_homogeneity,True,24,kodim02.png,0.023745445416324062,-0.02865525576037606,-2.824858757062143
awgn,5,20260811,37,glcm_homogeneity,True,24,kodim03.png,0.06489034937322213,0.033901551675681416,3.4482758620689724
awgn,5,20260811,37,glcm_homogeneity,True,24,kodim04.png,0.044991152570753146,-0.003157564985321366,-0.31525851197983235
awgn,5,20260811,37,glcm_homogeneity,True,24,kodim05.png,0.028048849172863655,0.004741882690232509,0.4753143207605115
awgn,5,20260811,37,glcm_homogeneity,True,24,kodim06.png,0.029496745776768973,0.0060716640685497736,0.6090133982947554
awgn,5,20260811,37,glcm_homogeneity,True,24,kodim07.png,0.05736944778026665,0.04594340762094209,4.701515620167007
awgn,5,20260811,37,glcm_homogeneity,True,24,kodim08.png,0.024664155235749385,0.0028283228055550973,0.2832326283987996
awgn,5,20260811,37,glcm_homogeneity,True,24,kodim09.png,0.04693114303949819,0.05841076215641451,6.015037593984962
awgn,5,20260811,37,glcm_homogeneity,True,24,kodim10.png,0.04532134043234903,0.01080118511734748,1.0859728506787292
awgn,5,20260811,37,glcm_homogeneity,True,24,kodim11.png,0.04608265384642485,-0.0059249679584717965,-0.5907449950771304
awgn,5,20260811,37,glcm_homogeneity,True,24,kodim12.png,0.04618471350686282,0.0013908208083430271,0.13917884481560172
awgn,5,20260811,37,glcm_homogeneity,True,24,kodim13.png,0.0186858624207471,0.008616424413638442,0.8653652646407828
awgn,5,20260811,37,glcm_homogeneity,True,24,kodim14.png,0.032297781716378315,0.0012014899919479654,0.12022120702093186
awgn,5,20260811,37,glcm_homogeneity,True,24,kodim15.png,0.034910748674341074,-0.032550200118682364,-3.202614379084967
awgn,5,20260811,37,glcm_homogeneity,True,24,kodim16.png,0.04120838453716846,0.06697062610618375,6.926406926406936
awgn,5,20260811,37,glcm_homogeneity,True,24,kodim17.png,0.03696214561981104,0.04194789754196148,4.28401428004761
awgn,5,20260811,37,glcm_homogeneity,True,24,kodim18.png,0.02980477629041456,-0.013653172873145648,-1.3560391043834774
awgn,5,20260811,37,glcm_homogeneity,True,24,kodim19.png,0.03860753681619111,0.0597901014013898,6.161369193154043
awgn,5,20260811,37,glcm_homogeneity,True,24,kodim20.png,0.016708430814415864,0.020704673361690983,2.0920502092049986
awgn,5,20260811,37,glcm_homogeneity,True,24,kodim21.png,0.046909262353286185,0.03294258953760322,3.3491204330175828
awgn,5,20260811,37,glcm_homogeneity,True,24,kodim22.png,0.03953378484814474,0.01916434958921572,1.9349164467898028
awgn,5,20260811,37,glcm_homogeneity,True,24,kodim23.png,0.05972691310100142,0.03530681383214492,3.5937499999999956
awgn,5,20260811,37,glcm_homogeneity,True,24,kodim24.png,0.03546552848543072,-0.022712701613934606,-2.245670995671001
awgn,15,20260811,22,sobel_si,True,24,kodim01.png,-4.400341376272692,-0.12330691330931506,-11.600768808347063
awgn,15,20260811,22,sobel_si,True,24,kodim02.png,2.3157491547448927,-0.49993981612073957,-39.34328358208955
awgn,15,20260811,22,sobel_si,True,24,kodim03.png,-0.17631174084007029,0.00901635977518406,0.9057129586623303
awgn,15,20260811,22,sobel_si,True,24,kodim04.png,1.3039661597067322,-0.03885492640287598,-3.8109756097561065
awgn,15,20260811,22,sobel_si,True,24,kodim05.png,-6.00794811287814,-0.1687358879522768,-15.5268022181146
awgn,15,20260811,22,sobel_si,True,24,kodim06.png,-4.603214132447661,-0.009318314074224596,-0.9275033125118237
awgn,15,20260811,22,sobel_si,True,24,kodim07.png,-4.704303385129222,-0.16002528699069862,-14.787775891341248
awgn,15,20260811,22,sobel_si,True,24,kodim08.png,-9.170748921384444,-0.2201239214404897,-19.758064516129025
awgn,15,20260811,22,sobel_si,True,24,kodim09.png,-3.8835190352615854,0.13527788772187863,14.48548812664907
awgn,15,20260811,22,sobel_si,True,24,kodim10.png,-2.8803449170003432,-0.15771106960912348,-14.590347923681257
awgn,15,20260811,22,sobel_si,True,24,kodim11.png,-3.928540734308015,-0.16955751506885694,-15.596179183135705
awgn,15,20260811,22,sobel_si,True,24,kodim12.png,-1.1041033010910297,-0.026593589573447672,-2.6243093922651894
awgn,15,20260811,22,sobel_si,True,24,kodim13.png,-3.6815835786207884,-0.1313001300061524,-12.304546547991336
awgn,15,20260811,22,sobel_si,True,24,kodim14.png,-2.003621796012524,-0.24095037769935657,-21.411937737467824
awgn,15,20260811,22,sobel_si,True,24,kodim15.png,-3.0373663875231642,0.122392856134545,13.01980198019801
awgn,15,20260811,22,sobel_si,True,24,kodim16.png,0.2724365306878056,-0.08886017780561699,-8.50265017667844
awgn,15,20260811,22,sobel_si,True,24,kodim17.png,-1.5096258942434417,-0.21050029388193264,-18.982118294360383
awgn,15,20260811,22,sobel_si,True,24,kodim18.png,-3.5672077202971195,-0.028428479160081305,-2.802819209965579
awgn,15,20260811,22,sobel_si,True,24,kodim19.png,-6.128227092154063,0.04429384998905303,4.528946806237988
awgn,15,20260811,22,sobel_si,True,24,kodim20.png,-2.7734988266264793,0.32034256367645725,37.75995990979706
awgn,15,20260811,22,sobel_si,True,24,kodim21.png,-6.709133224767513,0.033901551675681416,3.4482758620689724
awgn,15,20260811,22,sobel_si,True,24,kodim22.png,-0.974381469419825,-0.13818395407307665,-12.906153566890543
awgn,15,20260811,22,sobel_si,True,24,kodim23.png,0.4892165243699651,0.1322528925569153,14.139693356047701
awgn,15,20260811,22,sobel_si,True,24,kodim24.png,-7.060282634705089,-0.2828999700675966,-24.640483383685808
awgn,15,20260811,22,luma_sd,True,24,kodim01.png,2.5971982737123014,-0.12330691330931506,-11.600768808347063
awgn,15,20260811,22,luma_sd,True,24,kodim02.png,4.693237682701394,-0.49993981612073957,-39.34328358208955
awgn,15,20260811,22,luma_sd,True,24,kodim03.png,2.550244332217474,0.00901635977518406,0.9057129586623303
awgn,15,20260811,22,luma_sd,True,24,kodim04.png,2.7309079684642654,-0.03885492640287598,-3.8109756097561065
awgn,15,20260811,22,luma_sd,True,24,kodim05.png,1.8167354996167617,-0.1687358879522768,-15.5268022181146
awgn,15,20260811,22,luma_sd,True,24,kodim06.png,0.819843177581248,-0.009318314074224596,-0.9275033125118237
awgn,15,20260811,22,luma_sd,True,24,kodim07.png,2.7791517788125404,-0.16002528699069862,-14.787775891341248
awgn,15,20260811,22,luma_sd,True,24,kodim08.png,1.031318922637837,-0.2201239214404897,-19.758064516129025
awgn,15,20260811,22,luma_sd,True,24,kodim09.png,2.7627703348725134,0.13527788772187863,14.48548812664907
awgn,15,20260811,22,luma_sd,True,24,kodim10.png,2.493415698113779,-0.15771106960912348,-14.590347923681257
awgn,15,20260811,22,luma_sd,True,24,kodim11.png,2.2814448206718367,-0.16955751506885694,-15.596179183135705
awgn,15,20260811,22,luma_sd,True,24,kodim12.png,1.8740597119213689,-0.026593589573447672,-2.6243093922651894
awgn,15,20260811,22,luma_sd,True,24,kodim13.png,1.4781247969554343,-0.1313001300061524,-12.304546547991336
awgn,15,20260811,22,luma_sd,True,24,kodim14.png,2.1107109655868825,-0.24095037769935657,-21.411937737467824
awgn,15,20260811,22,luma_sd,True,24,kodim15.png,-0.07784813073661212,0.122392856134545,13.01980198019801
awgn,15,20260811,22,luma_sd,True,24,kodim16.png,2.3773698329545496,-0.08886017780561699,-8.50265017667844
awgn,15,20260811,22,luma_sd,True,24,kodim17.png,1.7166921502973835,-0.21050029388193264,-18.982118294360383
awgn,15,20260811,22,luma_sd,True,24,kodim18.png,2.42192150925743,-0.028428479160081305,-2.802819209965579
awgn,15,20260811,22,luma_sd,True,24,kodim19.png,2.167645261052634,0.04429384998905303,4.528946806237988
awgn,15,20260811,22,luma_sd,True,24,kodim20.png,-1.470105119751679,0.32034256367645725,37.75995990979706
awgn,15,20260811,22,luma_sd,True,24,kodim21.png,2.2238251192361176,0.033901551675681416,3.4482758620689724
awgn,15,20260811,22,luma_sd,True,24,kodim22.png,2.420241222318026,-0.13818395407307665,-12.906153566890543
awgn,15,20260811,22,luma_sd,True,24,kodim23.png,2.0888894794073423,0.1322528925569153,14.139693356047701
awgn,15,20260811,22,luma_sd,True,24,kodim24.png,0.9595196335152707,-0.2828999700675966,-24.640483383685808
awgn,15,20260811,22,edge_fraction,True,24,kodim01.png,0.21502585368351002,-0.12330691330931506,-11.600768808347063
awgn,15,20260811,22,edge_fraction,True,24,kodim02.png,0.4279859724568678,-0.49993981612073957,-39.34328358208955
awgn,15,20260811,22,edge_fraction,True,24,kodim03.png,0.4388061229713818,0.00901635977518406,0.9057129586623303
awgn,15,20260811,22,edge_fraction,True,24,kodim04.png,0.4061895254185225,-0.03885492640287598,-3.8109756097561065
awgn,15,20260811,22,edge_fraction,True,24,kodim05.png,0.22790150002559773,-0.1687358879522768,-15.5268022181146
awgn,15,20260811,22,edge_fraction,True,24,kodim06.png,0.26502329391286544,-0.009318314074224596,-0.9275033125118237
awgn,15,20260811,22,edge_fraction,True,24,kodim07.png,0.36977934777043975,-0.16002528699069862,-14.787775891341248
awgn,15,20260811,22,edge_fraction,True,24,kodim08.png,0.20181743715763067,-0.2201239214404897,-19.758064516129025
awgn,15,20260811,22,edge_fraction,True,24,kodim09.png,0.4144038294168842,0.13527788772187863,14.48548812664907
awgn,15,20260811,22,edge_fraction,True,24,kodim10.png,0.4066067680335842,-0.15771106960912348,-14.590347923681257
awgn,15,20260811,22,edge_fraction,True,24,kodim11.png,0.3424537961398659,-0.16955751506885694,-15.596179183135705
awgn,15,20260811,22,edge_fraction,True,24,kodim12.png,0.4206394307070087,-0.026593589573447672,-2.6243093922651894
awgn,15,20260811,22,edge_fraction,True,24,kodim13.png,0.14105360159729696,-0.1313001300061524,-12.304546547991336
awgn,15,20260811,22,edge_fraction,True,24,kodim14.png,0.2820176112220345,-0.24095037769935657,-21.411937737467824
awgn,15,20260811,22,edge_fraction,True,24,kodim15.png,0.3675933036399939,0.122392856134545,13.01980198019801
awgn,15,20260811,22,edge_fraction,True,24,kodim16.png,0.37224440690114163,-0.08886017780561699,-8.50265017667844
awgn,15,20260811,22,edge_fraction,True,24,kodim17.png,0.38119080530384475,-0.21050029388193264,-18.982118294360383
awgn,15,20260811,22,edge_fraction,True,24,kodim18.png,0.27735882864895306,-0.028428479160081305,-2.802819209965579
awgn,15,20260811,22,edge_fraction,True,24,kodim19.png,0.3530614856908821,0.04429384998905303,4.528946806237988
awgn,15,20260811,22,edge_fraction,True,24,kodim20.png,0.24922950903599037,0.32034256367645725,37.75995990979706
awgn,15,20260811,22,edge_fraction,True,24,kodim21.png,0.33974043925664255,0.033901551675681416,3.4482758620689724
awgn,15,20260811,22,edge_fraction,True,24,kodim22.png,0.3491706343111657,-0.13818395407307665,-12.906153566890543
awgn,15,20260811,22,edge_fraction,True,24,kodim23.png,0.4627041417089029,0.1322528925569153,14.139693356047701
awgn,15,20260811,22,edge_fraction,True,24,kodim24.png,0.28433676342599706,-0.2828999700675966,-24.640483383685808
awgn,15,20260811,22,glcm_contrast,True,24,kodim01.png,0.46118375498180075,-0.12330691330931506,-11.600768808347063
awgn,15,20260811,22,glcm_contrast,True,24,kodim02.png,0.533230572395218,-0.49993981612073957,-39.34328358208955
awgn,15,20260811,22,glcm_contrast,True,24,kodim03.png,0.49881536552218,0.00901635977518406,0.9057129586623303
awgn,15,20260811,22,glcm_contrast,True,24,kodim04.png,0.48811095073753885,-0.03885492640287598,-3.8109756097561065
awgn,15,20260811,22,glcm_contrast,True,24,kodim05.png,0.4179765205675061,-0.1687358879522768,-15.5268022181146
awgn,15,20260811,22,glcm_contrast,True,24,kodim06.png,0.436563870447052,-0.009318314074224596,-0.9275033125118237
awgn,15,20260811,22,glcm_contrast,True,24,kodim07.png,0.4987578715450176,-0.16002528699069862,-14.787775891341248
awgn,15,20260811,22,glcm_contrast,True,24,kodim08.png,0.3951284803205777,-0.2201239214404897,-19.758064516129025
awgn,15,20260811,22,glcm_contrast,True,24,kodim09.png,0.5020167330251205,0.13527788772187863,14.48548812664907
awgn,15,20260811,22,glcm_contrast,True,24,kodim10.png,0.4979358283911328,-0.15771106960912348,-14.590347923681257
awgn,15,20260811,22,glcm_contrast,True,24,kodim11.png,0.465021064865681,-0.16955751506885694,-15.596179183135705
awgn,15,20260811,22,glcm_contrast,True,24,kodim12.png,0.4773677250578272,-0.026593589573447672,-2.6243093922651894
awgn,15,20260811,22,glcm_contrast,True,24,kodim13.png,0.4158073985410389,-0.1313001300061524,-12.304546547991336
awgn,15,20260811,22,glcm_contrast,True,24,kodim14.png,0.4459160960232979,-0.24095037769935657,-21.411937737467824
awgn,15,20260811,22,glcm_contrast,True,24,kodim15.png,0.4008693500133897,0.122392856134545,13.01980198019801
awgn,15,20260811,22,glcm_contrast,True,24,kodim16.png,0.503938324769829,-0.08886017780561699,-8.50265017667844
awgn,15,20260811,22,glcm_contrast,True,24,kodim17.png,0.43040704990002654,-0.21050029388193264,-18.982118294360383
awgn,15,20260811,22,glcm_contrast,True,24,kodim18.png,0.4435266282431871,-0.028428479160081305,-2.802819209965579
awgn,15,20260811,22,glcm_contrast,True,24,kodim19.png,0.4735325671128534,0.04429384998905303,4.528946806237988
awgn,15,20260811,22,glcm_contrast,True,24,kodim20.png,0.2569800198178374,0.32034256367645725,37.75995990979706
awgn,15,20260811,22,glcm_contrast,True,24,kodim21.png,0.47958586951500926,0.033901551675681416,3.4482758620689724
awgn,15,20260811,22,glcm_contrast,True,24,kodim22.png,0.4792033193937525,-0.13818395407307665,-12.906153566890543
awgn,15,20260811,22,glcm_contrast,True,24,kodim23.png,0.5196215591767619,0.1322528925569153,14.139693356047701
awgn,15,20260811,22,glcm_contrast,True,24,kodim24.png,0.4495116491504322,-0.2828999700675966,-24.640483383685808
awgn,15,20260811,22,glcm_entropy,True,24,kodim01.png,0.3804008960358827,-0.12330691330931506,-11.600768808347063
awgn,15,20260811,22,glcm_entropy,True,24,kodim02.png,0.994366471024863,-0.49993981612073957,-39.34328358208955
awgn,15,20260811,22,glcm_entropy,True,24,kodim03.png,0.6766590786893838,0.00901635977518406,0.9057129586623303
awgn,15,20260811,22,glcm_entropy,True,24,kodim04.png,0.6305585187378977,-0.03885492640287598,-3.8109756097561065
awgn,15,20260811,22,glcm_entropy,True,24,kodim05.png,0.328097842851625,-0.1687358879522768,-15.5268022181146
awgn,15,20260811,22,glcm_entropy,True,24,kodim06.png,0.4716199094098368,-0.009318314074224596,-0.9275033125118237
awgn,15,20260811,22,glcm_entropy,True,24,kodim07.png,0.6395737278298483,-0.16002528699069862,-14.787775891341248
awgn,15,20260811,22,glcm_entropy,True,24,kodim08.png,0.27182865811635937,-0.2201239214404897,-19.758064516129025
awgn,15,20260811,22,glcm_entropy,True,24,kodim09.png,0.6891025178609373,0.13527788772187863,14.48548812664907
awgn,15,20260811,22,glcm_entropy,True,24,kodim10.png,0.6903420388817034,-0.15771106960912348,-14.590347923681257
awgn,15,20260811,22,glcm_entropy,True,24,kodim11.png,0.6198687543083317,-0.16955751506885694,-15.596179183135705
awgn,15,20260811,22,glcm_entropy,True,24,kodim12.png,0.6668080060122401,-0.026593589573447672,-2.6243093922651894
awgn,15,20260811,22,glcm_entropy,True,24,kodim13.png,0.28749999151133654,-0.1313001300061524,-12.304546547991336
awgn,15,20260811,22,glcm_entropy,True,24,kodim14.png,0.43545407883019704,-0.24095037769935657,-21.411937737467824
awgn,15,20260811,22,glcm_entropy,True,24,kodim15.png,0.5382786433803695,0.122392856134545,13.01980198019801
awgn,15,20260811,22,glcm_entropy,True,24,kodim16.png,0.6895456943796776,-0.08886017780561699,-8.50265017667844
awgn,15,20260811,22,glcm_entropy,True,24,kodim17.png,0.5465528578202692,-0.21050029388193264,-18.982118294360383
awgn,15,20260811,22,glcm_entropy,True,24,kodim18.png,0.44271152086044374,-0.028428479160081305,-2.802819209965579
awgn,15,20260811,22,glcm_entropy,True,24,kodim19.png,0.5559274067134425,0.04429384998905303,4.528946806237988
awgn,15,20260811,22,glcm_entropy,True,24,kodim20.png,0.38067214301710073,0.32034256367645725,37.75995990979706
awgn,15,20260811,22,glcm_entropy,True,24,kodim21.png,0.5341198104643365,0.033901551675681416,3.4482758620689724
awgn,15,20260811,22,glcm_entropy,True,24,kodim22.png,0.5735116166366536,-0.13818395407307665,-12.906153566890543
awgn,15,20260811,22,glcm_entropy,True,24,kodim23.png,0.755356214600833,0.1322528925569153,14.139693356047701
awgn,15,20260811,22,glcm_entropy,True,24,kodim24.png,0.49149172948611985,-0.2828999700675966,-24.640483383685808
awgn,15,20260811,22,glcm_homogeneity,True,24,kodim01.png,0.1261878341672854,-0.12330691330931506,-11.600768808347063
awgn,15,20260811,22,glcm_homogeneity,True,24,kodim02.png,0.20388041133418433,-0.49993981612073957,-39.34328358208955
awgn,15,20260811,22,glcm_homogeneity,True,24,kodim03.png,0.19284905931759844,0.00901635977518406,0.9057129586623303
awgn,15,20260811,22,glcm_homogeneity,True,24,kodim04.png,0.1806146884947134,-0.03885492640287598,-3.8109756097561065
awgn,15,20260811,22,glcm_homogeneity,True,24,kodim05.png,0.1263152692658197,-0.1687358879522768,-15.5268022181146
awgn,15,20260811,22,glcm_homogeneity,True,24,kodim06.png,0.13589053048215316,-0.009318314074224596,-0.9275033125118237
awgn,15,20260811,22,glcm_homogeneity,True,24,kodim07.png,0.18350391704391966,-0.16002528699069862,-14.787775891341248
awgn,15,20260811,22,glcm_homogeneity,True,24,kodim08.png,0.10585597142225112,-0.2201239214404897,-19.758064516129025
awgn,15,20260811,22,glcm_homogeneity,True,24,kodim09.png,0.1877229754748092,0.13527788772187863,14.48548812664907
awgn,15,20260811,22,glcm_homogeneity,True,24,kodim10.png,0.18856139578787134,-0.15771106960912348,-14.590347923681257
awgn,15,20260811,22,glcm_homogeneity,True,24,kodim11.png,0.1647471576872448,-0.16955751506885694,-15.596179183135705
awgn,15,20260811,22,glcm_homogeneity,True,24,kodim12.png,0.18014766464204524,-0.026593589573447672,-2.6243093922651894
awgn,15,20260811,22,glcm_homogeneity,True,24,kodim13.png,0.0990483565373681,-0.1313001300061524,-12.304546547991336
awgn,15,20260811,22,glcm_homogeneity,True,24,kodim14.png,0.1462427966135338,-0.24095037769935657,-21.411937737467824
awgn,15,20260811,22,glcm_homogeneity,True,24,kodim15.png,0.15451085223530292,0.122392856134545,13.01980198019801
awgn,15,20260811,22,glcm_homogeneity,True,24,kodim16.png,0.18021507902174239,-0.08886017780561699,-8.50265017667844
awgn,15,20260811,22,glcm_homogeneity,True,24,kodim17.png,0.1636060659327343,-0.21050029388193264,-18.982118294360383
awgn,15,20260811,22,glcm_homogeneity,True,24,kodim18.png,0.14266866215020924,-0.028428479160081305,-2.802819209965579
awgn,15,20260811,22,glcm_homogeneity,True,24,kodim19.png,0.16243782980607857,0.04429384998905303,4.528946806237988
awgn,15,20260811,22,glcm_homogeneity,True,24,kodim20.png,0.09316870251051146,0.32034256367645725,37.75995990979706
awgn,15,20260811,22,glcm_homogeneity,True,24,kodim21.png,0.16301552141437436,0.033901551675681416,3.4482758620689724
awgn,15,20260811,22,glcm_homogeneity,True,24,kodim22.png,0.1676726054770027,-0.13818395407307665,-12.906153566890543
awgn,15,20260811,22,glcm_homogeneity,True,24,kodim23.png,0.20558522271606428,0.1322528925569153,14.139693356047701
awgn,15,20260811,22,glcm_homogeneity,True,24,kodim24.png,0.1462782767444436,-0.2828999700675966,-24.640483383685808
awgn,15,20260811,27,sobel_si,True,24,kodim01.png,-4.400341376272692,-0.20235997065819872,-18.319914932401648
awgn,15,20260811,27,sobel_si,True,24,kodim02.png,2.3157491547448927,-0.34873597094362097,-29.442060085836907
awgn,15,20260811,27,sobel_si,True,24,kodim03.png,-0.17631174084007029,0.09886315080387266,10.3915219311157
awgn,15,20260811,27,sobel_si,True,24,kodim04.png,1.3039661597067322,-0.005715934396441049,-0.5699629524080985
awgn,15,20260811,27,sobel_si,True,24,kodim05.png,-6.00794811287814,-0.21482165650743157,-19.33147055779778
awgn,15,20260811,27,sobel_si,True,24,kodim06.png,-4.603214132447661,-0.003895067360069517,-0.38874914246512793
awgn,15,20260811,27,sobel_si,True,24,kodim07.png,-4.704303385129222,-0.20876485729997904,-18.841394825646795
awgn,15,20260811,27,sobel_si,True,24,kodim08.png,-9.170748921384444,-0.1762035264329392,-16.155268022181147
awgn,15,20260811,27,sobel_si,True,24,kodim09.png,-3.8835190352615854,0.19918424764640294,22.04068022674226
awgn,15,20260811,27,sobel_si,True,24,kodim10.png,-2.8803449170003432,-0.07461584418089026,-7.190004714757192
awgn,15,20260811,27,sobel_si,True,24,kodim11.png,-3.928540734308015,-0.12696794523345606,-11.923809523809526
awgn,15,20260811,27,sobel_si,True,24,kodim12.png,-1.1041033010910297,0.08933505384571676,9.344695856597118
awgn,15,20260811,27,sobel_si,True,24,kodim13.png,-3.6815835786207884,-0.19525958512252276,-17.737890985878312
awgn,15,20260811,27,sobel_si,True,24,kodim14.png,-2.003621796012524,-0.30461830530312733,-26.25952158225312
awgn,15,20260811,27,sobel_si,True,24,kodim15.png,-3.0373663875231642,0.20914016048151554,23.261775072092263
awgn,15,20260811,27,sobel_si,True,24,kodim16.png,0.2724365306878056,-0.004746374974020258,-0.4735128736312433
awgn,15,20260811,27,sobel_si,True,24,kodim17.png,-1.5096258942434417,-0.16707103913194077,-15.386049981350247
awgn,15,20260811,27,sobel_si,True,24,kodim18.png,-3.5672077202971195,-0.027649736480115362,-2.7270981371231073
awgn,15,20260811,27,sobel_si,True,24,kodim19.png,-6.128227092154063,0.04765245783746321,4.8806087641039
awgn,15,20260811,27,sobel_si,True,24,kodim20.png,-2.7734988266264793,0.2559333741372007,29.166666666666675
awgn,15,20260811,27,sobel_si,True,24,kodim21.png,-6.709133224767513,-0.05128205078937415,-4.998931852168342
awgn,15,20260811,27,sobel_si,True,24,kodim22.png,-0.974381469419825,-0.05144579331742089,-5.0144862937374635
awgn,15,20260811,27,sobel_si,True,24,kodim23.png,0.4892165243699651,0.1901362598256195,20.941438102298005
awgn,15,20260811,27,sobel_si,True,24,kodim24.png,-7.060282634705089,-0.23755705242811334,-21.144809910294747
awgn,15,20260811,27,luma_sd,True,24,kodim01.png,2.5971982737123014,-0.20235997065819872,-18.319914932401648
awgn,15,20260811,27,luma_sd,True,24,kodim02.png,4.693237682701394,-0.34873597094362097,-29.442060085836907
awgn,15,20260811,27,luma_sd,True,24,kodim03.png,2.550244332217474,0.09886315080387266,10.3915219311157
awgn,15,20260811,27,luma_sd,True,24,kodim04.png,2.7309079684642654,-0.005715934396441049,-0.5699629524080985
awgn,15,20260811,27,luma_sd,True,24,kodim05.png,1.8167354996167617,-0.21482165650743157,-19.33147055779778
awgn,15,20260811,27,luma_sd,True,24,kodim06.png,0.819843177581248,-0.003895067360069517,-0.38874914246512793
awgn,15,20260811,27,luma_sd,True,24,kodim07.png,2.7791517788125404,-0.20876485729997904,-18.841394825646795
awgn,15,20260811,27,luma_sd,True,24,kodim08.png,1.031318922637837,-0.1762035264329392,-16.155268022181147
awgn,15,20260811,27,luma_sd,True,24,kodim09.png,2.7627703348725134,0.19918424764640294,22.04068022674226
awgn,15,20260811,27,luma_sd,True,24,kodim10.png,2.493415698113779,-0.07461584418089026,-7.190004714757192
awgn,15,20260811,27,luma_sd,True,24,kodim11.png,2.2814448206718367,-0.12696794523345606,-11.923809523809526
awgn,15,20260811,27,luma_sd,True,24,kodim12.png,1.8740597119213689,0.08933505384571676,9.344695856597118
awgn,15,20260811,27,luma_sd,True,24,kodim13.png,1.4781247969554343,-0.19525958512252276,-17.737890985878312
awgn,15,20260811,27,luma_sd,True,24,kodim14.png,2.1107109655868825,-0.30461830530312733,-26.25952158225312
awgn,15,20260811,27,luma_sd,True,24,kodim15.png,-0.07784813073661212,0.20914016048151554,23.261775072092263
awgn,15,20260811,27,luma_sd,True,24,kodim16.png,2.3773698329545496,-0.004746374974020258,-0.4735128736312433
awgn,15,20260811,27,luma_sd,True,24,kodim17.png,1.7166921502973835,-0.16707103913194077,-15.386049981350247
awgn,15,20260811,27,luma_sd,True,24,kodim18.png,2.42192150925743,-0.027649736480115362,-2.7270981371231073
awgn,15,20260811,27,luma_sd,True,24,kodim19.png,2.167645261052634,0.04765245783746321,4.8806087641039
awgn,15,20260811,27,luma_sd,True,24,kodim20.png,-1.470105119751679,0.2559333741372007,29.166666666666675
awgn,15,20260811,27,luma_sd,True,24,kodim21.png,2.2238251192361176,-0.05128205078937415,-4.998931852168342
awgn,15,20260811,27,luma_sd,True,24,kodim22.png,2.420241222318026,-0.05144579331742089,-5.0144862937374635
awgn,15,20260811,27,luma_sd,True,24,kodim23.png,2.0888894794073423,0.1901362598256195,20.941438102298005
awgn,15,20260811,27,luma_sd,True,24,kodim24.png,0.9595196335152707,-0.23755705242811334,-21.144809910294747
awgn,15,20260811,27,edge_fraction,True,24,kodim01.png,0.21502585368351002,-0.20235997065819872,-18.319914932401648
awgn,15,20260811,27,edge_fraction,True,24,kodim02.png,0.4279859724568678,-0.34873597094362097,-29.442060085836907
awgn,15,20260811,27,edge_fraction,True,24,kodim03.png,0.4388061229713818,0.09886315080387266,10.3915219311157
awgn,15,20260811,27,edge_fraction,True,24,kodim04.png,0.4061895254185225,-0.005715934396441049,-0.5699629524080985
awgn,15,20260811,27,edge_fraction,True,24,kodim05.png,0.22790150002559773,-0.21482165650743157,-19.33147055779778
awgn,15,20260811,27,edge_fraction,True,24,kodim06.png,0.26502329391286544,-0.003895067360069517,-0.38874914246512793
awgn,15,20260811,27,edge_fraction,True,24,kodim07.png,0.36977934777043975,-0.20876485729997904,-18.841394825646795
awgn,15,20260811,27,edge_fraction,True,24,kodim08.png,0.20181743715763067,-0.1762035264329392,-16.155268022181147
awgn,15,20260811,27,edge_fraction,True,24,kodim09.png,0.4144038294168842,0.19918424764640294,22.04068022674226
awgn,15,20260811,27,edge_fraction,True,24,kodim10.png,0.4066067680335842,-0.07461584418089026,-7.190004714757192
awgn,15,20260811,27,edge_fraction,True,24,kodim11.png,0.3424537961398659,-0.12696794523345606,-11.923809523809526
awgn,15,20260811,27,edge_fraction,True,24,kodim12.png,0.4206394307070087,0.08933505384571676,9.344695856597118
awgn,15,20260811,27,edge_fraction,True,24,kodim13.png,0.14105360159729696,-0.19525958512252276,-17.737890985878312
awgn,15,20260811,27,edge_fraction,True,24,kodim14.png,0.2820176112220345,-0.30461830530312733,-26.25952158225312
awgn,15,20260811,27,edge_fraction,True,24,kodim15.png,0.3675933036399939,0.20914016048151554,23.261775072092263
awgn,15,20260811,27,edge_fraction,True,24,kodim16.png,0.37224440690114163,-0.004746374974020258,-0.4735128736312433
awgn,15,20260811,27,edge_fraction,True,24,kodim17.png,0.38119080530384475,-0.16707103913194077,-15.386049981350247
awgn,15,20260811,27,edge_fraction,True,24,kodim18.png,0.27735882864895306,-0.027649736480115362,-2.7270981371231073
awgn,15,20260811,27,edge_fraction,True,24,kodim19.png,0.3530614856908821,0.04765245783746321,4.8806087641039
awgn,15,20260811,27,edge_fraction,True,24,kodim20.png,0.24922950903599037,0.2559333741372007,29.166666666666675
awgn,15,20260811,27,edge_fraction,True,24,kodim21.png,0.33974043925664255,-0.05128205078937415,-4.998931852168342
awgn,15,20260811,27,edge_fraction,True,24,kodim22.png,0.3491706343111657,-0.05144579331742089,-5.0144862937374635
awgn,15,20260811,27,edge_fraction,True,24,kodim23.png,0.4627041417089029,0.1901362598256195,20.941438102298005
awgn,15,20260811,27,edge_fraction,True,24,kodim24.png,0.28433676342599706,-0.23755705242811334,-21.144809910294747
awgn,15,20260811,27,glcm_contrast,True,24,kodim01.png,0.46118375498180075,-0.20235997065819872,-18.319914932401648
awgn,15,20260811,27,glcm_contrast,True,24,kodim02.png,0.533230572395218,-0.34873597094362097,-29.442060085836907
awgn,15,20260811,27,glcm_contrast,True,24,kodim03.png,0.49881536552218,0.09886315080387266,10.3915219311157
awgn,15,20260811,27,glcm_contrast,True,24,kodim04.png,0.48811095073753885,-0.005715934396441049,-0.5699629524080985
awgn,15,20260811,27,glcm_contrast,True,24,kodim05.png,0.4179765205675061,-0.21482165650743157,-19.33147055779778
awgn,15,20260811,27,glcm_contrast,True,24,kodim06.png,0.436563870447052,-0.003895067360069517,-0.38874914246512793
awgn,15,20260811,27,glcm_contrast,True,24,kodim07.png,0.4987578715450176,-0.20876485729997904,-18.841394825646795
awgn,15,20260811,27,glcm_contrast,True,24,kodim08.png,0.3951284803205777,-0.1762035264329392,-16.155268022181147
awgn,15,20260811,27,glcm_contrast,True,24,kodim09.png,0.5020167330251205,0.19918424764640294,22.04068022674226
awgn,15,20260811,27,glcm_contrast,True,24,kodim10.png,0.4979358283911328,-0.07461584418089026,-7.190004714757192
awgn,15,20260811,27,glcm_contrast,True,24,kodim11.png,0.465021064865681,-0.12696794523345606,-11.923809523809526
awgn,15,20260811,27,glcm_contrast,True,24,kodim12.png,0.4773677250578272,0.08933505384571676,9.344695856597118
awgn,15,20260811,27,glcm_contrast,True,24,kodim13.png,0.4158073985410389,-0.19525958512252276,-17.737890985878312
awgn,15,20260811,27,glcm_contrast,True,24,kodim14.png,0.4459160960232979,-0.30461830530312733,-26.25952158225312
awgn,15,20260811,27,glcm_contrast,True,24,kodim15.png,0.4008693500133897,0.20914016048151554,23.261775072092263
awgn,15,20260811,27,glcm_contrast,True,24,kodim16.png,0.503938324769829,-0.004746374974020258,-0.4735128736312433
awgn,15,20260811,27,glcm_contrast,True,24,kodim17.png,0.43040704990002654,-0.16707103913194077,-15.386049981350247
awgn,15,20260811,27,glcm_contrast,True,24,kodim18.png,0.4435266282431871,-0.027649736480115362,-2.7270981371231073
awgn,15,20260811,27,glcm_contrast,True,24,kodim19.png,0.4735325671128534,0.04765245783746321,4.8806087641039
awgn,15,20260811,27,glcm_contrast,True,24,kodim20.png,0.2569800198178374,0.2559333741372007,29.166666666666675
awgn,15,20260811,27,glcm_contrast,True,24,kodim21.png,0.47958586951500926,-0.05128205078937415,-4.998931852168342
awgn,15,20260811,27,glcm_contrast,True,24,kodim22.png,0.4792033193937525,-0.05144579331742089,-5.0144862937374635
awgn,15,20260811,27,glcm_contrast,True,24,kodim23.png,0.5196215591767619,0.1901362598256195,20.941438102298005
awgn,15,20260811,27,glcm_contrast,True,24,kodim24.png,0.4495116491504322,-0.23755705242811334,-21.144809910294747
awgn,15,20260811,27,glcm_entropy,True,24,kodim01.png,0.3804008960358827,-0.20235997065819872,-18.319914932401648
awgn,15,20260811,27,glcm_entropy,True,24,kodim02.png,0.994366471024863,-0.34873597094362097,-29.442060085836907
awgn,15,20260811,27,glcm_entropy,True,24,kodim03.png,0.6766590786893838,0.09886315080387266,10.3915219311157
awgn,15,20260811,27,glcm_entropy,True,24,kodim04.png,0.6305585187378977,-0.005715934396441049,-0.5699629524080985
awgn,15,20260811,27,glcm_entropy,True,24,kodim05.png,0.328097842851625,-0.21482165650743157,-19.33147055779778
awgn,15,20260811,27,glcm_entropy,True,24,kodim06.png,0.4716199094098368,-0.003895067360069517,-0.38874914246512793
awgn,15,20260811,27,glcm_entropy,True,24,kodim07.png,0.6395737278298483,-0.20876485729997904,-18.841394825646795
awgn,15,20260811,27,glcm_entropy,True,24,kodim08.png,0.27182865811635937,-0.1762035264329392,-16.155268022181147
awgn,15,20260811,27,glcm_entropy,True,24,kodim09.png,0.6891025178609373,0.19918424764640294,22.04068022674226
awgn,15,20260811,27,glcm_entropy,True,24,kodim10.png,0.6903420388817034,-0.07461584418089026,-7.190004714757192
awgn,15,20260811,27,glcm_entropy,True,24,kodim11.png,0.6198687543083317,-0.12696794523345606,-11.923809523809526
awgn,15,20260811,27,glcm_entropy,True,24,kodim12.png,0.6668080060122401,0.08933505384571676,9.344695856597118
awgn,15,20260811,27,glcm_entropy,True,24,kodim13.png,0.28749999151133654,-0.19525958512252276,-17.737890985878312
awgn,15,20260811,27,glcm_entropy,True,24,kodim14.png,0.43545407883019704,-0.30461830530312733,-26.25952158225312
awgn,15,20260811,27,glcm_entropy,True,24,kodim15.png,0.5382786433803695,0.20914016048151554,23.261775072092263
awgn,15,20260811,27,glcm_entropy,True,24,kodim16.png,0.6895456943796776,-0.004746374974020258,-0.4735128736312433
awgn,15,20260811,27,glcm_entropy,True,24,kodim17.png,0.5465528578202692,-0.16707103913194077,-15.386049981350247
awgn,15,20260811,27,glcm_entropy,True,24,kodim18.png,0.44271152086044374,-0.027649736480115362,-2.7270981371231073
awgn,15,20260811,27,glcm_entropy,True,24,kodim19.png,0.5559274067134425,0.04765245783746321,4.8806087641039
awgn,15,20260811,27,glcm_entropy,True,24,kodim20.png,0.38067214301710073,0.2559333741372007,29.166666666666675
awgn,15,20260811,27,glcm_entropy,True,24,kodim21.png,0.5341198104643365,-0.05128205078937415,-4.998931852168342
awgn,15,20260811,27,glcm_entropy,True,24,kodim22.png,0.5735116166366536,-0.05144579331742089,-5.0144862937374635
awgn,15,20260811,27,glcm_entropy,True,24,kodim23.png,0.755356214600833,0.1901362598256195,20.941438102298005
awgn,15,20260811,27,glcm_entropy,True,24,kodim24.png,0.49149172948611985,-0.23755705242811334,-21.144809910294747
awgn,15,20260811,27,glcm_homogeneity,True,24,kodim01.png,0.1261878341672854,-0.20235997065819872,-18.319914932401648
awgn,15,20260811,27,glcm_homogeneity,True,24,kodim02.png,0.20388041133418433,-0.34873597094362097,-29.442060085836907
awgn,15,20260811,27,glcm_homogeneity,True,24,kodim03.png,0.19284905931759844,0.09886315080387266,10.3915219311157
awgn,15,20260811,27,glcm_homogeneity,True,24,kodim04.png,0.1806146884947134,-0.005715934396441049,-0.5699629524080985
awgn,15,20260811,27,glcm_homogeneity,True,24,kodim05.png,0.1263152692658197,-0.21482165650743157,-19.33147055779778
awgn,15,20260811,27,glcm_homogeneity,True,24,kodim06.png,0.13589053048215316,-0.003895067360069517,-0.38874914246512793
awgn,15,20260811,27,glcm_homogeneity,True,24,kodim07.png,0.18350391704391966,-0.20876485729997904,-18.841394825646795
awgn,15,20260811,27,glcm_homogeneity,True,24,kodim08.png,0.10585597142225112,-0.1762035264329392,-16.155268022181147
awgn,15,20260811,27,glcm_homogeneity,True,24,kodim09.png,0.1877229754748092,0.19918424764640294,22.04068022674226
awgn,15,20260811,27,glcm_homogeneity,True,24,kodim10.png,0.18856139578787134,-0.07461584418089026,-7.190004714757192
awgn,15,20260811,27,glcm_homogeneity,True,24,kodim11.png,0.1647471576872448,-0.12696794523345606,-11.923809523809526
awgn,15,20260811,27,glcm_homogeneity,True,24,kodim12.png,0.18014766464204524,0.08933505384571676,9.344695856597118
awgn,15,20260811,27,glcm_homogeneity,True,24,kodim13.png,0.0990483565373681,-0.19525958512252276,-17.737890985878312
awgn,15,20260811,27,glcm_homogeneity,True,24,kodim14.png,0.1462427966135338,-0.30461830530312733,-26.25952158225312
awgn,15,20260811,27,glcm_homogeneity,True,24,kodim15.png,0.15451085223530292,0.20914016048151554,23.261775072092263
awgn,15,20260811,27,glcm_homogeneity,True,24,kodim16.png,0.18021507902174239,-0.004746374974020258,-0.4735128736312433
awgn,15,20260811,27,glcm_homogeneity,True,24,kodim17.png,0.1636060659327343,-0.16707103913194077,-15.386049981350247
awgn,15,20260811,27,glcm_homogeneity,True,24,kodim18.png,0.14266866215020924,-0.027649736480115362,-2.7270981371231073
awgn,15,20260811,27,glcm_homogeneity,True,24,kodim19.png,0.16243782980607857,0.04765245783746321,4.8806087641039
awgn,15,20260811,27,glcm_homogeneity,True,24,kodim20.png,0.09316870251051146,0.2559333741372007,29.166666666666675
awgn,15,20260811,27,glcm_homogeneity,True,24,kodim21.png,0.16301552141437436,-0.05128205078937415,-4.998931852168342
awgn,15,20260811,27,glcm_homogeneity,True,24,kodim22.png,0.1676726054770027,-0.05144579331742089,-5.0144862937374635
awgn,15,20260811,27,glcm_homogeneity,True,24,kodim23.png,0.20558522271606428,0.1901362598256195,20.941438102298005
awgn,15,20260811,27,glcm_homogeneity,True,24,kodim24.png,0.1462782767444436,-0.23755705242811334,-21.144809910294747
awgn,15,20260811,32,sobel_si,True,24,kodim01.png,-4.400341376272692,-0.042883600877415606,-4.197710339814642
awgn,15,20260811,32,sobel_si,True,24,kodim02.png,2.3157491547448927,0.2287340112947185,25.700764470331272
awgn,15,20260811,32,sobel_si,True,24,kodim03.png,-0.17631174084007029,0.2809486789050871,32.43856332703214
awgn,15,20260811,32,sobel_si,True,24,kodim04.png,1.3039661597067322,0.30490267020345135,35.64929693961951
awgn,15,20260811,32,sobel_si,True,24,kodim05.png,-6.00794811287814,-0.09450367075854457,-9.017560512577127
awgn,15,20260811,32,sobel_si,True,24,kodim06.png,-4.603214132447661,0.1313403467608792,14.035583168596455
awgn,15,20260811,32,sobel_si,True,24,kodim07.png,-4.704303385129222,0.00067942477984485,0.06796556411419186
awgn,15,20260811,32,sobel_si,True,24,kodim08.png,-9.170748921384444,-0.06489509093988718,-6.2834224598930515
awgn,15,20260811,32,sobel_si,True,24,kodim09.png,-3.8835190352615854,0.4269389552011312,53.255910410618014
awgn,15,20260811,32,sobel_si,True,24,kodim10.png,-2.8803449170003432,0.15529288440603525,16.799999999999994
awgn,15,20260811,32,sobel_si,True,24,kodim11.png,-3.928540734308015,0.07642843190590584,7.9424935187367485
awgn,15,20260811,32,sobel_si,True,24,kodim12.png,-1.1041033010910297,0.37438877265034715,45.4102355808286
awgn,15,20260811,32,sobel_si,True,24,kodim13.png,-3.6815835786207884,-0.1252140270654531,-11.769195542665233
awgn,15,20260811,32,sobel_si,True,24,kodim14.png,-2.003621796012524,-0.1273684129857169,-11.959074136195902
awgn,15,20260811,32,sobel_si,True,24,kodim15.png,-3.0373663875231642,0.5064586100079188,65.94041796353936
awgn,15,20260811,32,sobel_si,True,24,kodim16.png,0.2724365306878056,0.2779003858199366,32.03546646106401
awgn,15,20260811,32,sobel_si,True,24,kodim17.png,-1.5096258942434417,0.09195274748195942,9.63130173062452
awgn,15,20260811,32,sobel_si,True,24,kodim18.png,-3.5672077202971195,0.10545516333193028,11.121628017037377
awgn,15,20260811,32,sobel_si,True,24,kodim19.png,-6.128227092154063,0.3639713159197769,43.90329362298529
awgn,15,20260811,32,sobel_si,True,24,kodim20.png,-2.7734988266264793,0.28355637698589464,32.78437380314057
awgn,15,20260811,32,sobel_si,True,24,kodim21.png,-6.709133224767513,0.179332830211123,19.64188822571893
awgn,15,20260811,32,sobel_si,True,24,kodim22.png,-0.974381469419825,0.18805223150293962,20.68965517241379
awgn,15,20260811,32,sobel_si,True,24,kodim23.png,0.4892165243699651,0.5221806636784302,68.56995884773663
awgn,15,20260811,32,sobel_si,True,24,kodim24.png,-7.060282634705089,-0.05479248213694539,-5.331841909023116
awgn,15,20260811,32,luma_sd,True,24,kodim01.png,2.5971982737123014,-0.042883600877415606,-4.197710339814642
awgn,15,20260811,32,luma_sd,True,24,kodim02.png,4.693237682701394,0.2287340112947185,25.700764470331272
awgn,15,20260811,32,luma_sd,True,24,kodim03.png,2.550244332217474,0.2809486789050871,32.43856332703214
awgn,15,20260811,32,luma_sd,True,24,kodim04.png,2.7309079684642654,0.30490267020345135,35.64929693961951
awgn,15,20260811,32,luma_sd,True,24,kodim05.png,1.8167354996167617,-0.09450367075854457,-9.017560512577127
awgn,15,20260811,32,luma_sd,True,24,kodim06.png,0.819843177581248,0.1313403467608792,14.035583168596455
awgn,15,20260811,32,luma_sd,True,24,kodim07.png,2.7791517788125404,0.00067942477984485,0.06796556411419186
awgn,15,20260811,32,luma_sd,True,24,kodim08.png,1.031318922637837,-0.06489509093988718,-6.2834224598930515
awgn,15,20260811,32,luma_sd,True,24,kodim09.png,2.7627703348725134,0.4269389552011312,53.255910410618014
awgn,15,20260811,32,luma_sd,True,24,kodim10.png,2.493415698113779,0.15529288440603525,16.799999999999994
awgn,15,20260811,32,luma_sd,True,24,kodim11.png,2.2814448206718367,0.07642843190590584,7.9424935187367485
awgn,15,20260811,32,luma_sd,True,24,kodim12.png,1.8740597119213689,0.37438877265034715,45.4102355808286
awgn,15,20260811,32,luma_sd,True,24,kodim13.png,1.4781247969554343,-0.1252140270654531,-11.769195542665233
awgn,15,20260811,32,luma_sd,True,24,kodim14.png,2.1107109655868825,-0.1273684129857169,-11.959074136195902
awgn,15,20260811,32,luma_sd,True,24,kodim15.png,-0.07784813073661212,0.5064586100079188,65.94041796353936
awgn,15,20260811,32,luma_sd,True,24,kodim16.png,2.3773698329545496,0.2779003858199366,32.03546646106401
awgn,15,20260811,32,luma_sd,True,24,kodim17.png,1.7166921502973835,0.09195274748195942,9.63130173062452
awgn,15,20260811,32,luma_sd,True,24,kodim18.png,2.42192150925743,0.10545516333193028,11.121628017037377
awgn,15,20260811,32,luma_sd,True,24,kodim19.png,2.167645261052634,0.3639713159197769,43.90329362298529
awgn,15,20260811,32,luma_sd,True,24,kodim20.png,-1.470105119751679,0.28355637698589464,32.78437380314057
awgn,15,20260811,32,luma_sd,True,24,kodim21.png,2.2238251192361176,0.179332830211123,19.64188822571893
awgn,15,20260811,32,luma_sd,True,24,kodim22.png,2.420241222318026,0.18805223150293962,20.68965517241379
awgn,15,20260811,32,luma_sd,True,24,kodim23.png,2.0888894794073423,0.5221806636784302,68.56995884773663
awgn,15,20260811,32,luma_sd,True,24,kodim24.png,0.9595196335152707,-0.05479248213694539,-5.331841909023116
awgn,15,20260811,32,edge_fraction,True,24,kodim01.png,0.21502585368351002,-0.042883600877415606,-4.197710339814642
awgn,15,20260811,32,edge_fraction,True,24,kodim02.png,0.4279859724568678,0.2287340112947185,25.700764470331272
awgn,15,20260811,32,edge_fraction,True,24,kodim03.png,0.4388061229713818,0.2809486789050871,32.43856332703214
awgn,15,20260811,32,edge_fraction,True,24,kodim04.png,0.4061895254185225,0.30490267020345135,35.64929693961951
awgn,15,20260811,32,edge_fraction,True,24,kodim05.png,0.22790150002559773,-0.09450367075854457,-9.017560512577127
awgn,15,20260811,32,edge_fraction,True,24,kodim06.png,0.26502329391286544,0.1313403467608792,14.035583168596455
awgn,15,20260811,32,edge_fraction,True,24,kodim07.png,0.36977934777043975,0.00067942477984485,0.06796556411419186
awgn,15,20260811,32,edge_fraction,True,24,kodim08.png,0.20181743715763067,-0.06489509093988718,-6.2834224598930515
awgn,15,20260811,32,edge_fraction,True,24,kodim09.png,0.4144038294168842,0.4269389552011312,53.255910410618014
awgn,15,20260811,32,edge_fraction,True,24,kodim10.png,0.4066067680335842,0.15529288440603525,16.799999999999994
awgn,15,20260811,32,edge_fraction,True,24,kodim11.png,0.3424537961398659,0.07642843190590584,7.9424935187367485
awgn,15,20260811,32,edge_fraction,True,24,kodim12.png,0.4206394307070087,0.37438877265034715,45.4102355808286
awgn,15,20260811,32,edge_fraction,True,24,kodim13.png,0.14105360159729696,-0.1252140270654531,-11.769195542665233
awgn,15,20260811,32,edge_fraction,True,24,kodim14.png,0.2820176112220345,-0.1273684129857169,-11.959074136195902
awgn,15,20260811,32,edge_fraction,True,24,kodim15.png,0.3675933036399939,0.5064586100079188,65.94041796353936
awgn,15,20260811,32,edge_fraction,True,24,kodim16.png,0.37224440690114163,0.2779003858199366,32.03546646106401
awgn,15,20260811,32,edge_fraction,True,24,kodim17.png,0.38119080530384475,0.09195274748195942,9.63130173062452
awgn,15,20260811,32,edge_fraction,True,24,kodim18.png,0.27735882864895306,0.10545516333193028,11.121628017037377
awgn,15,20260811,32,edge_fraction,True,24,kodim19.png,0.3530614856908821,0.3639713159197769,43.90329362298529
awgn,15,20260811,32,edge_fraction,True,24,kodim20.png,0.24922950903599037,0.28355637698589464,32.78437380314057
awgn,15,20260811,32,edge_fraction,True,24,kodim21.png,0.33974043925664255,0.179332830211123,19.64188822571893
awgn,15,20260811,32,edge_fraction,True,24,kodim22.png,0.3491706343111657,0.18805223150293962,20.68965517241379
awgn,15,20260811,32,edge_fraction,True,24,kodim23.png,0.4627041417089029,0.5221806636784302,68.56995884773663
awgn,15,20260811,32,edge_fraction,True,24,kodim24.png,0.28433676342599706,-0.05479248213694539,-5.331841909023116
awgn,15,20260811,32,glcm_contrast,True,24,kodim01.png,0.46118375498180075,-0.042883600877415606,-4.197710339814642
awgn,15,20260811,32,glcm_contrast,True,24,kodim02.png,0.533230572395218,0.2287340112947185,25.700764470331272
awgn,15,20260811,32,glcm_contrast,True,24,kodim03.png,0.49881536552218,0.2809486789050871,32.43856332703214
awgn,15,20260811,32,glcm_contrast,True,24,kodim04.png,0.48811095073753885,0.30490267020345135,35.64929693961951
awgn,15,20260811,32,glcm_contrast,True,24,kodim05.png,0.4179765205675061,-0.09450367075854457,-9.017560512577127
awgn,15,20260811,32,glcm_contrast,True,24,kodim06.png,0.436563870447052,0.1313403467608792,14.035583168596455
awgn,15,20260811,32,glcm_contrast,True,24,kodim07.png,0.4987578715450176,0.00067942477984485,0.06796556411419186
awgn,15,20260811,32,glcm_contrast,True,24,kodim08.png,0.3951284803205777,-0.06489509093988718,-6.2834224598930515
awgn,15,20260811,32,glcm_contrast,True,24,kodim09.png,0.5020167330251205,0.4269389552011312,53.255910410618014
awgn,15,20260811,32,glcm_contrast,True,24,kodim10.png,0.4979358283911328,0.15529288440603525,16.799999999999994
awgn,15,20260811,32,glcm_contrast,True,24,kodim11.png,0.465021064865681,0.07642843190590584,7.9424935187367485
awgn,15,20260811,32,glcm_contrast,True,24,kodim12.png,0.4773677250578272,0.37438877265034715,45.4102355808286
awgn,15,20260811,32,glcm_contrast,True,24,kodim13.png,0.4158073985410389,-0.1252140270654531,-11.769195542665233
awgn,15,20260811,32,glcm_contrast,True,24,kodim14.png,0.4459160960232979,-0.1273684129857169,-11.959074136195902
awgn,15,20260811,32,glcm_contrast,True,24,kodim15.png,0.4008693500133897,0.5064586100079188,65.94041796353936
awgn,15,20260811,32,glcm_contrast,True,24,kodim16.png,0.503938324769829,0.2779003858199366,32.03546646106401
awgn,15,20260811,32,glcm_contrast,True,24,kodim17.png,0.43040704990002654,0.09195274748195942,9.63130173062452
awgn,15,20260811,32,glcm_contrast,True,24,kodim18.png,0.4435266282431871,0.10545516333193028,11.121628017037377
awgn,15,20260811,32,glcm_contrast,True,24,kodim19.png,0.4735325671128534,0.3639713159197769,43.90329362298529
awgn,15,20260811,32,glcm_contrast,True,24,kodim20.png,0.2569800198178374,0.28355637698589464,32.78437380314057
awgn,15,20260811,32,glcm_contrast,True,24,kodim21.png,0.47958586951500926,0.179332830211123,19.64188822571893
awgn,15,20260811,32,glcm_contrast,True,24,kodim22.png,0.4792033193937525,0.18805223150293962,20.68965517241379
awgn,15,20260811,32,glcm_contrast,True,24,kodim23.png,0.5196215591767619,0.5221806636784302,68.56995884773663
awgn,15,20260811,32,glcm_contrast,True,24,kodim24.png,0.4495116491504322,-0.05479248213694539,-5.331841909023116
awgn,15,20260811,32,glcm_entropy,True,24,kodim01.png,0.3804008960358827,-0.042883600877415606,-4.197710339814642
awgn,15,20260811,32,glcm_entropy,True,24,kodim02.png,0.994366471024863,0.2287340112947185,25.700764470331272
awgn,15,20260811,32,glcm_entropy,True,24,kodim03.png,0.6766590786893838,0.2809486789050871,32.43856332703214
awgn,15,20260811,32,glcm_entropy,True,24,kodim04.png,0.6305585187378977,0.30490267020345135,35.64929693961951
awgn,15,20260811,32,glcm_entropy,True,24,kodim05.png,0.328097842851625,-0.09450367075854457,-9.017560512577127
awgn,15,20260811,32,glcm_entropy,True,24,kodim06.png,0.4716199094098368,0.1313403467608792,14.035583168596455
awgn,15,20260811,32,glcm_entropy,True,24,kodim07.png,0.6395737278298483,0.00067942477984485,0.06796556411419186
awgn,15,20260811,32,glcm_entropy,True,24,kodim08.png,0.27182865811635937,-0.06489509093988718,-6.2834224598930515
awgn,15,20260811,32,glcm_entropy,True,24,kodim09.png,0.6891025178609373,0.4269389552011312,53.255910410618014
awgn,15,20260811,32,glcm_entropy,True,24,kodim10.png,0.6903420388817034,0.15529288440603525,16.799999999999994
awgn,15,20260811,32,glcm_entropy,True,24,kodim11.png,0.6198687543083317,0.07642843190590584,7.9424935187367485
awgn,15,20260811,32,glcm_entropy,True,24,kodim12.png,0.6668080060122401,0.37438877265034715,45.4102355808286
awgn,15,20260811,32,glcm_entropy,True,24,kodim13.png,0.28749999151133654,-0.1252140270654531,-11.769195542665233
awgn,15,20260811,32,glcm_entropy,True,24,kodim14.png,0.43545407883019704,-0.1273684129857169,-11.959074136195902
awgn,15,20260811,32,glcm_entropy,True,24,kodim15.png,0.5382786433803695,0.5064586100079188,65.94041796353936
awgn,15,20260811,32,glcm_entropy,True,24,kodim16.png,0.6895456943796776,0.2779003858199366,32.03546646106401
awgn,15,20260811,32,glcm_entropy,True,24,kodim17.png,0.5465528578202692,0.09195274748195942,9.63130173062452
awgn,15,20260811,32,glcm_entropy,True,24,kodim18.png,0.44271152086044374,0.10545516333193028,11.121628017037377
awgn,15,20260811,32,glcm_entropy,True,24,kodim19.png,0.5559274067134425,0.3639713159197769,43.90329362298529
awgn,15,20260811,32,glcm_entropy,True,24,kodim20.png,0.38067214301710073,0.28355637698589464,32.78437380314057
awgn,15,20260811,32,glcm_entropy,True,24,kodim21.png,0.5341198104643365,0.179332830211123,19.64188822571893
awgn,15,20260811,32,glcm_entropy,True,24,kodim22.png,0.5735116166366536,0.18805223150293962,20.68965517241379
awgn,15,20260811,32,glcm_entropy,True,24,kodim23.png,0.755356214600833,0.5221806636784302,68.56995884773663
awgn,15,20260811,32,glcm_entropy,True,24,kodim24.png,0.49149172948611985,-0.05479248213694539,-5.331841909023116
awgn,15,20260811,32,glcm_homogeneity,True,24,kodim01.png,0.1261878341672854,-0.042883600877415606,-4.197710339814642
awgn,15,20260811,32,glcm_homogeneity,True,24,kodim02.png,0.20388041133418433,0.2287340112947185,25.700764470331272
awgn,15,20260811,32,glcm_homogeneity,True,24,kodim03.png,0.19284905931759844,0.2809486789050871,32.43856332703214
awgn,15,20260811,32,glcm_homogeneity,True,24,kodim04.png,0.1806146884947134,0.30490267020345135,35.64929693961951
awgn,15,20260811,32,glcm_homogeneity,True,24,kodim05.png,0.1263152692658197,-0.09450367075854457,-9.017560512577127
awgn,15,20260811,32,glcm_homogeneity,True,24,kodim06.png,0.13589053048215316,0.1313403467608792,14.035583168596455
awgn,15,20260811,32,glcm_homogeneity,True,24,kodim07.png,0.18350391704391966,0.00067942477984485,0.06796556411419186
awgn,15,20260811,32,glcm_homogeneity,True,24,kodim08.png,0.10585597142225112,-0.06489509093988718,-6.2834224598930515
awgn,15,20260811,32,glcm_homogeneity,True,24,kodim09.png,0.1877229754748092,0.4269389552011312,53.255910410618014
awgn,15,20260811,32,glcm_homogeneity,True,24,kodim10.png,0.18856139578787134,0.15529288440603525,16.799999999999994
awgn,15,20260811,32,glcm_homogeneity,True,24,kodim11.png,0.1647471576872448,0.07642843190590584,7.9424935187367485
awgn,15,20260811,32,glcm_homogeneity,True,24,kodim12.png,0.18014766464204524,0.37438877265034715,45.4102355808286
awgn,15,20260811,32,glcm_homogeneity,True,24,kodim13.png,0.0990483565373681,-0.1252140270654531,-11.769195542665233
awgn,15,20260811,32,glcm_homogeneity,True,24,kodim14.png,0.1462427966135338,-0.1273684129857169,-11.959074136195902
awgn,15,20260811,32,glcm_homogeneity,True,24,kodim15.png,0.15451085223530292,0.5064586100079188,65.94041796353936
awgn,15,20260811,32,glcm_homogeneity,True,24,kodim16.png,0.18021507902174239,0.2779003858199366,32.03546646106401
awgn,15,20260811,32,glcm_homogeneity,True,24,kodim17.png,0.1636060659327343,0.09195274748195942,9.63130173062452
awgn,15,20260811,32,glcm_homogeneity,True,24,kodim18.png,0.14266866215020924,0.10545516333193028,11.121628017037377
awgn,15,20260811,32,glcm_homogeneity,True,24,kodim19.png,0.16243782980607857,0.3639713159197769,43.90329362298529
awgn,15,20260811,32,glcm_homogeneity,True,24,kodim20.png,0.09316870251051146,0.28355637698589464,32.78437380314057
awgn,15,20260811,32,glcm_homogeneity,True,24,kodim21.png,0.16301552141437436,0.179332830211123,19.64188822571893
awgn,15,20260811,32,glcm_homogeneity,True,24,kodim22.png,0.1676726054770027,0.18805223150293962,20.68965517241379
awgn,15,20260811,32,glcm_homogeneity,True,24,kodim23.png,0.20558522271606428,0.5221806636784302,68.56995884773663
awgn,15,20260811,32,glcm_homogeneity,True,24,kodim24.png,0.1462782767444436,-0.05479248213694539,-5.331841909023116
awgn,15,20260811,37,sobel_si,True,24,kodim01.png,-4.400341376272692,0.14144085147886437,15.193236714975855
awgn,15,20260811,37,sobel_si,True,24,kodim02.png,2.3157491547448927,0.5434331810275547,72.19083490269931
awgn,15,20260811,37,sobel_si,True,24,kodim03.png,-0.17631174084007029,0.3934962057177485,48.21536600120992
awgn,15,20260811,37,sobel_si,True,24,kodim04.png,1.3039661597067322,0.4246164011767902,52.90037831021437
awgn,15,20260811,37,sobel_si,True,24,kodim05.png,-6.00794811287814,0.06125576989570443,6.317080650107343
awgn,15,20260811,37,sobel_si,True,24,kodim06.png,-4.603214132447661,0.21768817809709107,24.31993503857084
awgn,15,20260811,37,sobel_si,True,24,kodim07.png,-4.704303385129222,0.1552547495399583,16.795545932570377
awgn,15,20260811,37,sobel_si,True,24,kodim08.png,-9.170748921384444,0.07719179665168467,8.0249244712991
awgn,15,20260811,37,sobel_si,True,24,kodim09.png,-3.8835190352615854,0.46004968357978765,58.41526894158473
awgn,15,20260811,37,sobel_si,True,24,kodim10.png,-2.8803449170003432,0.3707830990448616,44.88687782805432
awgn,15,20260811,37,sobel_si,True,24,kodim11.png,-3.928540734308015,0.21530192436378007,24.023629799803103
awgn,15,20260811,37,sobel_si,True,24,kodim12.png,-1.1041033010910297,0.5711800383809879,77.03549060542798
awgn,15,20260811,37,sobel_si,True,24,kodim13.png,-3.6815835786207884,0.12079720452135208,12.839605554437528
awgn,15,20260811,37,sobel_si,True,24,kodim14.png,-2.003621796012524,0.1821612490026527,19.980764606876654
awgn,15,20260811,37,sobel_si,True,24,kodim15.png,-3.0373663875231642,0.4072065103767004,50.26143790849673
awgn,15,20260811,37,sobel_si,True,24,kodim16.png,0.2724365306878056,0.5207943236343046,68.33642547928262
awgn,15,20260811,37,sobel_si,True,24,kodim17.png,-1.5096258942434417,0.23033697389843444,25.902419674732236
awgn,15,20260811,37,sobel_si,True,24,kodim18.png,-3.5672077202971195,0.32071601355128854,37.81141595711133
awgn,15,20260811,37,sobel_si,True,24,kodim19.png,-6.128227092154063,0.4069310257906607,50.22004889975551
awgn,15,20260811,37,sobel_si,True,24,kodim20.png,-2.7734988266264793,0.23726925357785833,26.77824267782425
awgn,15,20260811,37,sobel_si,True,24,kodim21.png,-6.709133224767513,0.15076199478174163,16.271989174560233
awgn,15,20260811,37,sobel_si,True,24,kodim22.png,-0.974381469419825,0.3669125973395549,44.32717678100264
awgn,15,20260811,37,sobel_si,True,24,kodim23.png,0.4892165243699651,0.43168095023905734,53.98437499999999
awgn,15,20260811,37,sobel_si,True,24,kodim24.png,-7.060282634705089,0.17116649621625882,18.66883116883118
awgn,15,20260811,37,luma_sd,True,24,kodim01.png,2.5971982737123014,0.14144085147886437,15.193236714975855
awgn,15,20260811,37,luma_sd,True,24,kodim02.png,4.693237682701394,0.5434331810275547,72.19083490269931
awgn,15,20260811,37,luma_sd,True,24,kodim03.png,2.550244332217474,0.3934962057177485,48.21536600120992
awgn,15,20260811,37,luma_sd,True,24,kodim04.png,2.7309079684642654,0.4246164011767902,52.90037831021437
awgn,15,20260811,37,luma_sd,True,24,kodim05.png,1.8167354996167617,0.06125576989570443,6.317080650107343
awgn,15,20260811,37,luma_sd,True,24,kodim06.png,0.819843177581248,0.21768817809709107,24.31993503857084
awgn,15,20260811,37,luma_sd,True,24,kodim07.png,2.7791517788125404,0.1552547495399583,16.795545932570377
awgn,15,20260811,37,luma_sd,True,24,kodim08.png,1.031318922637837,0.07719179665168467,8.0249244712991
awgn,15,20260811,37,luma_sd,True,24,kodim09.png,2.7627703348725134,0.46004968357978765,58.41526894158473
awgn,15,20260811,37,luma_sd,True,24,kodim10.png,2.493415698113779,0.3707830990448616,44.88687782805432
awgn,15,20260811,37,luma_sd,True,24,kodim11.png,2.2814448206718367,0.21530192436378007,24.023629799803103
awgn,15,20260811,37,luma_sd,True,24,kodim12.png,1.8740597119213689,0.5711800383809879,77.03549060542798
awgn,15,20260811,37,luma_sd,True,24,kodim13.png,1.4781247969554343,0.12079720452135208,12.839605554437528
awgn,15,20260811,37,luma_sd,True,24,kodim14.png,2.1107109655868825,0.1821612490026527,19.980764606876654
awgn,15,20260811,37,luma_sd,True,24,kodim15.png,-0.07784813073661212,0.4072065103767004,50.26143790849673
awgn,15,20260811,37,luma_sd,True,24,kodim16.png,2.3773698329545496,0.5207943236343046,68.33642547928262
awgn,15,20260811,37,luma_sd,True,24,kodim17.png,1.7166921502973835,0.23033697389843444,25.902419674732236
awgn,15,20260811,37,luma_sd,True,24,kodim18.png,2.42192150925743,0.32071601355128854,37.81141595711133
awgn,15,20260811,37,luma_sd,True,24,kodim19.png,2.167645261052634,0.4069310257906607,50.22004889975551
awgn,15,20260811,37,luma_sd,True,24,kodim20.png,-1.470105119751679,0.23726925357785833,26.77824267782425
awgn,15,20260811,37,luma_sd,True,24,kodim21.png,2.2238251192361176,0.15076199478174163,16.271989174560233
awgn,15,20260811,37,luma_sd,True,24,kodim22.png,2.420241222318026,0.3669125973395549,44.32717678100264
awgn,15,20260811,37,luma_sd,True,24,kodim23.png,2.0888894794073423,0.43168095023905734,53.98437499999999
awgn,15,20260811,37,luma_sd,True,24,kodim24.png,0.9595196335152707,0.17116649621625882,18.66883116883118
awgn,15,20260811,37,edge_fraction,True,24,kodim01.png,0.21502585368351002,0.14144085147886437,15.193236714975855
awgn,15,20260811,37,edge_fraction,True,24,kodim02.png,0.4279859724568678,0.5434331810275547,72.19083490269931
awgn,15,20260811,37,edge_fraction,True,24,kodim03.png,0.4388061229713818,0.3934962057177485,48.21536600120992
awgn,15,20260811,37,edge_fraction,True,24,kodim04.png,0.4061895254185225,0.4246164011767902,52.90037831021437
awgn,15,20260811,37,edge_fraction,True,24,kodim05.png,0.22790150002559773,0.06125576989570443,6.317080650107343
awgn,15,20260811,37,edge_fraction,True,24,kodim06.png,0.26502329391286544,0.21768817809709107,24.31993503857084
awgn,15,20260811,37,edge_fraction,True,24,kodim07.png,0.36977934777043975,0.1552547495399583,16.795545932570377
awgn,15,20260811,37,edge_fraction,True,24,kodim08.png,0.20181743715763067,0.07719179665168467,8.0249244712991
awgn,15,20260811,37,edge_fraction,True,24,kodim09.png,0.4144038294168842,0.46004968357978765,58.41526894158473
awgn,15,20260811,37,edge_fraction,True,24,kodim10.png,0.4066067680335842,0.3707830990448616,44.88687782805432
awgn,15,20260811,37,edge_fraction,True,24,kodim11.png,0.3424537961398659,0.21530192436378007,24.023629799803103
awgn,15,20260811,37,edge_fraction,True,24,kodim12.png,0.4206394307070087,0.5711800383809879,77.03549060542798
awgn,15,20260811,37,edge_fraction,True,24,kodim13.png,0.14105360159729696,0.12079720452135208,12.839605554437528
awgn,15,20260811,37,edge_fraction,True,24,kodim14.png,0.2820176112220345,0.1821612490026527,19.980764606876654
awgn,15,20260811,37,edge_fraction,True,24,kodim15.png,0.3675933036399939,0.4072065103767004,50.26143790849673
awgn,15,20260811,37,edge_fraction,True,24,kodim16.png,0.37224440690114163,0.5207943236343046,68.33642547928262
awgn,15,20260811,37,edge_fraction,True,24,kodim17.png,0.38119080530384475,0.23033697389843444,25.902419674732236
awgn,15,20260811,37,edge_fraction,True,24,kodim18.png,0.27735882864895306,0.32071601355128854,37.81141595711133
awgn,15,20260811,37,edge_fraction,True,24,kodim19.png,0.3530614856908821,0.4069310257906607,50.22004889975551
awgn,15,20260811,37,edge_fraction,True,24,kodim20.png,0.24922950903599037,0.23726925357785833,26.77824267782425
awgn,15,20260811,37,edge_fraction,True,24,kodim21.png,0.33974043925664255,0.15076199478174163,16.271989174560233
awgn,15,20260811,37,edge_fraction,True,24,kodim22.png,0.3491706343111657,0.3669125973395549,44.32717678100264
awgn,15,20260811,37,edge_fraction,True,24,kodim23.png,0.4627041417089029,0.43168095023905734,53.98437499999999
awgn,15,20260811,37,edge_fraction,True,24,kodim24.png,0.28433676342599706,0.17116649621625882,18.66883116883118
awgn,15,20260811,37,glcm_contrast,True,24,kodim01.png,0.46118375498180075,0.14144085147886437,15.193236714975855
awgn,15,20260811,37,glcm_contrast,True,24,kodim02.png,0.533230572395218,0.5434331810275547,72.19083490269931
awgn,15,20260811,37,glcm_contrast,True,24,kodim03.png,0.49881536552218,0.3934962057177485,48.21536600120992
awgn,15,20260811,37,glcm_contrast,True,24,kodim04.png,0.48811095073753885,0.4246164011767902,52.90037831021437
awgn,15,20260811,37,glcm_contrast,True,24,kodim05.png,0.4179765205675061,0.06125576989570443,6.317080650107343
awgn,15,20260811,37,glcm_contrast,True,24,kodim06.png,0.436563870447052,0.21768817809709107,24.31993503857084
awgn,15,20260811,37,glcm_contrast,True,24,kodim07.png,0.4987578715450176,0.1552547495399583,16.795545932570377
awgn,15,20260811,37,glcm_contrast,True,24,kodim08.png,0.3951284803205777,0.07719179665168467,8.0249244712991
awgn,15,20260811,37,glcm_contrast,True,24,kodim09.png,0.5020167330251205,0.46004968357978765,58.41526894158473
awgn,15,20260811,37,glcm_contrast,True,24,kodim10.png,0.4979358283911328,0.3707830990448616,44.88687782805432
awgn,15,20260811,37,glcm_contrast,True,24,kodim11.png,0.465021064865681,0.21530192436378007,24.023629799803103
awgn,15,20260811,37,glcm_contrast,True,24,kodim12.png,0.4773677250578272,0.5711800383809879,77.03549060542798
awgn,15,20260811,37,glcm_contrast,True,24,kodim13.png,0.4158073985410389,0.12079720452135208,12.839605554437528
awgn,15,20260811,37,glcm_contrast,True,24,kodim14.png,0.4459160960232979,0.1821612490026527,19.980764606876654
awgn,15,20260811,37,glcm_contrast,True,24,kodim15.png,0.4008693500133897,0.4072065103767004,50.26143790849673
awgn,15,20260811,37,glcm_contrast,True,24,kodim16.png,0.503938324769829,0.5207943236343046,68.33642547928262
awgn,15,20260811,37,glcm_contrast,True,24,kodim17.png,0.43040704990002654,0.23033697389843444,25.902419674732236
awgn,15,20260811,37,glcm_contrast,True,24,kodim18.png,0.4435266282431871,0.32071601355128854,37.81141595711133
awgn,15,20260811,37,glcm_contrast,True,24,kodim19.png,0.4735325671128534,0.4069310257906607,50.22004889975551
awgn,15,20260811,37,glcm_contrast,True,24,kodim20.png,0.2569800198178374,0.23726925357785833,26.77824267782425
awgn,15,20260811,37,glcm_contrast,True,24,kodim21.png,0.47958586951500926,0.15076199478174163,16.271989174560233
awgn,15,20260811,37,glcm_contrast,True,24,kodim22.png,0.4792033193937525,0.3669125973395549,44.32717678100264
awgn,15,20260811,37,glcm_contrast,True,24,kodim23.png,0.5196215591767619,0.43168095023905734,53.98437499999999
awgn,15,20260811,37,glcm_contrast,True,24,kodim24.png,0.4495116491504322,0.17116649621625882,18.66883116883118
awgn,15,20260811,37,glcm_entropy,True,24,kodim01.png,0.3804008960358827,0.14144085147886437,15.193236714975855
awgn,15,20260811,37,glcm_entropy,True,24,kodim02.png,0.994366471024863,0.5434331810275547,72.19083490269931
awgn,15,20260811,37,glcm_entropy,True,24,kodim03.png,0.6766590786893838,0.3934962057177485,48.21536600120992
awgn,15,20260811,37,glcm_entropy,True,24,kodim04.png,0.6305585187378977,0.4246164011767902,52.90037831021437
awgn,15,20260811,37,glcm_entropy,True,24,kodim05.png,0.328097842851625,0.06125576989570443,6.317080650107343
awgn,15,20260811,37,glcm_entropy,True,24,kodim06.png,0.4716199094098368,0.21768817809709107,24.31993503857084
awgn,15,20260811,37,glcm_entropy,True,24,kodim07.png,0.6395737278298483,0.1552547495399583,16.795545932570377
awgn,15,20260811,37,glcm_entropy,True,24,kodim08.png,0.27182865811635937,0.07719179665168467,8.0249244712991
awgn,15,20260811,37,glcm_entropy,True,24,kodim09.png,0.6891025178609373,0.46004968357978765,58.41526894158473
awgn,15,20260811,37,glcm_entropy,True,24,kodim10.png,0.6903420388817034,0.3707830990448616,44.88687782805432
awgn,15,20260811,37,glcm_entropy,True,24,kodim11.png,0.6198687543083317,0.21530192436378007,24.023629799803103
awgn,15,20260811,37,glcm_entropy,True,24,kodim12.png,0.6668080060122401,0.5711800383809879,77.03549060542798
awgn,15,20260811,37,glcm_entropy,True,24,kodim13.png,0.28749999151133654,0.12079720452135208,12.839605554437528
awgn,15,20260811,37,glcm_entropy,True,24,kodim14.png,0.43545407883019704,0.1821612490026527,19.980764606876654
awgn,15,20260811,37,glcm_entropy,True,24,kodim15.png,0.5382786433803695,0.4072065103767004,50.26143790849673
awgn,15,20260811,37,glcm_entropy,True,24,kodim16.png,0.6895456943796776,0.5207943236343046,68.33642547928262
awgn,15,20260811,37,glcm_entropy,True,24,kodim17.png,0.5465528578202692,0.23033697389843444,25.902419674732236
awgn,15,20260811,37,glcm_entropy,True,24,kodim18.png,0.44271152086044374,0.32071601355128854,37.81141595711133
awgn,15,20260811,37,glcm_entropy,True,24,kodim19.png,0.5559274067134425,0.4069310257906607,50.22004889975551
awgn,15,20260811,37,glcm_entropy,True,24,kodim20.png,0.38067214301710073,0.23726925357785833,26.77824267782425
awgn,15,20260811,37,glcm_entropy,True,24,kodim21.png,0.5341198104643365,0.15076199478174163,16.271989174560233
awgn,15,20260811,37,glcm_entropy,True,24,kodim22.png,0.5735116166366536,0.3669125973395549,44.32717678100264
awgn,15,20260811,37,glcm_entropy,True,24,kodim23.png,0.755356214600833,0.43168095023905734,53.98437499999999
awgn,15,20260811,37,glcm_entropy,True,24,kodim24.png,0.49149172948611985,0.17116649621625882,18.66883116883118
awgn,15,20260811,37,glcm_homogeneity,True,24,kodim01.png,0.1261878341672854,0.14144085147886437,15.193236714975855
awgn,15,20260811,37,glcm_homogeneity,True,24,kodim02.png,0.20388041133418433,0.5434331810275547,72.19083490269931
awgn,15,20260811,37,glcm_homogeneity,True,24,kodim03.png,0.19284905931759844,0.3934962057177485,48.21536600120992
awgn,15,20260811,37,glcm_homogeneity,True,24,kodim04.png,0.1806146884947134,0.4246164011767902,52.90037831021437
awgn,15,20260811,37,glcm_homogeneity,True,24,kodim05.png,0.1263152692658197,0.06125576989570443,6.317080650107343
awgn,15,20260811,37,glcm_homogeneity,True,24,kodim06.png,0.13589053048215316,0.21768817809709107,24.31993503857084
awgn,15,20260811,37,glcm_homogeneity,True,24,kodim07.png,0.18350391704391966,0.1552547495399583,16.795545932570377
awgn,15,20260811,37,glcm_homogeneity,True,24,kodim08.png,0.10585597142225112,0.07719179665168467,8.0249244712991
awgn,15,20260811,37,glcm_homogeneity,True,24,kodim09.png,0.1877229754748092,0.46004968357978765,58.41526894158473
awgn,15,20260811,37,glcm_homogeneity,True,24,kodim10.png,0.18856139578787134,0.3707830990448616,44.88687782805432
awgn,15,20260811,37,glcm_homogeneity,True,24,kodim11.png,0.1647471576872448,0.21530192436378007,24.023629799803103
awgn,15,20260811,37,glcm_homogeneity,True,24,kodim12.png,0.18014766464204524,0.5711800383809879,77.03549060542798
awgn,15,20260811,37,glcm_homogeneity,True,24,kodim13.png,0.0990483565373681,0.12079720452135208,12.839605554437528
awgn,15,20260811,37,glcm_homogeneity,True,24,kodim14.png,0.1462427966135338,0.1821612490026527,19.980764606876654
awgn,15,20260811,37,glcm_homogeneity,True,24,kodim15.png,0.15451085223530292,0.4072065103767004,50.26143790849673
awgn,15,20260811,37,glcm_homogeneity,True,24,kodim16.png,0.18021507902174239,0.5207943236343046,68.33642547928262
awgn,15,20260811,37,glcm_homogeneity,True,24,kodim17.png,0.1636060659327343,0.23033697389843444,25.902419674732236
awgn,15,20260811,37,glcm_homogeneity,True,24,kodim18.png,0.14266866215020924,0.32071601355128854,37.81141595711133
awgn,15,20260811,37,glcm_homogeneity,True,24,kodim19.png,0.16243782980607857,0.4069310257906607,50.22004889975551
awgn,15,20260811,37,glcm_homogeneity,True,24,kodim20.png,0.09316870251051146,0.23726925357785833,26.77824267782425
awgn,15,20260811,37,glcm_homogeneity,True,24,kodim21.png,0.16301552141437436,0.15076199478174163,16.271989174560233
awgn,15,20260811,37,glcm_homogeneity,True,24,kodim22.png,0.1676726054770027,0.3669125973395549,44.32717678100264
awgn,15,20260811,37,glcm_homogeneity,True,24,kodim23.png,0.20558522271606428,0.43168095023905734,53.98437499999999
awgn,15,20260811,37,glcm_homogeneity,True,24,kodim24.png,0.1462782767444436,0.17116649621625882,18.66883116883118
awgn,30,20260811,22,sobel_si,True,24,kodim01.png,1.796754689085958,-0.5539345378415536,-42.53157605711147
awgn,30,20260811,22,sobel_si,True,24,kodim02.png,22.106399451718424,-0.6611279964418888,-48.37313432835821
awgn,30,20260811,22,sobel_si,True,24,kodim03.png,19.521168397171948,-0.21182833995191488,-19.08964235949837
awgn,30,20260811,22,sobel_si,True,24,kodim04.png,19.739226482579788,-0.2537127723935663,-22.40853658536586
awgn,30,20260811,22,sobel_si,True,24,kodim05.png,-4.415862522362346,-0.4311347032872859,-35.02286214612316
awgn,30,20260811,22,sobel_si,True,24,kodim06.png,4.937647341471077,-0.19708070577749617,-17.887563884156734
awgn,30,20260811,22,sobel_si,True,24,kodim07.png,9.016302453292766,-0.5096944019259019,-39.932088285229206
awgn,30,20260811,22,sobel_si,True,24,kodim08.png,-12.718360426102436,-0.491684217586855,-38.84045335658238
awgn,30,20260811,22,sobel_si,True,24,kodim09.png,8.761897771942685,-0.05504982054418928,-5.356200527704469
awgn,30,20260811,22,sobel_si,True,24,kodim10.png,11.709815224895692,-0.37099319910218864,-30.995136550692102
awgn,30,20260811,22,sobel_si,True,24,kodim11.png,6.831919904593562,-0.3388135788505811,-28.738471673254285
awgn,30,20260811,22,sobel_si,True,24,kodim12.png,14.041393971462128,-0.14490868164036064,-13.48987108655616
awgn,30,20260811,22,sobel_si,True,24,kodim13.png,-0.34848518746883883,-0.38593137600816485,-32.01828241520328
awgn,30,20260811,22,sobel_si,True,24,kodim14.png,8.44621386062137,-0.5361465744229035,-41.50018384605956
awgn,30,20260811,22,sobel_si,True,24,kodim15.png,7.315082675662055,0.11093898642228514,11.732673267326721
awgn,30,20260811,22,sobel_si,True,24,kodim16.png,19.852078103505285,-0.31787417294641135,-27.23056537102474
awgn,30,20260811,22,sobel_si,True,24,kodim17.png,13.452965112828025,-0.2777968121207057,-24.254928931682716
awgn,30,20260811,22,sobel_si,True,24,kodim18.png,5.266441383335319,-0.24484931607941443,-21.717751188329782
awgn,30,20260811,22,sobel_si,True,24,kodim19.png,-1.161287363761133,-0.20851069558559326,-18.820764793847456
awgn,30,20260811,22,sobel_si,True,24,kodim20.png,6.248646997414184,0.465986551285434,59.35855675269357
awgn,30,20260811,22,sobel_si,True,24,kodim21.png,1.6545853564035724,-0.20091018773966987,-18.201410658307204
awgn,30,20260811,22,sobel_si,True,24,kodim22.png,14.530474032372595,-0.34977506774104916,-29.515338536939552
awgn,30,20260811,22,sobel_si,True,24,kodim23.png,17.615748221244637,0.04632640854052417,4.741624077228845
awgn,30,20260811,22,sobel_si,True,24,kodim24.png,-0.6489096551242,-0.4946430710442607,-39.021148036253784
awgn,30,20260811,22,luma_sd,True,24,kodim01.png,9.291615103513607,-0.5539345378415536,-42.53157605711147
awgn,30,20260811,22,luma_sd,True,24,kodim02.png,14.316861721298114,-0.6611279964418888,-48.37313432835821
awgn,30,20260811,22,luma_sd,True,24,kodim03.png,9.147071299224457,-0.21182833995191488,-19.08964235949837
awgn,30,20260811,22,luma_sd,True,24,kodim04.png,9.362136104606101,-0.2537127723935663,-22.40853658536586
awgn,30,20260811,22,luma_sd,True,24,kodim05.png,6.391918858856151,-0.4311347032872859,-35.02286214612316
awgn,30,20260811,22,luma_sd,True,24,kodim06.png,4.346613555176937,-0.19708070577749617,-17.887563884156734
awgn,30,20260811,22,luma_sd,True,24,kodim07.png,9.885769452721469,-0.5096944019259019,-39.932088285229206
awgn,30,20260811,22,luma_sd,True,24,kodim08.png,4.244509195411396,-0.491684217586855,-38.84045335658238
awgn,30,20260811,22,luma_sd,True,24,kodim09.png,9.880857224916205,-0.05504982054418928,-5.356200527704469
awgn,30,20260811,22,luma_sd,True,24,kodim10.png,9.227019702860972,-0.37099319910218864,-30.995136550692102
awgn,30,20260811,22,luma_sd,True,24,kodim11.png,7.898471790488799,-0.3388135788505811,-28.738471673254285
awgn,30,20260811,22,luma_sd,True,24,kodim12.png,7.34378723654239,-0.14490868164036064,-13.48987108655616
awgn,30,20260811,22,luma_sd,True,24,kodim13.png,6.020504909935283,-0.38593137600816485,-32.01828241520328
awgn,30,20260811,22,luma_sd,True,24,kodim14.png,7.2140312898233105,-0.5361465744229035,-41.50018384605956
awgn,30,20260811,22,luma_sd,True,24,kodim15.png,0.58985107408121,0.11093898642228514,11.732673267326721
awgn,30,20260811,22,luma_sd,True,24,kodim16.png,8.54105338197244,-0.31787417294641135,-27.23056537102474
awgn,30,20260811,22,luma_sd,True,24,kodim17.png,5.9108035028463775,-0.2777968121207057,-24.254928931682716
awgn,30,20260811,22,luma_sd,True,24,kodim18.png,8.363004958474292,-0.24484931607941443,-21.717751188329782
awgn,30,20260811,22,luma_sd,True,24,kodim19.png,7.75307850069165,-0.20851069558559326,-18.820764793847456
awgn,30,20260811,22,luma_sd,True,24,kodim20.png,-1.9214389952059605,0.465986551285434,59.35855675269357
awgn,30,20260811,22,luma_sd,True,24,kodim21.png,8.389987769883,-0.20091018773966987,-18.201410658307204
awgn,30,20260811,22,luma_sd,True,24,kodim22.png,8.988948764641663,-0.34977506774104916,-29.515338536939552
awgn,30,20260811,22,luma_sd,True,24,kodim23.png,7.584723269198911,0.04632640854052417,4.741624077228845
awgn,30,20260811,22,luma_sd,True,24,kodim24.png,5.277095544139932,-0.4946430710442607,-39.021148036253784
awgn,30,20260811,22,edge_fraction,True,24,kodim01.png,0.358634106384068,-0.5539345378415536,-42.53157605711147
awgn,30,20260811,22,edge_fraction,True,24,kodim02.png,0.6839630369118928,-0.6611279964418888,-48.37313432835821
awgn,30,20260811,22,edge_fraction,True,24,kodim03.png,0.7124840014334716,-0.21182833995191488,-19.08964235949837
awgn,30,20260811,22,edge_fraction,True,24,kodim04.png,0.6476578098602365,-0.2537127723935663,-22.40853658536586
awgn,30,20260811,22,edge_fraction,True,24,kodim05.png,0.3729893001587058,-0.4311347032872859,-35.02286214612316
awgn,30,20260811,22,edge_fraction,True,24,kodim06.png,0.4608969436338504,-0.19708070577749617,-17.887563884156734
awgn,30,20260811,22,edge_fraction,True,24,kodim07.png,0.6015077049096401,-0.5096944019259019,-39.932088285229206
awgn,30,20260811,22,edge_fraction,True,24,kodim08.png,0.33405518865509654,-0.491684217586855,-38.84045335658238
awgn,30,20260811,22,edge_fraction,True,24,kodim09.png,0.6736471612143551,-0.05504982054418928,-5.356200527704469
awgn,30,20260811,22,edge_fraction,True,24,kodim10.png,0.6608918240925613,-0.37099319910218864,-30.995136550692102
awgn,30,20260811,22,edge_fraction,True,24,kodim11.png,0.554535913582143,-0.3388135788505811,-28.738471673254285
awgn,30,20260811,22,edge_fraction,True,24,kodim12.png,0.6858854246659499,-0.14490868164036064,-13.48987108655616
awgn,30,20260811,22,edge_fraction,True,24,kodim13.png,0.25301540981928017,-0.38593137600816485,-32.01828241520328
awgn,30,20260811,22,edge_fraction,True,24,kodim14.png,0.45647110018942305,-0.5361465744229035,-41.50018384605956
awgn,30,20260811,22,edge_fraction,True,24,kodim15.png,0.6325218860390109,0.11093898642228514,11.732673267326721
awgn,30,20260811,22,edge_fraction,True,24,kodim16.png,0.6020734142220856,-0.31787417294641135,-27.23056537102474
awgn,30,20260811,22,edge_fraction,True,24,kodim17.png,0.6202785030461271,-0.2777968121207057,-24.254928931682716
awgn,30,20260811,22,edge_fraction,True,24,kodim18.png,0.451246608303896,-0.24484931607941443,-21.717751188329782
awgn,30,20260811,22,edge_fraction,True,24,kodim19.png,0.5729355449751703,-0.20851069558559326,-18.820764793847456
awgn,30,20260811,22,edge_fraction,True,24,kodim20.png,0.5562509599139916,0.465986551285434,59.35855675269357
awgn,30,20260811,22,edge_fraction,True,24,kodim21.png,0.5580044028055087,-0.20091018773966987,-18.201410658307204
awgn,30,20260811,22,edge_fraction,True,24,kodim22.png,0.5670275943275482,-0.34977506774104916,-29.515338536939552
awgn,30,20260811,22,edge_fraction,True,24,kodim23.png,0.747120258024881,0.04632640854052417,4.741624077228845
awgn,30,20260811,22,edge_fraction,True,24,kodim24.png,0.47810884144780624,-0.4946430710442607,-39.021148036253784
awgn,30,20260811,22,glcm_contrast,True,24,kodim01.png,1.6848500230306467,-0.5539345378415536,-42.53157605711147
awgn,30,20260811,22,glcm_contrast,True,24,kodim02.png,1.7305740725012089,-0.6611279964418888,-48.37313432835821
awgn,30,20260811,22,glcm_contrast,True,24,kodim03.png,1.6975513901947252,-0.21182833995191488,-19.08964235949837
awgn,30,20260811,22,glcm_contrast,True,24,kodim04.png,1.6988685616014447,-0.2537127723935663,-22.40853658536586
awgn,30,20260811,22,glcm_contrast,True,24,kodim05.png,1.4387502881322445,-0.4311347032872859,-35.02286214612316
awgn,30,20260811,22,glcm_contrast,True,24,kodim06.png,1.5556646339141134,-0.19708070577749617,-17.887563884156734
awgn,30,20260811,22,glcm_contrast,True,24,kodim07.png,1.7287078784411887,-0.5096944019259019,-39.932088285229206
awgn,30,20260811,22,glcm_contrast,True,24,kodim08.png,1.424304338864303,-0.491684217586855,-38.84045335658238
awgn,30,20260811,22,glcm_contrast,True,24,kodim09.png,1.757754748554269,-0.05504982054418928,-5.356200527704469
awgn,30,20260811,22,glcm_contrast,True,24,kodim10.png,1.7362886297368636,-0.37099319910218864,-30.995136550692102
awgn,30,20260811,22,glcm_contrast,True,24,kodim11.png,1.599174682095087,-0.3388135788505811,-28.738471673254285
awgn,30,20260811,22,glcm_contrast,True,24,kodim12.png,1.6418516367373241,-0.14490868164036064,-13.48987108655616
awgn,30,20260811,22,glcm_contrast,True,24,kodim13.png,1.5292083249149417,-0.38593137600816485,-32.01828241520328
awgn,30,20260811,22,glcm_contrast,True,24,kodim14.png,1.5544673635433859,-0.5361465744229035,-41.50018384605956
awgn,30,20260811,22,glcm_contrast,True,24,kodim15.png,1.243672091589204,0.11093898642228514,11.732673267326721
awgn,30,20260811,22,glcm_contrast,True,24,kodim16.png,1.7067658576286653,-0.31787417294641135,-27.23056537102474
awgn,30,20260811,22,glcm_contrast,True,24,kodim17.png,1.4524199447498365,-0.2777968121207057,-24.254928931682716
awgn,30,20260811,22,glcm_contrast,True,24,kodim18.png,1.4908396811129192,-0.24484931607941443,-21.717751188329782
awgn,30,20260811,22,glcm_contrast,True,24,kodim19.png,1.6543662777289998,-0.20851069558559326,-18.820764793847456
awgn,30,20260811,22,glcm_contrast,True,24,kodim20.png,0.956660130237369,0.465986551285434,59.35855675269357
awgn,30,20260811,22,glcm_contrast,True,24,kodim21.png,1.6891981497238926,-0.20091018773966987,-18.201410658307204
awgn,30,20260811,22,glcm_contrast,True,24,kodim22.png,1.7237239572037941,-0.34977506774104916,-29.515338536939552
awgn,30,20260811,22,glcm_contrast,True,24,kodim23.png,1.7071887929407077,0.04632640854052417,4.741624077228845
awgn,30,20260811,22,glcm_contrast,True,24,kodim24.png,1.5906663496182105,-0.4946430710442607,-39.021148036253784
awgn,30,20260811,22,glcm_entropy,True,24,kodim01.png,0.8350311041641985,-0.5539345378415536,-42.53157605711147
awgn,30,20260811,22,glcm_entropy,True,24,kodim02.png,1.7997493890987606,-0.6611279964418888,-48.37313432835821
awgn,30,20260811,22,glcm_entropy,True,24,kodim03.png,1.2344524564571624,-0.21182833995191488,-19.08964235949837
awgn,30,20260811,22,glcm_entropy,True,24,kodim04.png,1.192122223131821,-0.2537127723935663,-22.40853658536586
awgn,30,20260811,22,glcm_entropy,True,24,kodim05.png,0.6563278559185179,-0.4311347032872859,-35.02286214612316
awgn,30,20260811,22,glcm_entropy,True,24,kodim06.png,0.9116209744149044,-0.19708070577749617,-17.887563884156734
awgn,30,20260811,22,glcm_entropy,True,24,kodim07.png,1.2105464771048062,-0.5096944019259019,-39.932088285229206
awgn,30,20260811,22,glcm_entropy,True,24,kodim08.png,0.5764341759007401,-0.491684217586855,-38.84045335658238
awgn,30,20260811,22,glcm_entropy,True,24,kodim09.png,1.2706791432762006,-0.05504982054418928,-5.356200527704469
awgn,30,20260811,22,glcm_entropy,True,24,kodim10.png,1.2685483678032776,-0.37099319910218864,-30.995136550692102
awgn,30,20260811,22,glcm_entropy,True,24,kodim11.png,1.1342218090511729,-0.3388135788505811,-28.738471673254285
awgn,30,20260811,22,glcm_entropy,True,24,kodim12.png,1.2595727864037078,-0.14490868164036064,-13.48987108655616
awgn,30,20260811,22,glcm_entropy,True,24,kodim13.png,0.6479706291984177,-0.38593137600816485,-32.01828241520328
awgn,30,20260811,22,glcm_entropy,True,24,kodim14.png,0.8427564535031675,-0.5361465744229035,-41.50018384605956
awgn,30,20260811,22,glcm_entropy,True,24,kodim15.png,0.9471003382461096,0.11093898642228514,11.732673267326721
awgn,30,20260811,22,glcm_entropy,True,24,kodim16.png,1.2183406817576774,-0.31787417294641135,-27.23056537102474
awgn,30,20260811,22,glcm_entropy,True,24,kodim17.png,0.9740345274789877,-0.2777968121207057,-24.254928931682716
awgn,30,20260811,22,glcm_entropy,True,24,kodim18.png,0.8644342595854133,-0.24484931607941443,-21.717751188329782
awgn,30,20260811,22,glcm_entropy,True,24,kodim19.png,1.0278137510615726,-0.20851069558559326,-18.820764793847456
awgn,30,20260811,22,glcm_entropy,True,24,kodim20.png,0.8993022231563728,0.465986551285434,59.35855675269357
awgn,30,20260811,22,glcm_entropy,True,24,kodim21.png,1.069177301024261,-0.20091018773966987,-18.201410658307204
awgn,30,20260811,22,glcm_entropy,True,24,kodim22.png,1.128726608026244,-0.34977506774104916,-29.515338536939552
awgn,30,20260811,22,glcm_entropy,True,24,kodim23.png,1.3356905299596828,0.04632640854052417,4.741624077228845
awgn,30,20260811,22,glcm_entropy,True,24,kodim24.png,0.9761746114442897,-0.4946430710442607,-39.021148036253784
awgn,30,20260811,22,glcm_homogeneity,True,24,kodim01.png,0.2611397551375313,-0.5539345378415536,-42.53157605711147
awgn,30,20260811,22,glcm_homogeneity,True,24,kodim02.png,0.37925819206432354,-0.6611279964418888,-48.37313432835821
awgn,30,20260811,22,glcm_homogeneity,True,24,kodim03.png,0.35794173009717,-0.21182833995191488,-19.08964235949837
awgn,30,20260811,22,glcm_homogeneity,True,24,kodim04.png,0.3464368385243194,-0.2537127723935663,-22.40853658536586
awgn,30,20260811,22,glcm_homogeneity,True,24,kodim05.png,0.250138850440097,-0.4311347032872859,-35.02286214612316
awgn,30,20260811,22,glcm_homogeneity,True,24,kodim06.png,0.27687590835041176,-0.19708070577749617,-17.887563884156734
awgn,30,20260811,22,glcm_homogeneity,True,24,kodim07.png,0.345994210272218,-0.5096944019259019,-39.932088285229206
awgn,30,20260811,22,glcm_homogeneity,True,24,kodim08.png,0.21907200548613837,-0.491684217586855,-38.84045335658238
awgn,30,20260811,22,glcm_homogeneity,True,24,kodim09.png,0.3562207534800532,-0.05504982054418928,-5.356200527704469
awgn,30,20260811,22,glcm_homogeneity,True,24,kodim10.png,0.3570037974664849,-0.37099319910218864,-30.995136550692102
awgn,30,20260811,22,glcm_homogeneity,True,24,kodim11.png,0.3127630270573857,-0.3388135788505811,-28.738471673254285
awgn,30,20260811,22,glcm_homogeneity,True,24,kodim12.png,0.34471386654079805,-0.14490868164036064,-13.48987108655616
awgn,30,20260811,22,glcm_homogeneity,True,24,kodim13.png,0.21877968203857412,-0.38593137600816485,-32.01828241520328
awgn,30,20260811,22,glcm_homogeneity,True,24,kodim14.png,0.289025824029737,-0.5361465744229035,-41.50018384605956
awgn,30,20260811,22,glcm_homogeneity,True,24,kodim15.png,0.2899055960287983,0.11093898642228514,11.732673267326721
awgn,30,20260811,22,glcm_homogeneity,True,24,kodim16.png,0.3412071848326199,-0.31787417294641135,-27.23056537102474
awgn,30,20260811,22,glcm_homogeneity,True,24,kodim17.png,0.31295452192425643,-0.2777968121207057,-24.254928931682716
awgn,30,20260811,22,glcm_homogeneity,True,24,kodim18.png,0.2794727407189971,-0.24484931607941443,-21.717751188329782
awgn,30,20260811,22,glcm_homogeneity,True,24,kodim19.png,0.3142459879712167,-0.20851069558559326,-18.820764793847456
awgn,30,20260811,22,glcm_homogeneity,True,24,kodim20.png,0.2252791046112993,0.465986551285434,59.35855675269357
awgn,30,20260811,22,glcm_homogeneity,True,24,kodim21.png,0.31503778712525976,-0.20091018773966987,-18.201410658307204
awgn,30,20260811,22,glcm_homogeneity,True,24,kodim22.png,0.3301422302321989,-0.34977506774104916,-29.515338536939552
awgn,30,20260811,22,glcm_homogeneity,True,24,kodim23.png,0.3748895974601375,0.04632640854052417,4.741624077228845
awgn,30,20260811,22,glcm_homogeneity,True,24,kodim24.png,0.2921949652493274,-0.4946430710442607,-39.021148036253784
awgn,30,20260811,27,sobel_si,True,24,kodim01.png,1.796754689085958,-0.4072135596539784,-33.449794926325396
awgn,30,20260811,27,sobel_si,True,24,kodim02.png,22.106399451718424,-0.3469128163821059,-29.313304721030043
awgn,30,20260811,27,sobel_si,True,24,kodim03.png,19.521168397171948,0.11000089521432849,11.627906976744185
awgn,30,20260811,27,sobel_si,True,24,kodim04.png,19.739226482579788,0.04758165557976158,4.8731832430892075
awgn,30,20260811,27,sobel_si,True,24,kodim05.png,-4.415862522362346,-0.40282965196683573,-33.1574045327538
awgn,30,20260811,27,sobel_si,True,24,kodim06.png,4.937647341471077,-0.008497008293438553,-0.8461010747770503
awgn,30,20260811,27,sobel_si,True,24,kodim07.png,9.016302453292766,-0.22788857442868837,-20.378702662167225
awgn,30,20260811,27,sobel_si,True,24,kodim08.png,-12.718360426102436,-0.3969982804253935,-32.76648182378311
awgn,30,20260811,27,sobel_si,True,24,kodim09.png,8.761897771942685,0.23724834429936528,26.775591863954638
awgn,30,20260811,27,sobel_si,True,24,kodim10.png,11.709815224895692,-0.09255584351733068,-8.84016973125884
awgn,30,20260811,27,sobel_si,True,24,kodim11.png,6.831919904593562,-0.24821718886632582,-21.980952380952388
awgn,30,20260811,27,sobel_si,True,24,kodim12.png,14.041393971462128,0.05349480698141902,5.495151337055559
awgn,30,20260811,27,sobel_si,True,24,kodim13.png,-0.34848518746883883,-0.35270463135374747,-29.72152566979015
awgn,30,20260811,27,sobel_si,True,24,kodim14.png,8.44621386062137,-0.41912201921438047,-34.2376052385407
awgn,30,20260811,27,sobel_si,True,24,kodim15.png,7.315082675662055,0.27891255649800184,32.16917654597884
awgn,30,20260811,27,sobel_si,True,24,kodim16.png,19.852078103505285,0.024266649021864723,2.45634803196213
awgn,30,20260811,27,sobel_si,True,24,kodim17.png,13.452965112828025,-0.1659695961304008,-15.292801193584483
awgn,30,20260811,27,sobel_si,True,24,kodim18.png,5.266441383335319,-0.1425986873118133,-13.289802189360477
awgn,30,20260811,27,sobel_si,True,24,kodim19.png,-1.161287363761133,-0.020679421959276387,-2.0467069010758343
awgn,30,20260811,27,sobel_si,True,24,kodim20.png,6.248646997414184,0.4387223298646468,55.072463768115945
awgn,30,20260811,27,sobel_si,True,24,kodim21.png,1.6545853564035724,-0.10747530930322882,-10.19013031403546
awgn,30,20260811,27,sobel_si,True,24,kodim22.png,14.530474032372595,-0.11864701475166801,-11.187876086472038
awgn,30,20260811,27,sobel_si,True,24,kodim23.png,17.615748221244637,0.2071527749522733,23.017049666419553
awgn,30,20260811,27,sobel_si,True,24,kodim24.png,-0.6489096551242,-0.37517250997404333,-31.2829275238502
awgn,30,20260811,27,luma_sd,True,24,kodim01.png,9.291615103513607,-0.4072135596539784,-33.449794926325396
awgn,30,20260811,27,luma_sd,True,24,kodim02.png,14.316861721298114,-0.3469128163821059,-29.313304721030043
awgn,30,20260811,27,luma_sd,True,24,kodim03.png,9.147071299224457,0.11000089521432849,11.627906976744185
awgn,30,20260811,27,luma_sd,True,24,kodim04.png,9.362136104606101,0.04758165557976158,4.8731832430892075
awgn,30,20260811,27,luma_sd,True,24,kodim05.png,6.391918858856151,-0.40282965196683573,-33.1574045327538
awgn,30,20260811,27,luma_sd,True,24,kodim06.png,4.346613555176937,-0.008497008293438553,-0.8461010747770503
awgn,30,20260811,27,luma_sd,True,24,kodim07.png,9.885769452721469,-0.22788857442868837,-20.378702662167225
awgn,30,20260811,27,luma_sd,True,24,kodim08.png,4.244509195411396,-0.3969982804253935,-32.76648182378311
awgn,30,20260811,27,luma_sd,True,24,kodim09.png,9.880857224916205,0.23724834429936528,26.775591863954638
awgn,30,20260811,27,luma_sd,True,24,kodim10.png,9.227019702860972,-0.09255584351733068,-8.84016973125884
awgn,30,20260811,27,luma_sd,True,24,kodim11.png,7.898471790488799,-0.24821718886632582,-21.980952380952388
awgn,30,20260811,27,luma_sd,True,24,kodim12.png,7.34378723654239,0.05349480698141902,5.495151337055559
awgn,30,20260811,27,luma_sd,True,24,kodim13.png,6.020504909935283,-0.35270463135374747,-29.72152566979015
awgn,30,20260811,27,luma_sd,True,24,kodim14.png,7.2140312898233105,-0.41912201921438047,-34.2376052385407
awgn,30,20260811,27,luma_sd,True,24,kodim15.png,0.58985107408121,0.27891255649800184,32.16917654597884
awgn,30,20260811,27,luma_sd,True,24,kodim16.png,8.54105338197244,0.024266649021864723,2.45634803196213
awgn,30,20260811,27,luma_sd,True,24,kodim17.png,5.9108035028463775,-0.1659695961304008,-15.292801193584483
awgn,30,20260811,27,luma_sd,True,24,kodim18.png,8.363004958474292,-0.1425986873118133,-13.289802189360477
awgn,30,20260811,27,luma_sd,True,24,kodim19.png,7.75307850069165,-0.020679421959276387,-2.0467069010758343
awgn,30,20260811,27,luma_sd,True,24,kodim20.png,-1.9214389952059605,0.4387223298646468,55.072463768115945
awgn,30,20260811,27,luma_sd,True,24,kodim21.png,8.389987769883,-0.10747530930322882,-10.19013031403546
awgn,30,20260811,27,luma_sd,True,24,kodim22.png,8.988948764641663,-0.11864701475166801,-11.187876086472038
awgn,30,20260811,27,luma_sd,True,24,kodim23.png,7.584723269198911,0.2071527749522733,23.017049666419553
awgn,30,20260811,27,luma_sd,True,24,kodim24.png,5.277095544139932,-0.37517250997404333,-31.2829275238502
awgn,30,20260811,27,edge_fraction,True,24,kodim01.png,0.358634106384068,-0.4072135596539784,-33.449794926325396
awgn,30,20260811,27,edge_fraction,True,24,kodim02.png,0.6839630369118928,-0.3469128163821059,-29.313304721030043
awgn,30,20260811,27,edge_fraction,True,24,kodim03.png,0.7124840014334716,0.11000089521432849,11.627906976744185
awgn,30,20260811,27,edge_fraction,True,24,kodim04.png,0.6476578098602365,0.04758165557976158,4.8731832430892075
awgn,30,20260811,27,edge_fraction,True,24,kodim05.png,0.3729893001587058,-0.40282965196683573,-33.1574045327538
awgn,30,20260811,27,edge_fraction,True,24,kodim06.png,0.4608969436338504,-0.008497008293438553,-0.8461010747770503
awgn,30,20260811,27,edge_fraction,True,24,kodim07.png,0.6015077049096401,-0.22788857442868837,-20.378702662167225
awgn,30,20260811,27,edge_fraction,True,24,kodim08.png,0.33405518865509654,-0.3969982804253935,-32.76648182378311
awgn,30,20260811,27,edge_fraction,True,24,kodim09.png,0.6736471612143551,0.23724834429936528,26.775591863954638
awgn,30,20260811,27,edge_fraction,True,24,kodim10.png,0.6608918240925613,-0.09255584351733068,-8.84016973125884
awgn,30,20260811,27,edge_fraction,True,24,kodim11.png,0.554535913582143,-0.24821718886632582,-21.980952380952388
awgn,30,20260811,27,edge_fraction,True,24,kodim12.png,0.6858854246659499,0.05349480698141902,5.495151337055559
awgn,30,20260811,27,edge_fraction,True,24,kodim13.png,0.25301540981928017,-0.35270463135374747,-29.72152566979015
awgn,30,20260811,27,edge_fraction,True,24,kodim14.png,0.45647110018942305,-0.41912201921438047,-34.2376052385407
awgn,30,20260811,27,edge_fraction,True,24,kodim15.png,0.6325218860390109,0.27891255649800184,32.16917654597884
awgn,30,20260811,27,edge_fraction,True,24,kodim16.png,0.6020734142220856,0.024266649021864723,2.45634803196213
awgn,30,20260811,27,edge_fraction,True,24,kodim17.png,0.6202785030461271,-0.1659695961304008,-15.292801193584483
awgn,30,20260811,27,edge_fraction,True,24,kodim18.png,0.451246608303896,-0.1425986873118133,-13.289802189360477
awgn,30,20260811,27,edge_fraction,True,24,kodim19.png,0.5729355449751703,-0.020679421959276387,-2.0467069010758343
awgn,30,20260811,27,edge_fraction,True,24,kodim20.png,0.5562509599139916,0.4387223298646468,55.072463768115945
awgn,30,20260811,27,edge_fraction,True,24,kodim21.png,0.5580044028055087,-0.10747530930322882,-10.19013031403546
awgn,30,20260811,27,edge_fraction,True,24,kodim22.png,0.5670275943275482,-0.11864701475166801,-11.187876086472038
awgn,30,20260811,27,edge_fraction,True,24,kodim23.png,0.747120258024881,0.2071527749522733,23.017049666419553
awgn,30,20260811,27,edge_fraction,True,24,kodim24.png,0.47810884144780624,-0.37517250997404333,-31.2829275238502
awgn,30,20260811,27,glcm_contrast,True,24,kodim01.png,1.6848500230306467,-0.4072135596539784,-33.449794926325396
awgn,30,20260811,27,glcm_contrast,True,24,kodim02.png,1.7305740725012089,-0.3469128163821059,-29.313304721030043
awgn,30,20260811,27,glcm_contrast,True,24,kodim03.png,1.6975513901947252,0.11000089521432849,11.627906976744185
awgn,30,20260811,27,glcm_contrast,True,24,kodim04.png,1.6988685616014447,0.04758165557976158,4.8731832430892075
awgn,30,20260811,27,glcm_contrast,True,24,kodim05.png,1.4387502881322445,-0.40282965196683573,-33.1574045327538
awgn,30,20260811,27,glcm_contrast,True,24,kodim06.png,1.5556646339141134,-0.008497008293438553,-0.8461010747770503
awgn,30,20260811,27,glcm_contrast,True,24,kodim07.png,1.7287078784411887,-0.22788857442868837,-20.378702662167225
awgn,30,20260811,27,glcm_contrast,True,24,kodim08.png,1.424304338864303,-0.3969982804253935,-32.76648182378311
awgn,30,20260811,27,glcm_contrast,True,24,kodim09.png,1.757754748554269,0.23724834429936528,26.775591863954638
awgn,30,20260811,27,glcm_contrast,True,24,kodim10.png,1.7362886297368636,-0.09255584351733068,-8.84016973125884
awgn,30,20260811,27,glcm_contrast,True,24,kodim11.png,1.599174682095087,-0.24821718886632582,-21.980952380952388
awgn,30,20260811,27,glcm_contrast,True,24,kodim12.png,1.6418516367373241,0.05349480698141902,5.495151337055559
awgn,30,20260811,27,glcm_contrast,True,24,kodim13.png,1.5292083249149417,-0.35270463135374747,-29.72152566979015
awgn,30,20260811,27,glcm_contrast,True,24,kodim14.png,1.5544673635433859,-0.41912201921438047,-34.2376052385407
awgn,30,20260811,27,glcm_contrast,True,24,kodim15.png,1.243672091589204,0.27891255649800184,32.16917654597884
awgn,30,20260811,27,glcm_contrast,True,24,kodim16.png,1.7067658576286653,0.024266649021864723,2.45634803196213
awgn,30,20260811,27,glcm_contrast,True,24,kodim17.png,1.4524199447498365,-0.1659695961304008,-15.292801193584483
awgn,30,20260811,27,glcm_contrast,True,24,kodim18.png,1.4908396811129192,-0.1425986873118133,-13.289802189360477
awgn,30,20260811,27,glcm_contrast,True,24,kodim19.png,1.6543662777289998,-0.020679421959276387,-2.0467069010758343
awgn,30,20260811,27,glcm_contrast,True,24,kodim20.png,0.956660130237369,0.4387223298646468,55.072463768115945
awgn,30,20260811,27,glcm_contrast,True,24,kodim21.png,1.6891981497238926,-0.10747530930322882,-10.19013031403546
awgn,30,20260811,27,glcm_contrast,True,24,kodim22.png,1.7237239572037941,-0.11864701475166801,-11.187876086472038
awgn,30,20260811,27,glcm_contrast,True,24,kodim23.png,1.7071887929407077,0.2071527749522733,23.017049666419553
awgn,30,20260811,27,glcm_contrast,True,24,kodim24.png,1.5906663496182105,-0.37517250997404333,-31.2829275238502
awgn,30,20260811,27,glcm_entropy,True,24,kodim01.png,0.8350311041641985,-0.4072135596539784,-33.449794926325396
awgn,30,20260811,27,glcm_entropy,True,24,kodim02.png,1.7997493890987606,-0.3469128163821059,-29.313304721030043
awgn,30,20260811,27,glcm_entropy,True,24,kodim03.png,1.2344524564571624,0.11000089521432849,11.627906976744185
awgn,30,20260811,27,glcm_entropy,True,24,kodim04.png,1.192122223131821,0.04758165557976158,4.8731832430892075
awgn,30,20260811,27,glcm_entropy,True,24,kodim05.png,0.6563278559185179,-0.40282965196683573,-33.1574045327538
awgn,30,20260811,27,glcm_entropy,True,24,kodim06.png,0.9116209744149044,-0.008497008293438553,-0.8461010747770503
awgn,30,20260811,27,glcm_entropy,True,24,kodim07.png,1.2105464771048062,-0.22788857442868837,-20.378702662167225
awgn,30,20260811,27,glcm_entropy,True,24,kodim08.png,0.5764341759007401,-0.3969982804253935,-32.76648182378311
awgn,30,20260811,27,glcm_entropy,True,24,kodim09.png,1.2706791432762006,0.23724834429936528,26.775591863954638
awgn,30,20260811,27,glcm_entropy,True,24,kodim10.png,1.2685483678032776,-0.09255584351733068,-8.84016973125884
awgn,30,20260811,27,glcm_entropy,True,24,kodim11.png,1.1342218090511729,-0.24821718886632582,-21.980952380952388
awgn,30,20260811,27,glcm_entropy,True,24,kodim12.png,1.2595727864037078,0.05349480698141902,5.495151337055559
awgn,30,20260811,27,glcm_entropy,True,24,kodim13.png,0.6479706291984177,-0.35270463135374747,-29.72152566979015
awgn,30,20260811,27,glcm_entropy,True,24,kodim14.png,0.8427564535031675,-0.41912201921438047,-34.2376052385407
awgn,30,20260811,27,glcm_entropy,True,24,kodim15.png,0.9471003382461096,0.27891255649800184,32.16917654597884
awgn,30,20260811,27,glcm_entropy,True,24,kodim16.png,1.2183406817576774,0.024266649021864723,2.45634803196213
awgn,30,20260811,27,glcm_entropy,True,24,kodim17.png,0.9740345274789877,-0.1659695961304008,-15.292801193584483
awgn,30,20260811,27,glcm_entropy,True,24,kodim18.png,0.8644342595854133,-0.1425986873118133,-13.289802189360477
awgn,30,20260811,27,glcm_entropy,True,24,kodim19.png,1.0278137510615726,-0.020679421959276387,-2.0467069010758343
awgn,30,20260811,27,glcm_entropy,True,24,kodim20.png,0.8993022231563728,0.4387223298646468,55.072463768115945
awgn,30,20260811,27,glcm_entropy,True,24,kodim21.png,1.069177301024261,-0.10747530930322882,-10.19013031403546
awgn,30,20260811,27,glcm_entropy,True,24,kodim22.png,1.128726608026244,-0.11864701475166801,-11.187876086472038
awgn,30,20260811,27,glcm_entropy,True,24,kodim23.png,1.3356905299596828,0.2071527749522733,23.017049666419553
awgn,30,20260811,27,glcm_entropy,True,24,kodim24.png,0.9761746114442897,-0.37517250997404333,-31.2829275238502
awgn,30,20260811,27,glcm_homogeneity,True,24,kodim01.png,0.2611397551375313,-0.4072135596539784,-33.449794926325396
awgn,30,20260811,27,glcm_homogeneity,True,24,kodim02.png,0.37925819206432354,-0.3469128163821059,-29.313304721030043
awgn,30,20260811,27,glcm_homogeneity,True,24,kodim03.png,0.35794173009717,0.11000089521432849,11.627906976744185
awgn,30,20260811,27,glcm_homogeneity,True,24,kodim04.png,0.3464368385243194,0.04758165557976158,4.8731832430892075
awgn,30,20260811,27,glcm_homogeneity,True,24,kodim05.png,0.250138850440097,-0.40282965196683573,-33.1574045327538
awgn,30,20260811,27,glcm_homogeneity,True,24,kodim06.png,0.27687590835041176,-0.008497008293438553,-0.8461010747770503
awgn,30,20260811,27,glcm_homogeneity,True,24,kodim07.png,0.345994210272218,-0.22788857442868837,-20.378702662167225
awgn,30,20260811,27,glcm_homogeneity,True,24,kodim08.png,0.21907200548613837,-0.3969982804253935,-32.76648182378311
awgn,30,20260811,27,glcm_homogeneity,True,24,kodim09.png,0.3562207534800532,0.23724834429936528,26.775591863954638
awgn,30,20260811,27,glcm_homogeneity,True,24,kodim10.png,0.3570037974664849,-0.09255584351733068,-8.84016973125884
awgn,30,20260811,27,glcm_homogeneity,True,24,kodim11.png,0.3127630270573857,-0.24821718886632582,-21.980952380952388
awgn,30,20260811,27,glcm_homogeneity,True,24,kodim12.png,0.34471386654079805,0.05349480698141902,5.495151337055559
awgn,30,20260811,27,glcm_homogeneity,True,24,kodim13.png,0.21877968203857412,-0.35270463135374747,-29.72152566979015
awgn,30,20260811,27,glcm_homogeneity,True,24,kodim14.png,0.289025824029737,-0.41912201921438047,-34.2376052385407
awgn,30,20260811,27,glcm_homogeneity,True,24,kodim15.png,0.2899055960287983,0.27891255649800184,32.16917654597884
awgn,30,20260811,27,glcm_homogeneity,True,24,kodim16.png,0.3412071848326199,0.024266649021864723,2.45634803196213
awgn,30,20260811,27,glcm_homogeneity,True,24,kodim17.png,0.31295452192425643,-0.1659695961304008,-15.292801193584483
awgn,30,20260811,27,glcm_homogeneity,True,24,kodim18.png,0.2794727407189971,-0.1425986873118133,-13.289802189360477
awgn,30,20260811,27,glcm_homogeneity,True,24,kodim19.png,0.3142459879712167,-0.020679421959276387,-2.0467069010758343
awgn,30,20260811,27,glcm_homogeneity,True,24,kodim20.png,0.2252791046112993,0.4387223298646468,55.072463768115945
awgn,30,20260811,27,glcm_homogeneity,True,24,kodim21.png,0.31503778712525976,-0.10747530930322882,-10.19013031403546
awgn,30,20260811,27,glcm_homogeneity,True,24,kodim22.png,0.3301422302321989,-0.11864701475166801,-11.187876086472038
awgn,30,20260811,27,glcm_homogeneity,True,24,kodim23.png,0.3748895974601375,0.2071527749522733,23.017049666419553
awgn,30,20260811,27,glcm_homogeneity,True,24,kodim24.png,0.2921949652493274,-0.37517250997404333,-31.2829275238502
awgn,30,20260811,32,sobel_si,True,24,kodim01.png,1.796754689085958,-0.4568253538651344,-36.670906778121015
awgn,30,20260811,32,sobel_si,True,24,kodim02.png,22.106399451718424,-0.022084077479782676,-2.1842009464870804
awgn,30,20260811,32,sobel_si,True,24,kodim03.png,19.521168397171948,0.09719875449219308,10.207939508506625
awgn,30,20260811,32,sobel_si,True,24,kodim04.png,19.739226482579788,0.1862427257846966,20.471464019851116
awgn,30,20260811,32,sobel_si,True,24,kodim05.png,-4.415862522362346,-0.4319153156216934,-35.07356430944471
awgn,30,20260811,32,sobel_si,True,24,kodim06.png,4.937647341471077,-0.03447626713429906,-3.3888731996611132
awgn,30,20260811,32,sobel_si,True,24,kodim07.png,9.016302453292766,-0.4152546000615314,-33.982782057091065
awgn,30,20260811,32,sobel_si,True,24,kodim08.png,-12.718360426102436,-0.3913055795045299,-32.382650029708856
awgn,30,20260811,32,sobel_si,True,24,kodim09.png,8.761897771942685,0.19904802298021182,22.02405640812941
awgn,30,20260811,32,sobel_si,True,24,kodim10.png,11.709815224895692,-0.05340077672711518,-5.199999999999994
awgn,30,20260811,32,sobel_si,True,24,kodim11.png,6.831919904593562,-0.20834666175456595,-18.807447560688196
awgn,30,20260811,32,sobel_si,True,24,kodim12.png,14.041393971462128,0.2032889324146622,22.54264825345247
awgn,30,20260811,32,sobel_si,True,24,kodim13.png,-0.34848518746883883,-0.44643976273099817,-36.00976950083956
awgn,30,20260811,32,sobel_si,True,24,kodim14.png,8.44621386062137,-0.41473301503894583,-33.94833948339483
awgn,30,20260811,32,sobel_si,True,24,kodim15.png,7.315082675662055,0.3604472772705572,43.39706536238328
awgn,30,20260811,32,sobel_si,True,24,kodim16.png,19.852078103505285,0.05548649524587052,5.7054741711642265
awgn,30,20260811,32,sobel_si,True,24,kodim17.png,13.452965112828025,-0.11355946187116246,-10.7348883872586
awgn,30,20260811,32,sobel_si,True,24,kodim18.png,5.266441383335319,-0.1296851042699109,-12.162801703738769
awgn,30,20260811,32,sobel_si,True,24,kodim19.png,-1.161287363761133,0.04554802017932798,4.660126138752618
awgn,30,20260811,32,sobel_si,True,24,kodim20.png,6.248646997414184,0.36787207505421915,44.46572194561469
awgn,30,20260811,32,sobel_si,True,24,kodim21.png,1.6545853564035724,-0.12066972662869845,-11.36733586543679
awgn,30,20260811,32,sobel_si,True,24,kodim22.png,14.530474032372595,-0.0027022985968511225,-0.26986506746626837
awgn,30,20260811,32,sobel_si,True,24,kodim23.png,17.615748221244637,0.33955390315862105,40.4320987654321
awgn,30,20260811,32,sobel_si,True,24,kodim24.png,-0.6489096551242,-0.2802526177732606,-24.440715883668908
awgn,30,20260811,32,luma_sd,True,24,kodim01.png,9.291615103513607,-0.4568253538651344,-36.670906778121015
awgn,30,20260811,32,luma_sd,True,24,kodim02.png,14.316861721298114,-0.022084077479782676,-2.1842009464870804
awgn,30,20260811,32,luma_sd,True,24,kodim03.png,9.147071299224457,0.09719875449219308,10.207939508506625
awgn,30,20260811,32,luma_sd,True,24,kodim04.png,9.362136104606101,0.1862427257846966,20.471464019851116
awgn,30,20260811,32,luma_sd,True,24,kodim05.png,6.391918858856151,-0.4319153156216934,-35.07356430944471
awgn,30,20260811,32,luma_sd,True,24,kodim06.png,4.346613555176937,-0.03447626713429906,-3.3888731996611132
awgn,30,20260811,32,luma_sd,True,24,kodim07.png,9.885769452721469,-0.4152546000615314,-33.982782057091065
awgn,30,20260811,32,luma_sd,True,24,kodim08.png,4.244509195411396,-0.3913055795045299,-32.382650029708856
awgn,30,20260811,32,luma_sd,True,24,kodim09.png,9.880857224916205,0.19904802298021182,22.02405640812941
awgn,30,20260811,32,luma_sd,True,24,kodim10.png,9.227019702860972,-0.05340077672711518,-5.199999999999994
awgn,30,20260811,32,luma_sd,True,24,kodim11.png,7.898471790488799,-0.20834666175456595,-18.807447560688196
awgn,30,20260811,32,luma_sd,True,24,kodim12.png,7.34378723654239,0.2032889324146622,22.54264825345247
awgn,30,20260811,32,luma_sd,True,24,kodim13.png,6.020504909935283,-0.44643976273099817,-36.00976950083956
awgn,30,20260811,32,luma_sd,True,24,kodim14.png,7.2140312898233105,-0.41473301503894583,-33.94833948339483
awgn,30,20260811,32,luma_sd,True,24,kodim15.png,0.58985107408121,0.3604472772705572,43.39706536238328
awgn,30,20260811,32,luma_sd,True,24,kodim16.png,8.54105338197244,0.05548649524587052,5.7054741711642265
awgn,30,20260811,32,luma_sd,True,24,kodim17.png,5.9108035028463775,-0.11355946187116246,-10.7348883872586
awgn,30,20260811,32,luma_sd,True,24,kodim18.png,8.363004958474292,-0.1296851042699109,-12.162801703738769
awgn,30,20260811,32,luma_sd,True,24,kodim19.png,7.75307850069165,0.04554802017932798,4.660126138752618
awgn,30,20260811,32,luma_sd,True,24,kodim20.png,-1.9214389952059605,0.36787207505421915,44.46572194561469
awgn,30,20260811,32,luma_sd,True,24,kodim21.png,8.389987769883,-0.12066972662869845,-11.36733586543679
awgn,30,20260811,32,luma_sd,True,24,kodim22.png,8.988948764641663,-0.0027022985968511225,-0.26986506746626837
awgn,30,20260811,32,luma_sd,True,24,kodim23.png,7.584723269198911,0.33955390315862105,40.4320987654321
awgn,30,20260811,32,luma_sd,True,24,kodim24.png,5.277095544139932,-0.2802526177732606,-24.440715883668908
awgn,30,20260811,32,edge_fraction,True,24,kodim01.png,0.358634106384068,-0.4568253538651344,-36.670906778121015
awgn,30,20260811,32,edge_fraction,True,24,kodim02.png,0.6839630369118928,-0.022084077479782676,-2.1842009464870804
awgn,30,20260811,32,edge_fraction,True,24,kodim03.png,0.7124840014334716,0.09719875449219308,10.207939508506625
awgn,30,20260811,32,edge_fraction,True,24,kodim04.png,0.6476578098602365,0.1862427257846966,20.471464019851116
awgn,30,20260811,32,edge_fraction,True,24,kodim05.png,0.3729893001587058,-0.4319153156216934,-35.07356430944471
awgn,30,20260811,32,edge_fraction,True,24,kodim06.png,0.4608969436338504,-0.03447626713429906,-3.3888731996611132
awgn,30,20260811,32,edge_fraction,True,24,kodim07.png,0.6015077049096401,-0.4152546000615314,-33.982782057091065
awgn,30,20260811,32,edge_fraction,True,24,kodim08.png,0.33405518865509654,-0.3913055795045299,-32.382650029708856
awgn,30,20260811,32,edge_fraction,True,24,kodim09.png,0.6736471612143551,0.19904802298021182,22.02405640812941
awgn,30,20260811,32,edge_fraction,True,24,kodim10.png,0.6608918240925613,-0.05340077672711518,-5.199999999999994
awgn,30,20260811,32,edge_fraction,True,24,kodim11.png,0.554535913582143,-0.20834666175456595,-18.807447560688196
awgn,30,20260811,32,edge_fraction,True,24,kodim12.png,0.6858854246659499,0.2032889324146622,22.54264825345247
awgn,30,20260811,32,edge_fraction,True,24,kodim13.png,0.25301540981928017,-0.44643976273099817,-36.00976950083956
awgn,30,20260811,32,edge_fraction,True,24,kodim14.png,0.45647110018942305,-0.41473301503894583,-33.94833948339483
awgn,30,20260811,32,edge_fraction,True,24,kodim15.png,0.6325218860390109,0.3604472772705572,43.39706536238328
awgn,30,20260811,32,edge_fraction,True,24,kodim16.png,0.6020734142220856,0.05548649524587052,5.7054741711642265
awgn,30,20260811,32,edge_fraction,True,24,kodim17.png,0.6202785030461271,-0.11355946187116246,-10.7348883872586
awgn,30,20260811,32,edge_fraction,True,24,kodim18.png,0.451246608303896,-0.1296851042699109,-12.162801703738769
awgn,30,20260811,32,edge_fraction,True,24,kodim19.png,0.5729355449751703,0.04554802017932798,4.660126138752618
awgn,30,20260811,32,edge_fraction,True,24,kodim20.png,0.5562509599139916,0.36787207505421915,44.46572194561469
awgn,30,20260811,32,edge_fraction,True,24,kodim21.png,0.5580044028055087,-0.12066972662869845,-11.36733586543679
awgn,30,20260811,32,edge_fraction,True,24,kodim22.png,0.5670275943275482,-0.0027022985968511225,-0.26986506746626837
awgn,30,20260811,32,edge_fraction,True,24,kodim23.png,0.747120258024881,0.33955390315862105,40.4320987654321
awgn,30,20260811,32,edge_fraction,True,24,kodim24.png,0.47810884144780624,-0.2802526177732606,-24.440715883668908
awgn,30,20260811,32,glcm_contrast,True,24,kodim01.png,1.6848500230306467,-0.4568253538651344,-36.670906778121015
awgn,30,20260811,32,glcm_contrast,True,24,kodim02.png,1.7305740725012089,-0.022084077479782676,-2.1842009464870804
awgn,30,20260811,32,glcm_contrast,True,24,kodim03.png,1.6975513901947252,0.09719875449219308,10.207939508506625
awgn,30,20260811,32,glcm_contrast,True,24,kodim04.png,1.6988685616014447,0.1862427257846966,20.471464019851116
awgn,30,20260811,32,glcm_contrast,True,24,kodim05.png,1.4387502881322445,-0.4319153156216934,-35.07356430944471
awgn,30,20260811,32,glcm_contrast,True,24,kodim06.png,1.5556646339141134,-0.03447626713429906,-3.3888731996611132
awgn,30,20260811,32,glcm_contrast,True,24,kodim07.png,1.7287078784411887,-0.4152546000615314,-33.982782057091065
awgn,30,20260811,32,glcm_contrast,True,24,kodim08.png,1.424304338864303,-0.3913055795045299,-32.382650029708856
awgn,30,20260811,32,glcm_contrast,True,24,kodim09.png,1.757754748554269,0.19904802298021182,22.02405640812941
awgn,30,20260811,32,glcm_contrast,True,24,kodim10.png,1.7362886297368636,-0.05340077672711518,-5.199999999999994
awgn,30,20260811,32,glcm_contrast,True,24,kodim11.png,1.599174682095087,-0.20834666175456595,-18.807447560688196
awgn,30,20260811,32,glcm_contrast,True,24,kodim12.png,1.6418516367373241,0.2032889324146622,22.54264825345247
awgn,30,20260811,32,glcm_contrast,True,24,kodim13.png,1.5292083249149417,-0.44643976273099817,-36.00976950083956
awgn,30,20260811,32,glcm_contrast,True,24,kodim14.png,1.5544673635433859,-0.41473301503894583,-33.94833948339483
awgn,30,20260811,32,glcm_contrast,True,24,kodim15.png,1.243672091589204,0.3604472772705572,43.39706536238328
awgn,30,20260811,32,glcm_contrast,True,24,kodim16.png,1.7067658576286653,0.05548649524587052,5.7054741711642265
awgn,30,20260811,32,glcm_contrast,True,24,kodim17.png,1.4524199447498365,-0.11355946187116246,-10.7348883872586
awgn,30,20260811,32,glcm_contrast,True,24,kodim18.png,1.4908396811129192,-0.1296851042699109,-12.162801703738769
awgn,30,20260811,32,glcm_contrast,True,24,kodim19.png,1.6543662777289998,0.04554802017932798,4.660126138752618
awgn,30,20260811,32,glcm_contrast,True,24,kodim20.png,0.956660130237369,0.36787207505421915,44.46572194561469
awgn,30,20260811,32,glcm_contrast,True,24,kodim21.png,1.6891981497238926,-0.12066972662869845,-11.36733586543679
awgn,30,20260811,32,glcm_contrast,True,24,kodim22.png,1.7237239572037941,-0.0027022985968511225,-0.26986506746626837
awgn,30,20260811,32,glcm_contrast,True,24,kodim23.png,1.7071887929407077,0.33955390315862105,40.4320987654321
awgn,30,20260811,32,glcm_contrast,True,24,kodim24.png,1.5906663496182105,-0.2802526177732606,-24.440715883668908
awgn,30,20260811,32,glcm_entropy,True,24,kodim01.png,0.8350311041641985,-0.4568253538651344,-36.670906778121015
awgn,30,20260811,32,glcm_entropy,True,24,kodim02.png,1.7997493890987606,-0.022084077479782676,-2.1842009464870804
awgn,30,20260811,32,glcm_entropy,True,24,kodim03.png,1.2344524564571624,0.09719875449219308,10.207939508506625
awgn,30,20260811,32,glcm_entropy,True,24,kodim04.png,1.192122223131821,0.1862427257846966,20.471464019851116
awgn,30,20260811,32,glcm_entropy,True,24,kodim05.png,0.6563278559185179,-0.4319153156216934,-35.07356430944471
awgn,30,20260811,32,glcm_entropy,True,24,kodim06.png,0.9116209744149044,-0.03447626713429906,-3.3888731996611132
awgn,30,20260811,32,glcm_entropy,True,24,kodim07.png,1.2105464771048062,-0.4152546000615314,-33.982782057091065
awgn,30,20260811,32,glcm_entropy,True,24,kodim08.png,0.5764341759007401,-0.3913055795045299,-32.382650029708856
awgn,30,20260811,32,glcm_entropy,True,24,kodim09.png,1.2706791432762006,0.19904802298021182,22.02405640812941
awgn,30,20260811,32,glcm_entropy,True,24,kodim10.png,1.2685483678032776,-0.05340077672711518,-5.199999999999994
awgn,30,20260811,32,glcm_entropy,True,24,kodim11.png,1.1342218090511729,-0.20834666175456595,-18.807447560688196
awgn,30,20260811,32,glcm_entropy,True,24,kodim12.png,1.2595727864037078,0.2032889324146622,22.54264825345247
awgn,30,20260811,32,glcm_entropy,True,24,kodim13.png,0.6479706291984177,-0.44643976273099817,-36.00976950083956
awgn,30,20260811,32,glcm_entropy,True,24,kodim14.png,0.8427564535031675,-0.41473301503894583,-33.94833948339483
awgn,30,20260811,32,glcm_entropy,True,24,kodim15.png,0.9471003382461096,0.3604472772705572,43.39706536238328
awgn,30,20260811,32,glcm_entropy,True,24,kodim16.png,1.2183406817576774,0.05548649524587052,5.7054741711642265
awgn,30,20260811,32,glcm_entropy,True,24,kodim17.png,0.9740345274789877,-0.11355946187116246,-10.7348883872586
awgn,30,20260811,32,glcm_entropy,True,24,kodim18.png,0.8644342595854133,-0.1296851042699109,-12.162801703738769
awgn,30,20260811,32,glcm_entropy,True,24,kodim19.png,1.0278137510615726,0.04554802017932798,4.660126138752618
awgn,30,20260811,32,glcm_entropy,True,24,kodim20.png,0.8993022231563728,0.36787207505421915,44.46572194561469
awgn,30,20260811,32,glcm_entropy,True,24,kodim21.png,1.069177301024261,-0.12066972662869845,-11.36733586543679
awgn,30,20260811,32,glcm_entropy,True,24,kodim22.png,1.128726608026244,-0.0027022985968511225,-0.26986506746626837
awgn,30,20260811,32,glcm_entropy,True,24,kodim23.png,1.3356905299596828,0.33955390315862105,40.4320987654321
awgn,30,20260811,32,glcm_entropy,True,24,kodim24.png,0.9761746114442897,-0.2802526177732606,-24.440715883668908
awgn,30,20260811,32,glcm_homogeneity,True,24,kodim01.png,0.2611397551375313,-0.4568253538651344,-36.670906778121015
awgn,30,20260811,32,glcm_homogeneity,True,24,kodim02.png,0.37925819206432354,-0.022084077479782676,-2.1842009464870804
awgn,30,20260811,32,glcm_homogeneity,True,24,kodim03.png,0.35794173009717,0.09719875449219308,10.207939508506625
awgn,30,20260811,32,glcm_homogeneity,True,24,kodim04.png,0.3464368385243194,0.1862427257846966,20.471464019851116
awgn,30,20260811,32,glcm_homogeneity,True,24,kodim05.png,0.250138850440097,-0.4319153156216934,-35.07356430944471
awgn,30,20260811,32,glcm_homogeneity,True,24,kodim06.png,0.27687590835041176,-0.03447626713429906,-3.3888731996611132
awgn,30,20260811,32,glcm_homogeneity,True,24,kodim07.png,0.345994210272218,-0.4152546000615314,-33.982782057091065
awgn,30,20260811,32,glcm_homogeneity,True,24,kodim08.png,0.21907200548613837,-0.3913055795045299,-32.382650029708856
awgn,30,20260811,32,glcm_homogeneity,True,24,kodim09.png,0.3562207534800532,0.19904802298021182,22.02405640812941
awgn,30,20260811,32,glcm_homogeneity,True,24,kodim10.png,0.3570037974664849,-0.05340077672711518,-5.199999999999994
awgn,30,20260811,32,glcm_homogeneity,True,24,kodim11.png,0.3127630270573857,-0.20834666175456595,-18.807447560688196
awgn,30,20260811,32,glcm_homogeneity,True,24,kodim12.png,0.34471386654079805,0.2032889324146622,22.54264825345247
awgn,30,20260811,32,glcm_homogeneity,True,24,kodim13.png,0.21877968203857412,-0.44643976273099817,-36.00976950083956
awgn,30,20260811,32,glcm_homogeneity,True,24,kodim14.png,0.289025824029737,-0.41473301503894583,-33.94833948339483
awgn,30,20260811,32,glcm_homogeneity,True,24,kodim15.png,0.2899055960287983,0.3604472772705572,43.39706536238328
awgn,30,20260811,32,glcm_homogeneity,True,24,kodim16.png,0.3412071848326199,0.05548649524587052,5.7054741711642265
awgn,30,20260811,32,glcm_homogeneity,True,24,kodim17.png,0.31295452192425643,-0.11355946187116246,-10.7348883872586
awgn,30,20260811,32,glcm_homogeneity,True,24,kodim18.png,0.2794727407189971,-0.1296851042699109,-12.162801703738769
awgn,30,20260811,32,glcm_homogeneity,True,24,kodim19.png,0.3142459879712167,0.04554802017932798,4.660126138752618
awgn,30,20260811,32,glcm_homogeneity,True,24,kodim20.png,0.2252791046112993,0.36787207505421915,44.46572194561469
awgn,30,20260811,32,glcm_homogeneity,True,24,kodim21.png,0.31503778712525976,-0.12066972662869845,-11.36733586543679
awgn,30,20260811,32,glcm_homogeneity,True,24,kodim22.png,0.3301422302321989,-0.0027022985968511225,-0.26986506746626837
awgn,30,20260811,32,glcm_homogeneity,True,24,kodim23.png,0.3748895974601375,0.33955390315862105,40.4320987654321
awgn,30,20260811,32,glcm_homogeneity,True,24,kodim24.png,0.2921949652493274,-0.2802526177732606,-24.440715883668908
awgn,30,20260811,37,sobel_si,True,24,kodim01.png,1.796754689085958,-0.1314631395604636,-12.318840579710145
awgn,30,20260811,37,sobel_si,True,24,kodim02.png,22.106399451718424,0.5647144169869037,75.894538606403
awgn,30,20260811,37,sobel_si,True,24,kodim03.png,19.521168397171948,0.6135328949138535,84.69449485783423
awgn,30,20260811,37,sobel_si,True,24,kodim04.png,19.739226482579788,0.6413891867249908,89.91172761664563
awgn,30,20260811,37,sobel_si,True,24,kodim05.png,-4.415862522362346,-0.21391001629300982,-19.257896350812644
awgn,30,20260811,37,sobel_si,True,24,kodim06.png,4.937647341471077,0.25989393065441974,29.679252943564748
awgn,30,20260811,37,sobel_si,True,24,kodim07.png,9.016302453292766,-0.010572237775915094,-1.0516548097742051
awgn,30,20260811,37,sobel_si,True,24,kodim08.png,-12.718360426102436,-0.10670415039137832,-10.120845921450139
awgn,30,20260811,37,sobel_si,True,24,kodim09.png,8.761897771942685,0.5890069213073483,80.2197802197802
awgn,30,20260811,37,sobel_si,True,24,kodim10.png,11.709815224895692,0.33388323841130757,39.63800904977375
awgn,30,20260811,37,sobel_si,True,24,kodim11.png,6.831919904593562,0.1428820252590563,15.359369872005256
awgn,30,20260811,37,sobel_si,True,24,kodim12.png,14.041393971462128,0.7688445043942127,115.72720946416143
awgn,30,20260811,37,sobel_si,True,24,kodim13.png,-0.34848518746883883,-0.12115962951591358,-11.410746629100421
awgn,30,20260811,37,sobel_si,True,24,kodim14.png,8.44621386062137,-0.060714791786890016,-5.890839144024995
awgn,30,20260811,37,sobel_si,True,24,kodim15.png,7.315082675662055,0.7303548079805451,107.5816993464052
awgn,30,20260811,37,sobel_si,True,24,kodim16.png,19.852078103505285,0.593405427114779,81.01422387136672
awgn,30,20260811,37,sobel_si,True,24,kodim17.png,13.452965112828025,0.3546101401555845,42.562475208250696
awgn,30,20260811,37,sobel_si,True,24,kodim18.png,5.266441383335319,0.11318225840474064,11.983601387574904
awgn,30,20260811,37,sobel_si,True,24,kodim19.png,-1.161287363761133,0.364711027608785,44.00977995110025
awgn,30,20260811,37,sobel_si,True,24,kodim20.png,6.248646997414184,0.4230912772427681,52.66736401673639
awgn,30,20260811,37,sobel_si,True,24,kodim21.png,1.6545853564035724,0.1242274191432343,13.227334235453325
awgn,30,20260811,37,sobel_si,True,24,kodim22.png,14.530474032372595,0.3105066694260028,36.41160949868074
awgn,30,20260811,37,sobel_si,True,24,kodim23.png,17.615748221244637,0.748241834366919,111.328125
awgn,30,20260811,37,sobel_si,True,24,kodim24.png,-0.6489096551242,0.06494428296095126,6.70995670995671
awgn,30,20260811,37,luma_sd,True,24,kodim01.png,9.291615103513607,-0.1314631395604636,-12.318840579710145
awgn,30,20260811,37,luma_sd,True,24,kodim02.png,14.316861721298114,0.5647144169869037,75.894538606403
awgn,30,20260811,37,luma_sd,True,24,kodim03.png,9.147071299224457,0.6135328949138535,84.69449485783423
awgn,30,20260811,37,luma_sd,True,24,kodim04.png,9.362136104606101,0.6413891867249908,89.91172761664563
awgn,30,20260811,37,luma_sd,True,24,kodim05.png,6.391918858856151,-0.21391001629300982,-19.257896350812644
awgn,30,20260811,37,luma_sd,True,24,kodim06.png,4.346613555176937,0.25989393065441974,29.679252943564748
awgn,30,20260811,37,luma_sd,True,24,kodim07.png,9.885769452721469,-0.010572237775915094,-1.0516548097742051
awgn,30,20260811,37,luma_sd,True,24,kodim08.png,4.244509195411396,-0.10670415039137832,-10.120845921450139
awgn,30,20260811,37,luma_sd,True,24,kodim09.png,9.880857224916205,0.5890069213073483,80.2197802197802
awgn,30,20260811,37,luma_sd,True,24,kodim10.png,9.227019702860972,0.33388323841130757,39.63800904977375
awgn,30,20260811,37,luma_sd,True,24,kodim11.png,7.898471790488799,0.1428820252590563,15.359369872005256
awgn,30,20260811,37,luma_sd,True,24,kodim12.png,7.34378723654239,0.7688445043942127,115.72720946416143
awgn,30,20260811,37,luma_sd,True,24,kodim13.png,6.020504909935283,-0.12115962951591358,-11.410746629100421
awgn,30,20260811,37,luma_sd,True,24,kodim14.png,7.2140312898233105,-0.060714791786890016,-5.890839144024995
awgn,30,20260811,37,luma_sd,True,24,kodim15.png,0.58985107408121,0.7303548079805451,107.5816993464052
awgn,30,20260811,37,luma_sd,True,24,kodim16.png,8.54105338197244,0.593405427114779,81.01422387136672
awgn,30,20260811,37,luma_sd,True,24,kodim17.png,5.9108035028463775,0.3546101401555845,42.562475208250696
awgn,30,20260811,37,luma_sd,True,24,kodim18.png,8.363004958474292,0.11318225840474064,11.983601387574904
awgn,30,20260811,37,luma_sd,True,24,kodim19.png,7.75307850069165,0.364711027608785,44.00977995110025
awgn,30,20260811,37,luma_sd,True,24,kodim20.png,-1.9214389952059605,0.4230912772427681,52.66736401673639
awgn,30,20260811,37,luma_sd,True,24,kodim21.png,8.389987769883,0.1242274191432343,13.227334235453325
awgn,30,20260811,37,luma_sd,True,24,kodim22.png,8.988948764641663,0.3105066694260028,36.41160949868074
awgn,30,20260811,37,luma_sd,True,24,kodim23.png,7.584723269198911,0.748241834366919,111.328125
awgn,30,20260811,37,luma_sd,True,24,kodim24.png,5.277095544139932,0.06494428296095126,6.70995670995671
awgn,30,20260811,37,edge_fraction,True,24,kodim01.png,0.358634106384068,-0.1314631395604636,-12.318840579710145
awgn,30,20260811,37,edge_fraction,True,24,kodim02.png,0.6839630369118928,0.5647144169869037,75.894538606403
awgn,30,20260811,37,edge_fraction,True,24,kodim03.png,0.7124840014334716,0.6135328949138535,84.69449485783423
awgn,30,20260811,37,edge_fraction,True,24,kodim04.png,0.6476578098602365,0.6413891867249908,89.91172761664563
awgn,30,20260811,37,edge_fraction,True,24,kodim05.png,0.3729893001587058,-0.21391001629300982,-19.257896350812644
awgn,30,20260811,37,edge_fraction,True,24,kodim06.png,0.4608969436338504,0.25989393065441974,29.679252943564748
awgn,30,20260811,37,edge_fraction,True,24,kodim07.png,0.6015077049096401,-0.010572237775915094,-1.0516548097742051
awgn,30,20260811,37,edge_fraction,True,24,kodim08.png,0.33405518865509654,-0.10670415039137832,-10.120845921450139
awgn,30,20260811,37,edge_fraction,True,24,kodim09.png,0.6736471612143551,0.5890069213073483,80.2197802197802
awgn,30,20260811,37,edge_fraction,True,24,kodim10.png,0.6608918240925613,0.33388323841130757,39.63800904977375
awgn,30,20260811,37,edge_fraction,True,24,kodim11.png,0.554535913582143,0.1428820252590563,15.359369872005256
awgn,30,20260811,37,edge_fraction,True,24,kodim12.png,0.6858854246659499,0.7688445043942127,115.72720946416143
awgn,30,20260811,37,edge_fraction,True,24,kodim13.png,0.25301540981928017,-0.12115962951591358,-11.410746629100421
awgn,30,20260811,37,edge_fraction,True,24,kodim14.png,0.45647110018942305,-0.060714791786890016,-5.890839144024995
awgn,30,20260811,37,edge_fraction,True,24,kodim15.png,0.6325218860390109,0.7303548079805451,107.5816993464052
awgn,30,20260811,37,edge_fraction,True,24,kodim16.png,0.6020734142220856,0.593405427114779,81.01422387136672
awgn,30,20260811,37,edge_fraction,True,24,kodim17.png,0.6202785030461271,0.3546101401555845,42.562475208250696
awgn,30,20260811,37,edge_fraction,True,24,kodim18.png,0.451246608303896,0.11318225840474064,11.983601387574904
awgn,30,20260811,37,edge_fraction,True,24,kodim19.png,0.5729355449751703,0.364711027608785,44.00977995110025
awgn,30,20260811,37,edge_fraction,True,24,kodim20.png,0.5562509599139916,0.4230912772427681,52.66736401673639
awgn,30,20260811,37,edge_fraction,True,24,kodim21.png,0.5580044028055087,0.1242274191432343,13.227334235453325
awgn,30,20260811,37,edge_fraction,True,24,kodim22.png,0.5670275943275482,0.3105066694260028,36.41160949868074
awgn,30,20260811,37,edge_fraction,True,24,kodim23.png,0.747120258024881,0.748241834366919,111.328125
awgn,30,20260811,37,edge_fraction,True,24,kodim24.png,0.47810884144780624,0.06494428296095126,6.70995670995671
awgn,30,20260811,37,glcm_contrast,True,24,kodim01.png,1.6848500230306467,-0.1314631395604636,-12.318840579710145
awgn,30,20260811,37,glcm_contrast,True,24,kodim02.png,1.7305740725012089,0.5647144169869037,75.894538606403
awgn,30,20260811,37,glcm_contrast,True,24,kodim03.png,1.6975513901947252,0.6135328949138535,84.69449485783423
awgn,30,20260811,37,glcm_contrast,True,24,kodim04.png,1.6988685616014447,0.6413891867249908,89.91172761664563
awgn,30,20260811,37,glcm_contrast,True,24,kodim05.png,1.4387502881322445,-0.21391001629300982,-19.257896350812644
awgn,30,20260811,37,glcm_contrast,True,24,kodim06.png,1.5556646339141134,0.25989393065441974,29.679252943564748
awgn,30,20260811,37,glcm_contrast,True,24,kodim07.png,1.7287078784411887,-0.010572237775915094,-1.0516548097742051
awgn,30,20260811,37,glcm_contrast,True,24,kodim08.png,1.424304338864303,-0.10670415039137832,-10.120845921450139
awgn,30,20260811,37,glcm_contrast,True,24,kodim09.png,1.757754748554269,0.5890069213073483,80.2197802197802
awgn,30,20260811,37,glcm_contrast,True,24,kodim10.png,1.7362886297368636,0.33388323841130757,39.63800904977375
awgn,30,20260811,37,glcm_contrast,True,24,kodim11.png,1.599174682095087,0.1428820252590563,15.359369872005256
awgn,30,20260811,37,glcm_contrast,True,24,kodim12.png,1.6418516367373241,0.7688445043942127,115.72720946416143
awgn,30,20260811,37,glcm_contrast,True,24,kodim13.png,1.5292083249149417,-0.12115962951591358,-11.410746629100421
awgn,30,20260811,37,glcm_contrast,True,24,kodim14.png,1.5544673635433859,-0.060714791786890016,-5.890839144024995
awgn,30,20260811,37,glcm_contrast,True,24,kodim15.png,1.243672091589204,0.7303548079805451,107.5816993464052
awgn,30,20260811,37,glcm_contrast,True,24,kodim16.png,1.7067658576286653,0.593405427114779,81.01422387136672
awgn,30,20260811,37,glcm_contrast,True,24,kodim17.png,1.4524199447498365,0.3546101401555845,42.562475208250696
awgn,30,20260811,37,glcm_contrast,True,24,kodim18.png,1.4908396811129192,0.11318225840474064,11.983601387574904
awgn,30,20260811,37,glcm_contrast,True,24,kodim19.png,1.6543662777289998,0.364711027608785,44.00977995110025
awgn,30,20260811,37,glcm_contrast,True,24,kodim20.png,0.956660130237369,0.4230912772427681,52.66736401673639
awgn,30,20260811,37,glcm_contrast,True,24,kodim21.png,1.6891981497238926,0.1242274191432343,13.227334235453325
awgn,30,20260811,37,glcm_contrast,True,24,kodim22.png,1.7237239572037941,0.3105066694260028,36.41160949868074
awgn,30,20260811,37,glcm_contrast,True,24,kodim23.png,1.7071887929407077,0.748241834366919,111.328125
awgn,30,20260811,37,glcm_contrast,True,24,kodim24.png,1.5906663496182105,0.06494428296095126,6.70995670995671
awgn,30,20260811,37,glcm_entropy,True,24,kodim01.png,0.8350311041641985,-0.1314631395604636,-12.318840579710145
awgn,30,20260811,37,glcm_entropy,True,24,kodim02.png,1.7997493890987606,0.5647144169869037,75.894538606403
awgn,30,20260811,37,glcm_entropy,True,24,kodim03.png,1.2344524564571624,0.6135328949138535,84.69449485783423
awgn,30,20260811,37,glcm_entropy,True,24,kodim04.png,1.192122223131821,0.6413891867249908,89.91172761664563
awgn,30,20260811,37,glcm_entropy,True,24,kodim05.png,0.6563278559185179,-0.21391001629300982,-19.257896350812644
awgn,30,20260811,37,glcm_entropy,True,24,kodim06.png,0.9116209744149044,0.25989393065441974,29.679252943564748
awgn,30,20260811,37,glcm_entropy,True,24,kodim07.png,1.2105464771048062,-0.010572237775915094,-1.0516548097742051
awgn,30,20260811,37,glcm_entropy,True,24,kodim08.png,0.5764341759007401,-0.10670415039137832,-10.120845921450139
awgn,30,20260811,37,glcm_entropy,True,24,kodim09.png,1.2706791432762006,0.5890069213073483,80.2197802197802
awgn,30,20260811,37,glcm_entropy,True,24,kodim10.png,1.2685483678032776,0.33388323841130757,39.63800904977375
awgn,30,20260811,37,glcm_entropy,True,24,kodim11.png,1.1342218090511729,0.1428820252590563,15.359369872005256
awgn,30,20260811,37,glcm_entropy,True,24,kodim12.png,1.2595727864037078,0.7688445043942127,115.72720946416143
awgn,30,20260811,37,glcm_entropy,True,24,kodim13.png,0.6479706291984177,-0.12115962951591358,-11.410746629100421
awgn,30,20260811,37,glcm_entropy,True,24,kodim14.png,0.8427564535031675,-0.060714791786890016,-5.890839144024995
awgn,30,20260811,37,glcm_entropy,True,24,kodim15.png,0.9471003382461096,0.7303548079805451,107.5816993464052
awgn,30,20260811,37,glcm_entropy,True,24,kodim16.png,1.2183406817576774,0.593405427114779,81.01422387136672
awgn,30,20260811,37,glcm_entropy,True,24,kodim17.png,0.9740345274789877,0.3546101401555845,42.562475208250696
awgn,30,20260811,37,glcm_entropy,True,24,kodim18.png,0.8644342595854133,0.11318225840474064,11.983601387574904
awgn,30,20260811,37,glcm_entropy,True,24,kodim19.png,1.0278137510615726,0.364711027608785,44.00977995110025
awgn,30,20260811,37,glcm_entropy,True,24,kodim20.png,0.8993022231563728,0.4230912772427681,52.66736401673639
awgn,30,20260811,37,glcm_entropy,True,24,kodim21.png,1.069177301024261,0.1242274191432343,13.227334235453325
awgn,30,20260811,37,glcm_entropy,True,24,kodim22.png,1.128726608026244,0.3105066694260028,36.41160949868074
awgn,30,20260811,37,glcm_entropy,True,24,kodim23.png,1.3356905299596828,0.748241834366919,111.328125
awgn,30,20260811,37,glcm_entropy,True,24,kodim24.png,0.9761746114442897,0.06494428296095126,6.70995670995671
awgn,30,20260811,37,glcm_homogeneity,True,24,kodim01.png,0.2611397551375313,-0.1314631395604636,-12.318840579710145
awgn,30,20260811,37,glcm_homogeneity,True,24,kodim02.png,0.37925819206432354,0.5647144169869037,75.894538606403
awgn,30,20260811,37,glcm_homogeneity,True,24,kodim03.png,0.35794173009717,0.6135328949138535,84.69449485783423
awgn,30,20260811,37,glcm_homogeneity,True,24,kodim04.png,0.3464368385243194,0.6413891867249908,89.91172761664563
awgn,30,20260811,37,glcm_homogeneity,True,24,kodim05.png,0.250138850440097,-0.21391001629300982,-19.257896350812644
awgn,30,20260811,37,glcm_homogeneity,True,24,kodim06.png,0.27687590835041176,0.25989393065441974,29.679252943564748
awgn,30,20260811,37,glcm_homogeneity,True,24,kodim07.png,0.345994210272218,-0.010572237775915094,-1.0516548097742051
awgn,30,20260811,37,glcm_homogeneity,True,24,kodim08.png,0.21907200548613837,-0.10670415039137832,-10.120845921450139
awgn,30,20260811,37,glcm_homogeneity,True,24,kodim09.png,0.3562207534800532,0.5890069213073483,80.2197802197802
awgn,30,20260811,37,glcm_homogeneity,True,24,kodim10.png,0.3570037974664849,0.33388323841130757,39.63800904977375
awgn,30,20260811,37,glcm_homogeneity,True,24,kodim11.png,0.3127630270573857,0.1428820252590563,15.359369872005256
awgn,30,20260811,37,glcm_homogeneity,True,24,kodim12.png,0.34471386654079805,0.7688445043942127,115.72720946416143
awgn,30,20260811,37,glcm_homogeneity,True,24,kodim13.png,0.21877968203857412,-0.12115962951591358,-11.410746629100421
awgn,30,20260811,37,glcm_homogeneity,True,24,kodim14.png,0.289025824029737,-0.060714791786890016,-5.890839144024995
awgn,30,20260811,37,glcm_homogeneity,True,24,kodim15.png,0.2899055960287983,0.7303548079805451,107.5816993464052
awgn,30,20260811,37,glcm_homogeneity,True,24,kodim16.png,0.3412071848326199,0.593405427114779,81.01422387136672
awgn,30,20260811,37,glcm_homogeneity,True,24,kodim17.png,0.31295452192425643,0.3546101401555845,42.562475208250696
awgn,30,20260811,37,glcm_homogeneity,True,24,kodim18.png,0.2794727407189971,0.11318225840474064,11.983601387574904
awgn,30,20260811,37,glcm_homogeneity,True,24,kodim19.png,0.3142459879712167,0.364711027608785,44.00977995110025
awgn,30,20260811,37,glcm_homogeneity,True,24,kodim20.png,0.2252791046112993,0.4230912772427681,52.66736401673639
awgn,30,20260811,37,glcm_homogeneity,True,24,kodim21.png,0.31503778712525976,0.1242274191432343,13.227334235453325
awgn,30,20260811,37,glcm_homogeneity,True,24,kodim22.png,0.3301422302321989,0.3105066694260028,36.41160949868074
awgn,30,20260811,37,glcm_homogeneity,True,24,kodim23.png,0.3748895974601375,0.748241834366919,111.328125
awgn,30,20260811,37,glcm_homogeneity,True,24,kodim24.png,0.2921949652493274,0.06494428296095126,6.70995670995671
stripes,8,,22,sobel_si,True,24,kodim01.png,-1.1966223442078672,-0.053000001580929434,-5.161998901702369
stripes,8,,22,sobel_si,True,24,kodim02.png,-1.8562244648385828,-0.040666533968057174,-3.985074626865681
stripes,8,,22,sobel_si,True,24,kodim03.png,-1.9316040112598571,-0.10675489190048076,-10.12540640966093
stripes,8,,22,sobel_si,True,24,kodim04.png,-1.2211932254657043,-0.108219806660585,-10.256968641114984
stripes,8,,22,sobel_si,True,24,kodim05.png,-1.4584620163923603,-0.01845904154839332,-1.8289716898531094
stripes,8,,22,sobel_si,True,24,kodim06.png,-1.5180287274903463,-0.052858622204591185,-5.148589816392201
stripes,8,,22,sobel_si,True,24,kodim07.png,-2.2780255369866893,-0.06578434495802954,-6.366723259762308
stripes,8,,22,sobel_si,True,24,kodim08.png,-1.9327677660128018,-0.03211437531335283,-3.1604184829991278
stripes,8,,22,sobel_si,True,24,kodim09.png,-1.8704471322269853,-0.1171565828424112,-11.055408970976243
stripes,8,,22,sobel_si,True,24,kodim10.png,-1.7990897050969608,-0.13070283837040622,-12.252151141040024
stripes,8,,22,sobel_si,True,24,kodim11.png,-1.6799472655284973,-0.012428695906956083,-1.2351778656126466
stripes,8,,22,sobel_si,True,24,kodim12.png,-1.5220086944028992,-0.02234729869199666,-2.209944751381221
stripes,8,,22,sobel_si,True,24,kodim13.png,-1.225482163764255,-0.004097872433277414,-0.4089487611258158
stripes,8,,22,sobel_si,True,24,kodim14.png,-0.775542236649045,0.010485343564899252,1.0540507415124578
stripes,8,,22,sobel_si,True,24,kodim15.png,-2.02952248736527,-0.09088927335852008,-8.688118811881186
stripes,8,,22,sobel_si,True,24,kodim16.png,-1.1117463365822502,-0.09685731239273856,-9.231448763250881
stripes,8,,22,sobel_si,True,24,kodim17.png,-1.3238294385357676,-0.10344342497592787,-9.82729634724132
stripes,8,,22,sobel_si,True,24,kodim18.png,-1.439015144878553,-0.02607038475425748,-2.573348631371919
stripes,8,,22,sobel_si,True,24,kodim19.png,-1.4790782494134191,-0.07310605857939045,-7.049775688955351
stripes,8,,22,sobel_si,True,24,kodim20.png,-1.5412546728381358,-0.01642073021232741,-1.6286644951139961
stripes,8,,22,sobel_si,True,24,kodim21.png,-2.0107909734608995,0.025533302005164845,2.586206896551735
stripes,8,,22,sobel_si,True,24,kodim22.png,-1.5601786955378287,-0.06215738057081504,-6.02650208749318
stripes,8,,22,sobel_si,True,24,kodim23.png,-1.6342845597158302,-0.23982074419317304,-21.32311186825667
stripes,8,,22,sobel_si,True,24,kodim24.png,-2.3027927195672646,-0.028685467697114643,-2.8277945619335387
stripes,8,,22,luma_sd,True,24,kodim01.png,0.34323580773344986,-0.053000001580929434,-5.161998901702369
stripes,8,,22,luma_sd,True,24,kodim02.png,0.6168151670029083,-0.040666533968057174,-3.985074626865681
stripes,8,,22,luma_sd,True,24,kodim03.png,0.3534491019989616,-0.10675489190048076,-10.12540640966093
stripes,8,,22,luma_sd,True,24,kodim04.png,0.41063063609066575,-0.108219806660585,-10.256968641114984
stripes,8,,22,luma_sd,True,24,kodim05.png,0.1957296589804045,-0.01845904154839332,-1.8289716898531094
stripes,8,,22,luma_sd,True,24,kodim06.png,-0.05290072920708866,-0.052858622204591185,-5.148589816392201
stripes,8,,22,luma_sd,True,24,kodim07.png,0.4445577580529374,-0.06578434495802954,-6.366723259762308
stripes,8,,22,luma_sd,True,24,kodim08.png,0.09292086227632979,-0.03211437531335283,-3.1604184829991278
stripes,8,,22,luma_sd,True,24,kodim09.png,0.3743672331689325,-0.1171565828424112,-11.055408970976243
stripes,8,,22,luma_sd,True,24,kodim10.png,0.30517085344476413,-0.13070283837040622,-12.252151141040024
stripes,8,,22,luma_sd,True,24,kodim11.png,0.3644038917393573,-0.012428695906956083,-1.2351778656126466
stripes,8,,22,luma_sd,True,24,kodim12.png,0.19227756807655538,-0.02234729869199666,-2.209944751381221
stripes,8,,22,luma_sd,True,24,kodim13.png,0.07396519712673211,-0.004097872433277414,-0.4089487611258158
stripes,8,,22,luma_sd,True,24,kodim14.png,0.3329707878631396,0.010485343564899252,1.0540507415124578
stripes,8,,22,luma_sd,True,24,kodim15.png,-0.20853463671082295,-0.09088927335852008,-8.688118811881186
stripes,8,,22,luma_sd,True,24,kodim16.png,0.3718580953666546,-0.09685731239273856,-9.231448763250881
stripes,8,,22,luma_sd,True,24,kodim17.png,0.3149992691580863,-0.10344342497592787,-9.82729634724132
stripes,8,,22,luma_sd,True,24,kodim18.png,0.2423482861713211,-0.02607038475425748,-2.573348631371919
stripes,8,,22,luma_sd,True,24,kodim19.png,0.3140248066648965,-0.07310605857939045,-7.049775688955351
stripes,8,,22,luma_sd,True,24,kodim20.png,-0.7497104825248329,-0.01642073021232741,-1.6286644951139961
stripes,8,,22,luma_sd,True,24,kodim21.png,0.3202867946888759,0.025533302005164845,2.586206896551735
stripes,8,,22,luma_sd,True,24,kodim22.png,0.3549925367592053,-0.06215738057081504,-6.02650208749318
stripes,8,,22,luma_sd,True,24,kodim23.png,0.29018340046031454,-0.23982074419317304,-21.32311186825667
stripes,8,,22,luma_sd,True,24,kodim24.png,-0.08276779861142103,-0.028685467697114643,-2.8277945619335387
stripes,8,,22,edge_fraction,True,24,kodim01.png,0.01209747606614453,-0.053000001580929434,-5.161998901702369
stripes,8,,22,edge_fraction,True,24,kodim02.png,0.011388419597604033,-0.040666533968057174,-3.985074626865681
stripes,8,,22,edge_fraction,True,24,kodim03.png,0.009079506476219718,-0.10675489190048076,-10.12540640966093
stripes,8,,22,edge_fraction,True,24,kodim04.png,0.018018225566989177,-0.108219806660585,-10.256968641114984
stripes,8,,22,edge_fraction,True,24,kodim05.png,0.013290329186504857,-0.01845904154839332,-1.8289716898531094
stripes,8,,22,edge_fraction,True,24,kodim06.png,0.010264680284646499,-0.052858622204591185,-5.148589816392201
stripes,8,,22,edge_fraction,True,24,kodim07.png,0.009138381201044432,-0.06578434495802954,-6.366723259762308
stripes,8,,22,edge_fraction,True,24,kodim08.png,0.010582091844570707,-0.03211437531335283,-3.1604184829991278
stripes,8,,22,edge_fraction,True,24,kodim09.png,0.00697025546511032,-0.1171565828424112,-11.055408970976243
stripes,8,,22,edge_fraction,True,24,kodim10.png,0.010679363129063646,-0.13070283837040622,-12.252151141040024
stripes,8,,22,edge_fraction,True,24,kodim11.png,0.01679209542824961,-0.012428695906956083,-1.2351778656126466
stripes,8,,22,edge_fraction,True,24,kodim12.png,0.015192238775405709,-0.02234729869199666,-2.209944751381221
stripes,8,,22,edge_fraction,True,24,kodim13.png,0.011206675881840988,-0.004097872433277414,-0.4089487611258158
stripes,8,,22,edge_fraction,True,24,kodim14.png,0.01879895561357703,0.010485343564899252,1.0540507415124578
stripes,8,,22,edge_fraction,True,24,kodim15.png,0.012215225515793765,-0.09088927335852008,-8.688118811881186
stripes,8,,22,edge_fraction,True,24,kodim16.png,0.013111145241386346,-0.09685731239273856,-9.231448763250881
stripes,8,,22,edge_fraction,True,24,kodim17.png,0.017199098960733128,-0.10344342497592787,-9.82729634724132
stripes,8,,22,edge_fraction,True,24,kodim18.png,0.014662366251983805,-0.02607038475425748,-2.573348631371919
stripes,8,,22,edge_fraction,True,24,kodim19.png,0.012678544002457381,-0.07310605857939045,-7.049775688955351
stripes,8,,22,edge_fraction,True,24,kodim20.png,0.007379818768238372,-0.01642073021232741,-1.6286644951139961
stripes,8,,22,edge_fraction,True,24,kodim21.png,0.009588900834485214,0.025533302005164845,2.586206896551735
stripes,8,,22,edge_fraction,True,24,kodim22.png,0.01825884400757688,-0.06215738057081504,-6.02650208749318
stripes,8,,22,edge_fraction,True,24,kodim23.png,0.009496749091281412,-0.23982074419317304,-21.32311186825667
stripes,8,,22,edge_fraction,True,24,kodim24.png,0.011780064506220211,-0.028685467697114643,-2.8277945619335387
stripes,8,,22,glcm_contrast,True,24,kodim01.png,0.006962131150860973,-0.053000001580929434,-5.161998901702369
stripes,8,,22,glcm_contrast,True,24,kodim02.png,0.005836803311979999,-0.040666533968057174,-3.985074626865681
stripes,8,,22,glcm_contrast,True,24,kodim03.png,-0.0002534620253595299,-0.10675489190048076,-10.12540640966093
stripes,8,,22,glcm_contrast,True,24,kodim04.png,0.003426113477474263,-0.108219806660585,-10.256968641114984
stripes,8,,22,glcm_contrast,True,24,kodim05.png,-0.0020519098759282928,-0.01845904154839332,-1.8289716898531094
stripes,8,,22,glcm_contrast,True,24,kodim06.png,0.001722239645923218,-0.052858622204591185,-5.148589816392201
stripes,8,,22,glcm_contrast,True,24,kodim07.png,0.0042446907722095695,-0.06578434495802954,-6.366723259762308
stripes,8,,22,glcm_contrast,True,24,kodim08.png,-0.004062497707699286,-0.03211437531335283,-3.1604184829991278
stripes,8,,22,glcm_contrast,True,24,kodim09.png,0.0036910419901136082,-0.1171565828424112,-11.055408970976243
stripes,8,,22,glcm_contrast,True,24,kodim10.png,0.010908064532161199,-0.13070283837040622,-12.252151141040024
stripes,8,,22,glcm_contrast,True,24,kodim11.png,0.014956469573181808,-0.012428695906956083,-1.2351778656126466
stripes,8,,22,glcm_contrast,True,24,kodim12.png,0.005120309813024776,-0.02234729869199666,-2.209944751381221
stripes,8,,22,glcm_contrast,True,24,kodim13.png,0.0005045603231514928,-0.004097872433277414,-0.4089487611258158
stripes,8,,22,glcm_contrast,True,24,kodim14.png,0.006178891832424649,0.010485343564899252,1.0540507415124578
stripes,8,,22,glcm_contrast,True,24,kodim15.png,0.007049572459987219,-0.09088927335852008,-8.688118811881186
stripes,8,,22,glcm_contrast,True,24,kodim16.png,0.017415159023750404,-0.09685731239273856,-9.231448763250881
stripes,8,,22,glcm_contrast,True,24,kodim17.png,0.008593104003056184,-0.10344342497592787,-9.82729634724132
stripes,8,,22,glcm_contrast,True,24,kodim18.png,0.007796603807526226,-0.02607038475425748,-2.573348631371919
stripes,8,,22,glcm_contrast,True,24,kodim19.png,0.0036592803352857306,-0.07310605857939045,-7.049775688955351
stripes,8,,22,glcm_contrast,True,24,kodim20.png,0.005987032068982601,-0.01642073021232741,-1.6286644951139961
stripes,8,,22,glcm_contrast,True,24,kodim21.png,0.013954244931795978,0.025533302005164845,2.586206896551735
stripes,8,,22,glcm_contrast,True,24,kodim22.png,0.008462398007896277,-0.06215738057081504,-6.02650208749318
stripes,8,,22,glcm_contrast,True,24,kodim23.png,0.016690081024395065,-0.23982074419317304,-21.32311186825667
stripes,8,,22,glcm_contrast,True,24,kodim24.png,0.00763492226721596,-0.028685467697114643,-2.8277945619335387
stripes,8,,22,glcm_entropy,True,24,kodim01.png,0.030444926308090814,-0.053000001580929434,-5.161998901702369
stripes,8,,22,glcm_entropy,True,24,kodim02.png,0.05923232805235923,-0.040666533968057174,-3.985074626865681
stripes,8,,22,glcm_entropy,True,24,kodim03.png,0.021642423732098237,-0.10675489190048076,-10.12540640966093
stripes,8,,22,glcm_entropy,True,24,kodim04.png,0.023543197041142605,-0.108219806660585,-10.256968641114984
stripes,8,,22,glcm_entropy,True,24,kodim05.png,0.008086210444124386,-0.01845904154839332,-1.8289716898531094
stripes,8,,22,glcm_entropy,True,24,kodim06.png,0.036078417884658265,-0.052858622204591185,-5.148589816392201
stripes,8,,22,glcm_entropy,True,24,kodim07.png,0.037152867957237934,-0.06578434495802954,-6.366723259762308
stripes,8,,22,glcm_entropy,True,24,kodim08.png,0.006002022242248106,-0.03211437531335283,-3.1604184829991278
stripes,8,,22,glcm_entropy,True,24,kodim09.png,0.031281498073760794,-0.1171565828424112,-11.055408970976243
stripes,8,,22,glcm_entropy,True,24,kodim10.png,0.0541922176648888,-0.13070283837040622,-12.252151141040024
stripes,8,,22,glcm_entropy,True,24,kodim11.png,0.12614685699984385,-0.012428695906956083,-1.2351778656126466
stripes,8,,22,glcm_entropy,True,24,kodim12.png,0.04069064578572945,-0.02234729869199666,-2.209944751381221
stripes,8,,22,glcm_entropy,True,24,kodim13.png,0.01377198761144216,-0.004097872433277414,-0.4089487611258158
stripes,8,,22,glcm_entropy,True,24,kodim14.png,0.015852082254742772,0.010485343564899252,1.0540507415124578
stripes,8,,22,glcm_entropy,True,24,kodim15.png,0.024514194630457897,-0.09088927335852008,-8.688118811881186
stripes,8,,22,glcm_entropy,True,24,kodim16.png,0.07033957399863189,-0.09685731239273856,-9.231448763250881
stripes,8,,22,glcm_entropy,True,24,kodim17.png,0.025779433835894316,-0.10344342497592787,-9.82729634724132
stripes,8,,22,glcm_entropy,True,24,kodim18.png,0.01907613458108237,-0.02607038475425748,-2.573348631371919
stripes,8,,22,glcm_entropy,True,24,kodim19.png,0.03236224342437133,-0.07310605857939045,-7.049775688955351
stripes,8,,22,glcm_entropy,True,24,kodim20.png,0.02405313452114677,-0.01642073021232741,-1.6286644951139961
stripes,8,,22,glcm_entropy,True,24,kodim21.png,0.03680559173241171,0.025533302005164845,2.586206896551735
stripes,8,,22,glcm_entropy,True,24,kodim22.png,0.041895716330413446,-0.06215738057081504,-6.02650208749318
stripes,8,,22,glcm_entropy,True,24,kodim23.png,0.04893752158339204,-0.23982074419317304,-21.32311186825667
stripes,8,,22,glcm_entropy,True,24,kodim24.png,0.030234255585043446,-0.028685467697114643,-2.8277945619335387
stripes,8,,22,glcm_homogeneity,True,24,kodim01.png,0.0067303660636034435,-0.053000001580929434,-5.161998901702369
stripes,8,,22,glcm_homogeneity,True,24,kodim02.png,0.006407567416934934,-0.040666533968057174,-3.985074626865681
stripes,8,,22,glcm_homogeneity,True,24,kodim03.png,0.0019468426514953618,-0.10675489190048076,-10.12540640966093
stripes,8,,22,glcm_homogeneity,True,24,kodim04.png,0.002310241033926852,-0.108219806660585,-10.256968641114984
stripes,8,,22,glcm_homogeneity,True,24,kodim05.png,0.0022105035347954605,-0.01845904154839332,-1.8289716898531094
stripes,8,,22,glcm_homogeneity,True,24,kodim06.png,0.004344358824949657,-0.052858622204591185,-5.148589816392201
stripes,8,,22,glcm_homogeneity,True,24,kodim07.png,0.004656532034743366,-0.06578434495802954,-6.366723259762308
stripes,8,,22,glcm_homogeneity,True,24,kodim08.png,-0.00015470243849458054,-0.03211437531335283,-3.1604184829991278
stripes,8,,22,glcm_homogeneity,True,24,kodim09.png,0.002530938427138696,-0.1171565828424112,-11.055408970976243
stripes,8,,22,glcm_homogeneity,True,24,kodim10.png,0.006200532681001958,-0.13070283837040622,-12.252151141040024
stripes,8,,22,glcm_homogeneity,True,24,kodim11.png,0.011012986630264288,-0.012428695906956083,-1.2351778656126466
stripes,8,,22,glcm_homogeneity,True,24,kodim12.png,0.002570196072316011,-0.02234729869199666,-2.209944751381221
stripes,8,,22,glcm_homogeneity,True,24,kodim13.png,0.0023059724395737558,-0.004097872433277414,-0.4089487611258158
stripes,8,,22,glcm_homogeneity,True,24,kodim14.png,0.0026337362270107967,0.010485343564899252,1.0540507415124578
stripes,8,,22,glcm_homogeneity,True,24,kodim15.png,0.003724929713196934,-0.09088927335852008,-8.688118811881186
stripes,8,,22,glcm_homogeneity,True,24,kodim16.png,0.008456614796337969,-0.09685731239273856,-9.231448763250881
stripes,8,,22,glcm_homogeneity,True,24,kodim17.png,0.004647158714744415,-0.10344342497592787,-9.82729634724132
stripes,8,,22,glcm_homogeneity,True,24,kodim18.png,0.003733803767540067,-0.02607038475425748,-2.573348631371919
stripes,8,,22,glcm_homogeneity,True,24,kodim19.png,0.0024346194688957823,-0.07310605857939045,-7.049775688955351
stripes,8,,22,glcm_homogeneity,True,24,kodim20.png,0.0035353425676665218,-0.01642073021232741,-1.6286644951139961
stripes,8,,22,glcm_homogeneity,True,24,kodim21.png,0.007402376018393775,0.025533302005164845,2.586206896551735
stripes,8,,22,glcm_homogeneity,True,24,kodim22.png,0.005003533788458081,-0.06215738057081504,-6.02650208749318
stripes,8,,22,glcm_homogeneity,True,24,kodim23.png,0.008610784873785415,-0.23982074419317304,-21.32311186825667
stripes,8,,22,glcm_homogeneity,True,24,kodim24.png,0.0031723245855413973,-0.028685467697114643,-2.8277945619335387
stripes,8,,27,sobel_si,True,24,kodim01.png,-1.1966223442078672,-0.07718588792222249,-7.42822421388426
stripes,8,,27,sobel_si,True,24,kodim02.png,-1.8562244648385828,-0.0019331978955945727,-0.19313304721030322
stripes,8,,27,sobel_si,True,24,kodim03.png,-1.9316040112598571,-0.0420861628843503,-4.1212834854283065
stripes,8,,27,sobel_si,True,24,kodim04.png,-1.2211932254657043,-0.10634260060790166,-10.08834425762326
stripes,8,,27,sobel_si,True,24,kodim05.png,-1.4584620163923603,-0.012705857247462597,-1.2625478629825104
stripes,8,,27,sobel_si,True,24,kodim06.png,-1.5180287274903463,0.002968377564912857,0.297278756002739
stripes,8,,27,sobel_si,True,24,kodim07.png,-2.2780255369866893,-0.08099616794661973,-7.780277465316832
stripes,8,,27,sobel_si,True,24,kodim08.png,-1.9327677660128018,-0.013647854517876513,-1.35551447935921
stripes,8,,27,sobel_si,True,24,kodim09.png,-1.8704471322269853,-0.033913049827353554,-3.334444814938309
stripes,8,,27,sobel_si,True,24,kodim10.png,-1.7990897050969608,-0.0642556757107103,-6.223479490806227
stripes,8,,27,sobel_si,True,24,kodim11.png,-1.6799472655284973,-0.00496468462940253,-0.49523809523810414
stripes,8,,27,sobel_si,True,24,kodim12.png,-1.5220086944028992,-0.042316891319946544,-4.14340287981193
stripes,8,,27,sobel_si,True,24,kodim13.png,-1.225482163764255,-0.015695985976210053,-1.5573445954863319
stripes,8,,27,sobel_si,True,24,kodim14.png,-0.775542236649045,-0.004151328358879504,-0.41427235066150425
stripes,8,,27,sobel_si,True,24,kodim15.png,-2.02952248736527,-0.07655100025443347,-7.3694328740788295
stripes,8,,27,sobel_si,True,24,kodim16.png,-1.1117463365822502,-0.052555753544791646,-5.119857946137907
stripes,8,,27,sobel_si,True,24,kodim17.png,-1.3238294385357676,-0.06570792276119904,-6.359567325624759
stripes,8,,27,sobel_si,True,24,kodim18.png,-1.439015144878553,-0.0322010454150339,-3.168811215671208
stripes,8,,27,sobel_si,True,24,kodim19.png,-1.4790782494134191,-0.05890411376034132,-5.720283390186287
stripes,8,,27,sobel_si,True,24,kodim20.png,-1.5412546728381358,0.009615458699441973,0.9661835748792313
stripes,8,,27,sobel_si,True,24,kodim21.png,-2.0107909734608995,-0.042773266807174,-4.187139500106807
stripes,8,,27,sobel_si,True,24,kodim22.png,-1.5601786955378287,-0.051915166712567344,-5.059059505237363
stripes,8,,27,sobel_si,True,24,kodim23.png,-1.6342845597158302,-0.20587323413827996,-18.60637509266123
stripes,8,,27,sobel_si,True,24,kodim24.png,-2.3027927195672646,-0.0575856729791123,-5.595899188381037
stripes,8,,27,luma_sd,True,24,kodim01.png,0.34323580773344986,-0.07718588792222249,-7.42822421388426
stripes,8,,27,luma_sd,True,24,kodim02.png,0.6168151670029083,-0.0019331978955945727,-0.19313304721030322
stripes,8,,27,luma_sd,True,24,kodim03.png,0.3534491019989616,-0.0420861628843503,-4.1212834854283065
stripes,8,,27,luma_sd,True,24,kodim04.png,0.41063063609066575,-0.10634260060790166,-10.08834425762326
stripes,8,,27,luma_sd,True,24,kodim05.png,0.1957296589804045,-0.012705857247462597,-1.2625478629825104
stripes,8,,27,luma_sd,True,24,kodim06.png,-0.05290072920708866,0.002968377564912857,0.297278756002739
stripes,8,,27,luma_sd,True,24,kodim07.png,0.4445577580529374,-0.08099616794661973,-7.780277465316832
stripes,8,,27,luma_sd,True,24,kodim08.png,0.09292086227632979,-0.013647854517876513,-1.35551447935921
stripes,8,,27,luma_sd,True,24,kodim09.png,0.3743672331689325,-0.033913049827353554,-3.334444814938309
stripes,8,,27,luma_sd,True,24,kodim10.png,0.30517085344476413,-0.0642556757107103,-6.223479490806227
stripes,8,,27,luma_sd,True,24,kodim11.png,0.3644038917393573,-0.00496468462940253,-0.49523809523810414
stripes,8,,27,luma_sd,True,24,kodim12.png,0.19227756807655538,-0.042316891319946544,-4.14340287981193
stripes,8,,27,luma_sd,True,24,kodim13.png,0.07396519712673211,-0.015695985976210053,-1.5573445954863319
stripes,8,,27,luma_sd,True,24,kodim14.png,0.3329707878631396,-0.004151328358879504,-0.41427235066150425
stripes,8,,27,luma_sd,True,24,kodim15.png,-0.20853463671082295,-0.07655100025443347,-7.3694328740788295
stripes,8,,27,luma_sd,True,24,kodim16.png,0.3718580953666546,-0.052555753544791646,-5.119857946137907
stripes,8,,27,luma_sd,True,24,kodim17.png,0.3149992691580863,-0.06570792276119904,-6.359567325624759
stripes,8,,27,luma_sd,True,24,kodim18.png,0.2423482861713211,-0.0322010454150339,-3.168811215671208
stripes,8,,27,luma_sd,True,24,kodim19.png,0.3140248066648965,-0.05890411376034132,-5.720283390186287
stripes,8,,27,luma_sd,True,24,kodim20.png,-0.7497104825248329,0.009615458699441973,0.9661835748792313
stripes,8,,27,luma_sd,True,24,kodim21.png,0.3202867946888759,-0.042773266807174,-4.187139500106807
stripes,8,,27,luma_sd,True,24,kodim22.png,0.3549925367592053,-0.051915166712567344,-5.059059505237363
stripes,8,,27,luma_sd,True,24,kodim23.png,0.29018340046031454,-0.20587323413827996,-18.60637509266123
stripes,8,,27,luma_sd,True,24,kodim24.png,-0.08276779861142103,-0.0575856729791123,-5.595899188381037
stripes,8,,27,edge_fraction,True,24,kodim01.png,0.01209747606614453,-0.07718588792222249,-7.42822421388426
stripes,8,,27,edge_fraction,True,24,kodim02.png,0.011388419597604033,-0.0019331978955945727,-0.19313304721030322
stripes,8,,27,edge_fraction,True,24,kodim03.png,0.009079506476219718,-0.0420861628843503,-4.1212834854283065
stripes,8,,27,edge_fraction,True,24,kodim04.png,0.018018225566989177,-0.10634260060790166,-10.08834425762326
stripes,8,,27,edge_fraction,True,24,kodim05.png,0.013290329186504857,-0.012705857247462597,-1.2625478629825104
stripes,8,,27,edge_fraction,True,24,kodim06.png,0.010264680284646499,0.002968377564912857,0.297278756002739
stripes,8,,27,edge_fraction,True,24,kodim07.png,0.009138381201044432,-0.08099616794661973,-7.780277465316832
stripes,8,,27,edge_fraction,True,24,kodim08.png,0.010582091844570707,-0.013647854517876513,-1.35551447935921
stripes,8,,27,edge_fraction,True,24,kodim09.png,0.00697025546511032,-0.033913049827353554,-3.334444814938309
stripes,8,,27,edge_fraction,True,24,kodim10.png,0.010679363129063646,-0.0642556757107103,-6.223479490806227
stripes,8,,27,edge_fraction,True,24,kodim11.png,0.01679209542824961,-0.00496468462940253,-0.49523809523810414
stripes,8,,27,edge_fraction,True,24,kodim12.png,0.015192238775405709,-0.042316891319946544,-4.14340287981193
stripes,8,,27,edge_fraction,True,24,kodim13.png,0.011206675881840988,-0.015695985976210053,-1.5573445954863319
stripes,8,,27,edge_fraction,True,24,kodim14.png,0.01879895561357703,-0.004151328358879504,-0.41427235066150425
stripes,8,,27,edge_fraction,True,24,kodim15.png,0.012215225515793765,-0.07655100025443347,-7.3694328740788295
stripes,8,,27,edge_fraction,True,24,kodim16.png,0.013111145241386346,-0.052555753544791646,-5.119857946137907
stripes,8,,27,edge_fraction,True,24,kodim17.png,0.017199098960733128,-0.06570792276119904,-6.359567325624759
stripes,8,,27,edge_fraction,True,24,kodim18.png,0.014662366251983805,-0.0322010454150339,-3.168811215671208
stripes,8,,27,edge_fraction,True,24,kodim19.png,0.012678544002457381,-0.05890411376034132,-5.720283390186287
stripes,8,,27,edge_fraction,True,24,kodim20.png,0.007379818768238372,0.009615458699441973,0.9661835748792313
stripes,8,,27,edge_fraction,True,24,kodim21.png,0.009588900834485214,-0.042773266807174,-4.187139500106807
stripes,8,,27,edge_fraction,True,24,kodim22.png,0.01825884400757688,-0.051915166712567344,-5.059059505237363
stripes,8,,27,edge_fraction,True,24,kodim23.png,0.009496749091281412,-0.20587323413827996,-18.60637509266123
stripes,8,,27,edge_fraction,True,24,kodim24.png,0.011780064506220211,-0.0575856729791123,-5.595899188381037
stripes,8,,27,glcm_contrast,True,24,kodim01.png,0.006962131150860973,-0.07718588792222249,-7.42822421388426
stripes,8,,27,glcm_contrast,True,24,kodim02.png,0.005836803311979999,-0.0019331978955945727,-0.19313304721030322
stripes,8,,27,glcm_contrast,True,24,kodim03.png,-0.0002534620253595299,-0.0420861628843503,-4.1212834854283065
stripes,8,,27,glcm_contrast,True,24,kodim04.png,0.003426113477474263,-0.10634260060790166,-10.08834425762326
stripes,8,,27,glcm_contrast,True,24,kodim05.png,-0.0020519098759282928,-0.012705857247462597,-1.2625478629825104
stripes,8,,27,glcm_contrast,True,24,kodim06.png,0.001722239645923218,0.002968377564912857,0.297278756002739
stripes,8,,27,glcm_contrast,True,24,kodim07.png,0.0042446907722095695,-0.08099616794661973,-7.780277465316832
stripes,8,,27,glcm_contrast,True,24,kodim08.png,-0.004062497707699286,-0.013647854517876513,-1.35551447935921
stripes,8,,27,glcm_contrast,True,24,kodim09.png,0.0036910419901136082,-0.033913049827353554,-3.334444814938309
stripes,8,,27,glcm_contrast,True,24,kodim10.png,0.010908064532161199,-0.0642556757107103,-6.223479490806227
stripes,8,,27,glcm_contrast,True,24,kodim11.png,0.014956469573181808,-0.00496468462940253,-0.49523809523810414
stripes,8,,27,glcm_contrast,True,24,kodim12.png,0.005120309813024776,-0.042316891319946544,-4.14340287981193
stripes,8,,27,glcm_contrast,True,24,kodim13.png,0.0005045603231514928,-0.015695985976210053,-1.5573445954863319
stripes,8,,27,glcm_contrast,True,24,kodim14.png,0.006178891832424649,-0.004151328358879504,-0.41427235066150425
stripes,8,,27,glcm_contrast,True,24,kodim15.png,0.007049572459987219,-0.07655100025443347,-7.3694328740788295
stripes,8,,27,glcm_contrast,True,24,kodim16.png,0.017415159023750404,-0.052555753544791646,-5.119857946137907
stripes,8,,27,glcm_contrast,True,24,kodim17.png,0.008593104003056184,-0.06570792276119904,-6.359567325624759
stripes,8,,27,glcm_contrast,True,24,kodim18.png,0.007796603807526226,-0.0322010454150339,-3.168811215671208
stripes,8,,27,glcm_contrast,True,24,kodim19.png,0.0036592803352857306,-0.05890411376034132,-5.720283390186287
stripes,8,,27,glcm_contrast,True,24,kodim20.png,0.005987032068982601,0.009615458699441973,0.9661835748792313
stripes,8,,27,glcm_contrast,True,24,kodim21.png,0.013954244931795978,-0.042773266807174,-4.187139500106807
stripes,8,,27,glcm_contrast,True,24,kodim22.png,0.008462398007896277,-0.051915166712567344,-5.059059505237363
stripes,8,,27,glcm_contrast,True,24,kodim23.png,0.016690081024395065,-0.20587323413827996,-18.60637509266123
stripes,8,,27,glcm_contrast,True,24,kodim24.png,0.00763492226721596,-0.0575856729791123,-5.595899188381037
stripes,8,,27,glcm_entropy,True,24,kodim01.png,0.030444926308090814,-0.07718588792222249,-7.42822421388426
stripes,8,,27,glcm_entropy,True,24,kodim02.png,0.05923232805235923,-0.0019331978955945727,-0.19313304721030322
stripes,8,,27,glcm_entropy,True,24,kodim03.png,0.021642423732098237,-0.0420861628843503,-4.1212834854283065
stripes,8,,27,glcm_entropy,True,24,kodim04.png,0.023543197041142605,-0.10634260060790166,-10.08834425762326
stripes,8,,27,glcm_entropy,True,24,kodim05.png,0.008086210444124386,-0.012705857247462597,-1.2625478629825104
stripes,8,,27,glcm_entropy,True,24,kodim06.png,0.036078417884658265,0.002968377564912857,0.297278756002739
stripes,8,,27,glcm_entropy,True,24,kodim07.png,0.037152867957237934,-0.08099616794661973,-7.780277465316832
stripes,8,,27,glcm_entropy,True,24,kodim08.png,0.006002022242248106,-0.013647854517876513,-1.35551447935921
stripes,8,,27,glcm_entropy,True,24,kodim09.png,0.031281498073760794,-0.033913049827353554,-3.334444814938309
stripes,8,,27,glcm_entropy,True,24,kodim10.png,0.0541922176648888,-0.0642556757107103,-6.223479490806227
stripes,8,,27,glcm_entropy,True,24,kodim11.png,0.12614685699984385,-0.00496468462940253,-0.49523809523810414
stripes,8,,27,glcm_entropy,True,24,kodim12.png,0.04069064578572945,-0.042316891319946544,-4.14340287981193
stripes,8,,27,glcm_entropy,True,24,kodim13.png,0.01377198761144216,-0.015695985976210053,-1.5573445954863319
stripes,8,,27,glcm_entropy,True,24,kodim14.png,0.015852082254742772,-0.004151328358879504,-0.41427235066150425
stripes,8,,27,glcm_entropy,True,24,kodim15.png,0.024514194630457897,-0.07655100025443347,-7.3694328740788295
stripes,8,,27,glcm_entropy,True,24,kodim16.png,0.07033957399863189,-0.052555753544791646,-5.119857946137907
stripes,8,,27,glcm_entropy,True,24,kodim17.png,0.025779433835894316,-0.06570792276119904,-6.359567325624759
stripes,8,,27,glcm_entropy,True,24,kodim18.png,0.01907613458108237,-0.0322010454150339,-3.168811215671208
stripes,8,,27,glcm_entropy,True,24,kodim19.png,0.03236224342437133,-0.05890411376034132,-5.720283390186287
stripes,8,,27,glcm_entropy,True,24,kodim20.png,0.02405313452114677,0.009615458699441973,0.9661835748792313
stripes,8,,27,glcm_entropy,True,24,kodim21.png,0.03680559173241171,-0.042773266807174,-4.187139500106807
stripes,8,,27,glcm_entropy,True,24,kodim22.png,0.041895716330413446,-0.051915166712567344,-5.059059505237363
stripes,8,,27,glcm_entropy,True,24,kodim23.png,0.04893752158339204,-0.20587323413827996,-18.60637509266123
stripes,8,,27,glcm_entropy,True,24,kodim24.png,0.030234255585043446,-0.0575856729791123,-5.595899188381037
stripes,8,,27,glcm_homogeneity,True,24,kodim01.png,0.0067303660636034435,-0.07718588792222249,-7.42822421388426
stripes,8,,27,glcm_homogeneity,True,24,kodim02.png,0.006407567416934934,-0.0019331978955945727,-0.19313304721030322
stripes,8,,27,glcm_homogeneity,True,24,kodim03.png,0.0019468426514953618,-0.0420861628843503,-4.1212834854283065
stripes,8,,27,glcm_homogeneity,True,24,kodim04.png,0.002310241033926852,-0.10634260060790166,-10.08834425762326
stripes,8,,27,glcm_homogeneity,True,24,kodim05.png,0.0022105035347954605,-0.012705857247462597,-1.2625478629825104
stripes,8,,27,glcm_homogeneity,True,24,kodim06.png,0.004344358824949657,0.002968377564912857,0.297278756002739
stripes,8,,27,glcm_homogeneity,True,24,kodim07.png,0.004656532034743366,-0.08099616794661973,-7.780277465316832
stripes,8,,27,glcm_homogeneity,True,24,kodim08.png,-0.00015470243849458054,-0.013647854517876513,-1.35551447935921
stripes,8,,27,glcm_homogeneity,True,24,kodim09.png,0.002530938427138696,-0.033913049827353554,-3.334444814938309
stripes,8,,27,glcm_homogeneity,True,24,kodim10.png,0.006200532681001958,-0.0642556757107103,-6.223479490806227
stripes,8,,27,glcm_homogeneity,True,24,kodim11.png,0.011012986630264288,-0.00496468462940253,-0.49523809523810414
stripes,8,,27,glcm_homogeneity,True,24,kodim12.png,0.002570196072316011,-0.042316891319946544,-4.14340287981193
stripes,8,,27,glcm_homogeneity,True,24,kodim13.png,0.0023059724395737558,-0.015695985976210053,-1.5573445954863319
stripes,8,,27,glcm_homogeneity,True,24,kodim14.png,0.0026337362270107967,-0.004151328358879504,-0.41427235066150425
stripes,8,,27,glcm_homogeneity,True,24,kodim15.png,0.003724929713196934,-0.07655100025443347,-7.3694328740788295
stripes,8,,27,glcm_homogeneity,True,24,kodim16.png,0.008456614796337969,-0.052555753544791646,-5.119857946137907
stripes,8,,27,glcm_homogeneity,True,24,kodim17.png,0.004647158714744415,-0.06570792276119904,-6.359567325624759
stripes,8,,27,glcm_homogeneity,True,24,kodim18.png,0.003733803767540067,-0.0322010454150339,-3.168811215671208
stripes,8,,27,glcm_homogeneity,True,24,kodim19.png,0.0024346194688957823,-0.05890411376034132,-5.720283390186287
stripes,8,,27,glcm_homogeneity,True,24,kodim20.png,0.0035353425676665218,0.009615458699441973,0.9661835748792313
stripes,8,,27,glcm_homogeneity,True,24,kodim21.png,0.007402376018393775,-0.042773266807174,-4.187139500106807
stripes,8,,27,glcm_homogeneity,True,24,kodim22.png,0.005003533788458081,-0.051915166712567344,-5.059059505237363
stripes,8,,27,glcm_homogeneity,True,24,kodim23.png,0.008610784873785415,-0.20587323413827996,-18.60637509266123
stripes,8,,27,glcm_homogeneity,True,24,kodim24.png,0.0031723245855413973,-0.0575856729791123,-5.595899188381037
stripes,8,,32,sobel_si,True,24,kodim01.png,-1.1966223442078672,-0.01353844315430765,-1.344721061239318
stripes,8,,32,sobel_si,True,24,kodim02.png,-1.8562244648385828,0.024808031182659143,2.511831088460137
stripes,8,,32,sobel_si,True,24,kodim03.png,-1.9316040112598571,-0.01792914706185488,-1.776937618147445
stripes,8,,32,sobel_si,True,24,kodim04.png,-1.2211932254657043,-0.09630322854531671,-9.181141439205954
stripes,8,,32,sobel_si,True,24,kodim05.png,-1.4584620163923603,-0.030111873999492066,-2.966302800189846
stripes,8,,32,sobel_si,True,24,kodim06.png,-1.5180287274903463,0.023720939202892737,2.400451849759966
stripes,8,,32,sobel_si,True,24,kodim07.png,-2.2780255369866893,-0.08977500611263252,-8.586316266425008
stripes,8,,32,sobel_si,True,24,kodim08.png,-1.9327677660128018,-0.016776906379642773,-1.6636957813428443
stripes,8,,32,sobel_si,True,24,kodim09.png,-1.8704471322269853,-0.05280068415838977,-5.143094151804217
stripes,8,,32,sobel_si,True,24,kodim10.png,-1.7990897050969608,-0.09414163205303801,-8.98461538461538
stripes,8,,32,sobel_si,True,24,kodim11.png,-1.6799472655284973,-0.009234113205483133,-0.9191609710110793
stripes,8,,32,sobel_si,True,24,kodim12.png,-1.5220086944028992,-0.051250540160219744,-4.995938261575949
stripes,8,,32,sobel_si,True,24,kodim13.png,-1.225482163764255,-0.03305444848101018,-3.2514119981682077
stripes,8,,32,sobel_si,True,24,kodim14.png,-0.775542236649045,-0.0005033134910378856,-0.050318685005035224
stripes,8,,32,sobel_si,True,24,kodim15.png,-2.02952248736527,-0.08148883952353604,-7.82570031124944
stripes,8,,32,sobel_si,True,24,kodim16.png,-1.1117463365822502,-0.06243331125118288,-6.052428681572852
stripes,8,,32,sobel_si,True,24,kodim17.png,-1.3238294385357676,-0.050673049304883075,-4.94105843992978
stripes,8,,32,sobel_si,True,24,kodim18.png,-1.439015144878553,-0.024432353039151426,-2.4136299100804504
stripes,8,,32,sobel_si,True,24,kodim19.png,-1.4790782494134191,-0.0685174614368368,-6.62228451296426
stripes,8,,32,sobel_si,True,24,kodim20.png,-1.5412546728381358,0.026829495142495035,2.7192646495595607
stripes,8,,32,sobel_si,True,24,kodim21.png,-2.0107909734608995,-0.0002713336063316999,-0.027129679869786205
stripes,8,,32,sobel_si,True,24,kodim22.png,-1.5601786955378287,-0.07113695464109179,-6.866566716641687
stripes,8,,32,sobel_si,True,24,kodim23.png,-1.6342845597158302,-0.20290226449397536,-18.364197530864203
stripes,8,,32,sobel_si,True,24,kodim24.png,-2.3027927195672646,-0.061312311613859784,-5.947054436987321
stripes,8,,32,luma_sd,True,24,kodim01.png,0.34323580773344986,-0.01353844315430765,-1.344721061239318
stripes,8,,32,luma_sd,True,24,kodim02.png,0.6168151670029083,0.024808031182659143,2.511831088460137
stripes,8,,32,luma_sd,True,24,kodim03.png,0.3534491019989616,-0.01792914706185488,-1.776937618147445
stripes,8,,32,luma_sd,True,24,kodim04.png,0.41063063609066575,-0.09630322854531671,-9.181141439205954
stripes,8,,32,luma_sd,True,24,kodim05.png,0.1957296589804045,-0.030111873999492066,-2.966302800189846
stripes,8,,32,luma_sd,True,24,kodim06.png,-0.05290072920708866,0.023720939202892737,2.400451849759966
stripes,8,,32,luma_sd,True,24,kodim07.png,0.4445577580529374,-0.08977500611263252,-8.586316266425008
stripes,8,,32,luma_sd,True,24,kodim08.png,0.09292086227632979,-0.016776906379642773,-1.6636957813428443
stripes,8,,32,luma_sd,True,24,kodim09.png,0.3743672331689325,-0.05280068415838977,-5.143094151804217
stripes,8,,32,luma_sd,True,24,kodim10.png,0.30517085344476413,-0.09414163205303801,-8.98461538461538
stripes,8,,32,luma_sd,True,24,kodim11.png,0.3644038917393573,-0.009234113205483133,-0.9191609710110793
stripes,8,,32,luma_sd,True,24,kodim12.png,0.19227756807655538,-0.051250540160219744,-4.995938261575949
stripes,8,,32,luma_sd,True,24,kodim13.png,0.07396519712673211,-0.03305444848101018,-3.2514119981682077
stripes,8,,32,luma_sd,True,24,kodim14.png,0.3329707878631396,-0.0005033134910378856,-0.050318685005035224
stripes,8,,32,luma_sd,True,24,kodim15.png,-0.20853463671082295,-0.08148883952353604,-7.82570031124944
stripes,8,,32,luma_sd,True,24,kodim16.png,0.3718580953666546,-0.06243331125118288,-6.052428681572852
stripes,8,,32,luma_sd,True,24,kodim17.png,0.3149992691580863,-0.050673049304883075,-4.94105843992978
stripes,8,,32,luma_sd,True,24,kodim18.png,0.2423482861713211,-0.024432353039151426,-2.4136299100804504
stripes,8,,32,luma_sd,True,24,kodim19.png,0.3140248066648965,-0.0685174614368368,-6.62228451296426
stripes,8,,32,luma_sd,True,24,kodim20.png,-0.7497104825248329,0.026829495142495035,2.7192646495595607
stripes,8,,32,luma_sd,True,24,kodim21.png,0.3202867946888759,-0.0002713336063316999,-0.027129679869786205
stripes,8,,32,luma_sd,True,24,kodim22.png,0.3549925367592053,-0.07113695464109179,-6.866566716641687
stripes,8,,32,luma_sd,True,24,kodim23.png,0.29018340046031454,-0.20290226449397536,-18.364197530864203
stripes,8,,32,luma_sd,True,24,kodim24.png,-0.08276779861142103,-0.061312311613859784,-5.947054436987321
stripes,8,,32,edge_fraction,True,24,kodim01.png,0.01209747606614453,-0.01353844315430765,-1.344721061239318
stripes,8,,32,edge_fraction,True,24,kodim02.png,0.011388419597604033,0.024808031182659143,2.511831088460137
stripes,8,,32,edge_fraction,True,24,kodim03.png,0.009079506476219718,-0.01792914706185488,-1.776937618147445
stripes,8,,32,edge_fraction,True,24,kodim04.png,0.018018225566989177,-0.09630322854531671,-9.181141439205954
stripes,8,,32,edge_fraction,True,24,kodim05.png,0.013290329186504857,-0.030111873999492066,-2.966302800189846
stripes,8,,32,edge_fraction,True,24,kodim06.png,0.010264680284646499,0.023720939202892737,2.400451849759966
stripes,8,,32,edge_fraction,True,24,kodim07.png,0.009138381201044432,-0.08977500611263252,-8.586316266425008
stripes,8,,32,edge_fraction,True,24,kodim08.png,0.010582091844570707,-0.016776906379642773,-1.6636957813428443
stripes,8,,32,edge_fraction,True,24,kodim09.png,0.00697025546511032,-0.05280068415838977,-5.143094151804217
stripes,8,,32,edge_fraction,True,24,kodim10.png,0.010679363129063646,-0.09414163205303801,-8.98461538461538
stripes,8,,32,edge_fraction,True,24,kodim11.png,0.01679209542824961,-0.009234113205483133,-0.9191609710110793
stripes,8,,32,edge_fraction,True,24,kodim12.png,0.015192238775405709,-0.051250540160219744,-4.995938261575949
stripes,8,,32,edge_fraction,True,24,kodim13.png,0.011206675881840988,-0.03305444848101018,-3.2514119981682077
stripes,8,,32,edge_fraction,True,24,kodim14.png,0.01879895561357703,-0.0005033134910378856,-0.050318685005035224
stripes,8,,32,edge_fraction,True,24,kodim15.png,0.012215225515793765,-0.08148883952353604,-7.82570031124944
stripes,8,,32,edge_fraction,True,24,kodim16.png,0.013111145241386346,-0.06243331125118288,-6.052428681572852
stripes,8,,32,edge_fraction,True,24,kodim17.png,0.017199098960733128,-0.050673049304883075,-4.94105843992978
stripes,8,,32,edge_fraction,True,24,kodim18.png,0.014662366251983805,-0.024432353039151426,-2.4136299100804504
stripes,8,,32,edge_fraction,True,24,kodim19.png,0.012678544002457381,-0.0685174614368368,-6.62228451296426
stripes,8,,32,edge_fraction,True,24,kodim20.png,0.007379818768238372,0.026829495142495035,2.7192646495595607
stripes,8,,32,edge_fraction,True,24,kodim21.png,0.009588900834485214,-0.0002713336063316999,-0.027129679869786205
stripes,8,,32,edge_fraction,True,24,kodim22.png,0.01825884400757688,-0.07113695464109179,-6.866566716641687
stripes,8,,32,edge_fraction,True,24,kodim23.png,0.009496749091281412,-0.20290226449397536,-18.364197530864203
stripes,8,,32,edge_fraction,True,24,kodim24.png,0.011780064506220211,-0.061312311613859784,-5.947054436987321
stripes,8,,32,glcm_contrast,True,24,kodim01.png,0.006962131150860973,-0.01353844315430765,-1.344721061239318
stripes,8,,32,glcm_contrast,True,24,kodim02.png,0.005836803311979999,0.024808031182659143,2.511831088460137
stripes,8,,32,glcm_contrast,True,24,kodim03.png,-0.0002534620253595299,-0.01792914706185488,-1.776937618147445
stripes,8,,32,glcm_contrast,True,24,kodim04.png,0.003426113477474263,-0.09630322854531671,-9.181141439205954
stripes,8,,32,glcm_contrast,True,24,kodim05.png,-0.0020519098759282928,-0.030111873999492066,-2.966302800189846
stripes,8,,32,glcm_contrast,True,24,kodim06.png,0.001722239645923218,0.023720939202892737,2.400451849759966
stripes,8,,32,glcm_contrast,True,24,kodim07.png,0.0042446907722095695,-0.08977500611263252,-8.586316266425008
stripes,8,,32,glcm_contrast,True,24,kodim08.png,-0.004062497707699286,-0.016776906379642773,-1.6636957813428443
stripes,8,,32,glcm_contrast,True,24,kodim09.png,0.0036910419901136082,-0.05280068415838977,-5.143094151804217
stripes,8,,32,glcm_contrast,True,24,kodim10.png,0.010908064532161199,-0.09414163205303801,-8.98461538461538
stripes,8,,32,glcm_contrast,True,24,kodim11.png,0.014956469573181808,-0.009234113205483133,-0.9191609710110793
stripes,8,,32,glcm_contrast,True,24,kodim12.png,0.005120309813024776,-0.051250540160219744,-4.995938261575949
stripes,8,,32,glcm_contrast,True,24,kodim13.png,0.0005045603231514928,-0.03305444848101018,-3.2514119981682077
stripes,8,,32,glcm_contrast,True,24,kodim14.png,0.006178891832424649,-0.0005033134910378856,-0.050318685005035224
stripes,8,,32,glcm_contrast,True,24,kodim15.png,0.007049572459987219,-0.08148883952353604,-7.82570031124944
stripes,8,,32,glcm_contrast,True,24,kodim16.png,0.017415159023750404,-0.06243331125118288,-6.052428681572852
stripes,8,,32,glcm_contrast,True,24,kodim17.png,0.008593104003056184,-0.050673049304883075,-4.94105843992978
stripes,8,,32,glcm_contrast,True,24,kodim18.png,0.007796603807526226,-0.024432353039151426,-2.4136299100804504
stripes,8,,32,glcm_contrast,True,24,kodim19.png,0.0036592803352857306,-0.0685174614368368,-6.62228451296426
stripes,8,,32,glcm_contrast,True,24,kodim20.png,0.005987032068982601,0.026829495142495035,2.7192646495595607
stripes,8,,32,glcm_contrast,True,24,kodim21.png,0.013954244931795978,-0.0002713336063316999,-0.027129679869786205
stripes,8,,32,glcm_contrast,True,24,kodim22.png,0.008462398007896277,-0.07113695464109179,-6.866566716641687
stripes,8,,32,glcm_contrast,True,24,kodim23.png,0.016690081024395065,-0.20290226449397536,-18.364197530864203
stripes,8,,32,glcm_contrast,True,24,kodim24.png,0.00763492226721596,-0.061312311613859784,-5.947054436987321
stripes,8,,32,glcm_entropy,True,24,kodim01.png,0.030444926308090814,-0.01353844315430765,-1.344721061239318
stripes,8,,32,glcm_entropy,True,24,kodim02.png,0.05923232805235923,0.024808031182659143,2.511831088460137
stripes,8,,32,glcm_entropy,True,24,kodim03.png,0.021642423732098237,-0.01792914706185488,-1.776937618147445
stripes,8,,32,glcm_entropy,True,24,kodim04.png,0.023543197041142605,-0.09630322854531671,-9.181141439205954
stripes,8,,32,glcm_entropy,True,24,kodim05.png,0.008086210444124386,-0.030111873999492066,-2.966302800189846
stripes,8,,32,glcm_entropy,True,24,kodim06.png,0.036078417884658265,0.023720939202892737,2.400451849759966
stripes,8,,32,glcm_entropy,True,24,kodim07.png,0.037152867957237934,-0.08977500611263252,-8.586316266425008
stripes,8,,32,glcm_entropy,True,24,kodim08.png,0.006002022242248106,-0.016776906379642773,-1.6636957813428443
stripes,8,,32,glcm_entropy,True,24,kodim09.png,0.031281498073760794,-0.05280068415838977,-5.143094151804217
stripes,8,,32,glcm_entropy,True,24,kodim10.png,0.0541922176648888,-0.09414163205303801,-8.98461538461538
stripes,8,,32,glcm_entropy,True,24,kodim11.png,0.12614685699984385,-0.009234113205483133,-0.9191609710110793
stripes,8,,32,glcm_entropy,True,24,kodim12.png,0.04069064578572945,-0.051250540160219744,-4.995938261575949
stripes,8,,32,glcm_entropy,True,24,kodim13.png,0.01377198761144216,-0.03305444848101018,-3.2514119981682077
stripes,8,,32,glcm_entropy,True,24,kodim14.png,0.015852082254742772,-0.0005033134910378856,-0.050318685005035224
stripes,8,,32,glcm_entropy,True,24,kodim15.png,0.024514194630457897,-0.08148883952353604,-7.82570031124944
stripes,8,,32,glcm_entropy,True,24,kodim16.png,0.07033957399863189,-0.06243331125118288,-6.052428681572852
stripes,8,,32,glcm_entropy,True,24,kodim17.png,0.025779433835894316,-0.050673049304883075,-4.94105843992978
stripes,8,,32,glcm_entropy,True,24,kodim18.png,0.01907613458108237,-0.024432353039151426,-2.4136299100804504
stripes,8,,32,glcm_entropy,True,24,kodim19.png,0.03236224342437133,-0.0685174614368368,-6.62228451296426
stripes,8,,32,glcm_entropy,True,24,kodim20.png,0.02405313452114677,0.026829495142495035,2.7192646495595607
stripes,8,,32,glcm_entropy,True,24,kodim21.png,0.03680559173241171,-0.0002713336063316999,-0.027129679869786205
stripes,8,,32,glcm_entropy,True,24,kodim22.png,0.041895716330413446,-0.07113695464109179,-6.866566716641687
stripes,8,,32,glcm_entropy,True,24,kodim23.png,0.04893752158339204,-0.20290226449397536,-18.364197530864203
stripes,8,,32,glcm_entropy,True,24,kodim24.png,0.030234255585043446,-0.061312311613859784,-5.947054436987321
stripes,8,,32,glcm_homogeneity,True,24,kodim01.png,0.0067303660636034435,-0.01353844315430765,-1.344721061239318
stripes,8,,32,glcm_homogeneity,True,24,kodim02.png,0.006407567416934934,0.024808031182659143,2.511831088460137
stripes,8,,32,glcm_homogeneity,True,24,kodim03.png,0.0019468426514953618,-0.01792914706185488,-1.776937618147445
stripes,8,,32,glcm_homogeneity,True,24,kodim04.png,0.002310241033926852,-0.09630322854531671,-9.181141439205954
stripes,8,,32,glcm_homogeneity,True,24,kodim05.png,0.0022105035347954605,-0.030111873999492066,-2.966302800189846
stripes,8,,32,glcm_homogeneity,True,24,kodim06.png,0.004344358824949657,0.023720939202892737,2.400451849759966
stripes,8,,32,glcm_homogeneity,True,24,kodim07.png,0.004656532034743366,-0.08977500611263252,-8.586316266425008
stripes,8,,32,glcm_homogeneity,True,24,kodim08.png,-0.00015470243849458054,-0.016776906379642773,-1.6636957813428443
stripes,8,,32,glcm_homogeneity,True,24,kodim09.png,0.002530938427138696,-0.05280068415838977,-5.143094151804217
stripes,8,,32,glcm_homogeneity,True,24,kodim10.png,0.006200532681001958,-0.09414163205303801,-8.98461538461538
stripes,8,,32,glcm_homogeneity,True,24,kodim11.png,0.011012986630264288,-0.009234113205483133,-0.9191609710110793
stripes,8,,32,glcm_homogeneity,True,24,kodim12.png,0.002570196072316011,-0.051250540160219744,-4.995938261575949
stripes,8,,32,glcm_homogeneity,True,24,kodim13.png,0.0023059724395737558,-0.03305444848101018,-3.2514119981682077
stripes,8,,32,glcm_homogeneity,True,24,kodim14.png,0.0026337362270107967,-0.0005033134910378856,-0.050318685005035224
stripes,8,,32,glcm_homogeneity,True,24,kodim15.png,0.003724929713196934,-0.08148883952353604,-7.82570031124944
stripes,8,,32,glcm_homogeneity,True,24,kodim16.png,0.008456614796337969,-0.06243331125118288,-6.052428681572852
stripes,8,,32,glcm_homogeneity,True,24,kodim17.png,0.004647158714744415,-0.050673049304883075,-4.94105843992978
stripes,8,,32,glcm_homogeneity,True,24,kodim18.png,0.003733803767540067,-0.024432353039151426,-2.4136299100804504
stripes,8,,32,glcm_homogeneity,True,24,kodim19.png,0.0024346194688957823,-0.0685174614368368,-6.62228451296426
stripes,8,,32,glcm_homogeneity,True,24,kodim20.png,0.0035353425676665218,0.026829495142495035,2.7192646495595607
stripes,8,,32,glcm_homogeneity,True,24,kodim21.png,0.007402376018393775,-0.0002713336063316999,-0.027129679869786205
stripes,8,,32,glcm_homogeneity,True,24,kodim22.png,0.005003533788458081,-0.07113695464109179,-6.866566716641687
stripes,8,,32,glcm_homogeneity,True,24,kodim23.png,0.008610784873785415,-0.20290226449397536,-18.364197530864203
stripes,8,,32,glcm_homogeneity,True,24,kodim24.png,0.0031723245855413973,-0.061312311613859784,-5.947054436987321
stripes,8,,37,sobel_si,True,24,kodim01.png,-1.1966223442078672,-0.049768903848454206,-4.855072463768117
stripes,8,,37,sobel_si,True,24,kodim02.png,-1.8562244648385828,-0.06550152914634236,-6.340238543628374
stripes,8,,37,sobel_si,True,24,kodim03.png,-1.9316040112598571,0.03331658529456674,3.3877797943133725
stripes,8,,37,sobel_si,True,24,kodim04.png,-1.2211932254657043,-0.15963014559188382,-14.754098360655732
stripes,8,,37,sobel_si,True,24,kodim05.png,-1.4584620163923603,-0.033203891978455,-3.2658693652253934
stripes,8,,37,sobel_si,True,24,kodim06.png,-1.5180287274903463,0.028024251881137274,2.842062525375555
stripes,8,,37,sobel_si,True,24,kodim07.png,-2.2780255369866893,-0.08350265070533269,-8.011135168574079
stripes,8,,37,sobel_si,True,24,kodim08.png,-1.9327677660128018,-0.0005666257588566007,-0.05664652567975992
stripes,8,,37,sobel_si,True,24,kodim09.png,-1.8704471322269853,-0.04253446825672757,-4.164256795835741
stripes,8,,37,sobel_si,True,24,kodim10.png,-1.7990897050969608,-0.08249669663510308,-7.918552036199089
stripes,8,,37,sobel_si,True,24,kodim11.png,-1.6799472655284973,-0.0738807883484257,-7.12175910731867
stripes,8,,37,sobel_si,True,24,kodim12.png,-1.5220086944028992,-0.015428076001686879,-1.5309672929714635
stripes,8,,37,sobel_si,True,24,kodim13.png,-1.225482163764255,-0.024652363853170142,-2.435097605151937
stripes,8,,37,sobel_si,True,24,kodim14.png,-0.775542236649045,-0.022860917761000663,-2.2601586919932637
stripes,8,,37,sobel_si,True,24,kodim15.png,-2.02952248736527,-0.037287941637199326,-3.6601307189542576
stripes,8,,37,sobel_si,True,24,kodim16.png,-1.1117463365822502,-0.018097217770025906,-1.7934446505875168
stripes,8,,37,sobel_si,True,24,kodim17.png,-1.3238294385357676,-0.026121637920886866,-2.578341927806438
stripes,8,,37,sobel_si,True,24,kodim18.png,-1.439015144878553,-0.052771589468616945,-5.140334279407133
stripes,8,,37,sobel_si,True,24,kodim19.png,-1.4790782494134191,-0.0460311376002231,-4.498777506112461
stripes,8,,37,sobel_si,True,24,kodim20.png,-1.5412546728381358,0.0005228758289060527,0.05230125523010276
stripes,8,,37,sobel_si,True,24,kodim21.png,-2.0107909734608995,-0.040385125595121196,-3.9580514208389705
stripes,8,,37,sobel_si,True,24,kodim22.png,-1.5601786955378287,-0.08055588535423884,-7.739665787159189
stripes,8,,37,sobel_si,True,24,kodim23.png,-1.6342845597158302,-0.15519288940570206,-14.375000000000004
stripes,8,,37,sobel_si,True,24,kodim24.png,-2.3027927195672646,-0.07469089260158923,-7.196969696969702
stripes,8,,37,luma_sd,True,24,kodim01.png,0.34323580773344986,-0.049768903848454206,-4.855072463768117
stripes,8,,37,luma_sd,True,24,kodim02.png,0.6168151670029083,-0.06550152914634236,-6.340238543628374
stripes,8,,37,luma_sd,True,24,kodim03.png,0.3534491019989616,0.03331658529456674,3.3877797943133725
stripes,8,,37,luma_sd,True,24,kodim04.png,0.41063063609066575,-0.15963014559188382,-14.754098360655732
stripes,8,,37,luma_sd,True,24,kodim05.png,0.1957296589804045,-0.033203891978455,-3.2658693652253934
stripes,8,,37,luma_sd,True,24,kodim06.png,-0.05290072920708866,0.028024251881137274,2.842062525375555
stripes,8,,37,luma_sd,True,24,kodim07.png,0.4445577580529374,-0.08350265070533269,-8.011135168574079
stripes,8,,37,luma_sd,True,24,kodim08.png,0.09292086227632979,-0.0005666257588566007,-0.05664652567975992
stripes,8,,37,luma_sd,True,24,kodim09.png,0.3743672331689325,-0.04253446825672757,-4.164256795835741
stripes,8,,37,luma_sd,True,24,kodim10.png,0.30517085344476413,-0.08249669663510308,-7.918552036199089
stripes,8,,37,luma_sd,True,24,kodim11.png,0.3644038917393573,-0.0738807883484257,-7.12175910731867
stripes,8,,37,luma_sd,True,24,kodim12.png,0.19227756807655538,-0.015428076001686879,-1.5309672929714635
stripes,8,,37,luma_sd,True,24,kodim13.png,0.07396519712673211,-0.024652363853170142,-2.435097605151937
stripes,8,,37,luma_sd,True,24,kodim14.png,0.3329707878631396,-0.022860917761000663,-2.2601586919932637
stripes,8,,37,luma_sd,True,24,kodim15.png,-0.20853463671082295,-0.037287941637199326,-3.6601307189542576
stripes,8,,37,luma_sd,True,24,kodim16.png,0.3718580953666546,-0.018097217770025906,-1.7934446505875168
stripes,8,,37,luma_sd,True,24,kodim17.png,0.3149992691580863,-0.026121637920886866,-2.578341927806438
stripes,8,,37,luma_sd,True,24,kodim18.png,0.2423482861713211,-0.052771589468616945,-5.140334279407133
stripes,8,,37,luma_sd,True,24,kodim19.png,0.3140248066648965,-0.0460311376002231,-4.498777506112461
stripes,8,,37,luma_sd,True,24,kodim20.png,-0.7497104825248329,0.0005228758289060527,0.05230125523010276
stripes,8,,37,luma_sd,True,24,kodim21.png,0.3202867946888759,-0.040385125595121196,-3.9580514208389705
stripes,8,,37,luma_sd,True,24,kodim22.png,0.3549925367592053,-0.08055588535423884,-7.739665787159189
stripes,8,,37,luma_sd,True,24,kodim23.png,0.29018340046031454,-0.15519288940570206,-14.375000000000004
stripes,8,,37,luma_sd,True,24,kodim24.png,-0.08276779861142103,-0.07469089260158923,-7.196969696969702
stripes,8,,37,edge_fraction,True,24,kodim01.png,0.01209747606614453,-0.049768903848454206,-4.855072463768117
stripes,8,,37,edge_fraction,True,24,kodim02.png,0.011388419597604033,-0.06550152914634236,-6.340238543628374
stripes,8,,37,edge_fraction,True,24,kodim03.png,0.009079506476219718,0.03331658529456674,3.3877797943133725
stripes,8,,37,edge_fraction,True,24,kodim04.png,0.018018225566989177,-0.15963014559188382,-14.754098360655732
stripes,8,,37,edge_fraction,True,24,kodim05.png,0.013290329186504857,-0.033203891978455,-3.2658693652253934
stripes,8,,37,edge_fraction,True,24,kodim06.png,0.010264680284646499,0.028024251881137274,2.842062525375555
stripes,8,,37,edge_fraction,True,24,kodim07.png,0.009138381201044432,-0.08350265070533269,-8.011135168574079
stripes,8,,37,edge_fraction,True,24,kodim08.png,0.010582091844570707,-0.0005666257588566007,-0.05664652567975992
stripes,8,,37,edge_fraction,True,24,kodim09.png,0.00697025546511032,-0.04253446825672757,-4.164256795835741
stripes,8,,37,edge_fraction,True,24,kodim10.png,0.010679363129063646,-0.08249669663510308,-7.918552036199089
stripes,8,,37,edge_fraction,True,24,kodim11.png,0.01679209542824961,-0.0738807883484257,-7.12175910731867
stripes,8,,37,edge_fraction,True,24,kodim12.png,0.015192238775405709,-0.015428076001686879,-1.5309672929714635
stripes,8,,37,edge_fraction,True,24,kodim13.png,0.011206675881840988,-0.024652363853170142,-2.435097605151937
stripes,8,,37,edge_fraction,True,24,kodim14.png,0.01879895561357703,-0.022860917761000663,-2.2601586919932637
stripes,8,,37,edge_fraction,True,24,kodim15.png,0.012215225515793765,-0.037287941637199326,-3.6601307189542576
stripes,8,,37,edge_fraction,True,24,kodim16.png,0.013111145241386346,-0.018097217770025906,-1.7934446505875168
stripes,8,,37,edge_fraction,True,24,kodim17.png,0.017199098960733128,-0.026121637920886866,-2.578341927806438
stripes,8,,37,edge_fraction,True,24,kodim18.png,0.014662366251983805,-0.052771589468616945,-5.140334279407133
stripes,8,,37,edge_fraction,True,24,kodim19.png,0.012678544002457381,-0.0460311376002231,-4.498777506112461
stripes,8,,37,edge_fraction,True,24,kodim20.png,0.007379818768238372,0.0005228758289060527,0.05230125523010276
stripes,8,,37,edge_fraction,True,24,kodim21.png,0.009588900834485214,-0.040385125595121196,-3.9580514208389705
stripes,8,,37,edge_fraction,True,24,kodim22.png,0.01825884400757688,-0.08055588535423884,-7.739665787159189
stripes,8,,37,edge_fraction,True,24,kodim23.png,0.009496749091281412,-0.15519288940570206,-14.375000000000004
stripes,8,,37,edge_fraction,True,24,kodim24.png,0.011780064506220211,-0.07469089260158923,-7.196969696969702
stripes,8,,37,glcm_contrast,True,24,kodim01.png,0.006962131150860973,-0.049768903848454206,-4.855072463768117
stripes,8,,37,glcm_contrast,True,24,kodim02.png,0.005836803311979999,-0.06550152914634236,-6.340238543628374
stripes,8,,37,glcm_contrast,True,24,kodim03.png,-0.0002534620253595299,0.03331658529456674,3.3877797943133725
stripes,8,,37,glcm_contrast,True,24,kodim04.png,0.003426113477474263,-0.15963014559188382,-14.754098360655732
stripes,8,,37,glcm_contrast,True,24,kodim05.png,-0.0020519098759282928,-0.033203891978455,-3.2658693652253934
stripes,8,,37,glcm_contrast,True,24,kodim06.png,0.001722239645923218,0.028024251881137274,2.842062525375555
stripes,8,,37,glcm_contrast,True,24,kodim07.png,0.0042446907722095695,-0.08350265070533269,-8.011135168574079
stripes,8,,37,glcm_contrast,True,24,kodim08.png,-0.004062497707699286,-0.0005666257588566007,-0.05664652567975992
stripes,8,,37,glcm_contrast,True,24,kodim09.png,0.0036910419901136082,-0.04253446825672757,-4.164256795835741
stripes,8,,37,glcm_contrast,True,24,kodim10.png,0.010908064532161199,-0.08249669663510308,-7.918552036199089
stripes,8,,37,glcm_contrast,True,24,kodim11.png,0.014956469573181808,-0.0738807883484257,-7.12175910731867
stripes,8,,37,glcm_contrast,True,24,kodim12.png,0.005120309813024776,-0.015428076001686879,-1.5309672929714635
stripes,8,,37,glcm_contrast,True,24,kodim13.png,0.0005045603231514928,-0.024652363853170142,-2.435097605151937
stripes,8,,37,glcm_contrast,True,24,kodim14.png,0.006178891832424649,-0.022860917761000663,-2.2601586919932637
stripes,8,,37,glcm_contrast,True,24,kodim15.png,0.007049572459987219,-0.037287941637199326,-3.6601307189542576
stripes,8,,37,glcm_contrast,True,24,kodim16.png,0.017415159023750404,-0.018097217770025906,-1.7934446505875168
stripes,8,,37,glcm_contrast,True,24,kodim17.png,0.008593104003056184,-0.026121637920886866,-2.578341927806438
stripes,8,,37,glcm_contrast,True,24,kodim18.png,0.007796603807526226,-0.052771589468616945,-5.140334279407133
stripes,8,,37,glcm_contrast,True,24,kodim19.png,0.0036592803352857306,-0.0460311376002231,-4.498777506112461
stripes,8,,37,glcm_contrast,True,24,kodim20.png,0.005987032068982601,0.0005228758289060527,0.05230125523010276
stripes,8,,37,glcm_contrast,True,24,kodim21.png,0.013954244931795978,-0.040385125595121196,-3.9580514208389705
stripes,8,,37,glcm_contrast,True,24,kodim22.png,0.008462398007896277,-0.08055588535423884,-7.739665787159189
stripes,8,,37,glcm_contrast,True,24,kodim23.png,0.016690081024395065,-0.15519288940570206,-14.375000000000004
stripes,8,,37,glcm_contrast,True,24,kodim24.png,0.00763492226721596,-0.07469089260158923,-7.196969696969702
stripes,8,,37,glcm_entropy,True,24,kodim01.png,0.030444926308090814,-0.049768903848454206,-4.855072463768117
stripes,8,,37,glcm_entropy,True,24,kodim02.png,0.05923232805235923,-0.06550152914634236,-6.340238543628374
stripes,8,,37,glcm_entropy,True,24,kodim03.png,0.021642423732098237,0.03331658529456674,3.3877797943133725
stripes,8,,37,glcm_entropy,True,24,kodim04.png,0.023543197041142605,-0.15963014559188382,-14.754098360655732
stripes,8,,37,glcm_entropy,True,24,kodim05.png,0.008086210444124386,-0.033203891978455,-3.2658693652253934
stripes,8,,37,glcm_entropy,True,24,kodim06.png,0.036078417884658265,0.028024251881137274,2.842062525375555
stripes,8,,37,glcm_entropy,True,24,kodim07.png,0.037152867957237934,-0.08350265070533269,-8.011135168574079
stripes,8,,37,glcm_entropy,True,24,kodim08.png,0.006002022242248106,-0.0005666257588566007,-0.05664652567975992
stripes,8,,37,glcm_entropy,True,24,kodim09.png,0.031281498073760794,-0.04253446825672757,-4.164256795835741
stripes,8,,37,glcm_entropy,True,24,kodim10.png,0.0541922176648888,-0.08249669663510308,-7.918552036199089
stripes,8,,37,glcm_entropy,True,24,kodim11.png,0.12614685699984385,-0.0738807883484257,-7.12175910731867
stripes,8,,37,glcm_entropy,True,24,kodim12.png,0.04069064578572945,-0.015428076001686879,-1.5309672929714635
stripes,8,,37,glcm_entropy,True,24,kodim13.png,0.01377198761144216,-0.024652363853170142,-2.435097605151937
stripes,8,,37,glcm_entropy,True,24,kodim14.png,0.015852082254742772,-0.022860917761000663,-2.2601586919932637
stripes,8,,37,glcm_entropy,True,24,kodim15.png,0.024514194630457897,-0.037287941637199326,-3.6601307189542576
stripes,8,,37,glcm_entropy,True,24,kodim16.png,0.07033957399863189,-0.018097217770025906,-1.7934446505875168
stripes,8,,37,glcm_entropy,True,24,kodim17.png,0.025779433835894316,-0.026121637920886866,-2.578341927806438
stripes,8,,37,glcm_entropy,True,24,kodim18.png,0.01907613458108237,-0.052771589468616945,-5.140334279407133
stripes,8,,37,glcm_entropy,True,24,kodim19.png,0.03236224342437133,-0.0460311376002231,-4.498777506112461
stripes,8,,37,glcm_entropy,True,24,kodim20.png,0.02405313452114677,0.0005228758289060527,0.05230125523010276
stripes,8,,37,glcm_entropy,True,24,kodim21.png,0.03680559173241171,-0.040385125595121196,-3.9580514208389705
stripes,8,,37,glcm_entropy,True,24,kodim22.png,0.041895716330413446,-0.08055588535423884,-7.739665787159189
stripes,8,,37,glcm_entropy,True,24,kodim23.png,0.04893752158339204,-0.15519288940570206,-14.375000000000004
stripes,8,,37,glcm_entropy,True,24,kodim24.png,0.030234255585043446,-0.07469089260158923,-7.196969696969702
stripes,8,,37,glcm_homogeneity,True,24,kodim01.png,0.0067303660636034435,-0.049768903848454206,-4.855072463768117
stripes,8,,37,glcm_homogeneity,True,24,kodim02.png,0.006407567416934934,-0.06550152914634236,-6.340238543628374
stripes,8,,37,glcm_homogeneity,True,24,kodim03.png,0.0019468426514953618,0.03331658529456674,3.3877797943133725
stripes,8,,37,glcm_homogeneity,True,24,kodim04.png,0.002310241033926852,-0.15963014559188382,-14.754098360655732
stripes,8,,37,glcm_homogeneity,True,24,kodim05.png,0.0022105035347954605,-0.033203891978455,-3.2658693652253934
stripes,8,,37,glcm_homogeneity,True,24,kodim06.png,0.004344358824949657,0.028024251881137274,2.842062525375555
stripes,8,,37,glcm_homogeneity,True,24,kodim07.png,0.004656532034743366,-0.08350265070533269,-8.011135168574079
stripes,8,,37,glcm_homogeneity,True,24,kodim08.png,-0.00015470243849458054,-0.0005666257588566007,-0.05664652567975992
stripes,8,,37,glcm_homogeneity,True,24,kodim09.png,0.002530938427138696,-0.04253446825672757,-4.164256795835741
stripes,8,,37,glcm_homogeneity,True,24,kodim10.png,0.006200532681001958,-0.08249669663510308,-7.918552036199089
stripes,8,,37,glcm_homogeneity,True,24,kodim11.png,0.011012986630264288,-0.0738807883484257,-7.12175910731867
stripes,8,,37,glcm_homogeneity,True,24,kodim12.png,0.002570196072316011,-0.015428076001686879,-1.5309672929714635
stripes,8,,37,glcm_homogeneity,True,24,kodim13.png,0.0023059724395737558,-0.024652363853170142,-2.435097605151937
stripes,8,,37,glcm_homogeneity,True,24,kodim14.png,0.0026337362270107967,-0.022860917761000663,-2.2601586919932637
stripes,8,,37,glcm_homogeneity,True,24,kodim15.png,0.003724929713196934,-0.037287941637199326,-3.6601307189542576
stripes,8,,37,glcm_homogeneity,True,24,kodim16.png,0.008456614796337969,-0.018097217770025906,-1.7934446505875168
stripes,8,,37,glcm_homogeneity,True,24,kodim17.png,0.004647158714744415,-0.026121637920886866,-2.578341927806438
stripes,8,,37,glcm_homogeneity,True,24,kodim18.png,0.003733803767540067,-0.052771589468616945,-5.140334279407133
stripes,8,,37,glcm_homogeneity,True,24,kodim19.png,0.0024346194688957823,-0.0460311376002231,-4.498777506112461
stripes,8,,37,glcm_homogeneity,True,24,kodim20.png,0.0035353425676665218,0.0005228758289060527,0.05230125523010276
stripes,8,,37,glcm_homogeneity,True,24,kodim21.png,0.007402376018393775,-0.040385125595121196,-3.9580514208389705
stripes,8,,37,glcm_homogeneity,True,24,kodim22.png,0.005003533788458081,-0.08055588535423884,-7.739665787159189
stripes,8,,37,glcm_homogeneity,True,24,kodim23.png,0.008610784873785415,-0.15519288940570206,-14.375000000000004
stripes,8,,37,glcm_homogeneity,True,24,kodim24.png,0.0031723245855413973,-0.07469089260158923,-7.196969696969702
stripes,16,,22,sobel_si,True,24,kodim01.png,-2.9359381302372753,-0.09724780537704579,-9.2668863261944
stripes,16,,22,sobel_si,True,24,kodim02.png,-3.55508845337728,-0.10469738566005114,-9.940298507462696
stripes,16,,22,sobel_si,True,24,kodim03.png,-3.7207023766260434,-0.18102189081078945,-16.558290757083128
stripes,16,,22,sobel_si,True,24,kodim04.png,-2.6033482306857323,-0.2905898965419814,-25.217770034843202
stripes,16,,22,sobel_si,True,24,kodim05.png,-3.7949387698369748,-0.06231639157943473,-6.0414437202062405
stripes,16,,22,sobel_si,True,24,kodim06.png,-3.1367690443169067,-0.0915127427586935,-8.745031232254396
stripes,16,,22,sobel_si,True,24,kodim07.png,-4.888028282718068,-0.13932061362900744,-13.005093378607802
stripes,16,,22,sobel_si,True,24,kodim08.png,-4.936163077444519,-0.07899886150520345,-7.595902353966855
stripes,16,,22,sobel_si,True,24,kodim09.png,-4.283018752864052,-0.13904979495692785,-12.981530343007918
stripes,16,,22,sobel_si,True,24,kodim10.png,-3.95383472558062,-0.2006706954621511,-18.181818181818176
stripes,16,,22,sobel_si,True,24,kodim11.png,-3.5936290918433826,-0.06339731924046625,-6.1429512516469
stripes,16,,22,sobel_si,True,24,kodim12.png,-3.1249488934218306,-0.06466130338341276,-6.26151012891345
stripes,16,,22,sobel_si,True,24,kodim13.png,-2.8092499122397783,-0.04401447983871999,-4.305989896560025
stripes,16,,22,sobel_si,True,24,kodim14.png,-1.9549770761962861,-0.04294869770618142,-4.203946562078675
stripes,16,,22,sobel_si,True,24,kodim15.png,-4.179883339707729,-0.17689078560882054,-16.212871287128728
stripes,16,,22,sobel_si,True,24,kodim16.png,-1.9825763576619053,-0.13783138660304414,-12.875441696113066
stripes,16,,22,sobel_si,True,24,kodim17.png,-2.9004672291284237,-0.13093656555612676,-12.272657802231402
stripes,16,,22,sobel_si,True,24,kodim18.png,-3.596952314876958,-0.06763570167923509,-6.539911489919681
stripes,16,,22,sobel_si,True,24,kodim19.png,-3.989511754669749,-0.19103274969277342,-17.389446699423196
stripes,16,,22,sobel_si,True,24,kodim20.png,-2.687894984944805,-0.0660263057000007,-6.389376096216493
stripes,16,,22,sobel_si,True,24,kodim21.png,-4.745194342991866,-0.02258863627906145,-2.2335423197492155
stripes,16,,22,sobel_si,True,24,kodim22.png,-3.451447044781574,-0.13776720057673425,-12.869849337447814
stripes,16,,22,sobel_si,True,24,kodim23.png,-3.337094092322289,-0.3823110533196825,-31.7717206132879
stripes,16,,22,sobel_si,True,24,kodim24.png,-5.271194577384321,-0.08548548874204205,-8.193353474320242
stripes,16,,22,luma_sd,True,24,kodim01.png,1.4631257253301584,-0.09724780537704579,-9.2668863261944
stripes,16,,22,luma_sd,True,24,kodim02.png,2.624794801236945,-0.10469738566005114,-9.940298507462696
stripes,16,,22,luma_sd,True,24,kodim03.png,1.4821417415174665,-0.18102189081078945,-16.558290757083128
stripes,16,,22,luma_sd,True,24,kodim04.png,1.621866221306803,-0.2905898965419814,-25.217770034843202
stripes,16,,22,luma_sd,True,24,kodim05.png,0.9703159886336366,-0.06231639157943473,-6.0414437202062405
stripes,16,,22,luma_sd,True,24,kodim06.png,0.3477203506002198,-0.0915127427586935,-8.745031232254396
stripes,16,,22,luma_sd,True,24,kodim07.png,1.710725748577751,-0.13932061362900744,-13.005093378607802
stripes,16,,22,luma_sd,True,24,kodim08.png,0.6081104216568605,-0.07899886150520345,-7.595902353966855
stripes,16,,22,luma_sd,True,24,kodim09.png,1.5595693871264302,-0.13904979495692785,-12.981530343007918
stripes,16,,22,luma_sd,True,24,kodim10.png,1.3919580962045899,-0.2006706954621511,-18.181818181818176
stripes,16,,22,luma_sd,True,24,kodim11.png,1.4150859703121128,-0.06339731924046625,-6.1429512516469
stripes,16,,22,luma_sd,True,24,kodim12.png,1.0276595680069107,-0.06466130338341276,-6.26151012891345
stripes,16,,22,luma_sd,True,24,kodim13.png,0.7014004422951956,-0.04401447983871999,-4.305989896560025
stripes,16,,22,luma_sd,True,24,kodim14.png,1.303072529044556,-0.04294869770618142,-4.203946562078675
stripes,16,,22,luma_sd,True,24,kodim15.png,-0.22637001664217848,-0.17689078560882054,-16.212871287128728
stripes,16,,22,luma_sd,True,24,kodim16.png,1.4500798707856077,-0.13783138660304414,-12.875441696113066
stripes,16,,22,luma_sd,True,24,kodim17.png,1.1384456987462954,-0.13093656555612676,-12.272657802231402
stripes,16,,22,luma_sd,True,24,kodim18.png,1.2635995217763352,-0.06763570167923509,-6.539911489919681
stripes,16,,22,luma_sd,True,24,kodim19.png,1.2675937759567333,-0.19103274969277342,-17.389446699423196
stripes,16,,22,luma_sd,True,24,kodim20.png,-1.3108198400828002,-0.0660263057000007,-6.389376096216493
stripes,16,,22,luma_sd,True,24,kodim21.png,1.3603580067323051,-0.02258863627906145,-2.2335423197492155
stripes,16,,22,luma_sd,True,24,kodim22.png,1.456818354580939,-0.13776720057673425,-12.869849337447814
stripes,16,,22,luma_sd,True,24,kodim23.png,1.2234973546202355,-0.3823110533196825,-31.7717206132879
stripes,16,,22,luma_sd,True,24,kodim24.png,0.39923746863322407,-0.08548548874204205,-8.193353474320242
stripes,16,,22,edge_fraction,True,24,kodim01.png,0.053023089131213896,-0.09724780537704579,-9.2668863261944
stripes,16,,22,edge_fraction,True,24,kodim02.png,0.07778119080530382,-0.10469738566005114,-9.940298507462696
stripes,16,,22,edge_fraction,True,24,kodim03.png,0.05848819945732861,-0.18102189081078945,-16.558290757083128
stripes,16,,22,edge_fraction,True,24,kodim04.png,0.09429683100394201,-0.2905898965419814,-25.217770034843202
stripes,16,,22,edge_fraction,True,24,kodim05.png,0.06506681001382275,-0.06231639157943473,-6.0414437202062405
stripes,16,,22,edge_fraction,True,24,kodim06.png,0.0488941790815543,-0.0915127427586935,-8.745031232254396
stripes,16,,22,edge_fraction,True,24,kodim07.png,0.049416372293042576,-0.13932061362900744,-13.005093378607802
stripes,16,,22,edge_fraction,True,24,kodim08.png,0.05413914913223783,-0.07899886150520345,-7.595902353966855
stripes,16,,22,edge_fraction,True,24,kodim09.png,0.04617058311575281,-0.13904979495692785,-12.981530343007918
stripes,16,,22,edge_fraction,True,24,kodim10.png,0.0638509189576614,-0.2006706954621511,-18.181818181818176
stripes,16,,22,edge_fraction,True,24,kodim11.png,0.07452772231608051,-0.06339731924046625,-6.1429512516469
stripes,16,,22,edge_fraction,True,24,kodim12.png,0.07423590846260175,-0.06466130338341276,-6.26151012891345
stripes,16,,22,edge_fraction,True,24,kodim13.png,0.04381815389341115,-0.04401447983871999,-4.305989896560025
stripes,16,,22,edge_fraction,True,24,kodim14.png,0.08046127067014797,-0.04294869770618142,-4.203946562078675
stripes,16,,22,edge_fraction,True,24,kodim15.png,0.06665898735473302,-0.17689078560882054,-16.212871287128728
stripes,16,,22,edge_fraction,True,24,kodim16.png,0.06569395382173754,-0.13783138660304414,-12.875441696113066
stripes,16,,22,edge_fraction,True,24,kodim17.png,0.08868581375108792,-0.13093656555612676,-12.272657802231402
stripes,16,,22,edge_fraction,True,24,kodim18.png,0.07212921722213689,-0.06763570167923509,-6.539911489919681
stripes,16,,22,edge_fraction,True,24,kodim19.png,0.07740490452055493,-0.19103274969277342,-17.389446699423196
stripes,16,,22,edge_fraction,True,24,kodim20.png,0.03716019044693594,-0.0660263057000007,-6.389376096216493
stripes,16,,22,edge_fraction,True,24,kodim21.png,0.04834382839297596,-0.02258863627906145,-2.2335423197492155
stripes,16,,22,edge_fraction,True,24,kodim22.png,0.08905442072390313,-0.13776720057673425,-12.869849337447814
stripes,16,,22,edge_fraction,True,24,kodim23.png,0.06569395382173758,-0.3823110533196825,-31.7717206132879
stripes,16,,22,edge_fraction,True,24,kodim24.png,0.06030307684431474,-0.08548548874204205,-8.193353474320242
stripes,16,,22,glcm_contrast,True,24,kodim01.png,0.015604493043790635,-0.09724780537704579,-9.2668863261944
stripes,16,,22,glcm_contrast,True,24,kodim02.png,0.09771432826470414,-0.10469738566005114,-9.940298507462696
stripes,16,,22,glcm_contrast,True,24,kodim03.png,0.011254048302884151,-0.18102189081078945,-16.558290757083128
stripes,16,,22,glcm_contrast,True,24,kodim04.png,0.0193892166336416,-0.2905898965419814,-25.217770034843202
stripes,16,,22,glcm_contrast,True,24,kodim05.png,0.0021448020438127324,-0.06231639157943473,-6.0414437202062405
stripes,16,,22,glcm_contrast,True,24,kodim06.png,0.02236100647367012,-0.0915127427586935,-8.745031232254396
stripes,16,,22,glcm_contrast,True,24,kodim07.png,0.02048662200626844,-0.13932061362900744,-13.005093378607802
stripes,16,,22,glcm_contrast,True,24,kodim08.png,-0.014451844467616493,-0.07899886150520345,-7.595902353966855
stripes,16,,22,glcm_contrast,True,24,kodim09.png,0.030620758030919737,-0.13904979495692785,-12.981530343007918
stripes,16,,22,glcm_contrast,True,24,kodim10.png,0.03933611060193243,-0.2006706954621511,-18.181818181818176
stripes,16,,22,glcm_contrast,True,24,kodim11.png,0.037585268274407946,-0.06339731924046625,-6.1429512516469
stripes,16,,22,glcm_contrast,True,24,kodim12.png,0.02502664749851377,-0.06466130338341276,-6.26151012891345
stripes,16,,22,glcm_contrast,True,24,kodim13.png,0.007272409844938821,-0.04401447983871999,-4.305989896560025
stripes,16,,22,glcm_contrast,True,24,kodim14.png,0.008857442829619255,-0.04294869770618142,-4.203946562078675
stripes,16,,22,glcm_contrast,True,24,kodim15.png,0.024665881709783732,-0.17689078560882054,-16.212871287128728
stripes,16,,22,glcm_contrast,True,24,kodim16.png,0.04185691102247724,-0.13783138660304414,-12.875441696113066
stripes,16,,22,glcm_contrast,True,24,kodim17.png,0.028080586838042043,-0.13093656555612676,-12.272657802231402
stripes,16,,22,glcm_contrast,True,24,kodim18.png,0.02376338793367938,-0.06763570167923509,-6.539911489919681
stripes,16,,22,glcm_contrast,True,24,kodim19.png,0.019076859919052724,-0.19103274969277342,-17.389446699423196
stripes,16,,22,glcm_contrast,True,24,kodim20.png,0.0154885977203979,-0.0660263057000007,-6.389376096216493
stripes,16,,22,glcm_contrast,True,24,kodim21.png,0.025334563710839808,-0.02258863627906145,-2.2335423197492155
stripes,16,,22,glcm_contrast,True,24,kodim22.png,0.024375917285760662,-0.13776720057673425,-12.869849337447814
stripes,16,,22,glcm_contrast,True,24,kodim23.png,0.04413604729190637,-0.3823110533196825,-31.7717206132879
stripes,16,,22,glcm_contrast,True,24,kodim24.png,0.023173590149293655,-0.08548548874204205,-8.193353474320242
stripes,16,,22,glcm_entropy,True,24,kodim01.png,0.0714307068426212,-0.09724780537704579,-9.2668863261944
stripes,16,,22,glcm_entropy,True,24,kodim02.png,0.4784005863549865,-0.10469738566005114,-9.940298507462696
stripes,16,,22,glcm_entropy,True,24,kodim03.png,0.07319096421336013,-0.18102189081078945,-16.558290757083128
stripes,16,,22,glcm_entropy,True,24,kodim04.png,0.09130813792950399,-0.2905898965419814,-25.217770034843202
stripes,16,,22,glcm_entropy,True,24,kodim05.png,0.035029783925584645,-0.06231639157943473,-6.0414437202062405
stripes,16,,22,glcm_entropy,True,24,kodim06.png,0.11505958805095418,-0.0915127427586935,-8.745031232254396
stripes,16,,22,glcm_entropy,True,24,kodim07.png,0.1153518002006626,-0.13932061362900744,-13.005093378607802
stripes,16,,22,glcm_entropy,True,24,kodim08.png,0.021283779754457388,-0.07899886150520345,-7.595902353966855
stripes,16,,22,glcm_entropy,True,24,kodim09.png,0.14948697836201763,-0.13904979495692785,-12.981530343007918
stripes,16,,22,glcm_entropy,True,24,kodim10.png,0.1606205352379626,-0.2006706954621511,-18.181818181818176
stripes,16,,22,glcm_entropy,True,24,kodim11.png,0.2293532332452628,-0.06339731924046625,-6.1429512516469
stripes,16,,22,glcm_entropy,True,24,kodim12.png,0.13557526759480787,-0.06466130338341276,-6.26151012891345
stripes,16,,22,glcm_entropy,True,24,kodim13.png,0.05313811797713264,-0.04401447983871999,-4.305989896560025
stripes,16,,22,glcm_entropy,True,24,kodim14.png,0.05038978778042136,-0.04294869770618142,-4.203946562078675
stripes,16,,22,glcm_entropy,True,24,kodim15.png,0.09603256337607213,-0.17689078560882054,-16.212871287128728
stripes,16,,22,glcm_entropy,True,24,kodim16.png,0.19825609066556193,-0.13783138660304414,-12.875441696113066
stripes,16,,22,glcm_entropy,True,24,kodim17.png,0.0859110744414755,-0.13093656555612676,-12.272657802231402
stripes,16,,22,glcm_entropy,True,24,kodim18.png,0.07448924605365193,-0.06763570167923509,-6.539911489919681
stripes,16,,22,glcm_entropy,True,24,kodim19.png,0.11068514598497181,-0.19103274969277342,-17.389446699423196
stripes,16,,22,glcm_entropy,True,24,kodim20.png,0.0693049544964246,-0.0660263057000007,-6.389376096216493
stripes,16,,22,glcm_entropy,True,24,kodim21.png,0.11103173947886935,-0.02258863627906145,-2.2335423197492155
stripes,16,,22,glcm_entropy,True,24,kodim22.png,0.11774940402559775,-0.13776720057673425,-12.869849337447814
stripes,16,,22,glcm_entropy,True,24,kodim23.png,0.14496107826746574,-0.3823110533196825,-31.7717206132879
stripes,16,,22,glcm_entropy,True,24,kodim24.png,0.10143321995159349,-0.08548548874204205,-8.193353474320242
stripes,16,,22,glcm_homogeneity,True,24,kodim01.png,0.008792782933336407,-0.09724780537704579,-9.2668863261944
stripes,16,,22,glcm_homogeneity,True,24,kodim02.png,0.05194304990512322,-0.10469738566005114,-9.940298507462696
stripes,16,,22,glcm_homogeneity,True,24,kodim03.png,0.009392351074665295,-0.18102189081078945,-16.558290757083128
stripes,16,,22,glcm_homogeneity,True,24,kodim04.png,0.010798456425769931,-0.2905898965419814,-25.217770034843202
stripes,16,,22,glcm_homogeneity,True,24,kodim05.png,0.006859789317332332,-0.06231639157943473,-6.0414437202062405
stripes,16,,22,glcm_homogeneity,True,24,kodim06.png,0.014194144050923896,-0.0915127427586935,-8.745031232254396
stripes,16,,22,glcm_homogeneity,True,24,kodim07.png,0.01295784048503923,-0.13932061362900744,-13.005093378607802
stripes,16,,22,glcm_homogeneity,True,24,kodim08.png,-6.966591234469632e-05,-0.07899886150520345,-7.595902353966855
stripes,16,,22,glcm_homogeneity,True,24,kodim09.png,0.015869303668861634,-0.13904979495692785,-12.981530343007918
stripes,16,,22,glcm_homogeneity,True,24,kodim10.png,0.020143521721283086,-0.2006706954621511,-18.181818181818176
stripes,16,,22,glcm_homogeneity,True,24,kodim11.png,0.022536239150075188,-0.06339731924046625,-6.1429512516469
stripes,16,,22,glcm_homogeneity,True,24,kodim12.png,0.012690202017059726,-0.06466130338341276,-6.26151012891345
stripes,16,,22,glcm_homogeneity,True,24,kodim13.png,0.006493275965989698,-0.04401447983871999,-4.305989896560025
stripes,16,,22,glcm_homogeneity,True,24,kodim14.png,0.008518165781641218,-0.04294869770618142,-4.203946562078675
stripes,16,,22,glcm_homogeneity,True,24,kodim15.png,0.01409525221007124,-0.17689078560882054,-16.212871287128728
stripes,16,,22,glcm_homogeneity,True,24,kodim16.png,0.024255809191285893,-0.13783138660304414,-12.875441696113066
stripes,16,,22,glcm_homogeneity,True,24,kodim17.png,0.015392517652803028,-0.13093656555612676,-12.272657802231402
stripes,16,,22,glcm_homogeneity,True,24,kodim18.png,0.01166711309973889,-0.06763570167923509,-6.539911489919681
stripes,16,,22,glcm_homogeneity,True,24,kodim19.png,0.010492846469308481,-0.19103274969277342,-17.389446699423196
stripes,16,,22,glcm_homogeneity,True,24,kodim20.png,0.008655002677217527,-0.0660263057000007,-6.389376096216493
stripes,16,,22,glcm_homogeneity,True,24,kodim21.png,0.012803012783826784,-0.02258863627906145,-2.2335423197492155
stripes,16,,22,glcm_homogeneity,True,24,kodim22.png,0.01351044400035517,-0.13776720057673425,-12.869849337447814
stripes,16,,22,glcm_homogeneity,True,24,kodim23.png,0.02222524586003738,-0.3823110533196825,-31.7717206132879
stripes,16,,22,glcm_homogeneity,True,24,kodim24.png,0.010586359709222615,-0.08548548874204205,-8.193353474320242
stripes,16,,27,sobel_si,True,24,kodim01.png,-2.9359381302372753,-0.08807528772149074,-8.43080662312017
stripes,16,,27,sobel_si,True,24,kodim02.png,-3.55508845337728,-0.08482882097474541,-8.133047210300425
stripes,16,,27,sobel_si,True,24,kodim03.png,-3.7207023766260434,-0.07073963358230728,-6.82955549013835
stripes,16,,27,sobel_si,True,24,kodim04.png,-2.6033482306857323,-0.23829046162678,-21.20262182958108
stripes,16,,27,sobel_si,True,24,kodim05.png,-3.7949387698369748,-0.0567384644102943,-5.515885335817028
stripes,16,,27,sobel_si,True,24,kodim06.png,-3.1367690443169067,-0.06056745445898039,-5.876972330208097
stripes,16,,27,sobel_si,True,24,kodim07.png,-4.888028282718068,-0.11301377426676887,-10.686164229471318
stripes,16,,27,sobel_si,True,24,kodim08.png,-4.936163077444519,-0.05249387210691643,-5.113986444855212
stripes,16,,27,sobel_si,True,24,kodim09.png,-4.283018752864052,-0.052013091470971475,-5.06835611870623
stripes,16,,27,sobel_si,True,24,kodim10.png,-3.95383472558062,-0.13751317618799594,-12.847713342762857
stripes,16,,27,sobel_si,True,24,kodim11.png,-3.5936290918433826,-0.056419191333923084,-5.485714285714282
stripes,16,,27,sobel_si,True,24,kodim12.png,-3.1249488934218306,-0.07852559088268254,-7.552159858947983
stripes,16,,27,sobel_si,True,24,kodim13.png,-2.8092499122397783,-0.09084609243256218,-8.68417579516958
stripes,16,,27,sobel_si,True,24,kodim14.png,-1.9549770761962861,-0.06415550393719806,-6.214085259922486
stripes,16,,27,sobel_si,True,24,kodim15.png,-4.179883339707729,-0.1386251328444318,-12.944569048381938
stripes,16,,27,sobel_si,True,24,kodim16.png,-1.9825763576619053,-0.04726720489885215,-4.616750517904711
stripes,16,,27,sobel_si,True,24,kodim17.png,-2.9004672291284237,-0.11051281026496428,-10.462513987318168
stripes,16,,27,sobel_si,True,24,kodim18.png,-3.596952314876958,-0.033987646386539075,-3.3416554637987317
stripes,16,,27,sobel_si,True,24,kodim19.png,-3.989511754669749,-0.1781842338638025,-16.321175544476507
stripes,16,,27,sobel_si,True,24,kodim20.png,-2.687894984944805,-0.05269269668958385,-5.132850241545894
stripes,16,,27,sobel_si,True,24,kodim21.png,-4.745194342991866,-0.04903586835351461,-4.785302285836346
stripes,16,,27,sobel_si,True,24,kodim22.png,-3.451447044781574,-0.1196512829756662,-11.277022509471813
stripes,16,,27,sobel_si,True,24,kodim23.png,-3.337094092322289,-0.307395748922883,-26.464047442550033
stripes,16,,27,sobel_si,True,24,kodim24.png,-5.271194577384321,-0.08619620702037815,-8.258578954862605
stripes,16,,27,luma_sd,True,24,kodim01.png,1.4631257253301584,-0.08807528772149074,-8.43080662312017
stripes,16,,27,luma_sd,True,24,kodim02.png,2.624794801236945,-0.08482882097474541,-8.133047210300425
stripes,16,,27,luma_sd,True,24,kodim03.png,1.4821417415174665,-0.07073963358230728,-6.82955549013835
stripes,16,,27,luma_sd,True,24,kodim04.png,1.621866221306803,-0.23829046162678,-21.20262182958108
stripes,16,,27,luma_sd,True,24,kodim05.png,0.9703159886336366,-0.0567384644102943,-5.515885335817028
stripes,16,,27,luma_sd,True,24,kodim06.png,0.3477203506002198,-0.06056745445898039,-5.876972330208097
stripes,16,,27,luma_sd,True,24,kodim07.png,1.710725748577751,-0.11301377426676887,-10.686164229471318
stripes,16,,27,luma_sd,True,24,kodim08.png,0.6081104216568605,-0.05249387210691643,-5.113986444855212
stripes,16,,27,luma_sd,True,24,kodim09.png,1.5595693871264302,-0.052013091470971475,-5.06835611870623
stripes,16,,27,luma_sd,True,24,kodim10.png,1.3919580962045899,-0.13751317618799594,-12.847713342762857
stripes,16,,27,luma_sd,True,24,kodim11.png,1.4150859703121128,-0.056419191333923084,-5.485714285714282
stripes,16,,27,luma_sd,True,24,kodim12.png,1.0276595680069107,-0.07852559088268254,-7.552159858947983
stripes,16,,27,luma_sd,True,24,kodim13.png,0.7014004422951956,-0.09084609243256218,-8.68417579516958
stripes,16,,27,luma_sd,True,24,kodim14.png,1.303072529044556,-0.06415550393719806,-6.214085259922486
stripes,16,,27,luma_sd,True,24,kodim15.png,-0.22637001664217848,-0.1386251328444318,-12.944569048381938
stripes,16,,27,luma_sd,True,24,kodim16.png,1.4500798707856077,-0.04726720489885215,-4.616750517904711
stripes,16,,27,luma_sd,True,24,kodim17.png,1.1384456987462954,-0.11051281026496428,-10.462513987318168
stripes,16,,27,luma_sd,True,24,kodim18.png,1.2635995217763352,-0.033987646386539075,-3.3416554637987317
stripes,16,,27,luma_sd,True,24,kodim19.png,1.2675937759567333,-0.1781842338638025,-16.321175544476507
stripes,16,,27,luma_sd,True,24,kodim20.png,-1.3108198400828002,-0.05269269668958385,-5.132850241545894
stripes,16,,27,luma_sd,True,24,kodim21.png,1.3603580067323051,-0.04903586835351461,-4.785302285836346
stripes,16,,27,luma_sd,True,24,kodim22.png,1.456818354580939,-0.1196512829756662,-11.277022509471813
stripes,16,,27,luma_sd,True,24,kodim23.png,1.2234973546202355,-0.307395748922883,-26.464047442550033
stripes,16,,27,luma_sd,True,24,kodim24.png,0.39923746863322407,-0.08619620702037815,-8.258578954862605
stripes,16,,27,edge_fraction,True,24,kodim01.png,0.053023089131213896,-0.08807528772149074,-8.43080662312017
stripes,16,,27,edge_fraction,True,24,kodim02.png,0.07778119080530382,-0.08482882097474541,-8.133047210300425
stripes,16,,27,edge_fraction,True,24,kodim03.png,0.05848819945732861,-0.07073963358230728,-6.82955549013835
stripes,16,,27,edge_fraction,True,24,kodim04.png,0.09429683100394201,-0.23829046162678,-21.20262182958108
stripes,16,,27,edge_fraction,True,24,kodim05.png,0.06506681001382275,-0.0567384644102943,-5.515885335817028
stripes,16,,27,edge_fraction,True,24,kodim06.png,0.0488941790815543,-0.06056745445898039,-5.876972330208097
stripes,16,,27,edge_fraction,True,24,kodim07.png,0.049416372293042576,-0.11301377426676887,-10.686164229471318
stripes,16,,27,edge_fraction,True,24,kodim08.png,0.05413914913223783,-0.05249387210691643,-5.113986444855212
stripes,16,,27,edge_fraction,True,24,kodim09.png,0.04617058311575281,-0.052013091470971475,-5.06835611870623
stripes,16,,27,edge_fraction,True,24,kodim10.png,0.0638509189576614,-0.13751317618799594,-12.847713342762857
stripes,16,,27,edge_fraction,True,24,kodim11.png,0.07452772231608051,-0.056419191333923084,-5.485714285714282
stripes,16,,27,edge_fraction,True,24,kodim12.png,0.07423590846260175,-0.07852559088268254,-7.552159858947983
stripes,16,,27,edge_fraction,True,24,kodim13.png,0.04381815389341115,-0.09084609243256218,-8.68417579516958
stripes,16,,27,edge_fraction,True,24,kodim14.png,0.08046127067014797,-0.06415550393719806,-6.214085259922486
stripes,16,,27,edge_fraction,True,24,kodim15.png,0.06665898735473302,-0.1386251328444318,-12.944569048381938
stripes,16,,27,edge_fraction,True,24,kodim16.png,0.06569395382173754,-0.04726720489885215,-4.616750517904711
stripes,16,,27,edge_fraction,True,24,kodim17.png,0.08868581375108792,-0.11051281026496428,-10.462513987318168
stripes,16,,27,edge_fraction,True,24,kodim18.png,0.07212921722213689,-0.033987646386539075,-3.3416554637987317
stripes,16,,27,edge_fraction,True,24,kodim19.png,0.07740490452055493,-0.1781842338638025,-16.321175544476507
stripes,16,,27,edge_fraction,True,24,kodim20.png,0.03716019044693594,-0.05269269668958385,-5.132850241545894
stripes,16,,27,edge_fraction,True,24,kodim21.png,0.04834382839297596,-0.04903586835351461,-4.785302285836346
stripes,16,,27,edge_fraction,True,24,kodim22.png,0.08905442072390313,-0.1196512829756662,-11.277022509471813
stripes,16,,27,edge_fraction,True,24,kodim23.png,0.06569395382173758,-0.307395748922883,-26.464047442550033
stripes,16,,27,edge_fraction,True,24,kodim24.png,0.06030307684431474,-0.08619620702037815,-8.258578954862605
stripes,16,,27,glcm_contrast,True,24,kodim01.png,0.015604493043790635,-0.08807528772149074,-8.43080662312017
stripes,16,,27,glcm_contrast,True,24,kodim02.png,0.09771432826470414,-0.08482882097474541,-8.133047210300425
stripes,16,,27,glcm_contrast,True,24,kodim03.png,0.011254048302884151,-0.07073963358230728,-6.82955549013835
stripes,16,,27,glcm_contrast,True,24,kodim04.png,0.0193892166336416,-0.23829046162678,-21.20262182958108
stripes,16,,27,glcm_contrast,True,24,kodim05.png,0.0021448020438127324,-0.0567384644102943,-5.515885335817028
stripes,16,,27,glcm_contrast,True,24,kodim06.png,0.02236100647367012,-0.06056745445898039,-5.876972330208097
stripes,16,,27,glcm_contrast,True,24,kodim07.png,0.02048662200626844,-0.11301377426676887,-10.686164229471318
stripes,16,,27,glcm_contrast,True,24,kodim08.png,-0.014451844467616493,-0.05249387210691643,-5.113986444855212
stripes,16,,27,glcm_contrast,True,24,kodim09.png,0.030620758030919737,-0.052013091470971475,-5.06835611870623
stripes,16,,27,glcm_contrast,True,24,kodim10.png,0.03933611060193243,-0.13751317618799594,-12.847713342762857
stripes,16,,27,glcm_contrast,True,24,kodim11.png,0.037585268274407946,-0.056419191333923084,-5.485714285714282
stripes,16,,27,glcm_contrast,True,24,kodim12.png,0.02502664749851377,-0.07852559088268254,-7.552159858947983
stripes,16,,27,glcm_contrast,True,24,kodim13.png,0.007272409844938821,-0.09084609243256218,-8.68417579516958
stripes,16,,27,glcm_contrast,True,24,kodim14.png,0.008857442829619255,-0.06415550393719806,-6.214085259922486
stripes,16,,27,glcm_contrast,True,24,kodim15.png,0.024665881709783732,-0.1386251328444318,-12.944569048381938
stripes,16,,27,glcm_contrast,True,24,kodim16.png,0.04185691102247724,-0.04726720489885215,-4.616750517904711
stripes,16,,27,glcm_contrast,True,24,kodim17.png,0.028080586838042043,-0.11051281026496428,-10.462513987318168
stripes,16,,27,glcm_contrast,True,24,kodim18.png,0.02376338793367938,-0.033987646386539075,-3.3416554637987317
stripes,16,,27,glcm_contrast,True,24,kodim19.png,0.019076859919052724,-0.1781842338638025,-16.321175544476507
stripes,16,,27,glcm_contrast,True,24,kodim20.png,0.0154885977203979,-0.05269269668958385,-5.132850241545894
stripes,16,,27,glcm_contrast,True,24,kodim21.png,0.025334563710839808,-0.04903586835351461,-4.785302285836346
stripes,16,,27,glcm_contrast,True,24,kodim22.png,0.024375917285760662,-0.1196512829756662,-11.277022509471813
stripes,16,,27,glcm_contrast,True,24,kodim23.png,0.04413604729190637,-0.307395748922883,-26.464047442550033
stripes,16,,27,glcm_contrast,True,24,kodim24.png,0.023173590149293655,-0.08619620702037815,-8.258578954862605
stripes,16,,27,glcm_entropy,True,24,kodim01.png,0.0714307068426212,-0.08807528772149074,-8.43080662312017
stripes,16,,27,glcm_entropy,True,24,kodim02.png,0.4784005863549865,-0.08482882097474541,-8.133047210300425
stripes,16,,27,glcm_entropy,True,24,kodim03.png,0.07319096421336013,-0.07073963358230728,-6.82955549013835
stripes,16,,27,glcm_entropy,True,24,kodim04.png,0.09130813792950399,-0.23829046162678,-21.20262182958108
stripes,16,,27,glcm_entropy,True,24,kodim05.png,0.035029783925584645,-0.0567384644102943,-5.515885335817028
stripes,16,,27,glcm_entropy,True,24,kodim06.png,0.11505958805095418,-0.06056745445898039,-5.876972330208097
stripes,16,,27,glcm_entropy,True,24,kodim07.png,0.1153518002006626,-0.11301377426676887,-10.686164229471318
stripes,16,,27,glcm_entropy,True,24,kodim08.png,0.021283779754457388,-0.05249387210691643,-5.113986444855212
stripes,16,,27,glcm_entropy,True,24,kodim09.png,0.14948697836201763,-0.052013091470971475,-5.06835611870623
stripes,16,,27,glcm_entropy,True,24,kodim10.png,0.1606205352379626,-0.13751317618799594,-12.847713342762857
stripes,16,,27,glcm_entropy,True,24,kodim11.png,0.2293532332452628,-0.056419191333923084,-5.485714285714282
stripes,16,,27,glcm_entropy,True,24,kodim12.png,0.13557526759480787,-0.07852559088268254,-7.552159858947983
stripes,16,,27,glcm_entropy,True,24,kodim13.png,0.05313811797713264,-0.09084609243256218,-8.68417579516958
stripes,16,,27,glcm_entropy,True,24,kodim14.png,0.05038978778042136,-0.06415550393719806,-6.214085259922486
stripes,16,,27,glcm_entropy,True,24,kodim15.png,0.09603256337607213,-0.1386251328444318,-12.944569048381938
stripes,16,,27,glcm_entropy,True,24,kodim16.png,0.19825609066556193,-0.04726720489885215,-4.616750517904711
stripes,16,,27,glcm_entropy,True,24,kodim17.png,0.0859110744414755,-0.11051281026496428,-10.462513987318168
stripes,16,,27,glcm_entropy,True,24,kodim18.png,0.07448924605365193,-0.033987646386539075,-3.3416554637987317
stripes,16,,27,glcm_entropy,True,24,kodim19.png,0.11068514598497181,-0.1781842338638025,-16.321175544476507
stripes,16,,27,glcm_entropy,True,24,kodim20.png,0.0693049544964246,-0.05269269668958385,-5.132850241545894
stripes,16,,27,glcm_entropy,True,24,kodim21.png,0.11103173947886935,-0.04903586835351461,-4.785302285836346
stripes,16,,27,glcm_entropy,True,24,kodim22.png,0.11774940402559775,-0.1196512829756662,-11.277022509471813
stripes,16,,27,glcm_entropy,True,24,kodim23.png,0.14496107826746574,-0.307395748922883,-26.464047442550033
stripes,16,,27,glcm_entropy,True,24,kodim24.png,0.10143321995159349,-0.08619620702037815,-8.258578954862605
stripes,16,,27,glcm_homogeneity,True,24,kodim01.png,0.008792782933336407,-0.08807528772149074,-8.43080662312017
stripes,16,,27,glcm_homogeneity,True,24,kodim02.png,0.05194304990512322,-0.08482882097474541,-8.133047210300425
stripes,16,,27,glcm_homogeneity,True,24,kodim03.png,0.009392351074665295,-0.07073963358230728,-6.82955549013835
stripes,16,,27,glcm_homogeneity,True,24,kodim04.png,0.010798456425769931,-0.23829046162678,-21.20262182958108
stripes,16,,27,glcm_homogeneity,True,24,kodim05.png,0.006859789317332332,-0.0567384644102943,-5.515885335817028
stripes,16,,27,glcm_homogeneity,True,24,kodim06.png,0.014194144050923896,-0.06056745445898039,-5.876972330208097
stripes,16,,27,glcm_homogeneity,True,24,kodim07.png,0.01295784048503923,-0.11301377426676887,-10.686164229471318
stripes,16,,27,glcm_homogeneity,True,24,kodim08.png,-6.966591234469632e-05,-0.05249387210691643,-5.113986444855212
stripes,16,,27,glcm_homogeneity,True,24,kodim09.png,0.015869303668861634,-0.052013091470971475,-5.06835611870623
stripes,16,,27,glcm_homogeneity,True,24,kodim10.png,0.020143521721283086,-0.13751317618799594,-12.847713342762857
stripes,16,,27,glcm_homogeneity,True,24,kodim11.png,0.022536239150075188,-0.056419191333923084,-5.485714285714282
stripes,16,,27,glcm_homogeneity,True,24,kodim12.png,0.012690202017059726,-0.07852559088268254,-7.552159858947983
stripes,16,,27,glcm_homogeneity,True,24,kodim13.png,0.006493275965989698,-0.09084609243256218,-8.68417579516958
stripes,16,,27,glcm_homogeneity,True,24,kodim14.png,0.008518165781641218,-0.06415550393719806,-6.214085259922486
stripes,16,,27,glcm_homogeneity,True,24,kodim15.png,0.01409525221007124,-0.1386251328444318,-12.944569048381938
stripes,16,,27,glcm_homogeneity,True,24,kodim16.png,0.024255809191285893,-0.04726720489885215,-4.616750517904711
stripes,16,,27,glcm_homogeneity,True,24,kodim17.png,0.015392517652803028,-0.11051281026496428,-10.462513987318168
stripes,16,,27,glcm_homogeneity,True,24,kodim18.png,0.01166711309973889,-0.033987646386539075,-3.3416554637987317
stripes,16,,27,glcm_homogeneity,True,24,kodim19.png,0.010492846469308481,-0.1781842338638025,-16.321175544476507
stripes,16,,27,glcm_homogeneity,True,24,kodim20.png,0.008655002677217527,-0.05269269668958385,-5.132850241545894
stripes,16,,27,glcm_homogeneity,True,24,kodim21.png,0.012803012783826784,-0.04903586835351461,-4.785302285836346
stripes,16,,27,glcm_homogeneity,True,24,kodim22.png,0.01351044400035517,-0.1196512829756662,-11.277022509471813
stripes,16,,27,glcm_homogeneity,True,24,kodim23.png,0.02222524586003738,-0.307395748922883,-26.464047442550033
stripes,16,,27,glcm_homogeneity,True,24,kodim24.png,0.010586359709222615,-0.08619620702037815,-8.258578954862605
stripes,16,,32,sobel_si,True,24,kodim01.png,-2.9359381302372753,-0.11605819296104086,-10.957659458477199
stripes,16,,32,sobel_si,True,24,kodim02.png,-3.55508845337728,-0.06894086805471326,-6.66181288678559
stripes,16,,32,sobel_si,True,24,kodim03.png,-3.7207023766260434,-0.13715664346339548,-12.816635160680534
stripes,16,,32,sobel_si,True,24,kodim04.png,-2.6033482306857323,-0.1912946977589228,-17.4110835401158
stripes,16,,32,sobel_si,True,24,kodim05.png,-3.7949387698369748,-0.0709185837258242,-6.846226862838167
stripes,16,,32,sobel_si,True,24,kodim06.png,-3.1367690443169067,-0.033307701415577935,-3.2759107596723958
stripes,16,,32,sobel_si,True,24,kodim07.png,-4.888028282718068,-0.11410832761761079,-10.783869506116893
stripes,16,,32,sobel_si,True,24,kodim08.png,-4.936163077444519,-0.016927975191773813,-1.6785502079619707
stripes,16,,32,sobel_si,True,24,kodim09.png,-4.283018752864052,-0.08524076491258879,-8.170883450850264
stripes,16,,32,sobel_si,True,24,kodim10.png,-3.95383472558062,-0.15333050344336857,-14.215384615384608
stripes,16,,32,sobel_si,True,24,kodim11.png,-3.5936290918433826,-0.04236493929510015,-4.1480084845627925
stripes,16,,32,sobel_si,True,24,kodim12.png,-3.1249488934218306,-0.12256700325149299,-11.53533712428919
stripes,16,,32,sobel_si,True,24,kodim13.png,-2.8092499122397783,-0.03210822541719234,-3.1598229277972734
stripes,16,,32,sobel_si,True,24,kodim14.png,-1.9549770761962861,-0.025825424392059725,-2.5494800402549367
stripes,16,,32,sobel_si,True,24,kodim15.png,-4.179883339707729,-0.15607932073366373,-14.450867052023108
stripes,16,,32,sobel_si,True,24,kodim16.png,-1.9825763576619053,-0.059565044584903255,-5.782575173477255
stripes,16,,32,sobel_si,True,24,kodim17.png,-2.9004672291284237,-0.13113361031797907,-12.289942312515667
stripes,16,,32,sobel_si,True,24,kodim18.png,-3.596952314876958,-0.04997401656293527,-4.874585896829153
stripes,16,,32,sobel_si,True,24,kodim19.png,-3.989511754669749,-0.1461241143124922,-13.594954449894892
stripes,16,,32,sobel_si,True,24,kodim20.png,-2.687894984944805,-0.03507764151120901,-3.4469551895825346
stripes,16,,32,sobel_si,True,24,kodim21.png,-4.745194342991866,0.025446665661164176,2.577319587628857
stripes,16,,32,sobel_si,True,24,kodim22.png,-3.451447044781574,-0.11894563024813287,-11.214392803598205
stripes,16,,32,sobel_si,True,24,kodim23.png,-3.337094092322289,-0.2579501526963042,-22.736625514403286
stripes,16,,32,sobel_si,True,24,kodim24.png,-5.271194577384321,-0.11652543750279377,-10.999254287844895
stripes,16,,32,luma_sd,True,24,kodim01.png,1.4631257253301584,-0.11605819296104086,-10.957659458477199
stripes,16,,32,luma_sd,True,24,kodim02.png,2.624794801236945,-0.06894086805471326,-6.66181288678559
stripes,16,,32,luma_sd,True,24,kodim03.png,1.4821417415174665,-0.13715664346339548,-12.816635160680534
stripes,16,,32,luma_sd,True,24,kodim04.png,1.621866221306803,-0.1912946977589228,-17.4110835401158
stripes,16,,32,luma_sd,True,24,kodim05.png,0.9703159886336366,-0.0709185837258242,-6.846226862838167
stripes,16,,32,luma_sd,True,24,kodim06.png,0.3477203506002198,-0.033307701415577935,-3.2759107596723958
stripes,16,,32,luma_sd,True,24,kodim07.png,1.710725748577751,-0.11410832761761079,-10.783869506116893
stripes,16,,32,luma_sd,True,24,kodim08.png,0.6081104216568605,-0.016927975191773813,-1.6785502079619707
stripes,16,,32,luma_sd,True,24,kodim09.png,1.5595693871264302,-0.08524076491258879,-8.170883450850264
stripes,16,,32,luma_sd,True,24,kodim10.png,1.3919580962045899,-0.15333050344336857,-14.215384615384608
stripes,16,,32,luma_sd,True,24,kodim11.png,1.4150859703121128,-0.04236493929510015,-4.1480084845627925
stripes,16,,32,luma_sd,True,24,kodim12.png,1.0276595680069107,-0.12256700325149299,-11.53533712428919
stripes,16,,32,luma_sd,True,24,kodim13.png,0.7014004422951956,-0.03210822541719234,-3.1598229277972734
stripes,16,,32,luma_sd,True,24,kodim14.png,1.303072529044556,-0.025825424392059725,-2.5494800402549367
stripes,16,,32,luma_sd,True,24,kodim15.png,-0.22637001664217848,-0.15607932073366373,-14.450867052023108
stripes,16,,32,luma_sd,True,24,kodim16.png,1.4500798707856077,-0.059565044584903255,-5.782575173477255
stripes,16,,32,luma_sd,True,24,kodim17.png,1.1384456987462954,-0.13113361031797907,-12.289942312515667
stripes,16,,32,luma_sd,True,24,kodim18.png,1.2635995217763352,-0.04997401656293527,-4.874585896829153
stripes,16,,32,luma_sd,True,24,kodim19.png,1.2675937759567333,-0.1461241143124922,-13.594954449894892
stripes,16,,32,luma_sd,True,24,kodim20.png,-1.3108198400828002,-0.03507764151120901,-3.4469551895825346
stripes,16,,32,luma_sd,True,24,kodim21.png,1.3603580067323051,0.025446665661164176,2.577319587628857
stripes,16,,32,luma_sd,True,24,kodim22.png,1.456818354580939,-0.11894563024813287,-11.214392803598205
stripes,16,,32,luma_sd,True,24,kodim23.png,1.2234973546202355,-0.2579501526963042,-22.736625514403286
stripes,16,,32,luma_sd,True,24,kodim24.png,0.39923746863322407,-0.11652543750279377,-10.999254287844895
stripes,16,,32,edge_fraction,True,24,kodim01.png,0.053023089131213896,-0.11605819296104086,-10.957659458477199
stripes,16,,32,edge_fraction,True,24,kodim02.png,0.07778119080530382,-0.06894086805471326,-6.66181288678559
stripes,16,,32,edge_fraction,True,24,kodim03.png,0.05848819945732861,-0.13715664346339548,-12.816635160680534
stripes,16,,32,edge_fraction,True,24,kodim04.png,0.09429683100394201,-0.1912946977589228,-17.4110835401158
stripes,16,,32,edge_fraction,True,24,kodim05.png,0.06506681001382275,-0.0709185837258242,-6.846226862838167
stripes,16,,32,edge_fraction,True,24,kodim06.png,0.0488941790815543,-0.033307701415577935,-3.2759107596723958
stripes,16,,32,edge_fraction,True,24,kodim07.png,0.049416372293042576,-0.11410832761761079,-10.783869506116893
stripes,16,,32,edge_fraction,True,24,kodim08.png,0.05413914913223783,-0.016927975191773813,-1.6785502079619707
stripes,16,,32,edge_fraction,True,24,kodim09.png,0.04617058311575281,-0.08524076491258879,-8.170883450850264
stripes,16,,32,edge_fraction,True,24,kodim10.png,0.0638509189576614,-0.15333050344336857,-14.215384615384608
stripes,16,,32,edge_fraction,True,24,kodim11.png,0.07452772231608051,-0.04236493929510015,-4.1480084845627925
stripes,16,,32,edge_fraction,True,24,kodim12.png,0.07423590846260175,-0.12256700325149299,-11.53533712428919
stripes,16,,32,edge_fraction,True,24,kodim13.png,0.04381815389341115,-0.03210822541719234,-3.1598229277972734
stripes,16,,32,edge_fraction,True,24,kodim14.png,0.08046127067014797,-0.025825424392059725,-2.5494800402549367
stripes,16,,32,edge_fraction,True,24,kodim15.png,0.06665898735473302,-0.15607932073366373,-14.450867052023108
stripes,16,,32,edge_fraction,True,24,kodim16.png,0.06569395382173754,-0.059565044584903255,-5.782575173477255
stripes,16,,32,edge_fraction,True,24,kodim17.png,0.08868581375108792,-0.13113361031797907,-12.289942312515667
stripes,16,,32,edge_fraction,True,24,kodim18.png,0.07212921722213689,-0.04997401656293527,-4.874585896829153
stripes,16,,32,edge_fraction,True,24,kodim19.png,0.07740490452055493,-0.1461241143124922,-13.594954449894892
stripes,16,,32,edge_fraction,True,24,kodim20.png,0.03716019044693594,-0.03507764151120901,-3.4469551895825346
stripes,16,,32,edge_fraction,True,24,kodim21.png,0.04834382839297596,0.025446665661164176,2.577319587628857
stripes,16,,32,edge_fraction,True,24,kodim22.png,0.08905442072390313,-0.11894563024813287,-11.214392803598205
stripes,16,,32,edge_fraction,True,24,kodim23.png,0.06569395382173758,-0.2579501526963042,-22.736625514403286
stripes,16,,32,edge_fraction,True,24,kodim24.png,0.06030307684431474,-0.11652543750279377,-10.999254287844895
stripes,16,,32,glcm_contrast,True,24,kodim01.png,0.015604493043790635,-0.11605819296104086,-10.957659458477199
stripes,16,,32,glcm_contrast,True,24,kodim02.png,0.09771432826470414,-0.06894086805471326,-6.66181288678559
stripes,16,,32,glcm_contrast,True,24,kodim03.png,0.011254048302884151,-0.13715664346339548,-12.816635160680534
stripes,16,,32,glcm_contrast,True,24,kodim04.png,0.0193892166336416,-0.1912946977589228,-17.4110835401158
stripes,16,,32,glcm_contrast,True,24,kodim05.png,0.0021448020438127324,-0.0709185837258242,-6.846226862838167
stripes,16,,32,glcm_contrast,True,24,kodim06.png,0.02236100647367012,-0.033307701415577935,-3.2759107596723958
stripes,16,,32,glcm_contrast,True,24,kodim07.png,0.02048662200626844,-0.11410832761761079,-10.783869506116893
stripes,16,,32,glcm_contrast,True,24,kodim08.png,-0.014451844467616493,-0.016927975191773813,-1.6785502079619707
stripes,16,,32,glcm_contrast,True,24,kodim09.png,0.030620758030919737,-0.08524076491258879,-8.170883450850264
stripes,16,,32,glcm_contrast,True,24,kodim10.png,0.03933611060193243,-0.15333050344336857,-14.215384615384608
stripes,16,,32,glcm_contrast,True,24,kodim11.png,0.037585268274407946,-0.04236493929510015,-4.1480084845627925
stripes,16,,32,glcm_contrast,True,24,kodim12.png,0.02502664749851377,-0.12256700325149299,-11.53533712428919
stripes,16,,32,glcm_contrast,True,24,kodim13.png,0.007272409844938821,-0.03210822541719234,-3.1598229277972734
stripes,16,,32,glcm_contrast,True,24,kodim14.png,0.008857442829619255,-0.025825424392059725,-2.5494800402549367
stripes,16,,32,glcm_contrast,True,24,kodim15.png,0.024665881709783732,-0.15607932073366373,-14.450867052023108
stripes,16,,32,glcm_contrast,True,24,kodim16.png,0.04185691102247724,-0.059565044584903255,-5.782575173477255
stripes,16,,32,glcm_contrast,True,24,kodim17.png,0.028080586838042043,-0.13113361031797907,-12.289942312515667
stripes,16,,32,glcm_contrast,True,24,kodim18.png,0.02376338793367938,-0.04997401656293527,-4.874585896829153
stripes,16,,32,glcm_contrast,True,24,kodim19.png,0.019076859919052724,-0.1461241143124922,-13.594954449894892
stripes,16,,32,glcm_contrast,True,24,kodim20.png,0.0154885977203979,-0.03507764151120901,-3.4469551895825346
stripes,16,,32,glcm_contrast,True,24,kodim21.png,0.025334563710839808,0.025446665661164176,2.577319587628857
stripes,16,,32,glcm_contrast,True,24,kodim22.png,0.024375917285760662,-0.11894563024813287,-11.214392803598205
stripes,16,,32,glcm_contrast,True,24,kodim23.png,0.04413604729190637,-0.2579501526963042,-22.736625514403286
stripes,16,,32,glcm_contrast,True,24,kodim24.png,0.023173590149293655,-0.11652543750279377,-10.999254287844895
stripes,16,,32,glcm_entropy,True,24,kodim01.png,0.0714307068426212,-0.11605819296104086,-10.957659458477199
stripes,16,,32,glcm_entropy,True,24,kodim02.png,0.4784005863549865,-0.06894086805471326,-6.66181288678559
stripes,16,,32,glcm_entropy,True,24,kodim03.png,0.07319096421336013,-0.13715664346339548,-12.816635160680534
stripes,16,,32,glcm_entropy,True,24,kodim04.png,0.09130813792950399,-0.1912946977589228,-17.4110835401158
stripes,16,,32,glcm_entropy,True,24,kodim05.png,0.035029783925584645,-0.0709185837258242,-6.846226862838167
stripes,16,,32,glcm_entropy,True,24,kodim06.png,0.11505958805095418,-0.033307701415577935,-3.2759107596723958
stripes,16,,32,glcm_entropy,True,24,kodim07.png,0.1153518002006626,-0.11410832761761079,-10.783869506116893
stripes,16,,32,glcm_entropy,True,24,kodim08.png,0.021283779754457388,-0.016927975191773813,-1.6785502079619707
stripes,16,,32,glcm_entropy,True,24,kodim09.png,0.14948697836201763,-0.08524076491258879,-8.170883450850264
stripes,16,,32,glcm_entropy,True,24,kodim10.png,0.1606205352379626,-0.15333050344336857,-14.215384615384608
stripes,16,,32,glcm_entropy,True,24,kodim11.png,0.2293532332452628,-0.04236493929510015,-4.1480084845627925
stripes,16,,32,glcm_entropy,True,24,kodim12.png,0.13557526759480787,-0.12256700325149299,-11.53533712428919
stripes,16,,32,glcm_entropy,True,24,kodim13.png,0.05313811797713264,-0.03210822541719234,-3.1598229277972734
stripes,16,,32,glcm_entropy,True,24,kodim14.png,0.05038978778042136,-0.025825424392059725,-2.5494800402549367
stripes,16,,32,glcm_entropy,True,24,kodim15.png,0.09603256337607213,-0.15607932073366373,-14.450867052023108
stripes,16,,32,glcm_entropy,True,24,kodim16.png,0.19825609066556193,-0.059565044584903255,-5.782575173477255
stripes,16,,32,glcm_entropy,True,24,kodim17.png,0.0859110744414755,-0.13113361031797907,-12.289942312515667
stripes,16,,32,glcm_entropy,True,24,kodim18.png,0.07448924605365193,-0.04997401656293527,-4.874585896829153
stripes,16,,32,glcm_entropy,True,24,kodim19.png,0.11068514598497181,-0.1461241143124922,-13.594954449894892
stripes,16,,32,glcm_entropy,True,24,kodim20.png,0.0693049544964246,-0.03507764151120901,-3.4469551895825346
stripes,16,,32,glcm_entropy,True,24,kodim21.png,0.11103173947886935,0.025446665661164176,2.577319587628857
stripes,16,,32,glcm_entropy,True,24,kodim22.png,0.11774940402559775,-0.11894563024813287,-11.214392803598205
stripes,16,,32,glcm_entropy,True,24,kodim23.png,0.14496107826746574,-0.2579501526963042,-22.736625514403286
stripes,16,,32,glcm_entropy,True,24,kodim24.png,0.10143321995159349,-0.11652543750279377,-10.999254287844895
stripes,16,,32,glcm_homogeneity,True,24,kodim01.png,0.008792782933336407,-0.11605819296104086,-10.957659458477199
stripes,16,,32,glcm_homogeneity,True,24,kodim02.png,0.05194304990512322,-0.06894086805471326,-6.66181288678559
stripes,16,,32,glcm_homogeneity,True,24,kodim03.png,0.009392351074665295,-0.13715664346339548,-12.816635160680534
stripes,16,,32,glcm_homogeneity,True,24,kodim04.png,0.010798456425769931,-0.1912946977589228,-17.4110835401158
stripes,16,,32,glcm_homogeneity,True,24,kodim05.png,0.006859789317332332,-0.0709185837258242,-6.846226862838167
stripes,16,,32,glcm_homogeneity,True,24,kodim06.png,0.014194144050923896,-0.033307701415577935,-3.2759107596723958
stripes,16,,32,glcm_homogeneity,True,24,kodim07.png,0.01295784048503923,-0.11410832761761079,-10.783869506116893
stripes,16,,32,glcm_homogeneity,True,24,kodim08.png,-6.966591234469632e-05,-0.016927975191773813,-1.6785502079619707
stripes,16,,32,glcm_homogeneity,True,24,kodim09.png,0.015869303668861634,-0.08524076491258879,-8.170883450850264
stripes,16,,32,glcm_homogeneity,True,24,kodim10.png,0.020143521721283086,-0.15333050344336857,-14.215384615384608
stripes,16,,32,glcm_homogeneity,True,24,kodim11.png,0.022536239150075188,-0.04236493929510015,-4.1480084845627925
stripes,16,,32,glcm_homogeneity,True,24,kodim12.png,0.012690202017059726,-0.12256700325149299,-11.53533712428919
stripes,16,,32,glcm_homogeneity,True,24,kodim13.png,0.006493275965989698,-0.03210822541719234,-3.1598229277972734
stripes,16,,32,glcm_homogeneity,True,24,kodim14.png,0.008518165781641218,-0.025825424392059725,-2.5494800402549367
stripes,16,,32,glcm_homogeneity,True,24,kodim15.png,0.01409525221007124,-0.15607932073366373,-14.450867052023108
stripes,16,,32,glcm_homogeneity,True,24,kodim16.png,0.024255809191285893,-0.059565044584903255,-5.782575173477255
stripes,16,,32,glcm_homogeneity,True,24,kodim17.png,0.015392517652803028,-0.13113361031797907,-12.289942312515667
stripes,16,,32,glcm_homogeneity,True,24,kodim18.png,0.01166711309973889,-0.04997401656293527,-4.874585896829153
stripes,16,,32,glcm_homogeneity,True,24,kodim19.png,0.010492846469308481,-0.1461241143124922,-13.594954449894892
stripes,16,,32,glcm_homogeneity,True,24,kodim20.png,0.008655002677217527,-0.03507764151120901,-3.4469551895825346
stripes,16,,32,glcm_homogeneity,True,24,kodim21.png,0.012803012783826784,0.025446665661164176,2.577319587628857
stripes,16,,32,glcm_homogeneity,True,24,kodim22.png,0.01351044400035517,-0.11894563024813287,-11.214392803598205
stripes,16,,32,glcm_homogeneity,True,24,kodim23.png,0.02222524586003738,-0.2579501526963042,-22.736625514403286
stripes,16,,32,glcm_homogeneity,True,24,kodim24.png,0.010586359709222615,-0.11652543750279377,-10.999254287844895
stripes,16,,37,sobel_si,True,24,kodim01.png,-2.9359381302372753,-0.10670333847273768,-10.120772946859912
stripes,16,,37,sobel_si,True,24,kodim02.png,-3.55508845337728,-0.15886989575890478,-14.689265536723163
stripes,16,,37,sobel_si,True,24,kodim03.png,-3.7207023766260434,-0.06756790848917835,-6.533575317604356
stripes,16,,37,sobel_si,True,24,kodim04.png,-2.6033482306857323,-0.2847439800968772,-24.779319041614123
stripes,16,,37,sobel_si,True,24,kodim05.png,-3.7949387698369748,-0.06378239288672392,-6.1790861698865385
stripes,16,,37,sobel_si,True,24,kodim06.png,-3.1367690443169067,-0.017612578969805857,-1.7458384084449885
stripes,16,,37,sobel_si,True,24,kodim07.png,-4.888028282718068,-0.19998357549833184,-18.12557995669657
stripes,16,,37,sobel_si,True,24,kodim08.png,-4.936163077444519,-0.06373320601452354,-6.174471299093653
stripes,16,,37,sobel_si,True,24,kodim09.png,-4.283018752864052,-0.06635238806485354,-6.419895893580108
stripes,16,,37,sobel_si,True,24,kodim10.png,-3.95383472558062,-0.1633177579252897,-15.067873303167422
stripes,16,,37,sobel_si,True,24,kodim11.png,-3.5936290918433826,-0.11868597025497561,-11.191335740072194
stripes,16,,37,sobel_si,True,24,kodim12.png,-3.1249488934218306,-0.10173298881498959,-9.672929714683365
stripes,16,,37,sobel_si,True,24,kodim13.png,-2.8092499122397783,-0.016844639784634657,-1.6703562084926404
stripes,16,,37,sobel_si,True,24,kodim14.png,-1.9549770761962861,-0.036483419442296675,-3.5825919692233588
stripes,16,,37,sobel_si,True,24,kodim15.png,-4.179883339707729,-0.21500680992114812,-19.34640522875818
stripes,16,,37,sobel_si,True,24,kodim16.png,-1.9825763576619053,-0.06647814578875094,-6.4316635745207185
stripes,16,,37,sobel_si,True,24,kodim17.png,-2.9004672291284237,-0.14258225845143613,-13.28837762792544
stripes,16,,37,sobel_si,True,24,kodim18.png,-3.596952314876958,-0.14645410527526917,-13.623462630085148
stripes,16,,37,sobel_si,True,24,kodim19.png,-3.989511754669749,-0.08465806906343663,-8.117359413202918
stripes,16,,37,sobel_si,True,24,kodim20.png,-2.687894984944805,-0.023281474822558754,-2.301255230125532
stripes,16,,37,sobel_si,True,24,kodim21.png,-4.745194342991866,-0.08394068735700345,-8.051420838971591
stripes,16,,37,sobel_si,True,24,kodim22.png,-3.451447044781574,-0.1723451022975818,-15.8311345646438
stripes,16,,37,sobel_si,True,24,kodim23.png,-3.337094092322289,-0.21924491089855247,-19.687500000000004
stripes,16,,37,sobel_si,True,24,kodim24.png,-5.271194577384321,-0.15351956589024857,-14.231601731601739
stripes,16,,37,luma_sd,True,24,kodim01.png,1.4631257253301584,-0.10670333847273768,-10.120772946859912
stripes,16,,37,luma_sd,True,24,kodim02.png,2.624794801236945,-0.15886989575890478,-14.689265536723163
stripes,16,,37,luma_sd,True,24,kodim03.png,1.4821417415174665,-0.06756790848917835,-6.533575317604356
stripes,16,,37,luma_sd,True,24,kodim04.png,1.621866221306803,-0.2847439800968772,-24.779319041614123
stripes,16,,37,luma_sd,True,24,kodim05.png,0.9703159886336366,-0.06378239288672392,-6.1790861698865385
stripes,16,,37,luma_sd,True,24,kodim06.png,0.3477203506002198,-0.017612578969805857,-1.7458384084449885
stripes,16,,37,luma_sd,True,24,kodim07.png,1.710725748577751,-0.19998357549833184,-18.12557995669657
stripes,16,,37,luma_sd,True,24,kodim08.png,0.6081104216568605,-0.06373320601452354,-6.174471299093653
stripes,16,,37,luma_sd,True,24,kodim09.png,1.5595693871264302,-0.06635238806485354,-6.419895893580108
stripes,16,,37,luma_sd,True,24,kodim10.png,1.3919580962045899,-0.1633177579252897,-15.067873303167422
stripes,16,,37,luma_sd,True,24,kodim11.png,1.4150859703121128,-0.11868597025497561,-11.191335740072194
stripes,16,,37,luma_sd,True,24,kodim12.png,1.0276595680069107,-0.10173298881498959,-9.672929714683365
stripes,16,,37,luma_sd,True,24,kodim13.png,0.7014004422951956,-0.016844639784634657,-1.6703562084926404
stripes,16,,37,luma_sd,True,24,kodim14.png,1.303072529044556,-0.036483419442296675,-3.5825919692233588
stripes,16,,37,luma_sd,True,24,kodim15.png,-0.22637001664217848,-0.21500680992114812,-19.34640522875818
stripes,16,,37,luma_sd,True,24,kodim16.png,1.4500798707856077,-0.06647814578875094,-6.4316635745207185
stripes,16,,37,luma_sd,True,24,kodim17.png,1.1384456987462954,-0.14258225845143613,-13.28837762792544
stripes,16,,37,luma_sd,True,24,kodim18.png,1.2635995217763352,-0.14645410527526917,-13.623462630085148
stripes,16,,37,luma_sd,True,24,kodim19.png,1.2675937759567333,-0.08465806906343663,-8.117359413202918
stripes,16,,37,luma_sd,True,24,kodim20.png,-1.3108198400828002,-0.023281474822558754,-2.301255230125532
stripes,16,,37,luma_sd,True,24,kodim21.png,1.3603580067323051,-0.08394068735700345,-8.051420838971591
stripes,16,,37,luma_sd,True,24,kodim22.png,1.456818354580939,-0.1723451022975818,-15.8311345646438
stripes,16,,37,luma_sd,True,24,kodim23.png,1.2234973546202355,-0.21924491089855247,-19.687500000000004
stripes,16,,37,luma_sd,True,24,kodim24.png,0.39923746863322407,-0.15351956589024857,-14.231601731601739
stripes,16,,37,edge_fraction,True,24,kodim01.png,0.053023089131213896,-0.10670333847273768,-10.120772946859912
stripes,16,,37,edge_fraction,True,24,kodim02.png,0.07778119080530382,-0.15886989575890478,-14.689265536723163
stripes,16,,37,edge_fraction,True,24,kodim03.png,0.05848819945732861,-0.06756790848917835,-6.533575317604356
stripes,16,,37,edge_fraction,True,24,kodim04.png,0.09429683100394201,-0.2847439800968772,-24.779319041614123
stripes,16,,37,edge_fraction,True,24,kodim05.png,0.06506681001382275,-0.06378239288672392,-6.1790861698865385
stripes,16,,37,edge_fraction,True,24,kodim06.png,0.0488941790815543,-0.017612578969805857,-1.7458384084449885
stripes,16,,37,edge_fraction,True,24,kodim07.png,0.049416372293042576,-0.19998357549833184,-18.12557995669657
stripes,16,,37,edge_fraction,True,24,kodim08.png,0.05413914913223783,-0.06373320601452354,-6.174471299093653
stripes,16,,37,edge_fraction,True,24,kodim09.png,0.04617058311575281,-0.06635238806485354,-6.419895893580108
stripes,16,,37,edge_fraction,True,24,kodim10.png,0.0638509189576614,-0.1633177579252897,-15.067873303167422
stripes,16,,37,edge_fraction,True,24,kodim11.png,0.07452772231608051,-0.11868597025497561,-11.191335740072194
stripes,16,,37,edge_fraction,True,24,kodim12.png,0.07423590846260175,-0.10173298881498959,-9.672929714683365
stripes,16,,37,edge_fraction,True,24,kodim13.png,0.04381815389341115,-0.016844639784634657,-1.6703562084926404
stripes,16,,37,edge_fraction,True,24,kodim14.png,0.08046127067014797,-0.036483419442296675,-3.5825919692233588
stripes,16,,37,edge_fraction,True,24,kodim15.png,0.06665898735473302,-0.21500680992114812,-19.34640522875818
stripes,16,,37,edge_fraction,True,24,kodim16.png,0.06569395382173754,-0.06647814578875094,-6.4316635745207185
stripes,16,,37,edge_fraction,True,24,kodim17.png,0.08868581375108792,-0.14258225845143613,-13.28837762792544
stripes,16,,37,edge_fraction,True,24,kodim18.png,0.07212921722213689,-0.14645410527526917,-13.623462630085148
stripes,16,,37,edge_fraction,True,24,kodim19.png,0.07740490452055493,-0.08465806906343663,-8.117359413202918
stripes,16,,37,edge_fraction,True,24,kodim20.png,0.03716019044693594,-0.023281474822558754,-2.301255230125532
stripes,16,,37,edge_fraction,True,24,kodim21.png,0.04834382839297596,-0.08394068735700345,-8.051420838971591
stripes,16,,37,edge_fraction,True,24,kodim22.png,0.08905442072390313,-0.1723451022975818,-15.8311345646438
stripes,16,,37,edge_fraction,True,24,kodim23.png,0.06569395382173758,-0.21924491089855247,-19.687500000000004
stripes,16,,37,edge_fraction,True,24,kodim24.png,0.06030307684431474,-0.15351956589024857,-14.231601731601739
stripes,16,,37,glcm_contrast,True,24,kodim01.png,0.015604493043790635,-0.10670333847273768,-10.120772946859912
stripes,16,,37,glcm_contrast,True,24,kodim02.png,0.09771432826470414,-0.15886989575890478,-14.689265536723163
stripes,16,,37,glcm_contrast,True,24,kodim03.png,0.011254048302884151,-0.06756790848917835,-6.533575317604356
stripes,16,,37,glcm_contrast,True,24,kodim04.png,0.0193892166336416,-0.2847439800968772,-24.779319041614123
stripes,16,,37,glcm_contrast,True,24,kodim05.png,0.0021448020438127324,-0.06378239288672392,-6.1790861698865385
stripes,16,,37,glcm_contrast,True,24,kodim06.png,0.02236100647367012,-0.017612578969805857,-1.7458384084449885
stripes,16,,37,glcm_contrast,True,24,kodim07.png,0.02048662200626844,-0.19998357549833184,-18.12557995669657
stripes,16,,37,glcm_contrast,True,24,kodim08.png,-0.014451844467616493,-0.06373320601452354,-6.174471299093653
stripes,16,,37,glcm_contrast,True,24,kodim09.png,0.030620758030919737,-0.06635238806485354,-6.419895893580108
stripes,16,,37,glcm_contrast,True,24,kodim10.png,0.03933611060193243,-0.1633177579252897,-15.067873303167422
stripes,16,,37,glcm_contrast,True,24,kodim11.png,0.037585268274407946,-0.11868597025497561,-11.191335740072194
stripes,16,,37,glcm_contrast,True,24,kodim12.png,0.02502664749851377,-0.10173298881498959,-9.672929714683365
stripes,16,,37,glcm_contrast,True,24,kodim13.png,0.007272409844938821,-0.016844639784634657,-1.6703562084926404
stripes,16,,37,glcm_contrast,True,24,kodim14.png,0.008857442829619255,-0.036483419442296675,-3.5825919692233588
stripes,16,,37,glcm_contrast,True,24,kodim15.png,0.024665881709783732,-0.21500680992114812,-19.34640522875818
stripes,16,,37,glcm_contrast,True,24,kodim16.png,0.04185691102247724,-0.06647814578875094,-6.4316635745207185
stripes,16,,37,glcm_contrast,True,24,kodim17.png,0.028080586838042043,-0.14258225845143613,-13.28837762792544
stripes,16,,37,glcm_contrast,True,24,kodim18.png,0.02376338793367938,-0.14645410527526917,-13.623462630085148
stripes,16,,37,glcm_contrast,True,24,kodim19.png,0.019076859919052724,-0.08465806906343663,-8.117359413202918
stripes,16,,37,glcm_contrast,True,24,kodim20.png,0.0154885977203979,-0.023281474822558754,-2.301255230125532
stripes,16,,37,glcm_contrast,True,24,kodim21.png,0.025334563710839808,-0.08394068735700345,-8.051420838971591
stripes,16,,37,glcm_contrast,True,24,kodim22.png,0.024375917285760662,-0.1723451022975818,-15.8311345646438
stripes,16,,37,glcm_contrast,True,24,kodim23.png,0.04413604729190637,-0.21924491089855247,-19.687500000000004
stripes,16,,37,glcm_contrast,True,24,kodim24.png,0.023173590149293655,-0.15351956589024857,-14.231601731601739
stripes,16,,37,glcm_entropy,True,24,kodim01.png,0.0714307068426212,-0.10670333847273768,-10.120772946859912
stripes,16,,37,glcm_entropy,True,24,kodim02.png,0.4784005863549865,-0.15886989575890478,-14.689265536723163
stripes,16,,37,glcm_entropy,True,24,kodim03.png,0.07319096421336013,-0.06756790848917835,-6.533575317604356
stripes,16,,37,glcm_entropy,True,24,kodim04.png,0.09130813792950399,-0.2847439800968772,-24.779319041614123
stripes,16,,37,glcm_entropy,True,24,kodim05.png,0.035029783925584645,-0.06378239288672392,-6.1790861698865385
stripes,16,,37,glcm_entropy,True,24,kodim06.png,0.11505958805095418,-0.017612578969805857,-1.7458384084449885
stripes,16,,37,glcm_entropy,True,24,kodim07.png,0.1153518002006626,-0.19998357549833184,-18.12557995669657
stripes,16,,37,glcm_entropy,True,24,kodim08.png,0.021283779754457388,-0.06373320601452354,-6.174471299093653
stripes,16,,37,glcm_entropy,True,24,kodim09.png,0.14948697836201763,-0.06635238806485354,-6.419895893580108
stripes,16,,37,glcm_entropy,True,24,kodim10.png,0.1606205352379626,-0.1633177579252897,-15.067873303167422
stripes,16,,37,glcm_entropy,True,24,kodim11.png,0.2293532332452628,-0.11868597025497561,-11.191335740072194
stripes,16,,37,glcm_entropy,True,24,kodim12.png,0.13557526759480787,-0.10173298881498959,-9.672929714683365
stripes,16,,37,glcm_entropy,True,24,kodim13.png,0.05313811797713264,-0.016844639784634657,-1.6703562084926404
stripes,16,,37,glcm_entropy,True,24,kodim14.png,0.05038978778042136,-0.036483419442296675,-3.5825919692233588
stripes,16,,37,glcm_entropy,True,24,kodim15.png,0.09603256337607213,-0.21500680992114812,-19.34640522875818
stripes,16,,37,glcm_entropy,True,24,kodim16.png,0.19825609066556193,-0.06647814578875094,-6.4316635745207185
stripes,16,,37,glcm_entropy,True,24,kodim17.png,0.0859110744414755,-0.14258225845143613,-13.28837762792544
stripes,16,,37,glcm_entropy,True,24,kodim18.png,0.07448924605365193,-0.14645410527526917,-13.623462630085148
stripes,16,,37,glcm_entropy,True,24,kodim19.png,0.11068514598497181,-0.08465806906343663,-8.117359413202918
stripes,16,,37,glcm_entropy,True,24,kodim20.png,0.0693049544964246,-0.023281474822558754,-2.301255230125532
stripes,16,,37,glcm_entropy,True,24,kodim21.png,0.11103173947886935,-0.08394068735700345,-8.051420838971591
stripes,16,,37,glcm_entropy,True,24,kodim22.png,0.11774940402559775,-0.1723451022975818,-15.8311345646438
stripes,16,,37,glcm_entropy,True,24,kodim23.png,0.14496107826746574,-0.21924491089855247,-19.687500000000004
stripes,16,,37,glcm_entropy,True,24,kodim24.png,0.10143321995159349,-0.15351956589024857,-14.231601731601739
stripes,16,,37,glcm_homogeneity,True,24,kodim01.png,0.008792782933336407,-0.10670333847273768,-10.120772946859912
stripes,16,,37,glcm_homogeneity,True,24,kodim02.png,0.05194304990512322,-0.15886989575890478,-14.689265536723163
stripes,16,,37,glcm_homogeneity,True,24,kodim03.png,0.009392351074665295,-0.06756790848917835,-6.533575317604356
stripes,16,,37,glcm_homogeneity,True,24,kodim04.png,0.010798456425769931,-0.2847439800968772,-24.779319041614123
stripes,16,,37,glcm_homogeneity,True,24,kodim05.png,0.006859789317332332,-0.06378239288672392,-6.1790861698865385
stripes,16,,37,glcm_homogeneity,True,24,kodim06.png,0.014194144050923896,-0.017612578969805857,-1.7458384084449885
stripes,16,,37,glcm_homogeneity,True,24,kodim07.png,0.01295784048503923,-0.19998357549833184,-18.12557995669657
stripes,16,,37,glcm_homogeneity,True,24,kodim08.png,-6.966591234469632e-05,-0.06373320601452354,-6.174471299093653
stripes,16,,37,glcm_homogeneity,True,24,kodim09.png,0.015869303668861634,-0.06635238806485354,-6.419895893580108
stripes,16,,37,glcm_homogeneity,True,24,kodim10.png,0.020143521721283086,-0.1633177579252897,-15.067873303167422
stripes,16,,37,glcm_homogeneity,True,24,kodim11.png,0.022536239150075188,-0.11868597025497561,-11.191335740072194
stripes,16,,37,glcm_homogeneity,True,24,kodim12.png,0.012690202017059726,-0.10173298881498959,-9.672929714683365
stripes,16,,37,glcm_homogeneity,True,24,kodim13.png,0.006493275965989698,-0.016844639784634657,-1.6703562084926404
stripes,16,,37,glcm_homogeneity,True,24,kodim14.png,0.008518165781641218,-0.036483419442296675,-3.5825919692233588
stripes,16,,37,glcm_homogeneity,True,24,kodim15.png,0.01409525221007124,-0.21500680992114812,-19.34640522875818
stripes,16,,37,glcm_homogeneity,True,24,kodim16.png,0.024255809191285893,-0.06647814578875094,-6.4316635745207185
stripes,16,,37,glcm_homogeneity,True,24,kodim17.png,0.015392517652803028,-0.14258225845143613,-13.28837762792544
stripes,16,,37,glcm_homogeneity,True,24,kodim18.png,0.01166711309973889,-0.14645410527526917,-13.623462630085148
stripes,16,,37,glcm_homogeneity,True,24,kodim19.png,0.010492846469308481,-0.08465806906343663,-8.117359413202918
stripes,16,,37,glcm_homogeneity,True,24,kodim20.png,0.008655002677217527,-0.023281474822558754,-2.301255230125532
stripes,16,,37,glcm_homogeneity,True,24,kodim21.png,0.012803012783826784,-0.08394068735700345,-8.051420838971591
stripes,16,,37,glcm_homogeneity,True,24,kodim22.png,0.01351044400035517,-0.1723451022975818,-15.8311345646438
stripes,16,,37,glcm_homogeneity,True,24,kodim23.png,0.02222524586003738,-0.21924491089855247,-19.687500000000004
stripes,16,,37,glcm_homogeneity,True,24,kodim24.png,0.010586359709222615,-0.15351956589024857,-14.231601731601739
stripes,32,,22,sobel_si,True,24,kodim01.png,-4.951435881593127,-0.18149817263874934,-16.598023064250413
stripes,32,,22,sobel_si,True,24,kodim02.png,-0.9972971453697781,-0.16586076709912428,-15.283582089552251
stripes,32,,22,sobel_si,True,24,kodim03.png,-1.7777878107758625,-0.3540905350916234,-29.81885740826753
stripes,32,,22,sobel_si,True,24,kodim04.png,-1.1827356158768367,-0.495410782773976,-39.067944250871086
stripes,32,,22,sobel_si,True,24,kodim05.png,-7.6949022235033055,-0.12524097456535424,-11.77157311022473
stripes,32,,22,sobel_si,True,24,kodim06.png,-3.4366724130871376,-0.18061942872342418,-16.524701873935264
stripes,32,,22,sobel_si,True,24,kodim07.png,-5.832774105381631,-0.22081180674951525,-19.813242784380304
stripes,32,,22,sobel_si,True,24,kodim08.png,-10.57171362770032,-0.16426413063880546,-15.14821272885788
stripes,32,,22,sobel_si,True,24,kodim09.png,-5.429130754429053,-0.21264476721599007,-19.155672823218993
stripes,32,,22,sobel_si,True,24,kodim10.png,-4.281003003752346,-0.2695166053792885,-23.625140291806957
stripes,32,,22,sobel_si,True,24,kodim11.png,-4.513483530836936,-0.1429868337216869,-13.323451910408435
stripes,32,,22,sobel_si,True,24,kodim12.png,-2.565388178397015,-0.15078006226503823,-13.996316758747707
stripes,32,,22,sobel_si,True,24,kodim13.png,-5.481240053952746,-0.14316561137896044,-13.338946355544879
stripes,32,,22,sobel_si,True,24,kodim14.png,-2.3298547069779545,-0.14255416891736175,-13.28594190464517
stripes,32,,22,sobel_si,True,24,kodim15.png,-4.506325745877831,-0.24757320343221204,-21.930693069306926
stripes,32,,22,sobel_si,True,24,kodim16.png,1.3875840963707304,-0.21254400676278268,-19.147526501766787
stripes,32,,22,sobel_si,True,24,kodim17.png,-1.4010427082157264,-0.2564365828998295,-22.619593458658105
stripes,32,,22,sobel_si,True,24,kodim18.png,-5.474017545276837,-0.18215766266919217,-16.653007703655142
stripes,32,,22,sobel_si,True,24,kodim19.png,-7.487729848038896,-0.29762955491478776,-25.74236274300362
stripes,32,,22,sobel_si,True,24,kodim20.png,-1.3231606177852484,-0.15850324382610026,-14.657980456026054
stripes,32,,22,sobel_si,True,24,kodim21.png,-7.021093979874152,-0.08352643338226243,-8.013322884012531
stripes,32,,22,sobel_si,True,24,kodim22.png,-3.803421091406321,-0.29906139017861316,-25.848611363223807
stripes,32,,22,sobel_si,True,24,kodim23.png,-2.1653239204540142,-0.5151887151985509,-40.26121521862578
stripes,32,,22,sobel_si,True,24,kodim24.png,-8.900628444281153,-0.21832135993244534,-19.613293051359516
stripes,32,,22,luma_sd,True,24,kodim01.png,5.803466413249481,-0.18149817263874934,-16.598023064250413
stripes,32,,22,luma_sd,True,24,kodim02.png,9.524966327770706,-0.16586076709912428,-15.283582089552251
stripes,32,,22,luma_sd,True,24,kodim03.png,5.801653118304259,-0.3540905350916234,-29.81885740826753
stripes,32,,22,luma_sd,True,24,kodim04.png,6.161048889266773,-0.495410782773976,-39.067944250871086
stripes,32,,22,luma_sd,True,24,kodim05.png,3.955563527275906,-0.12524097456535424,-11.77157311022473
stripes,32,,22,luma_sd,True,24,kodim06.png,2.403361761237605,-0.18061942872342418,-16.524701873935264
stripes,32,,22,luma_sd,True,24,kodim07.png,6.387030418020672,-0.22081180674951525,-19.813242784380304
stripes,32,,22,luma_sd,True,24,kodim08.png,2.7138606765320645,-0.16426413063880546,-15.14821272885788
stripes,32,,22,luma_sd,True,24,kodim09.png,6.109492136552433,-0.21264476721599007,-19.155672823218993
stripes,32,,22,luma_sd,True,24,kodim10.png,5.647814529929015,-0.2695166053792885,-23.625140291806957
stripes,32,,22,luma_sd,True,24,kodim11.png,5.040623873443586,-0.1429868337216869,-13.323451910408435
stripes,32,,22,luma_sd,True,24,kodim12.png,4.511306447216292,-0.15078006226503823,-13.996316758747707
stripes,32,,22,luma_sd,True,24,kodim13.png,3.5198579873850733,-0.14316561137896044,-13.338946355544879
stripes,32,,22,luma_sd,True,24,kodim14.png,4.8197872381036575,-0.14255416891736175,-13.28594190464517
stripes,32,,22,luma_sd,True,24,kodim15.png,0.2385019769605634,-0.24757320343221204,-21.930693069306926
stripes,32,,22,luma_sd,True,24,kodim16.png,5.549392723059036,-0.21254400676278268,-19.147526501766787
stripes,32,,22,luma_sd,True,24,kodim17.png,3.7508163705595905,-0.2564365828998295,-22.619593458658105
stripes,32,,22,luma_sd,True,24,kodim18.png,5.167904458834478,-0.18215766266919217,-16.653007703655142
stripes,32,,22,luma_sd,True,24,kodim19.png,4.893724539378589,-0.29762955491478776,-25.74236274300362
stripes,32,,22,luma_sd,True,24,kodim20.png,-1.9936639877133047,-0.15850324382610026,-14.657980456026054
stripes,32,,22,luma_sd,True,24,kodim21.png,5.398424463266281,-0.08352643338226243,-8.013322884012531
stripes,32,,22,luma_sd,True,24,kodim22.png,5.701738710208993,-0.29906139017861316,-25.848611363223807
stripes,32,,22,luma_sd,True,24,kodim23.png,4.8603192886284035,-0.5151887151985509,-40.26121521862578
stripes,32,,22,luma_sd,True,24,kodim24.png,3.013960432465879,-0.21832135993244534,-19.613293051359516
stripes,32,,22,edge_fraction,True,24,kodim01.png,0.2194849741463165,-0.18149817263874934,-16.598023064250413
stripes,32,,22,edge_fraction,True,24,kodim02.png,0.46639533097834435,-0.16586076709912428,-15.283582089552251
stripes,32,,22,edge_fraction,True,24,kodim03.png,0.4852147647570777,-0.3540905350916234,-29.81885740826753
stripes,32,,22,edge_fraction,True,24,kodim04.png,0.45422106179286337,-0.495410782773976,-39.067944250871086
stripes,32,,22,edge_fraction,True,24,kodim05.png,0.22978293144934214,-0.12524097456535424,-11.77157311022473
stripes,32,,22,edge_fraction,True,24,kodim06.png,0.2577842625300773,-0.18061942872342418,-16.524701873935264
stripes,32,,22,edge_fraction,True,24,kodim07.png,0.4072671888598782,-0.22081180674951525,-19.813242784380304
stripes,32,,22,edge_fraction,True,24,kodim08.png,0.20474069523370708,-0.16426413063880546,-15.14821272885788
stripes,32,,22,edge_fraction,True,24,kodim09.png,0.4645215788665335,-0.21264476721599007,-19.155672823218993
stripes,32,,22,edge_fraction,True,24,kodim10.png,0.453261147801157,-0.2695166053792885,-23.625140291806957
stripes,32,,22,edge_fraction,True,24,kodim11.png,0.34890697793477704,-0.1429868337216869,-13.323451910408435
stripes,32,,22,edge_fraction,True,24,kodim12.png,0.4467721292172222,-0.15078006226503823,-13.996316758747707
stripes,32,,22,edge_fraction,True,24,kodim13.png,0.14399221829724063,-0.14316561137896044,-13.338946355544879
stripes,32,,22,edge_fraction,True,24,kodim14.png,0.27664977218041265,-0.14255416891736175,-13.28594190464517
stripes,32,,22,edge_fraction,True,24,kodim15.png,0.41351558900322527,-0.24757320343221204,-21.930693069306926
stripes,32,,22,edge_fraction,True,24,kodim16.png,0.3730814519019096,-0.21254400676278268,-19.147526501766787
stripes,32,,22,edge_fraction,True,24,kodim17.png,0.4070316899605795,-0.2564365828998295,-22.619593458658105
stripes,32,,22,edge_fraction,True,24,kodim18.png,0.29897353197153537,-0.18215766266919217,-16.653007703655142
stripes,32,,22,edge_fraction,True,24,kodim19.png,0.3791071519991808,-0.29762955491478776,-25.74236274300362
stripes,32,,22,edge_fraction,True,24,kodim20.png,0.2964700762811652,-0.15850324382610026,-14.657980456026054
stripes,32,,22,edge_fraction,True,24,kodim21.png,0.36786463932831615,-0.08352643338226243,-8.013322884012531
stripes,32,,22,edge_fraction,True,24,kodim22.png,0.3837889725080632,-0.29906139017861316,-25.848611363223807
stripes,32,,22,edge_fraction,True,24,kodim23.png,0.5295295141555317,-0.5151887151985509,-40.26121521862578
stripes,32,,22,edge_fraction,True,24,kodim24.png,0.3196871960272359,-0.21832135993244534,-19.613293051359516
stripes,32,,22,glcm_contrast,True,24,kodim01.png,0.06511245383239739,-0.18149817263874934,-16.598023064250413
stripes,32,,22,glcm_contrast,True,24,kodim02.png,0.1334134366221484,-0.16586076709912428,-15.283582089552251
stripes,32,,22,glcm_contrast,True,24,kodim03.png,0.08881191896486762,-0.3540905350916234,-29.81885740826753
stripes,32,,22,glcm_contrast,True,24,kodim04.png,0.09346506742540359,-0.495410782773976,-39.067944250871086
stripes,32,,22,glcm_contrast,True,24,kodim05.png,0.02396452404048144,-0.12524097456535424,-11.77157311022473
stripes,32,,22,glcm_contrast,True,24,kodim06.png,0.067992854373492,-0.18061942872342418,-16.524701873935264
stripes,32,,22,glcm_contrast,True,24,kodim07.png,0.09033170941428936,-0.22081180674951525,-19.813242784380304
stripes,32,,22,glcm_contrast,True,24,kodim08.png,0.008625481090817289,-0.16426413063880546,-15.14821272885788
stripes,32,,22,glcm_contrast,True,24,kodim09.png,0.10055023034699562,-0.21264476721599007,-19.155672823218993
stripes,32,,22,glcm_contrast,True,24,kodim10.png,0.10653102004900766,-0.2695166053792885,-23.625140291806957
stripes,32,,22,glcm_contrast,True,24,kodim11.png,0.07679698542909952,-0.1429868337216869,-13.323451910408435
stripes,32,,22,glcm_contrast,True,24,kodim12.png,0.08517134164472437,-0.15078006226503823,-13.996316758747707
stripes,32,,22,glcm_contrast,True,24,kodim13.png,0.026122040878859387,-0.14316561137896044,-13.338946355544879
stripes,32,,22,glcm_contrast,True,24,kodim14.png,0.054589621247324194,-0.14255416891736175,-13.28594190464517
stripes,32,,22,glcm_contrast,True,24,kodim15.png,0.07209726131979333,-0.24757320343221204,-21.930693069306926
stripes,32,,22,glcm_contrast,True,24,kodim16.png,0.1033230875128422,-0.21254400676278268,-19.147526501766787
stripes,32,,22,glcm_contrast,True,24,kodim17.png,0.08412099031407894,-0.2564365828998295,-22.619593458658105
stripes,32,,22,glcm_contrast,True,24,kodim18.png,0.06296058925964187,-0.18215766266919217,-16.653007703655142
stripes,32,,22,glcm_contrast,True,24,kodim19.png,0.07712891058543847,-0.29762955491478776,-25.74236274300362
stripes,32,,22,glcm_contrast,True,24,kodim20.png,0.07457135777255547,-0.15850324382610026,-14.657980456026054
stripes,32,,22,glcm_contrast,True,24,kodim21.png,0.08227501168940521,-0.08352643338226243,-8.013322884012531
stripes,32,,22,glcm_contrast,True,24,kodim22.png,0.08227832555904507,-0.29906139017861316,-25.848611363223807
stripes,32,,22,glcm_contrast,True,24,kodim23.png,0.11636368861843016,-0.5151887151985509,-40.26121521862578
stripes,32,,22,glcm_contrast,True,24,kodim24.png,0.07676368643775444,-0.21832135993244534,-19.613293051359516
stripes,32,,22,glcm_entropy,True,24,kodim01.png,0.23840653468640483,-0.18149817263874934,-16.598023064250413
stripes,32,,22,glcm_entropy,True,24,kodim02.png,0.8868526233957041,-0.16586076709912428,-15.283582089552251
stripes,32,,22,glcm_entropy,True,24,kodim03.png,0.31725747213017286,-0.3540905350916234,-29.81885740826753
stripes,32,,22,glcm_entropy,True,24,kodim04.png,0.33185684333395127,-0.495410782773976,-39.067944250871086
stripes,32,,22,glcm_entropy,True,24,kodim05.png,0.10899153090844749,-0.12524097456535424,-11.77157311022473
stripes,32,,22,glcm_entropy,True,24,kodim06.png,0.24923793977855446,-0.18061942872342418,-16.524701873935264
stripes,32,,22,glcm_entropy,True,24,kodim07.png,0.3405072116201593,-0.22081180674951525,-19.813242784380304
stripes,32,,22,glcm_entropy,True,24,kodim08.png,0.1145768066528543,-0.16426413063880546,-15.14821272885788
stripes,32,,22,glcm_entropy,True,24,kodim09.png,0.3807544884370322,-0.21264476721599007,-19.155672823218993
stripes,32,,22,glcm_entropy,True,24,kodim10.png,0.37797876276498954,-0.2695166053792885,-23.625140291806957
stripes,32,,22,glcm_entropy,True,24,kodim11.png,0.37974610899624617,-0.1429868337216869,-13.323451910408435
stripes,32,,22,glcm_entropy,True,24,kodim12.png,0.39414567012895363,-0.15078006226503823,-13.996316758747707
stripes,32,,22,glcm_entropy,True,24,kodim13.png,0.16343930870861811,-0.14316561137896044,-13.338946355544879
stripes,32,,22,glcm_entropy,True,24,kodim14.png,0.15480608948077457,-0.14255416891736175,-13.28594190464517
stripes,32,,22,glcm_entropy,True,24,kodim15.png,0.2732891780705673,-0.24757320343221204,-21.930693069306926
stripes,32,,22,glcm_entropy,True,24,kodim16.png,0.39213688069281183,-0.21254400676278268,-19.147526501766787
stripes,32,,22,glcm_entropy,True,24,kodim17.png,0.21333055673657286,-0.2564365828998295,-22.619593458658105
stripes,32,,22,glcm_entropy,True,24,kodim18.png,0.2324534582902955,-0.18215766266919217,-16.653007703655142
stripes,32,,22,glcm_entropy,True,24,kodim19.png,0.29553185460522124,-0.29762955491478776,-25.74236274300362
stripes,32,,22,glcm_entropy,True,24,kodim20.png,0.3612132062815496,-0.15850324382610026,-14.657980456026054
stripes,32,,22,glcm_entropy,True,24,kodim21.png,0.32827956525965574,-0.08352643338226243,-8.013322884012531
stripes,32,,22,glcm_entropy,True,24,kodim22.png,0.31123504293821735,-0.29906139017861316,-25.848611363223807
stripes,32,,22,glcm_entropy,True,24,kodim23.png,0.4091363574750826,-0.5151887151985509,-40.26121521862578
stripes,32,,22,glcm_entropy,True,24,kodim24.png,0.2979464260887599,-0.21832135993244534,-19.613293051359516
stripes,32,,22,glcm_homogeneity,True,24,kodim01.png,0.026137003355389266,-0.18149817263874934,-16.598023064250413
stripes,32,,22,glcm_homogeneity,True,24,kodim02.png,0.06905258252846413,-0.16586076709912428,-15.283582089552251
stripes,32,,22,glcm_homogeneity,True,24,kodim03.png,0.047165843907014726,-0.3540905350916234,-29.81885740826753
stripes,32,,22,glcm_homogeneity,True,24,kodim04.png,0.04609562221994867,-0.495410782773976,-39.067944250871086
stripes,32,,22,glcm_homogeneity,True,24,kodim05.png,0.019728060072886855,-0.12524097456535424,-11.77157311022473
stripes,32,,22,glcm_homogeneity,True,24,kodim06.png,0.03475650504106598,-0.18061942872342418,-16.524701873935264
stripes,32,,22,glcm_homogeneity,True,24,kodim07.png,0.045484241280711046,-0.22081180674951525,-19.813242784380304
stripes,32,,22,glcm_homogeneity,True,24,kodim08.png,0.014133690429359524,-0.16426413063880546,-15.14821272885788
stripes,32,,22,glcm_homogeneity,True,24,kodim09.png,0.050186244135453695,-0.21264476721599007,-19.155672823218993
stripes,32,,22,glcm_homogeneity,True,24,kodim10.png,0.05262471031353011,-0.2695166053792885,-23.625140291806957
stripes,32,,22,glcm_homogeneity,True,24,kodim11.png,0.041308163064541326,-0.1429868337216869,-13.323451910408435
stripes,32,,22,glcm_homogeneity,True,24,kodim12.png,0.04641093935905438,-0.15078006226503823,-13.996316758747707
stripes,32,,22,glcm_homogeneity,True,24,kodim13.png,0.017161187526487987,-0.14316561137896044,-13.338946355544879
stripes,32,,22,glcm_homogeneity,True,24,kodim14.png,0.028891850013785136,-0.14255416891736175,-13.28594190464517
stripes,32,,22,glcm_homogeneity,True,24,kodim15.png,0.03940665779963948,-0.24757320343221204,-21.930693069306926
stripes,32,,22,glcm_homogeneity,True,24,kodim16.png,0.05008252950237424,-0.21254400676278268,-19.147526501766787
stripes,32,,22,glcm_homogeneity,True,24,kodim17.png,0.042183681060625644,-0.2564365828998295,-22.619593458658105
stripes,32,,22,glcm_homogeneity,True,24,kodim18.png,0.029735607714145962,-0.18215766266919217,-16.653007703655142
stripes,32,,22,glcm_homogeneity,True,24,kodim19.png,0.039722180141909424,-0.29762955491478776,-25.74236274300362
stripes,32,,22,glcm_homogeneity,True,24,kodim20.png,0.03997785936448994,-0.15850324382610026,-14.657980456026054
stripes,32,,22,glcm_homogeneity,True,24,kodim21.png,0.04037370006387153,-0.08352643338226243,-8.013322884012531
stripes,32,,22,glcm_homogeneity,True,24,kodim22.png,0.04153939378788152,-0.29906139017861316,-25.848611363223807
stripes,32,,22,glcm_homogeneity,True,24,kodim23.png,0.05921144857542404,-0.5151887151985509,-40.26121521862578
stripes,32,,22,glcm_homogeneity,True,24,kodim24.png,0.03801854450417441,-0.21832135993244534,-19.613293051359516
stripes,32,,27,sobel_si,True,24,kodim01.png,-4.951435881593127,-0.15655876200385024,-14.491873006228174
stripes,32,,27,sobel_si,True,24,kodim02.png,-0.9972971453697781,-0.15397186891931644,-14.270386266094414
stripes,32,,27,sobel_si,True,24,kodim03.png,-1.7777878107758625,-0.2200573559041059,-19.752722990874293
stripes,32,,27,sobel_si,True,24,kodim04.png,-1.1827356158768367,-0.3832012605126928,-31.832430891992026
stripes,32,,27,sobel_si,True,24,kodim05.png,-7.6949022235033055,-0.13615157842466694,-12.72896615957777
stripes,32,,27,sobel_si,True,24,kodim06.png,-3.4366724130871376,-0.13258446923822892,-12.417104962268466
stripes,32,,27,sobel_si,True,24,kodim07.png,-5.832774105381631,-0.20922696451707484,-18.87889013873266
stripes,32,,27,sobel_si,True,24,kodim08.png,-10.57171362770032,-0.13856118483006374,-12.939001848428832
stripes,32,,27,sobel_si,True,24,kodim09.png,-5.429130754429053,-0.14623499818689908,-13.604534844948313
stripes,32,,27,sobel_si,True,24,kodim10.png,-4.281003003752346,-0.18458720488857572,-16.85525695426685
stripes,32,,27,sobel_si,True,24,kodim11.png,-4.513483530836936,-0.11899805921292847,-11.219047619047618
stripes,32,,27,sobel_si,True,24,kodim12.png,-2.565388178397015,-0.16582597686250342,-15.280634734058173
stripes,32,,27,sobel_si,True,24,kodim13.png,-5.481240053952746,-0.11069786098529374,-10.479081430645365
stripes,32,,27,sobel_si,True,24,kodim14.png,-2.3298547069779545,-0.15197033322295533,-14.098623546705868
stripes,32,,27,sobel_si,True,24,kodim15.png,-4.506325745877831,-0.23717943552638068,-21.115027234860626
stripes,32,,27,sobel_si,True,24,kodim16.png,1.3875840963707304,-0.1263278734703356,-11.867416395383245
stripes,32,,27,sobel_si,True,24,kodim17.png,-1.4010427082157264,-0.25238069697498716,-22.30511003356955
stripes,32,,27,sobel_si,True,24,kodim18.png,-5.474017545276837,-0.13729715070643356,-12.828884194353762
stripes,32,,27,sobel_si,True,24,kodim19.png,-7.487729848038896,-0.22998928631652069,-20.545788506953542
stripes,32,,27,sobel_si,True,24,kodim20.png,-1.3231606177852484,-0.10462273099040173,-9.933574879227047
stripes,32,,27,sobel_si,True,24,kodim21.png,-7.021093979874152,-0.10178269430994236,-9.677419354838712
stripes,32,,27,sobel_si,True,24,kodim22.png,-3.803421091406321,-0.25099609887094726,-22.197459326944504
stripes,32,,27,sobel_si,True,24,kodim23.png,-2.1653239204540142,-0.3860113839512911,-32.02372127501854
stripes,32,,27,sobel_si,True,24,kodim24.png,-8.900628444281153,-0.20574628489504906,-18.59604157767335
stripes,32,,27,luma_sd,True,24,kodim01.png,5.803466413249481,-0.15655876200385024,-14.491873006228174
stripes,32,,27,luma_sd,True,24,kodim02.png,9.524966327770706,-0.15397186891931644,-14.270386266094414
stripes,32,,27,luma_sd,True,24,kodim03.png,5.801653118304259,-0.2200573559041059,-19.752722990874293
stripes,32,,27,luma_sd,True,24,kodim04.png,6.161048889266773,-0.3832012605126928,-31.832430891992026
stripes,32,,27,luma_sd,True,24,kodim05.png,3.955563527275906,-0.13615157842466694,-12.72896615957777
stripes,32,,27,luma_sd,True,24,kodim06.png,2.403361761237605,-0.13258446923822892,-12.417104962268466
stripes,32,,27,luma_sd,True,24,kodim07.png,6.387030418020672,-0.20922696451707484,-18.87889013873266
stripes,32,,27,luma_sd,True,24,kodim08.png,2.7138606765320645,-0.13856118483006374,-12.939001848428832
stripes,32,,27,luma_sd,True,24,kodim09.png,6.109492136552433,-0.14623499818689908,-13.604534844948313
stripes,32,,27,luma_sd,True,24,kodim10.png,5.647814529929015,-0.18458720488857572,-16.85525695426685
stripes,32,,27,luma_sd,True,24,kodim11.png,5.040623873443586,-0.11899805921292847,-11.219047619047618
stripes,32,,27,luma_sd,True,24,kodim12.png,4.511306447216292,-0.16582597686250342,-15.280634734058173
stripes,32,,27,luma_sd,True,24,kodim13.png,3.5198579873850733,-0.11069786098529374,-10.479081430645365
stripes,32,,27,luma_sd,True,24,kodim14.png,4.8197872381036575,-0.15197033322295533,-14.098623546705868
stripes,32,,27,luma_sd,True,24,kodim15.png,0.2385019769605634,-0.23717943552638068,-21.115027234860626
stripes,32,,27,luma_sd,True,24,kodim16.png,5.549392723059036,-0.1263278734703356,-11.867416395383245
stripes,32,,27,luma_sd,True,24,kodim17.png,3.7508163705595905,-0.25238069697498716,-22.30511003356955
stripes,32,,27,luma_sd,True,24,kodim18.png,5.167904458834478,-0.13729715070643356,-12.828884194353762
stripes,32,,27,luma_sd,True,24,kodim19.png,4.893724539378589,-0.22998928631652069,-20.545788506953542
stripes,32,,27,luma_sd,True,24,kodim20.png,-1.9936639877133047,-0.10462273099040173,-9.933574879227047
stripes,32,,27,luma_sd,True,24,kodim21.png,5.398424463266281,-0.10178269430994236,-9.677419354838712
stripes,32,,27,luma_sd,True,24,kodim22.png,5.701738710208993,-0.25099609887094726,-22.197459326944504
stripes,32,,27,luma_sd,True,24,kodim23.png,4.8603192886284035,-0.3860113839512911,-32.02372127501854
stripes,32,,27,luma_sd,True,24,kodim24.png,3.013960432465879,-0.20574628489504906,-18.59604157767335
stripes,32,,27,edge_fraction,True,24,kodim01.png,0.2194849741463165,-0.15655876200385024,-14.491873006228174
stripes,32,,27,edge_fraction,True,24,kodim02.png,0.46639533097834435,-0.15397186891931644,-14.270386266094414
stripes,32,,27,edge_fraction,True,24,kodim03.png,0.4852147647570777,-0.2200573559041059,-19.752722990874293
stripes,32,,27,edge_fraction,True,24,kodim04.png,0.45422106179286337,-0.3832012605126928,-31.832430891992026
stripes,32,,27,edge_fraction,True,24,kodim05.png,0.22978293144934214,-0.13615157842466694,-12.72896615957777
stripes,32,,27,edge_fraction,True,24,kodim06.png,0.2577842625300773,-0.13258446923822892,-12.417104962268466
stripes,32,,27,edge_fraction,True,24,kodim07.png,0.4072671888598782,-0.20922696451707484,-18.87889013873266
stripes,32,,27,edge_fraction,True,24,kodim08.png,0.20474069523370708,-0.13856118483006374,-12.939001848428832
stripes,32,,27,edge_fraction,True,24,kodim09.png,0.4645215788665335,-0.14623499818689908,-13.604534844948313
stripes,32,,27,edge_fraction,True,24,kodim10.png,0.453261147801157,-0.18458720488857572,-16.85525695426685
stripes,32,,27,edge_fraction,True,24,kodim11.png,0.34890697793477704,-0.11899805921292847,-11.219047619047618
stripes,32,,27,edge_fraction,True,24,kodim12.png,0.4467721292172222,-0.16582597686250342,-15.280634734058173
stripes,32,,27,edge_fraction,True,24,kodim13.png,0.14399221829724063,-0.11069786098529374,-10.479081430645365
stripes,32,,27,edge_fraction,True,24,kodim14.png,0.27664977218041265,-0.15197033322295533,-14.098623546705868
stripes,32,,27,edge_fraction,True,24,kodim15.png,0.41351558900322527,-0.23717943552638068,-21.115027234860626
stripes,32,,27,edge_fraction,True,24,kodim16.png,0.3730814519019096,-0.1263278734703356,-11.867416395383245
stripes,32,,27,edge_fraction,True,24,kodim17.png,0.4070316899605795,-0.25238069697498716,-22.30511003356955
stripes,32,,27,edge_fraction,True,24,kodim18.png,0.29897353197153537,-0.13729715070643356,-12.828884194353762
stripes,32,,27,edge_fraction,True,24,kodim19.png,0.3791071519991808,-0.22998928631652069,-20.545788506953542
stripes,32,,27,edge_fraction,True,24,kodim20.png,0.2964700762811652,-0.10462273099040173,-9.933574879227047
stripes,32,,27,edge_fraction,True,24,kodim21.png,0.36786463932831615,-0.10178269430994236,-9.677419354838712
stripes,32,,27,edge_fraction,True,24,kodim22.png,0.3837889725080632,-0.25099609887094726,-22.197459326944504
stripes,32,,27,edge_fraction,True,24,kodim23.png,0.5295295141555317,-0.3860113839512911,-32.02372127501854
stripes,32,,27,edge_fraction,True,24,kodim24.png,0.3196871960272359,-0.20574628489504906,-18.59604157767335
stripes,32,,27,glcm_contrast,True,24,kodim01.png,0.06511245383239739,-0.15655876200385024,-14.491873006228174
stripes,32,,27,glcm_contrast,True,24,kodim02.png,0.1334134366221484,-0.15397186891931644,-14.270386266094414
stripes,32,,27,glcm_contrast,True,24,kodim03.png,0.08881191896486762,-0.2200573559041059,-19.752722990874293
stripes,32,,27,glcm_contrast,True,24,kodim04.png,0.09346506742540359,-0.3832012605126928,-31.832430891992026
stripes,32,,27,glcm_contrast,True,24,kodim05.png,0.02396452404048144,-0.13615157842466694,-12.72896615957777
stripes,32,,27,glcm_contrast,True,24,kodim06.png,0.067992854373492,-0.13258446923822892,-12.417104962268466
stripes,32,,27,glcm_contrast,True,24,kodim07.png,0.09033170941428936,-0.20922696451707484,-18.87889013873266
stripes,32,,27,glcm_contrast,True,24,kodim08.png,0.008625481090817289,-0.13856118483006374,-12.939001848428832
stripes,32,,27,glcm_contrast,True,24,kodim09.png,0.10055023034699562,-0.14623499818689908,-13.604534844948313
stripes,32,,27,glcm_contrast,True,24,kodim10.png,0.10653102004900766,-0.18458720488857572,-16.85525695426685
stripes,32,,27,glcm_contrast,True,24,kodim11.png,0.07679698542909952,-0.11899805921292847,-11.219047619047618
stripes,32,,27,glcm_contrast,True,24,kodim12.png,0.08517134164472437,-0.16582597686250342,-15.280634734058173
stripes,32,,27,glcm_contrast,True,24,kodim13.png,0.026122040878859387,-0.11069786098529374,-10.479081430645365
stripes,32,,27,glcm_contrast,True,24,kodim14.png,0.054589621247324194,-0.15197033322295533,-14.098623546705868
stripes,32,,27,glcm_contrast,True,24,kodim15.png,0.07209726131979333,-0.23717943552638068,-21.115027234860626
stripes,32,,27,glcm_contrast,True,24,kodim16.png,0.1033230875128422,-0.1263278734703356,-11.867416395383245
stripes,32,,27,glcm_contrast,True,24,kodim17.png,0.08412099031407894,-0.25238069697498716,-22.30511003356955
stripes,32,,27,glcm_contrast,True,24,kodim18.png,0.06296058925964187,-0.13729715070643356,-12.828884194353762
stripes,32,,27,glcm_contrast,True,24,kodim19.png,0.07712891058543847,-0.22998928631652069,-20.545788506953542
stripes,32,,27,glcm_contrast,True,24,kodim20.png,0.07457135777255547,-0.10462273099040173,-9.933574879227047
stripes,32,,27,glcm_contrast,True,24,kodim21.png,0.08227501168940521,-0.10178269430994236,-9.677419354838712
stripes,32,,27,glcm_contrast,True,24,kodim22.png,0.08227832555904507,-0.25099609887094726,-22.197459326944504
stripes,32,,27,glcm_contrast,True,24,kodim23.png,0.11636368861843016,-0.3860113839512911,-32.02372127501854
stripes,32,,27,glcm_contrast,True,24,kodim24.png,0.07676368643775444,-0.20574628489504906,-18.59604157767335
stripes,32,,27,glcm_entropy,True,24,kodim01.png,0.23840653468640483,-0.15655876200385024,-14.491873006228174
stripes,32,,27,glcm_entropy,True,24,kodim02.png,0.8868526233957041,-0.15397186891931644,-14.270386266094414
stripes,32,,27,glcm_entropy,True,24,kodim03.png,0.31725747213017286,-0.2200573559041059,-19.752722990874293
stripes,32,,27,glcm_entropy,True,24,kodim04.png,0.33185684333395127,-0.3832012605126928,-31.832430891992026
stripes,32,,27,glcm_entropy,True,24,kodim05.png,0.10899153090844749,-0.13615157842466694,-12.72896615957777
stripes,32,,27,glcm_entropy,True,24,kodim06.png,0.24923793977855446,-0.13258446923822892,-12.417104962268466
stripes,32,,27,glcm_entropy,True,24,kodim07.png,0.3405072116201593,-0.20922696451707484,-18.87889013873266
stripes,32,,27,glcm_entropy,True,24,kodim08.png,0.1145768066528543,-0.13856118483006374,-12.939001848428832
stripes,32,,27,glcm_entropy,True,24,kodim09.png,0.3807544884370322,-0.14623499818689908,-13.604534844948313
stripes,32,,27,glcm_entropy,True,24,kodim10.png,0.37797876276498954,-0.18458720488857572,-16.85525695426685
stripes,32,,27,glcm_entropy,True,24,kodim11.png,0.37974610899624617,-0.11899805921292847,-11.219047619047618
stripes,32,,27,glcm_entropy,True,24,kodim12.png,0.39414567012895363,-0.16582597686250342,-15.280634734058173
stripes,32,,27,glcm_entropy,True,24,kodim13.png,0.16343930870861811,-0.11069786098529374,-10.479081430645365
stripes,32,,27,glcm_entropy,True,24,kodim14.png,0.15480608948077457,-0.15197033322295533,-14.098623546705868
stripes,32,,27,glcm_entropy,True,24,kodim15.png,0.2732891780705673,-0.23717943552638068,-21.115027234860626
stripes,32,,27,glcm_entropy,True,24,kodim16.png,0.39213688069281183,-0.1263278734703356,-11.867416395383245
stripes,32,,27,glcm_entropy,True,24,kodim17.png,0.21333055673657286,-0.25238069697498716,-22.30511003356955
stripes,32,,27,glcm_entropy,True,24,kodim18.png,0.2324534582902955,-0.13729715070643356,-12.828884194353762
stripes,32,,27,glcm_entropy,True,24,kodim19.png,0.29553185460522124,-0.22998928631652069,-20.545788506953542
stripes,32,,27,glcm_entropy,True,24,kodim20.png,0.3612132062815496,-0.10462273099040173,-9.933574879227047
stripes,32,,27,glcm_entropy,True,24,kodim21.png,0.32827956525965574,-0.10178269430994236,-9.677419354838712
stripes,32,,27,glcm_entropy,True,24,kodim22.png,0.31123504293821735,-0.25099609887094726,-22.197459326944504
stripes,32,,27,glcm_entropy,True,24,kodim23.png,0.4091363574750826,-0.3860113839512911,-32.02372127501854
stripes,32,,27,glcm_entropy,True,24,kodim24.png,0.2979464260887599,-0.20574628489504906,-18.59604157767335
stripes,32,,27,glcm_homogeneity,True,24,kodim01.png,0.026137003355389266,-0.15655876200385024,-14.491873006228174
stripes,32,,27,glcm_homogeneity,True,24,kodim02.png,0.06905258252846413,-0.15397186891931644,-14.270386266094414
stripes,32,,27,glcm_homogeneity,True,24,kodim03.png,0.047165843907014726,-0.2200573559041059,-19.752722990874293
stripes,32,,27,glcm_homogeneity,True,24,kodim04.png,0.04609562221994867,-0.3832012605126928,-31.832430891992026
stripes,32,,27,glcm_homogeneity,True,24,kodim05.png,0.019728060072886855,-0.13615157842466694,-12.72896615957777
stripes,32,,27,glcm_homogeneity,True,24,kodim06.png,0.03475650504106598,-0.13258446923822892,-12.417104962268466
stripes,32,,27,glcm_homogeneity,True,24,kodim07.png,0.045484241280711046,-0.20922696451707484,-18.87889013873266
stripes,32,,27,glcm_homogeneity,True,24,kodim08.png,0.014133690429359524,-0.13856118483006374,-12.939001848428832
stripes,32,,27,glcm_homogeneity,True,24,kodim09.png,0.050186244135453695,-0.14623499818689908,-13.604534844948313
stripes,32,,27,glcm_homogeneity,True,24,kodim10.png,0.05262471031353011,-0.18458720488857572,-16.85525695426685
stripes,32,,27,glcm_homogeneity,True,24,kodim11.png,0.041308163064541326,-0.11899805921292847,-11.219047619047618
stripes,32,,27,glcm_homogeneity,True,24,kodim12.png,0.04641093935905438,-0.16582597686250342,-15.280634734058173
stripes,32,,27,glcm_homogeneity,True,24,kodim13.png,0.017161187526487987,-0.11069786098529374,-10.479081430645365
stripes,32,,27,glcm_homogeneity,True,24,kodim14.png,0.028891850013785136,-0.15197033322295533,-14.098623546705868
stripes,32,,27,glcm_homogeneity,True,24,kodim15.png,0.03940665779963948,-0.23717943552638068,-21.115027234860626
stripes,32,,27,glcm_homogeneity,True,24,kodim16.png,0.05008252950237424,-0.1263278734703356,-11.867416395383245
stripes,32,,27,glcm_homogeneity,True,24,kodim17.png,0.042183681060625644,-0.25238069697498716,-22.30511003356955
stripes,32,,27,glcm_homogeneity,True,24,kodim18.png,0.029735607714145962,-0.13729715070643356,-12.828884194353762
stripes,32,,27,glcm_homogeneity,True,24,kodim19.png,0.039722180141909424,-0.22998928631652069,-20.545788506953542
stripes,32,,27,glcm_homogeneity,True,24,kodim20.png,0.03997785936448994,-0.10462273099040173,-9.933574879227047
stripes,32,,27,glcm_homogeneity,True,24,kodim21.png,0.04037370006387153,-0.10178269430994236,-9.677419354838712
stripes,32,,27,glcm_homogeneity,True,24,kodim22.png,0.04153939378788152,-0.25099609887094726,-22.197459326944504
stripes,32,,27,glcm_homogeneity,True,24,kodim23.png,0.05921144857542404,-0.3860113839512911,-32.02372127501854
stripes,32,,27,glcm_homogeneity,True,24,kodim24.png,0.03801854450417441,-0.20574628489504906,-18.59604157767335
stripes,32,,32,sobel_si,True,24,kodim01.png,-4.951435881593127,-0.149889374136007,-13.9196801744503
stripes,32,,32,sobel_si,True,24,kodim02.png,-0.9972971453697781,-0.09381875521765486,-8.955223880597018
stripes,32,,32,sobel_si,True,24,kodim03.png,-1.7777878107758625,-0.1801311408722824,-16.48393194706993
stripes,32,,32,sobel_si,True,24,kodim04.png,-1.1827356158768367,-0.3097038683052131,-26.633581472291144
stripes,32,,32,sobel_si,True,24,kodim05.png,-7.6949022235033055,-0.13129645213919303,-12.304224015187481
stripes,32,,32,sobel_si,True,24,kodim06.png,-3.4366724130871376,-0.10157091216238562,-9.658288619034161
stripes,32,,32,sobel_si,True,24,kodim07.png,-5.832774105381631,-0.245827534613363,-21.7942908926144
stripes,32,,32,sobel_si,True,24,kodim08.png,-10.57171362770032,-0.08216170696081865,-7.8877005347593565
stripes,32,,32,sobel_si,True,24,kodim09.png,-5.429130754429053,-0.1305140852029809,-12.235586893405214
stripes,32,,32,sobel_si,True,24,kodim10.png,-4.281003003752346,-0.19620206221382225,-17.81538461538461
stripes,32,,32,sobel_si,True,24,kodim11.png,-4.513483530836936,-0.12591761085417863,-11.83125147301437
stripes,32,,32,sobel_si,True,24,kodim12.png,-2.565388178397015,-0.20532996700372913,-18.562144597887887
stripes,32,,32,sobel_si,True,24,kodim13.png,-5.481240053952746,-0.11625771504338224,-10.975423599450462
stripes,32,,32,sobel_si,True,24,kodim14.png,-2.3298547069779545,-0.14563288302570634,-13.552499161355247
stripes,32,,32,sobel_si,True,24,kodim15.png,-4.506325745877831,-0.21384939279807694,-19.25300133392618
stripes,32,,32,sobel_si,True,24,kodim16.png,1.3875840963707304,-0.17295919848337302,-15.882806476484191
stripes,32,,32,sobel_si,True,24,kodim17.png,-1.4010427082157264,-0.21427901982902647,-19.28768497617256
stripes,32,,32,sobel_si,True,24,kodim18.png,-5.474017545276837,-0.1128555364928771,-10.672030288689083
stripes,32,,32,sobel_si,True,24,kodim19.png,-7.487729848038896,-0.19857058968503466,-18.00981079187106
stripes,32,,32,sobel_si,True,24,kodim20.png,-1.3231606177852484,-0.08843992377357257,-8.464189965530455
stripes,32,,32,sobel_si,True,24,kodim21.png,-7.021093979874152,-0.011734341221204972,-1.1665762344004516
stripes,32,,32,sobel_si,True,24,kodim22.png,-3.803421091406321,-0.21270348631752653,-19.160419790104953
stripes,32,,32,sobel_si,True,24,kodim23.png,-2.1653239204540142,-0.3197405669671969,-27.366255144032912
stripes,32,,32,sobel_si,True,24,kodim24.png,-8.900628444281153,-0.22833035764360704,-20.413870246085008
stripes,32,,32,luma_sd,True,24,kodim01.png,5.803466413249481,-0.149889374136007,-13.9196801744503
stripes,32,,32,luma_sd,True,24,kodim02.png,9.524966327770706,-0.09381875521765486,-8.955223880597018
stripes,32,,32,luma_sd,True,24,kodim03.png,5.801653118304259,-0.1801311408722824,-16.48393194706993
stripes,32,,32,luma_sd,True,24,kodim04.png,6.161048889266773,-0.3097038683052131,-26.633581472291144
stripes,32,,32,luma_sd,True,24,kodim05.png,3.955563527275906,-0.13129645213919303,-12.304224015187481
stripes,32,,32,luma_sd,True,24,kodim06.png,2.403361761237605,-0.10157091216238562,-9.658288619034161
stripes,32,,32,luma_sd,True,24,kodim07.png,6.387030418020672,-0.245827534613363,-21.7942908926144
stripes,32,,32,luma_sd,True,24,kodim08.png,2.7138606765320645,-0.08216170696081865,-7.8877005347593565
stripes,32,,32,luma_sd,True,24,kodim09.png,6.109492136552433,-0.1305140852029809,-12.235586893405214
stripes,32,,32,luma_sd,True,24,kodim10.png,5.647814529929015,-0.19620206221382225,-17.81538461538461
stripes,32,,32,luma_sd,True,24,kodim11.png,5.040623873443586,-0.12591761085417863,-11.83125147301437
stripes,32,,32,luma_sd,True,24,kodim12.png,4.511306447216292,-0.20532996700372913,-18.562144597887887
stripes,32,,32,luma_sd,True,24,kodim13.png,3.5198579873850733,-0.11625771504338224,-10.975423599450462
stripes,32,,32,luma_sd,True,24,kodim14.png,4.8197872381036575,-0.14563288302570634,-13.552499161355247
stripes,32,,32,luma_sd,True,24,kodim15.png,0.2385019769605634,-0.21384939279807694,-19.25300133392618
stripes,32,,32,luma_sd,True,24,kodim16.png,5.549392723059036,-0.17295919848337302,-15.882806476484191
stripes,32,,32,luma_sd,True,24,kodim17.png,3.7508163705595905,-0.21427901982902647,-19.28768497617256
stripes,32,,32,luma_sd,True,24,kodim18.png,5.167904458834478,-0.1128555364928771,-10.672030288689083
stripes,32,,32,luma_sd,True,24,kodim19.png,4.893724539378589,-0.19857058968503466,-18.00981079187106
stripes,32,,32,luma_sd,True,24,kodim20.png,-1.9936639877133047,-0.08843992377357257,-8.464189965530455
stripes,32,,32,luma_sd,True,24,kodim21.png,5.398424463266281,-0.011734341221204972,-1.1665762344004516
stripes,32,,32,luma_sd,True,24,kodim22.png,5.701738710208993,-0.21270348631752653,-19.160419790104953
stripes,32,,32,luma_sd,True,24,kodim23.png,4.8603192886284035,-0.3197405669671969,-27.366255144032912
stripes,32,,32,luma_sd,True,24,kodim24.png,3.013960432465879,-0.22833035764360704,-20.413870246085008
stripes,32,,32,edge_fraction,True,24,kodim01.png,0.2194849741463165,-0.149889374136007,-13.9196801744503
stripes,32,,32,edge_fraction,True,24,kodim02.png,0.46639533097834435,-0.09381875521765486,-8.955223880597018
stripes,32,,32,edge_fraction,True,24,kodim03.png,0.4852147647570777,-0.1801311408722824,-16.48393194706993
stripes,32,,32,edge_fraction,True,24,kodim04.png,0.45422106179286337,-0.3097038683052131,-26.633581472291144
stripes,32,,32,edge_fraction,True,24,kodim05.png,0.22978293144934214,-0.13129645213919303,-12.304224015187481
stripes,32,,32,edge_fraction,True,24,kodim06.png,0.2577842625300773,-0.10157091216238562,-9.658288619034161
stripes,32,,32,edge_fraction,True,24,kodim07.png,0.4072671888598782,-0.245827534613363,-21.7942908926144
stripes,32,,32,edge_fraction,True,24,kodim08.png,0.20474069523370708,-0.08216170696081865,-7.8877005347593565
stripes,32,,32,edge_fraction,True,24,kodim09.png,0.4645215788665335,-0.1305140852029809,-12.235586893405214
stripes,32,,32,edge_fraction,True,24,kodim10.png,0.453261147801157,-0.19620206221382225,-17.81538461538461
stripes,32,,32,edge_fraction,True,24,kodim11.png,0.34890697793477704,-0.12591761085417863,-11.83125147301437
stripes,32,,32,edge_fraction,True,24,kodim12.png,0.4467721292172222,-0.20532996700372913,-18.562144597887887
stripes,32,,32,edge_fraction,True,24,kodim13.png,0.14399221829724063,-0.11625771504338224,-10.975423599450462
stripes,32,,32,edge_fraction,True,24,kodim14.png,0.27664977218041265,-0.14563288302570634,-13.552499161355247
stripes,32,,32,edge_fraction,True,24,kodim15.png,0.41351558900322527,-0.21384939279807694,-19.25300133392618
stripes,32,,32,edge_fraction,True,24,kodim16.png,0.3730814519019096,-0.17295919848337302,-15.882806476484191
stripes,32,,32,edge_fraction,True,24,kodim17.png,0.4070316899605795,-0.21427901982902647,-19.28768497617256
stripes,32,,32,edge_fraction,True,24,kodim18.png,0.29897353197153537,-0.1128555364928771,-10.672030288689083
stripes,32,,32,edge_fraction,True,24,kodim19.png,0.3791071519991808,-0.19857058968503466,-18.00981079187106
stripes,32,,32,edge_fraction,True,24,kodim20.png,0.2964700762811652,-0.08843992377357257,-8.464189965530455
stripes,32,,32,edge_fraction,True,24,kodim21.png,0.36786463932831615,-0.011734341221204972,-1.1665762344004516
stripes,32,,32,edge_fraction,True,24,kodim22.png,0.3837889725080632,-0.21270348631752653,-19.160419790104953
stripes,32,,32,edge_fraction,True,24,kodim23.png,0.5295295141555317,-0.3197405669671969,-27.366255144032912
stripes,32,,32,edge_fraction,True,24,kodim24.png,0.3196871960272359,-0.22833035764360704,-20.413870246085008
stripes,32,,32,glcm_contrast,True,24,kodim01.png,0.06511245383239739,-0.149889374136007,-13.9196801744503
stripes,32,,32,glcm_contrast,True,24,kodim02.png,0.1334134366221484,-0.09381875521765486,-8.955223880597018
stripes,32,,32,glcm_contrast,True,24,kodim03.png,0.08881191896486762,-0.1801311408722824,-16.48393194706993
stripes,32,,32,glcm_contrast,True,24,kodim04.png,0.09346506742540359,-0.3097038683052131,-26.633581472291144
stripes,32,,32,glcm_contrast,True,24,kodim05.png,0.02396452404048144,-0.13129645213919303,-12.304224015187481
stripes,32,,32,glcm_contrast,True,24,kodim06.png,0.067992854373492,-0.10157091216238562,-9.658288619034161
stripes,32,,32,glcm_contrast,True,24,kodim07.png,0.09033170941428936,-0.245827534613363,-21.7942908926144
stripes,32,,32,glcm_contrast,True,24,kodim08.png,0.008625481090817289,-0.08216170696081865,-7.8877005347593565
stripes,32,,32,glcm_contrast,True,24,kodim09.png,0.10055023034699562,-0.1305140852029809,-12.235586893405214
stripes,32,,32,glcm_contrast,True,24,kodim10.png,0.10653102004900766,-0.19620206221382225,-17.81538461538461
stripes,32,,32,glcm_contrast,True,24,kodim11.png,0.07679698542909952,-0.12591761085417863,-11.83125147301437
stripes,32,,32,glcm_contrast,True,24,kodim12.png,0.08517134164472437,-0.20532996700372913,-18.562144597887887
stripes,32,,32,glcm_contrast,True,24,kodim13.png,0.026122040878859387,-0.11625771504338224,-10.975423599450462
stripes,32,,32,glcm_contrast,True,24,kodim14.png,0.054589621247324194,-0.14563288302570634,-13.552499161355247
stripes,32,,32,glcm_contrast,True,24,kodim15.png,0.07209726131979333,-0.21384939279807694,-19.25300133392618
stripes,32,,32,glcm_contrast,True,24,kodim16.png,0.1033230875128422,-0.17295919848337302,-15.882806476484191
stripes,32,,32,glcm_contrast,True,24,kodim17.png,0.08412099031407894,-0.21427901982902647,-19.28768497617256
stripes,32,,32,glcm_contrast,True,24,kodim18.png,0.06296058925964187,-0.1128555364928771,-10.672030288689083
stripes,32,,32,glcm_contrast,True,24,kodim19.png,0.07712891058543847,-0.19857058968503466,-18.00981079187106
stripes,32,,32,glcm_contrast,True,24,kodim20.png,0.07457135777255547,-0.08843992377357257,-8.464189965530455
stripes,32,,32,glcm_contrast,True,24,kodim21.png,0.08227501168940521,-0.011734341221204972,-1.1665762344004516
stripes,32,,32,glcm_contrast,True,24,kodim22.png,0.08227832555904507,-0.21270348631752653,-19.160419790104953
stripes,32,,32,glcm_contrast,True,24,kodim23.png,0.11636368861843016,-0.3197405669671969,-27.366255144032912
stripes,32,,32,glcm_contrast,True,24,kodim24.png,0.07676368643775444,-0.22833035764360704,-20.413870246085008
stripes,32,,32,glcm_entropy,True,24,kodim01.png,0.23840653468640483,-0.149889374136007,-13.9196801744503
stripes,32,,32,glcm_entropy,True,24,kodim02.png,0.8868526233957041,-0.09381875521765486,-8.955223880597018
stripes,32,,32,glcm_entropy,True,24,kodim03.png,0.31725747213017286,-0.1801311408722824,-16.48393194706993
stripes,32,,32,glcm_entropy,True,24,kodim04.png,0.33185684333395127,-0.3097038683052131,-26.633581472291144
stripes,32,,32,glcm_entropy,True,24,kodim05.png,0.10899153090844749,-0.13129645213919303,-12.304224015187481
stripes,32,,32,glcm_entropy,True,24,kodim06.png,0.24923793977855446,-0.10157091216238562,-9.658288619034161
stripes,32,,32,glcm_entropy,True,24,kodim07.png,0.3405072116201593,-0.245827534613363,-21.7942908926144
stripes,32,,32,glcm_entropy,True,24,kodim08.png,0.1145768066528543,-0.08216170696081865,-7.8877005347593565
stripes,32,,32,glcm_entropy,True,24,kodim09.png,0.3807544884370322,-0.1305140852029809,-12.235586893405214
stripes,32,,32,glcm_entropy,True,24,kodim10.png,0.37797876276498954,-0.19620206221382225,-17.81538461538461
stripes,32,,32,glcm_entropy,True,24,kodim11.png,0.37974610899624617,-0.12591761085417863,-11.83125147301437
stripes,32,,32,glcm_entropy,True,24,kodim12.png,0.39414567012895363,-0.20532996700372913,-18.562144597887887
stripes,32,,32,glcm_entropy,True,24,kodim13.png,0.16343930870861811,-0.11625771504338224,-10.975423599450462
stripes,32,,32,glcm_entropy,True,24,kodim14.png,0.15480608948077457,-0.14563288302570634,-13.552499161355247
stripes,32,,32,glcm_entropy,True,24,kodim15.png,0.2732891780705673,-0.21384939279807694,-19.25300133392618
stripes,32,,32,glcm_entropy,True,24,kodim16.png,0.39213688069281183,-0.17295919848337302,-15.882806476484191
stripes,32,,32,glcm_entropy,True,24,kodim17.png,0.21333055673657286,-0.21427901982902647,-19.28768497617256
stripes,32,,32,glcm_entropy,True,24,kodim18.png,0.2324534582902955,-0.1128555364928771,-10.672030288689083
stripes,32,,32,glcm_entropy,True,24,kodim19.png,0.29553185460522124,-0.19857058968503466,-18.00981079187106
stripes,32,,32,glcm_entropy,True,24,kodim20.png,0.3612132062815496,-0.08843992377357257,-8.464189965530455
stripes,32,,32,glcm_entropy,True,24,kodim21.png,0.32827956525965574,-0.011734341221204972,-1.1665762344004516
stripes,32,,32,glcm_entropy,True,24,kodim22.png,0.31123504293821735,-0.21270348631752653,-19.160419790104953
stripes,32,,32,glcm_entropy,True,24,kodim23.png,0.4091363574750826,-0.3197405669671969,-27.366255144032912
stripes,32,,32,glcm_entropy,True,24,kodim24.png,0.2979464260887599,-0.22833035764360704,-20.413870246085008
stripes,32,,32,glcm_homogeneity,True,24,kodim01.png,0.026137003355389266,-0.149889374136007,-13.9196801744503
stripes,32,,32,glcm_homogeneity,True,24,kodim02.png,0.06905258252846413,-0.09381875521765486,-8.955223880597018
stripes,32,,32,glcm_homogeneity,True,24,kodim03.png,0.047165843907014726,-0.1801311408722824,-16.48393194706993
stripes,32,,32,glcm_homogeneity,True,24,kodim04.png,0.04609562221994867,-0.3097038683052131,-26.633581472291144
stripes,32,,32,glcm_homogeneity,True,24,kodim05.png,0.019728060072886855,-0.13129645213919303,-12.304224015187481
stripes,32,,32,glcm_homogeneity,True,24,kodim06.png,0.03475650504106598,-0.10157091216238562,-9.658288619034161
stripes,32,,32,glcm_homogeneity,True,24,kodim07.png,0.045484241280711046,-0.245827534613363,-21.7942908926144
stripes,32,,32,glcm_homogeneity,True,24,kodim08.png,0.014133690429359524,-0.08216170696081865,-7.8877005347593565
stripes,32,,32,glcm_homogeneity,True,24,kodim09.png,0.050186244135453695,-0.1305140852029809,-12.235586893405214
stripes,32,,32,glcm_homogeneity,True,24,kodim10.png,0.05262471031353011,-0.19620206221382225,-17.81538461538461
stripes,32,,32,glcm_homogeneity,True,24,kodim11.png,0.041308163064541326,-0.12591761085417863,-11.83125147301437
stripes,32,,32,glcm_homogeneity,True,24,kodim12.png,0.04641093935905438,-0.20532996700372913,-18.562144597887887
stripes,32,,32,glcm_homogeneity,True,24,kodim13.png,0.017161187526487987,-0.11625771504338224,-10.975423599450462
stripes,32,,32,glcm_homogeneity,True,24,kodim14.png,0.028891850013785136,-0.14563288302570634,-13.552499161355247
stripes,32,,32,glcm_homogeneity,True,24,kodim15.png,0.03940665779963948,-0.21384939279807694,-19.25300133392618
stripes,32,,32,glcm_homogeneity,True,24,kodim16.png,0.05008252950237424,-0.17295919848337302,-15.882806476484191
stripes,32,,32,glcm_homogeneity,True,24,kodim17.png,0.042183681060625644,-0.21427901982902647,-19.28768497617256
stripes,32,,32,glcm_homogeneity,True,24,kodim18.png,0.029735607714145962,-0.1128555364928771,-10.672030288689083
stripes,32,,32,glcm_homogeneity,True,24,kodim19.png,0.039722180141909424,-0.19857058968503466,-18.00981079187106
stripes,32,,32,glcm_homogeneity,True,24,kodim20.png,0.03997785936448994,-0.08843992377357257,-8.464189965530455
stripes,32,,32,glcm_homogeneity,True,24,kodim21.png,0.04037370006387153,-0.011734341221204972,-1.1665762344004516
stripes,32,,32,glcm_homogeneity,True,24,kodim22.png,0.04153939378788152,-0.21270348631752653,-19.160419790104953
stripes,32,,32,glcm_homogeneity,True,24,kodim23.png,0.05921144857542404,-0.3197405669671969,-27.366255144032912
stripes,32,,32,glcm_homogeneity,True,24,kodim24.png,0.03801854450417441,-0.22833035764360704,-20.413870246085008
stripes,32,,37,sobel_si,True,24,kodim01.png,-4.951435881593127,-0.1470103710999868,-13.67149758454107
stripes,32,,37,sobel_si,True,24,kodim02.png,-0.9972971453697781,-0.16107984140970763,-14.87758945386064
stripes,32,,37,sobel_si,True,24,kodim03.png,-1.7777878107758625,-0.2114158571328504,-19.056261343012704
stripes,32,,37,sobel_si,True,24,kodim04.png,-1.1827356158768367,-0.3695479346868325,-30.895334174022704
stripes,32,,37,sobel_si,True,24,kodim05.png,-7.6949022235033055,-0.13051321567292287,-12.235510579576815
stripes,32,,37,sobel_si,True,24,kodim06.png,-3.4366724130871376,-0.06499877049254771,-6.293138449045877
stripes,32,,37,sobel_si,True,24,kodim07.png,-5.832774105381631,-0.26797851020401686,-23.507578100835136
stripes,32,,37,sobel_si,True,24,kodim08.png,-10.57171362770032,-0.12772180124410315,-11.990181268882171
stripes,32,,37,sobel_si,True,24,kodim09.png,-5.429130754429053,-0.09011835966227809,-8.617698091382309
stripes,32,,37,sobel_si,True,24,kodim10.png,-4.281003003752346,-0.26826398659467926,-23.529411764705877
stripes,32,,37,sobel_si,True,24,kodim11.png,-4.513483530836936,-0.215623489718676,-19.39612733836561
stripes,32,,37,sobel_si,True,24,kodim12.png,-2.565388178397015,-0.13144588613350125,-12.317327766179542
stripes,32,,37,sobel_si,True,24,kodim13.png,-5.481240053952746,-0.10092057574398677,-9.59951700543369
stripes,32,,37,sobel_si,True,24,kodim14.png,-2.3298547069779545,-0.13494069078679524,-12.623226737196447
stripes,32,,37,sobel_si,True,24,kodim15.png,-4.506325745877831,-0.2404492984118023,-21.372549019607845
stripes,32,,37,sobel_si,True,24,kodim16.png,1.3875840963707304,-0.11662415268973894,-11.008039579468143
stripes,32,,37,sobel_si,True,24,kodim17.png,-1.4010427082157264,-0.2121961566134648,-19.119397064656894
stripes,32,,37,sobel_si,True,24,kodim18.png,-5.474017545276837,-0.2377562636820551,-21.160517187007244
stripes,32,,37,sobel_si,True,24,kodim19.png,-7.487729848038896,-0.2311215009623109,-20.635696821515893
stripes,32,,37,sobel_si,True,24,kodim20.png,-1.3231606177852484,-0.05869787040802939,-5.700836820083688
stripes,32,,37,sobel_si,True,24,kodim21.png,-7.021093979874152,-0.10438369625416027,-9.912043301759144
stripes,32,,37,sobel_si,True,24,kodim22.png,-3.803421091406321,-0.2315339736879123,-20.668425681618285
stripes,32,,37,sobel_si,True,24,kodim23.png,-2.1653239204540142,-0.3566749439387323,-29.999999999999993
stripes,32,,37,sobel_si,True,24,kodim24.png,-8.900628444281153,-0.3125189955987201,-26.83982683982684
stripes,32,,37,luma_sd,True,24,kodim01.png,5.803466413249481,-0.1470103710999868,-13.67149758454107
stripes,32,,37,luma_sd,True,24,kodim02.png,9.524966327770706,-0.16107984140970763,-14.87758945386064
stripes,32,,37,luma_sd,True,24,kodim03.png,5.801653118304259,-0.2114158571328504,-19.056261343012704
stripes,32,,37,luma_sd,True,24,kodim04.png,6.161048889266773,-0.3695479346868325,-30.895334174022704
stripes,32,,37,luma_sd,True,24,kodim05.png,3.955563527275906,-0.13051321567292287,-12.235510579576815
stripes,32,,37,luma_sd,True,24,kodim06.png,2.403361761237605,-0.06499877049254771,-6.293138449045877
stripes,32,,37,luma_sd,True,24,kodim07.png,6.387030418020672,-0.26797851020401686,-23.507578100835136
stripes,32,,37,luma_sd,True,24,kodim08.png,2.7138606765320645,-0.12772180124410315,-11.990181268882171
stripes,32,,37,luma_sd,True,24,kodim09.png,6.109492136552433,-0.09011835966227809,-8.617698091382309
stripes,32,,37,luma_sd,True,24,kodim10.png,5.647814529929015,-0.26826398659467926,-23.529411764705877
stripes,32,,37,luma_sd,True,24,kodim11.png,5.040623873443586,-0.215623489718676,-19.39612733836561
stripes,32,,37,luma_sd,True,24,kodim12.png,4.511306447216292,-0.13144588613350125,-12.317327766179542
stripes,32,,37,luma_sd,True,24,kodim13.png,3.5198579873850733,-0.10092057574398677,-9.59951700543369
stripes,32,,37,luma_sd,True,24,kodim14.png,4.8197872381036575,-0.13494069078679524,-12.623226737196447
stripes,32,,37,luma_sd,True,24,kodim15.png,0.2385019769605634,-0.2404492984118023,-21.372549019607845
stripes,32,,37,luma_sd,True,24,kodim16.png,5.549392723059036,-0.11662415268973894,-11.008039579468143
stripes,32,,37,luma_sd,True,24,kodim17.png,3.7508163705595905,-0.2121961566134648,-19.119397064656894
stripes,32,,37,luma_sd,True,24,kodim18.png,5.167904458834478,-0.2377562636820551,-21.160517187007244
stripes,32,,37,luma_sd,True,24,kodim19.png,4.893724539378589,-0.2311215009623109,-20.635696821515893
stripes,32,,37,luma_sd,True,24,kodim20.png,-1.9936639877133047,-0.05869787040802939,-5.700836820083688
stripes,32,,37,luma_sd,True,24,kodim21.png,5.398424463266281,-0.10438369625416027,-9.912043301759144
stripes,32,,37,luma_sd,True,24,kodim22.png,5.701738710208993,-0.2315339736879123,-20.668425681618285
stripes,32,,37,luma_sd,True,24,kodim23.png,4.8603192886284035,-0.3566749439387323,-29.999999999999993
stripes,32,,37,luma_sd,True,24,kodim24.png,3.013960432465879,-0.3125189955987201,-26.83982683982684
stripes,32,,37,edge_fraction,True,24,kodim01.png,0.2194849741463165,-0.1470103710999868,-13.67149758454107
stripes,32,,37,edge_fraction,True,24,kodim02.png,0.46639533097834435,-0.16107984140970763,-14.87758945386064
stripes,32,,37,edge_fraction,True,24,kodim03.png,0.4852147647570777,-0.2114158571328504,-19.056261343012704
stripes,32,,37,edge_fraction,True,24,kodim04.png,0.45422106179286337,-0.3695479346868325,-30.895334174022704
stripes,32,,37,edge_fraction,True,24,kodim05.png,0.22978293144934214,-0.13051321567292287,-12.235510579576815
stripes,32,,37,edge_fraction,True,24,kodim06.png,0.2577842625300773,-0.06499877049254771,-6.293138449045877
stripes,32,,37,edge_fraction,True,24,kodim07.png,0.4072671888598782,-0.26797851020401686,-23.507578100835136
stripes,32,,37,edge_fraction,True,24,kodim08.png,0.20474069523370708,-0.12772180124410315,-11.990181268882171
stripes,32,,37,edge_fraction,True,24,kodim09.png,0.4645215788665335,-0.09011835966227809,-8.617698091382309
stripes,32,,37,edge_fraction,True,24,kodim10.png,0.453261147801157,-0.26826398659467926,-23.529411764705877
stripes,32,,37,edge_fraction,True,24,kodim11.png,0.34890697793477704,-0.215623489718676,-19.39612733836561
stripes,32,,37,edge_fraction,True,24,kodim12.png,0.4467721292172222,-0.13144588613350125,-12.317327766179542
stripes,32,,37,edge_fraction,True,24,kodim13.png,0.14399221829724063,-0.10092057574398677,-9.59951700543369
stripes,32,,37,edge_fraction,True,24,kodim14.png,0.27664977218041265,-0.13494069078679524,-12.623226737196447
stripes,32,,37,edge_fraction,True,24,kodim15.png,0.41351558900322527,-0.2404492984118023,-21.372549019607845
stripes,32,,37,edge_fraction,True,24,kodim16.png,0.3730814519019096,-0.11662415268973894,-11.008039579468143
stripes,32,,37,edge_fraction,True,24,kodim17.png,0.4070316899605795,-0.2121961566134648,-19.119397064656894
stripes,32,,37,edge_fraction,True,24,kodim18.png,0.29897353197153537,-0.2377562636820551,-21.160517187007244
stripes,32,,37,edge_fraction,True,24,kodim19.png,0.3791071519991808,-0.2311215009623109,-20.635696821515893
stripes,32,,37,edge_fraction,True,24,kodim20.png,0.2964700762811652,-0.05869787040802939,-5.700836820083688
stripes,32,,37,edge_fraction,True,24,kodim21.png,0.36786463932831615,-0.10438369625416027,-9.912043301759144
stripes,32,,37,edge_fraction,True,24,kodim22.png,0.3837889725080632,-0.2315339736879123,-20.668425681618285
stripes,32,,37,edge_fraction,True,24,kodim23.png,0.5295295141555317,-0.3566749439387323,-29.999999999999993
stripes,32,,37,edge_fraction,True,24,kodim24.png,0.3196871960272359,-0.3125189955987201,-26.83982683982684
stripes,32,,37,glcm_contrast,True,24,kodim01.png,0.06511245383239739,-0.1470103710999868,-13.67149758454107
stripes,32,,37,glcm_contrast,True,24,kodim02.png,0.1334134366221484,-0.16107984140970763,-14.87758945386064
stripes,32,,37,glcm_contrast,True,24,kodim03.png,0.08881191896486762,-0.2114158571328504,-19.056261343012704
stripes,32,,37,glcm_contrast,True,24,kodim04.png,0.09346506742540359,-0.3695479346868325,-30.895334174022704
stripes,32,,37,glcm_contrast,True,24,kodim05.png,0.02396452404048144,-0.13051321567292287,-12.235510579576815
stripes,32,,37,glcm_contrast,True,24,kodim06.png,0.067992854373492,-0.06499877049254771,-6.293138449045877
stripes,32,,37,glcm_contrast,True,24,kodim07.png,0.09033170941428936,-0.26797851020401686,-23.507578100835136
stripes,32,,37,glcm_contrast,True,24,kodim08.png,0.008625481090817289,-0.12772180124410315,-11.990181268882171
stripes,32,,37,glcm_contrast,True,24,kodim09.png,0.10055023034699562,-0.09011835966227809,-8.617698091382309
stripes,32,,37,glcm_contrast,True,24,kodim10.png,0.10653102004900766,-0.26826398659467926,-23.529411764705877
stripes,32,,37,glcm_contrast,True,24,kodim11.png,0.07679698542909952,-0.215623489718676,-19.39612733836561
stripes,32,,37,glcm_contrast,True,24,kodim12.png,0.08517134164472437,-0.13144588613350125,-12.317327766179542
stripes,32,,37,glcm_contrast,True,24,kodim13.png,0.026122040878859387,-0.10092057574398677,-9.59951700543369
stripes,32,,37,glcm_contrast,True,24,kodim14.png,0.054589621247324194,-0.13494069078679524,-12.623226737196447
stripes,32,,37,glcm_contrast,True,24,kodim15.png,0.07209726131979333,-0.2404492984118023,-21.372549019607845
stripes,32,,37,glcm_contrast,True,24,kodim16.png,0.1033230875128422,-0.11662415268973894,-11.008039579468143
stripes,32,,37,glcm_contrast,True,24,kodim17.png,0.08412099031407894,-0.2121961566134648,-19.119397064656894
stripes,32,,37,glcm_contrast,True,24,kodim18.png,0.06296058925964187,-0.2377562636820551,-21.160517187007244
stripes,32,,37,glcm_contrast,True,24,kodim19.png,0.07712891058543847,-0.2311215009623109,-20.635696821515893
stripes,32,,37,glcm_contrast,True,24,kodim20.png,0.07457135777255547,-0.05869787040802939,-5.700836820083688
stripes,32,,37,glcm_contrast,True,24,kodim21.png,0.08227501168940521,-0.10438369625416027,-9.912043301759144
stripes,32,,37,glcm_contrast,True,24,kodim22.png,0.08227832555904507,-0.2315339736879123,-20.668425681618285
stripes,32,,37,glcm_contrast,True,24,kodim23.png,0.11636368861843016,-0.3566749439387323,-29.999999999999993
stripes,32,,37,glcm_contrast,True,24,kodim24.png,0.07676368643775444,-0.3125189955987201,-26.83982683982684
stripes,32,,37,glcm_entropy,True,24,kodim01.png,0.23840653468640483,-0.1470103710999868,-13.67149758454107
stripes,32,,37,glcm_entropy,True,24,kodim02.png,0.8868526233957041,-0.16107984140970763,-14.87758945386064
stripes,32,,37,glcm_entropy,True,24,kodim03.png,0.31725747213017286,-0.2114158571328504,-19.056261343012704
stripes,32,,37,glcm_entropy,True,24,kodim04.png,0.33185684333395127,-0.3695479346868325,-30.895334174022704
stripes,32,,37,glcm_entropy,True,24,kodim05.png,0.10899153090844749,-0.13051321567292287,-12.235510579576815
stripes,32,,37,glcm_entropy,True,24,kodim06.png,0.24923793977855446,-0.06499877049254771,-6.293138449045877
stripes,32,,37,glcm_entropy,True,24,kodim07.png,0.3405072116201593,-0.26797851020401686,-23.507578100835136
stripes,32,,37,glcm_entropy,True,24,kodim08.png,0.1145768066528543,-0.12772180124410315,-11.990181268882171
stripes,32,,37,glcm_entropy,True,24,kodim09.png,0.3807544884370322,-0.09011835966227809,-8.617698091382309
stripes,32,,37,glcm_entropy,True,24,kodim10.png,0.37797876276498954,-0.26826398659467926,-23.529411764705877
stripes,32,,37,glcm_entropy,True,24,kodim11.png,0.37974610899624617,-0.215623489718676,-19.39612733836561
stripes,32,,37,glcm_entropy,True,24,kodim12.png,0.39414567012895363,-0.13144588613350125,-12.317327766179542
stripes,32,,37,glcm_entropy,True,24,kodim13.png,0.16343930870861811,-0.10092057574398677,-9.59951700543369
stripes,32,,37,glcm_entropy,True,24,kodim14.png,0.15480608948077457,-0.13494069078679524,-12.623226737196447
stripes,32,,37,glcm_entropy,True,24,kodim15.png,0.2732891780705673,-0.2404492984118023,-21.372549019607845
stripes,32,,37,glcm_entropy,True,24,kodim16.png,0.39213688069281183,-0.11662415268973894,-11.008039579468143
stripes,32,,37,glcm_entropy,True,24,kodim17.png,0.21333055673657286,-0.2121961566134648,-19.119397064656894
stripes,32,,37,glcm_entropy,True,24,kodim18.png,0.2324534582902955,-0.2377562636820551,-21.160517187007244
stripes,32,,37,glcm_entropy,True,24,kodim19.png,0.29553185460522124,-0.2311215009623109,-20.635696821515893
stripes,32,,37,glcm_entropy,True,24,kodim20.png,0.3612132062815496,-0.05869787040802939,-5.700836820083688
stripes,32,,37,glcm_entropy,True,24,kodim21.png,0.32827956525965574,-0.10438369625416027,-9.912043301759144
stripes,32,,37,glcm_entropy,True,24,kodim22.png,0.31123504293821735,-0.2315339736879123,-20.668425681618285
stripes,32,,37,glcm_entropy,True,24,kodim23.png,0.4091363574750826,-0.3566749439387323,-29.999999999999993
stripes,32,,37,glcm_entropy,True,24,kodim24.png,0.2979464260887599,-0.3125189955987201,-26.83982683982684
stripes,32,,37,glcm_homogeneity,True,24,kodim01.png,0.026137003355389266,-0.1470103710999868,-13.67149758454107
stripes,32,,37,glcm_homogeneity,True,24,kodim02.png,0.06905258252846413,-0.16107984140970763,-14.87758945386064
stripes,32,,37,glcm_homogeneity,True,24,kodim03.png,0.047165843907014726,-0.2114158571328504,-19.056261343012704
stripes,32,,37,glcm_homogeneity,True,24,kodim04.png,0.04609562221994867,-0.3695479346868325,-30.895334174022704
stripes,32,,37,glcm_homogeneity,True,24,kodim05.png,0.019728060072886855,-0.13051321567292287,-12.235510579576815
stripes,32,,37,glcm_homogeneity,True,24,kodim06.png,0.03475650504106598,-0.06499877049254771,-6.293138449045877
stripes,32,,37,glcm_homogeneity,True,24,kodim07.png,0.045484241280711046,-0.26797851020401686,-23.507578100835136
stripes,32,,37,glcm_homogeneity,True,24,kodim08.png,0.014133690429359524,-0.12772180124410315,-11.990181268882171
stripes,32,,37,glcm_homogeneity,True,24,kodim09.png,0.050186244135453695,-0.09011835966227809,-8.617698091382309
stripes,32,,37,glcm_homogeneity,True,24,kodim10.png,0.05262471031353011,-0.26826398659467926,-23.529411764705877
stripes,32,,37,glcm_homogeneity,True,24,kodim11.png,0.041308163064541326,-0.215623489718676,-19.39612733836561
stripes,32,,37,glcm_homogeneity,True,24,kodim12.png,0.04641093935905438,-0.13144588613350125,-12.317327766179542
stripes,32,,37,glcm_homogeneity,True,24,kodim13.png,0.017161187526487987,-0.10092057574398677,-9.59951700543369
stripes,32,,37,glcm_homogeneity,True,24,kodim14.png,0.028891850013785136,-0.13494069078679524,-12.623226737196447
stripes,32,,37,glcm_homogeneity,True,24,kodim15.png,0.03940665779963948,-0.2404492984118023,-21.372549019607845
stripes,32,,37,glcm_homogeneity,True,24,kodim16.png,0.05008252950237424,-0.11662415268973894,-11.008039579468143
stripes,32,,37,glcm_homogeneity,True,24,kodim17.png,0.042183681060625644,-0.2121961566134648,-19.119397064656894
stripes,32,,37,glcm_homogeneity,True,24,kodim18.png,0.029735607714145962,-0.2377562636820551,-21.160517187007244
stripes,32,,37,glcm_homogeneity,True,24,kodim19.png,0.039722180141909424,-0.2311215009623109,-20.635696821515893
stripes,32,,37,glcm_homogeneity,True,24,kodim20.png,0.03997785936448994,-0.05869787040802939,-5.700836820083688
stripes,32,,37,glcm_homogeneity,True,24,kodim21.png,0.04037370006387153,-0.10438369625416027,-9.912043301759144
stripes,32,,37,glcm_homogeneity,True,24,kodim22.png,0.04153939378788152,-0.2315339736879123,-20.668425681618285
stripes,32,,37,glcm_homogeneity,True,24,kodim23.png,0.05921144857542404,-0.3566749439387323,-29.999999999999993
stripes,32,,37,glcm_homogeneity,True,24,kodim24.png,0.03801854450417441,-0.3125189955987201,-26.83982683982684
