dataset,source,stimulus,distortion,level,seed,derived_seed,actual_luma_rms,path,width,height,sha256,source_sobel_si,stimulus_sobel_si,sobel_si,luma_sd,edge_fraction,glcm_contrast,glcm_entropy,glcm_homogeneity,glcm_contrast_levels32,glcm_entropy_levels32,glcm_homogeneity_levels32,glcm_contrast_horizontal,glcm_entropy_horizontal,glcm_homogeneity_horizontal
kodak,kodim01.png,kodim01_a56e27cbf5f8__clean_0,clean,0,,,0.0,results/vtm_content_partition_study/stimuli/kodim01_a56e27cbf5f8__clean_0.png,768,512,94e1676373cf8ab1e09e7dc1afded67dc9e13af03b89f0fc10688df49dcf04ee,110.23951076191508,110.23951076191508,110.23951076191508,39.98999037130714,0.5431935698561409,0.7192223053253244,2.694395311854964,0.787531447453199,9.59773130042663,5.130519308217308,0.49413289636454427,0.4798932529335071,2.534306771828514,0.8343818126820561
kodak,kodim01.png,kodim01_a56e27cbf5f8__awgn_5_seed-20260811,awgn,5,20260811,1113627816953926884,4.999581637363807,results/vtm_content_partition_study/stimuli/kodim01_a56e27cbf5f8__awgn_5_seed-20260811.png,768,512,c5bec7aa365a2fcfa5541adc65afdd4ef5bf20479b527c5712d2caf4b56f1526,110.23951076191508,108.48952880077599,108.48952880077599,40.27292552192773,0.5698842983668664,0.797235380831693,2.7854608443892963,0.7566025480505277,10.348482744037945,5.297773126348458,0.4272028952983369,0.5645957260430248,2.65127778353094,0.7983412115287851
kodak,kodim01.png,kodim01_a56e27cbf5f8__awgn_5_seed-20260812,awgn,5,20260812,13393917567101287228,5.012348693441222,results/vtm_content_partition_study/stimuli/kodim01_a56e27cbf5f8__awgn_5_seed-20260812.png,768,512,b88febbf483481a6dcfa4dc88bda86c95a46cc94642b5ce0303f334bbce1169f,110.23951076191508,108.46569147338617,108.46569147338617,40.284028704796945,0.5695156913940511,0.79461091941275,2.7846185208944254,0.7566249631447306,10.3375823952574,5.297285953573346,0.4269250868504332,0.5642213983050848,2.651343145981831,0.7980661598235439
kodak,kodim01.png,kodim01_a56e27cbf5f8__awgn_5_seed-20260813,awgn,5,20260813,1797184094092325255,4.99882290018058,results/vtm_content_partition_study/stimuli/kodim01_a56e27cbf5f8__awgn_5_seed-20260813.png,768,512,77f373059ce0aa3dc4731b4d87d826a3d2d1a85f1a074872cdda458a5e74f3bf,110.23951076191508,108.48467946313441,108.48467946313441,40.286382165113714,0.5702145087800133,0.7956949771164594,2.7857604731913055,0.7565613010702502,10.353655606092705,5.299139408243889,0.42622213973546474,0.5657823704367666,2.653146568856738,0.7978863017573599
kodak,kodim01.png,kodim01_a56e27cbf5f8__awgn_15_seed-20260811,awgn,15,20260811,1113627816953926884,14.949935440043156,results/vtm_content_partition_study/stimuli/kodim01_a56e27cbf5f8__awgn_15_seed-20260811.png,768,512,55b9df4387ab4db231c0d203fdc07fe616f7b8dc80e0b25eb4b14725e8391c1b,110.23951076191508,105.83916938564239,105.83916938564239,42.58718864501944,0.7582194235396509,1.1804060603071251,3.074796207890847,0.6613436132859136,16.49857935903522,5.743852796383035,0.2886648997696147,0.9536011856258148,2.994928440623057,0.6889990333366305
kodak,kodim01.png,kodim01_a56e27cbf5f8__awgn_15_seed-20260812,awgn,15,20260812,13393917567101287228,14.987601178538014,results/vtm_content_partition_study/stimuli/kodim01_a56e27cbf5f8__awgn_15_seed-20260812.png,768,512,48b8aa697fd7542986637cf02ad9db50602c40b65899e1e998057aa349033341,110.23951076191508,105.77481329738593,105.77481329738593,42.627289456954955,0.7601315722111299,1.182358321956877,3.0755928616536767,0.6609708882563186,16.51344430932937,5.744906068585092,0.28821167118830654,0.9542250651890483,2.9956519799981276,0.6886780486194144
kodak,kodim01.png,kodim01_a56e27cbf5f8__awgn_15_seed-20260813,awgn,15,20260813,1797184094092325255,14.947567067948343,results/vtm_content_partition_study/stimuli/kodim01_a56e27cbf5f8__awgn_15_seed-20260813.png,768,512,24ae64f68debc260260fdcf76dcaac11a2b2f884e46f98a9825e785a1b15adf5,110.23951076191508,105.82396498591923,105.82396498591923,42.62779958026301,0.7601059745046844,1.181880724821926,3.075803279901988,0.6609809657836951,16.524305653698143,5.745499941433712,0.2883055434789911,0.955730015482399,2.996173201881285,0.6883921377820899
kodak,kodim01.png,kodim01_a56e27cbf5f8__awgn_30_seed-20260811,awgn,30,20260811,1113627816953926884,29.538901762351394,results/vtm_content_partition_study/stimuli/kodim01_a56e27cbf5f8__awgn_30_seed-20260811.png,768,512,222a5f8af602227760247878715e40c46b234acc86504fefe169b0071cd8e34e,110.23951076191508,112.03626545100104,112.03626545100104,49.28160547482074,0.9018276762402089,2.404072328355971,3.5294264160191626,0.5263916923156677,36.48640288307522,6.264706422868215,0.18854778789027085,2.188508393089961,3.49889197405673,0.5397454982824595
kodak,kodim01.png,kodim01_a56e27cbf5f8__awgn_30_seed-20260812,awgn,30,20260812,13393917567101287228,29.59521888919639,results/vtm_content_partition_study/stimuli/kodim01_a56e27cbf5f8__awgn_30_seed-20260812.png,768,512,512c63fd6fa17b6722f5d3d14dba0a195066c50e1c6d1b69768e6891bb1ea50b,110.23951076191508,112.01732580557982,112.01732580557982,49.350892918557086,0.9030691650028158,2.409925177773575,3.5314981914852366,0.5259985207186317,36.58376527506201,6.267218534888807,0.18835575827805706,2.1850197604302477,3.4997132099250416,0.539948382366195
kodak,kodim01.png,kodim01_a56e27cbf5f8__awgn_30_seed-20260813,awgn,30,20260813,1797184094092325255,29.527510148856443,results/vtm_content_partition_study/stimuli/kodim01_a56e27cbf5f8__awgn_30_seed-20260813.png,768,512,8366a8b8dccdc3b328d8b6552964b679de20b7786ddc0c716646f4f9f4879004,110.23951076191508,112.04827913042078,112.04827913042078,49.34374114857098,0.9030128500486356,2.410366225999411,3.532027226075339,0.5255112433980946,36.57005126657659,6.266984524974343,0.18817750705777475,2.193593648142112,3.501424999707922,0.5389605510977362
kodak,kodim01.png,kodim01_a56e27cbf5f8__stripes_8,stripes,8,,,5.608348699419228,results/vtm_content_partition_study/stimuli/kodim01_a56e27cbf5f8__stripes_8.png,768,512,5b261382cf363e4442c9f766d722ef3f28ea88c433c648f585b0a6c0ae7f794c,110.23951076191508,109.04288841770722,109.04288841770722,40.33322617904059,0.5552910459222854,0.7261844364761854,2.724840238163055,0.7808010813895956,9.585816146758226,5.1964163891348125,0.48587995122696603,0.4871455345501956,2.5564001608575846,0.8312654046944805
kodak,kodim01.png,kodim01_a56e27cbf5f8__stripes_16,stripes,16,,,11.281483430287794,results/vtm_content_partition_study/stimuli/kodim01_a56e27cbf5f8__stripes_16.png,768,512,0e3ddbb1e3ea3ec8a90bc3c8a65f7729587de475259d5d12d5f7856e09422fa0,110.23951076191508,107.30357263167781,107.30357263167781,41.453116096637295,0.5962166589873548,0.734826798369115,2.7658260186975854,0.7787386645198626,9.73806882431174,5.292957626756506,0.4678114069244589,0.4834226287483703,2.580752731097844,0.8340123000555945
kodak,kodim01.png,kodim01_a56e27cbf5f8__stripes_32,stripes,32,,,22.774966168230193,results/vtm_content_partition_study/stimuli/kodim01_a56e27cbf5f8__stripes_32.png,768,512,ff2a7211d38e591f060536c6eb2a7b3c5deec74be5a53d7c1905ff0e02349a5b,110.23951076191508,105.28807488032196,105.28807488032196,45.79345678455662,0.7626785440024574,0.7843347591577218,2.932801846541369,0.7613944440978098,10.319544199672343,5.49078444077719,0.42519015199464094,0.4809831323337679,2.698552013372719,0.8347862681944571
kodak,kodim02.png,kodim02_4f4b74a79237__clean_0,clean,0,,,0.0,results/vtm_content_partition_study/stimuli/kodim02_4f4b74a79237__clean_0.png,768,512,a854165f6b722be98cbed21a8617b0e1bace5ad25db92d5c6c3d914d8f0d13f3,51.75380456078816,51.75380456078816,51.75380456078816,20.593882796303294,0.1781293196129627,0.16710404264322667,1.1660324757786817,0.9370318619762134,2.072953675697029,3.224283710099381,0.721771411035705,0.1227998696219035,1.1162200986713104,0.9496778709728801
kodak,kodim02.png,kodim02_4f4b74a79237__awgn_5_seed-20260811,awgn,5,20260811,934317093076501681,5.000182339204538,results/vtm_content_partition_study/stimuli/kodim02_4f4b74a79237__awgn_5_seed-20260811.png,768,512,e417104197d80f4d7ede1015deb5d9f49800cfbc77ecf8f7d160f1333bddca41,51.75380456078816,50.09481884183531,50.09481884183531,21.168283062692144,0.211741667946552,0.2163681337717382,1.296001622317009,0.9132864165598893,2.853185336014887,3.6956980257293917,0.5791854944201694,0.17688895453063885,1.261651426350004,0.9235532020340604
kodak,kodim02.png,kodim02_4f4b74a79237__awgn_5_seed-20260812,awgn,5,20260812,7034858839499626460,4.9999496457425385,results/vtm_content_partition_study/stimuli/kodim02_4f4b74a79237__awgn_5_seed-20260812.png,768,512,e9674a433d695b972d1ae4fa91f78aa6d3fb8768348cb25f2106ce41f17752c5,51.75380456078816,50.10089474464401,50.10089474464401,21.165685551091443,0.21193365074489326,0.21664957349451253,1.2952755812781735,0.913317032451048,2.8561828818477473,3.6965844469339397,0.5791044199905225,0.1763236432529335,1.2597675584866126,0.9239254419157468
kodak,kodim02.png,kodim02_4f4b74a79237__awgn_5_seed-20260813,awgn,5,20260813,13102803655524182236,5.002941792056653,results/vtm_content_partition_study/stimuli/kodim02_4f4b74a79237__awgn_5_seed-20260813.png,768,512,f48606aa64f1fc936c8b11cd2604061ecab7c229fdb65456ef2107323179f521,51.75380456078816,50.13064433821846,50.13064433821846,21.166790731918578,0.21205907950647623,0.2158727742124638,1.293856980144298,0.9134431558019298,2.8581882061083794,3.6970982127054133,0.5786979812646875,0.17701118399608867,1.2604397629208939,0.9234916310148698
kodak,kodim02.png,kodim02_4f4b74a79237__awgn_15_seed-20260811,awgn,15,20260811,934317093076501681,14.879693495625608,results/vtm_content_partition_study/stimuli/kodim02_4f4b74a79237__awgn_15_seed-20260811.png,768,512,a1d0b8d4c90586727ad7cc4e91832dd91daa12a330029df67c9f71ba00d99a40,51.75380456078816,54.069553715533054,54.069553715533054,25.287120479004688,0.6061152920698305,0.7003346150384446,2.1603989468035447,0.733151450642029,8.95286501571442,4.7457807945228385,0.3390850682489137,0.6631432325619294,2.1488358783854222,0.7388771836988335
kodak,kodim02.png,kodim02_4f4b74a79237__awgn_15_seed-20260812,awgn,15,20260812,7034858839499626460,14.879064779254135,results/vtm_content_partition_study/stimuli/kodim02_4f4b74a79237__awgn_15_seed-20260812.png,768,512,37231e0013f1910568af3a23d9832e87320bd67e55214413214eb9fed90377fa,51.75380456078816,54.03010605461255,54.03010605461255,25.28251808776997,0.6059284288127784,0.7032412346005226,2.163754856007823,0.7322140510091666,8.961422425022626,4.747383678366284,0.33907037337464746,0.6649690352020861,2.1517751756258514,0.7386351314828504
kodak,kodim02.png,kodim02_4f4b74a79237__awgn_15_seed-20260813,awgn,15,20260813,13102803655524182236,14.88617421227572,results/vtm_content_partition_study/stimuli/kodim02_4f4b74a79237__awgn_15_seed-20260813.png,768,512,efbbd2ba054fa6e9ef91135703cf1072ddb2eeb2406a7e46cbae5b682df111bd,51.75380456078816,54.151287808808064,54.151287808808064,25.2889287207988,0.6063533507397737,0.7019384598395013,2.1634298816400674,0.7328611001338935,8.958782772958143,4.747206968486665,0.33913250079742996,0.6646914724576272,2.1520064288084697,0.738557392034326
kodak,kodim02.png,kodim02_4f4b74a79237__awgn_30_seed-20260811,awgn,30,20260811,934317093076501681,28.669561047776796,results/vtm_content_partition_study/stimuli/kodim02_4f4b74a79237__awgn_30_seed-20260811.png,768,512,7679271e219c96833b643530c8a95166d626c97868d75804f10ba8422cb293cf,51.75380456078816,73.86020401250659,73.86020401250659,34.91074451760141,0.8620923565248554,1.8976781151444355,2.9657818648774423,0.5577736699118898,27.579834661891077,5.648913811939384,0.20630519334061515,1.865687642601043,2.963790773007199,0.5601720516437753
kodak,kodim02.png,kodim02_4f4b74a79237__awgn_30_seed-20260812,awgn,30,20260812,7034858839499626460,28.658336035160854,results/vtm_content_partition_study/stimuli/kodim02_4f4b74a79237__awgn_30_seed-20260812.png,768,512,31f39783cd55d71fb001f13e8d4a3e31675b555dc27aadd1321a96bc5cc9d1ea,51.75380456078816,73.82338261680864,73.82338261680864,34.9004053544413,0.8622587416167511,1.8948755830649815,2.9637139658582483,0.5581754137074604,27.569075755960274,5.648419437677061,0.20655167736465588,1.855904192470665,2.9611647797228593,0.5614650625414158
kodak,kodim02.png,kodim02_4f4b74a79237__awgn_30_seed-20260813,awgn,30,20260813,13102803655524182236,28.68155592517428,results/vtm_content_partition_study/stimuli/kodim02_4f4b74a79237__awgn_30_seed-20260813.png,768,512,c81473fd3d57a17d8fc5a06644d22de60ddcf6ac59876687ad9d7e898fbc66b2,51.75380456078816,74.00416747774142,74.00416747774142,34.92221933990751,0.8620130036348743,1.8960974703377607,2.9656259000405596,0.5583596394660699,27.59177644777599,5.649831835335737,0.2065026328227917,1.8620487695567143,2.963546603683158,0.5608622644405861
kodak,kodim02.png,kodim02_4f4b74a79237__stripes_8,stripes,8,,,5.607548975215473,results/vtm_content_partition_study/stimuli/kodim02_4f4b74a79237__stripes_8.png,768,512,f94cba2d38593f537d92c2da0c3eb8aeddfe9c86dc2a10c843e4ea10b9607ed1,51.75380456078816,49.89758009594958,49.89758009594958,21.210697963306202,0.18951773921056672,0.17294084595520667,1.225264803831041,0.9306242945592784,2.0847710926357426,3.4672928765927895,0.7075203366207481,0.1321555166232073,1.1677405746126481,0.944894880355236
kodak,kodim02.png,kodim02_4f4b74a79237__stripes_16,stripes,16,,,11.275503905455405,results/vtm_content_partition_study/stimuli/kodim02_4f4b74a79237__stripes_16.png,768,512,11f2d72e7fe2729ca4fee91afad8ebb14f6ea6b159884be52cee96c313a0b623,51.75380456078816,48.19871610741088,48.19871610741088,23.21867759754024,0.2559105104182665,0.2648183709079308,1.6444330621336682,0.8850888120710901,2.241590241025662,3.796561905427101,0.6622302442895571,0.19146227183833117,1.5373467621023797,0.9154924464771367
kodak,kodim02.png,kodim02_4f4b74a79237__stripes_32,stripes,32,,,22.6444262430361,results/vtm_content_partition_study/stimuli/kodim02_4f4b74a79237__stripes_32.png,768,512,d21c8f0047f383631bc7b4662f7265753416b95f71a8bebc9a91bbdca33d914c,51.75380456078816,50.75650741541838,50.75650741541838,30.118849124074,0.644524650591307,0.3005174792653751,2.052885099174386,0.8679792794477492,2.8035576407143132,4.2723234971349875,0.5663720413169282,0.14310014667535853,1.781163462599545,0.9391653580309369
kodak,kodim03.png,kodim03_e25ca1ff2f0c__clean_0,clean,0,,,0.0,results/vtm_content_partition_study/stimuli/kodim03_e25ca1ff2f0c__clean_0.png,768,512,c39b9d5fdb468940bd8478fae0ac3bd1085f476b2300921dcf2b9aa5f3f5ce97,57.51267606176813,57.51267606176813,57.51267606176813,39.451395776590886,0.1536169559207495,0.2120524286003448,2.1919924782221294,0.9160551489139631,1.9284808228905412,4.099178054570242,0.7817258143208874,0.14225472620599738,2.0954087505443453,0.9367217432043387
kodak,kodim03.png,kodim03_e25ca1ff2f0c__awgn_5_seed-20260811,awgn,5,20260811,1808323285496121409,4.9967727418463666,results/vtm_content_partition_study/stimuli/kodim03_e25ca1ff2f0c__awgn_5_seed-20260811.png,768,512,43ebff356f4e2cee7cc6129548b24b663446adf7fbbb2f1418b0314a2f892e88,57.51267606176813,55.04410658971404,55.04410658971404,39.718064559558925,0.17617109506988174,0.3431353012675932,2.4572825004143515,0.851164799540741,2.7225842730005874,4.64851669520136,0.5972900534084365,0.2869795061929596,2.401633548228509,0.8651951732286149
kodak,kodim03.png,kodim03_e25ca1ff2f0c__awgn_5_seed-20260812,awgn,5,20260812,3593571539141768,4.995075343737659,results/vtm_content_partition_study/stimuli/kodim03_e25ca1ff2f0c__awgn_5_seed-20260812.png,768,512,e246686a0c1700356ac61598879092fa9bcb4cff2e21cc9f928f93d8a5b7d0bd,57.51267606176813,54.97839839402821,54.97839839402821,39.706784320878626,0.1770644550248298,0.3426470806472883,2.455798299160546,0.8513813186420702,2.7171192268935815,4.647603311282101,0.5975627153456269,0.287583014178618,2.4017197164046604,0.8649384974237789
kodak,kodim03.png,kodim03_e25ca1ff2f0c__awgn_5_seed-20260813,awgn,5,20260813,6908990298377023620,4.983668039026038,results/vtm_content_partition_study/stimuli/kodim03_e25ca1ff2f0c__awgn_5_seed-20260813.png,768,512,0f9529c0f3acc56151e679a45217667441220b4fcdbbb73d8e91438006bce304,57.51267606176813,55.03637951378172,55.03637951378172,39.70274441965525,0.1757922490144883,0.34225813118628867,2.455513120128018,0.8515079795374658,2.7131331504250045,4.645554263889025,0.5978515597999681,0.28665610739895697,2.400493901758355,0.8653134312391966
kodak,kodim03.png,kodim03_e25ca1ff2f0c__awgn_15_seed-20260811,awgn,15,20260811,1808323285496121409,14.905060300128133,results/vtm_content_partition_study/stimuli/kodim03_e25ca1ff2f0c__awgn_15_seed-20260811.png,768,512,c789d814380142cb328977e89b5193cc33cb8e236a804bc38dfb411c7a144c37,57.51267606176813,57.33636432092806,57.33636432092806,42.00164010880836,0.5924230788921313,0.7108677941225248,2.868651556911513,0.7232060895963647,8.837228615172315,5.485338097143538,0.3423513397626394,0.6591529498044328,2.841899630527708,0.7307820364370665
kodak,kodim03.png,kodim03_e25ca1ff2f0c__awgn_15_seed-20260812,awgn,15,20260812,3593571539141768,14.903075663273686,results/vtm_content_partition_study/stimuli/kodim03_e25ca1ff2f0c__awgn_15_seed-20260812.png,768,512,d5fec21cbb5cd14901ff132ab9f5c49f3125a16b316e483678bfeba0c49e8ede,57.51267606176813,57.2131128292053,57.2131128292053,41.97457963738384,0.5926560180207854,0.7115527493829259,2.8683763495397585,0.7228611045381025,8.836991901477337,5.4848541225188345,0.34174467799924974,0.6628045550847457,2.843498314646827,0.7298974807271972
kodak,kodim03.png,kodim03_e25ca1ff2f0c__awgn_15_seed-20260813,awgn,15,20260813,6908990298377023620,14.870110913093699,results/vtm_content_partition_study/stimuli/kodim03_e25ca1ff2f0c__awgn_15_seed-20260813.png,768,512,7a74a45478fb9e44beb53f34dd9bb0a7bf4b7a026992b439ca145d52f598da32,57.51267606176813,57.31586072375668,57.31586072375668,41.9553637474208,0.591184149900169,0.7060265025819148,2.863849376949259,0.7243135735966149,8.787649000465821,5.4808767432223044,0.34291177697943176,0.6572762182203391,2.838720359429958,0.7315426328724626
kodak,kodim03.png,kodim03_e25ca1ff2f0c__awgn_30_seed-20260811,awgn,30,20260811,1808323285496121409,29.338334119674265,results/vtm_content_partition_study/stimuli/kodim03_e25ca1ff2f0c__awgn_30_seed-20260811.png,768,512,9cc356b7ff7f620fefe651cdb16a6cf31fba578588395b4bb25edeaa6f9cb7ae,57.51267606176813,77.03384445894008,77.03384445894008,48.59846707581534,0.8661009573542211,1.90960381879507,3.426444934679292,0.5581134188167931,28.626202076727523,6.15326514102739,0.2055908218726798,1.8582494703389831,3.417117566880726,0.5621729173560998
kodak,kodim03.png,kodim03_e25ca1ff2f0c__awgn_30_seed-20260812,awgn,30,20260812,3593571539141768,29.339790789433184,results/vtm_content_partition_study/stimuli/kodim03_e25ca1ff2f0c__awgn_30_seed-20260812.png,768,512,48f96ba6daef383064d855a29c83585532e56ee079f5f71906539498e7f0c031,57.51267606176813,76.98374553391733,76.98374553391733,48.55514499726528,0.8654968514821072,1.9128795864088701,3.426251090010113,0.5575116986014323,28.630455763119294,6.15276738177916,0.20546883261914514,1.8670041558018253,3.4179501484165917,0.5613013281790245
kodak,kodim03.png,kodim03_e25ca1ff2f0c__awgn_30_seed-20260813,awgn,30,20260813,6908990298377023620,29.27504190799744,results/vtm_content_partition_study/stimuli/kodim03_e25ca1ff2f0c__awgn_30_seed-20260813.png,768,512,654461d63a866b1110cdb4134c75eaadadb9ee2262421fa9d6c609dfd84632cf,57.51267606176813,76.98980687145732,76.98980687145732,48.50618982896741,0.8646239696923156,1.9036670420990278,3.422954818757416,0.5586657128235184,28.47290512908484,6.149068821560336,0.20613172712766192,1.8574957219687092,3.414613652473647,0.5620505894085096
kodak,kodim03.png,kodim03_e25ca1ff2f0c__stripes_8,stripes,8,,,5.590367606989951,results/vtm_content_partition_study/stimuli/kodim03_e25ca1ff2f0c__stripes_8.png,768,512,785020e50b631383be6b7b264f125c88b9d510c99f1fd57052120a6c1c332b62,57.51267606176813,55.581072050508276,55.581072050508276,39.80484487858985,0.16269646239696922,0.21179896657498526,2.2136349019542276,0.9141083062624678,1.9701617765711286,4.258150991718526,0.7514413017916912,0.12904375814863103,2.0692649671319554,0.942994016286938
kodak,kodim03.png,kodim03_e25ca1ff2f0c__stripes_16,stripes,16,,,11.233394772807763,results/vtm_content_partition_study/stimuli/kodim03_e25ca1ff2f0c__stripes_16.png,768,512,8196a707834bfba8b8b5788f8e5f0e31955240e7d46a70347f0f426c249745c2,57.51267606176813,53.79197368514209,53.79197368514209,40.93353751810835,0.21210515537807811,0.22330647690322894,2.2651834424354895,0.9066627978392978,2.1128841761598482,4.439335701885312,0.6946287418635952,0.11999368481095177,2.064028505891751,0.9473089261247323
kodak,kodim03.png,kodim03_e25ca1ff2f0c__stripes_32,stripes,32,,,22.62903577241904,results/vtm_content_partition_study/stimuli/kodim03_e25ca1ff2f0c__stripes_32.png,768,512,95f13c8ca186c36a0c6da6931e91a86d67ae18a96f66a199f739a05b452201fc,57.51267606176813,55.73488825099227,55.73488825099227,45.253048894895144,0.6388317206778272,0.3008643475652124,2.5092499503523022,0.8688893050069484,2.735611424695646,4.767475409734372,0.5851417185680334,0.1254379889178618,2.185414646585679,0.94439408291398
kodak,kodim04.png,kodim04_e3b946107c5d__clean_0,clean,0,,,0.0,results/vtm_content_partition_study/stimuli/kodim04_e3b946107c5d__clean_0.png,512,768,370884c9dd4091c3562415e01e60d303672ca503137b713f557d99b50f773b4e,58.9093989486344,58.9093989486344,58.9093989486344,37.901416961249794,0.22054727896380485,0.23789270003055338,2.210676850835159,0.9017285598956879,2.2005387672649452,4.382077327279704,0.7063813559356207,0.204760885518591,2.161796253173124,0.9122603971119533
kodak,kodim04.png,kodim04_e3b946107c5d__awgn_5_seed-20260811,awgn,5,20260811,13674560304124078175,5.003200269772651,results/vtm_content_partition_study/stimuli/kodim04_e3b946107c5d__awgn_5_seed-20260811.png,512,768,0ff5400995b7a2c35d5a08871b1559b6410a25c0c5e4592d38af3cf6805fad71,58.9093989486344,57.448249439473415,57.448249439473415,38.211925800653184,0.25901039266881687,0.3307547843739608,2.3891536798709714,0.8567374073249348,2.9840423580843884,4.733829273715335,0.5686403830685011,0.30209352576647097,2.3560746292081385,0.8644862146650021
kodak,kodim04.png,kodim04_e3b946107c5d__awgn_5_seed-20260812,awgn,5,20260812,8625980882863079943,4.999904885976843,results/vtm_content_partition_study/stimuli/kodim04_e3b946107c5d__awgn_5_seed-20260812.png,512,768,ebf97e3e2e03ae9e953587d9f8e06ca27fd3ed32670c207e339a325b1221f250,58.9093989486344,57.38229486747503,57.38229486747503,38.20603683294647,0.25884656734756567,0.33046801588236224,2.3894005521942363,0.8568089172131301,2.9787104456519797,4.732497425864104,0.5692618378048874,0.3021750652315721,2.3567525461539094,0.8643963690586878
kodak,kodim04.png,kodim04_e3b946107c5d__awgn_5_seed-20260813,awgn,5,20260813,1086302274037308843,4.991719064241155,results/vtm_content_partition_study/stimuli/kodim04_e3b946107c5d__awgn_5_seed-20260813.png,512,768,7f8c80dc78457d6d42c1828195b9063a7a7fa260df961bee85a2f4f91e1aec3e,58.9093989486344,57.33083365323892,57.33083365323892,38.21408159401348,0.25820406491578357,0.3302064303083946,2.3886031755978054,0.8570115101571386,2.9818084822976703,4.733186742689874,0.5694507763740593,0.301148177592955,2.3547157522751263,0.8649455483438285
kodak,kodim04.png,kodim04_e3b946107c5d__awgn_15_seed-20260811,awgn,15,20260811,13674560304124078175,14.930712829865497,results/vtm_content_partition_study/stimuli/kodim04_e3b946107c5d__awgn_15_seed-20260811.png,512,768,0769cfee02481011c4ffdf4eb9da60850621d4e0b453840b2d54826102789737,58.9093989486344,60.21336510834113,60.21336510834113,40.63232492971406,0.6267368043823274,0.7260036507680923,2.841235369573057,0.7211138714009745,9.14423393775525,5.4696638793670065,0.33658289955716414,0.699524522994129,2.8259629310479055,0.7251750152142351
kodak,kodim04.png,kodim04_e3b946107c5d__awgn_15_seed-20260812,awgn,15,20260812,8625980882863079943,14.919267452552782,results/vtm_content_partition_study/stimuli/kodim04_e3b946107c5d__awgn_15_seed-20260812.png,512,768,7753f57b422e06c243e74aff1f8e31eecf65c345aeda5f2939a7f8df076f2405,58.9093989486344,60.02589793503058,60.02589793503058,40.61162789867546,0.6244637280499667,0.723747579944954,2.8384752921156777,0.721817375456881,9.117427019687103,5.467980171609427,0.336864871721396,0.6978988299086757,2.8234010785619845,0.7259031143615778
kodak,kodim04.png,kodim04_e3b946107c5d__awgn_15_seed-20260813,awgn,15,20260813,1086302274037308843,14.895148386468508,results/vtm_content_partition_study/stimuli/kodim04_e3b946107c5d__awgn_15_seed-20260813.png,512,768,5a4bf8e8c6bfdec6213e2c3b8c5132f3c0241c220296cfe2191ade6eafd47792,58.9093989486344,59.904121393144635,59.904121393144635,40.63008138574999,0.625037116674346,0.723799853539254,2.8396840165083224,0.7214886260124689,9.086926808024684,5.466438553572766,0.33753193631021233,0.6967470849641227,2.824007504570545,0.7256093930439846
kodak,kodim04.png,kodim04_e3b946107c5d__awgn_30_seed-20260811,awgn,30,20260811,13674560304124078175,29.166549319076623,results/vtm_content_partition_study/stimuli/kodim04_e3b946107c5d__awgn_30_seed-20260811.png,512,768,b5cb735eecc82c4bd314214a2da81d0891896175816107fc3d041fc4b2bf8d17,58.9093989486344,78.64862543121419,78.64862543121419,47.263553065855895,0.8682050888240413,1.936761261631998,3.40279907396698,0.5552917213713685,28.598392233869593,6.120957047517772,0.205383803365257,1.9098148034898892,3.3974571994441773,0.5569332052437285
kodak,kodim04.png,kodim04_e3b946107c5d__awgn_30_seed-20260812,awgn,30,20260812,8625980882863079943,29.130769913924258,results/vtm_content_partition_study/stimuli/kodim04_e3b946107c5d__awgn_30_seed-20260812.png,512,768,517894655df27d305fa8d26536153e6b2ef2a134be47ef97911376a5ef9313f6,58.9093989486344,78.39773769091168,78.39773769091168,47.208662388868355,0.8670019966211028,1.9358003436697098,3.4016881289868666,0.5551405076566842,28.500263331792244,6.118652096912019,0.20530723400080622,1.9109130381604698,3.396622702692316,0.557081210397966
kodak,kodim04.png,kodim04_e3b946107c5d__awgn_30_seed-20260813,awgn,30,20260813,1086302274037308843,29.084646098796185,results/vtm_content_partition_study/stimuli/kodim04_e3b946107c5d__awgn_30_seed-20260813.png,512,768,4b39023ebdeeaaa9359c0ea93fd6cdd6fc6cda0b07e99f090814afbf0fe81aa6,58.9093989486344,78.19191109658415,78.19191109658415,47.22427973565377,0.8678134439154251,1.9295902944030492,3.4008831176335867,0.5557341622549191,28.415608526496555,6.117140114230542,0.20573097507947571,1.9055186929223744,3.396037293819249,0.5574478493133433
kodak,kodim04.png,kodim04_e3b946107c5d__stripes_8,stripes,8,,,5.605585346493523,results/vtm_content_partition_study/stimuli/kodim04_e3b946107c5d__stripes_8.png,512,768,8f5ffb2599fb827999fdef881f63deea54c756379bd5f8185cc34268341afb7f,58.9093989486344,57.68820572316869,57.68820572316869,38.31204759734046,0.23856550453079403,0.24131881350802764,2.2342200478763017,0.899418318861761,2.256462282502513,4.453927422788376,0.6885721651004656,0.1969534817351598,2.161723882897349,0.9151167642373073
kodak,kodim04.png,kodim04_e3b946107c5d__stripes_16,stripes,16,,,11.270349140778452,results/vtm_content_partition_study/stimuli/kodim04_e3b946107c5d__stripes_16.png,512,768,24db7305f1c0a47c8cdd203f73e04a8fcc762d8b6a326861bad61a31cb0bfc1a,58.9093989486344,56.306050717948665,56.306050717948665,39.5232831825566,0.31484410996774687,0.257281916664195,2.301984988764663,0.890930103469918,2.414838452542676,4.5918228477342975,0.6459823726095686,0.1915412997390737,2.185358972545685,0.9173902322566454
kodak,kodim04.png,kodim04_e3b946107c5d__stripes_32,stripes,32,,,22.720544435488048,results/vtm_content_partition_study/stimuli/kodim04_e3b946107c5d__stripes_32.png,512,768,e174ddc164d32184459f33d3ce409f5b135cc690b6f69a2232eebf5c7ae7263d,58.9093989486344,57.72666333275756,57.72666333275756,44.06246585051657,0.6747683407566683,0.33135776745595696,2.5425336941691103,0.8556329376757392,3.0691694275934864,4.891401710479261,0.5514720461089558,0.19457354859752118,2.312615744449937,0.9159101252460942
kodak,kodim05.png,kodim05_10349e963c5c__clean_0,clean,0,,,0.0,results/vtm_content_partition_study/stimuli/kodim05_10349e963c5c__clean_0.png,768,512,229ec03478ed1f3f6311fdfab10c0face91ffde194be795a41216c78141f98f4,124.58553775898054,124.58553775898054,124.58553775898054,48.44230572170704,0.520301540981928,0.7479711518329157,2.7833486944331502,0.8048915934175254,10.198094011847196,5.228585503268263,0.5374098021681721,0.5718760185788787,2.68999246016082,0.8305481965740193
kodak,kodim05.png,kodim05_10349e963c5c__awgn_5_seed-20260811,awgn,5,20260811,2401527348325935842,4.982370960270039,results/vtm_content_partition_study/stimuli/kodim05_10349e963c5c__awgn_5_seed-20260811.png,768,512,c757e7081313f3ca70597d174f9909f555be60008f5a3aa88d833d5e82704731,124.58553775898054,122.77294692280489,122.77294692280489,48.63034906272237,0.5502534172938105,0.8146571102872028,2.8610828895414038,0.7768427442446617,10.947854772468613,5.4006952710734755,0.455266424805599,0.6460412931877444,2.7841801695033723,0.7987069206344763
kodak,kodim05.png,kodim05_10349e963c5c__awgn_5_seed-20260812,awgn,5,20260812,8026170836110345995,4.9892240752003305,results/vtm_content_partition_study/stimuli/kodim05_10349e963c5c__awgn_5_seed-20260812.png,768,512,4612ab4016340c8c33e8c5b2bc0599383276583bb9419114e45b10300cf53c6f,124.58553775898054,122.76467858916072,122.76467858916072,48.63149126885522,0.5508293656888342,0.8146939972276316,2.861598642561725,0.7768565318202817,10.936507515145397,5.400921050195171,0.45523408442427366,0.6463825171121251,2.784672301652787,0.798684150569591
kodak,kodim05.png,kodim05_10349e963c5c__awgn_5_seed-20260813,awgn,5,20260813,16084785722360692063,4.986854311290612,results/vtm_content_partition_study/stimuli/kodim05_10349e963c5c__awgn_5_seed-20260813.png,768,512,b6cd0b4e048d98945a9b46409f43926d666e91c771350a038e730a8ceb26b6ea,124.58553775898054,122.76531992693067,122.76531992693067,48.607007902632986,0.5494880458710899,0.81445014376314,2.8614348427150715,0.7766413079980303,10.942466532557766,5.400517926648821,0.4548983537876807,0.6464130744784876,2.784766869862796,0.7983812789738792
kodak,kodim05.png,kodim05_10349e963c5c__awgn_15_seed-20260811,awgn,15,20260811,2401527348325935842,14.733755271934195,results/vtm_content_partition_study/stimuli/kodim05_10349e963c5c__awgn_15_seed-20260811.png,768,512,21f041beab01a918899be97e234704be44480118caeb6f30eeffb18ba8914750,124.58553775898054,118.5775896461024,118.5775896461024,50.2590412213238,0.7482030410075258,1.1659476724004219,3.1114465372847753,0.6785763241517057,16.755414268737304,5.801163816409813,0.3009091859088084,1.0045123044328552,3.0626971464552613,0.6933506395743603
kodak,kodim05.png,kodim05_10349e963c5c__awgn_15_seed-20260812,awgn,15,20260812,8026170836110345995,14.747023718606032,results/vtm_content_partition_study/stimuli/kodim05_10349e963c5c__awgn_15_seed-20260812.png,768,512,c52a0949fef07dae9c4c396d3d9266951dd14fae26628e6822ff8c16c5624913,124.58553775898054,118.60757360472344,118.60757360472344,50.26082061209097,0.748241437567194,1.1640494766584246,3.1112703189388258,0.6788240625691376,16.702199665439693,5.80043185561045,0.3008731123221899,1.0026661302151239,3.062971741661811,0.6929498503293194
kodak,kodim05.png,kodim05_10349e963c5c__awgn_15_seed-20260813,awgn,15,20260813,16084785722360692063,14.747927245285236,results/vtm_content_partition_study/stimuli/kodim05_10349e963c5c__awgn_15_seed-20260813.png,768,512,bef5ae62996cc9aead690808f692646df9f872ac2a7af13979298e00a0be5a2c,124.58553775898054,118.55531976285751,118.55531976285751,50.193268401870505,0.7475938155941227,1.164538137466927,3.110921969816082,0.6784820457014022,16.736512388610127,5.800435112442962,0.30007137045510035,1.003554840286832,3.062476878049182,0.6931153857215336
kodak,kodim05.png,kodim05_10349e963c5c__awgn_30_seed-20260811,awgn,30,20260811,2401527348325935842,28.53649230238347,results/vtm_content_partition_study/stimuli/kodim05_10349e963c5c__awgn_30_seed-20260811.png,768,512,4f92dd6fa2b9f0a601a9c34eec2ae305af7c2ebdde03cd27e4174f2b2b398aad,124.58553775898054,120.16967523661819,120.16967523661819,54.83422458056319,0.8932908411406338,2.18672143996516,3.439676550351668,0.5547527429774284,34.50562731567231,6.167428522958808,0.20487561213827474,2.0369591346153846,3.416499416546101,0.563115546549122
kodak,kodim05.png,kodim05_10349e963c5c__awgn_30_seed-20260812,awgn,30,20260812,8026170836110345995,28.555758047148707,results/vtm_content_partition_study/stimuli/kodim05_10349e963c5c__awgn_30_seed-20260812.png,768,512,d50514af1b02d46509b53d75478142697203606b858c72b333120bbc98fb6b54,124.58553775898054,120.38151802568007,120.38151802568007,54.84003664316948,0.8927737674704347,2.188088871312811,3.439825142098292,0.5545420811525456,34.450213244355254,6.165687782263346,0.20485749156018324,2.0366688396349417,3.4165657167802914,0.5622768553646593
kodak,kodim05.png,kodim05_10349e963c5c__awgn_30_seed-20260813,awgn,30,20260813,16084785722360692063,28.584798198861954,results/vtm_content_partition_study/stimuli/kodim05_10349e963c5c__awgn_30_seed-20260813.png,768,512,9ff8942163628223b54ddaa6a77fdab055be530112ccbf9c5985d2b25182d4ce,124.58553775898054,120.26249427137516,120.26249427137516,54.75093001790699,0.8920467926073824,2.1957035827126714,3.4415695062137255,0.5532871844453301,34.55411303571468,6.168890405567829,0.2037514137113624,2.047728059810952,3.4186804853386334,0.5614537845675054
kodak,kodim05.png,kodim05_10349e963c5c__stripes_8,stripes,8,,,5.586055642325823,results/vtm_content_partition_study/stimuli/kodim05_10349e963c5c__stripes_8.png,768,512,c23fd21b11d63c408a730fec8bbf08158b1615e6d29f3ea25f8750af06512e71,124.58553775898054,123.12707574258818,123.12707574258818,48.63803538068744,0.5335918701684329,0.7459192419569874,2.7914349048772746,0.8026810898827299,10.179800577703656,5.272368386925984,0.526370053577729,0.5704907513037809,2.691212727662554,0.8308896651964983
kodak,kodim05.png,kodim05_10349e963c5c__stripes_16,stripes,16,,,11.198552133434656,results/vtm_content_partition_study/stimuli/kodim05_10349e963c5c__stripes_16.png,768,512,f7a630f2392383785a8c7905862d2e858e6087fffd906b159e4ce26944abf1f0,124.58553775898054,120.79059898914356,120.79059898914356,49.41262171034067,0.5853683509957508,0.7501159538767285,2.818378478358735,0.798031804100193,10.246026902023633,5.336347964657266,0.5061686769081233,0.562815759452412,2.6980329930533795,0.8332072093181913
kodak,kodim05.png,kodim05_10349e963c5c__stripes_32,stripes,32,,,22.354178915408554,results/vtm_content_partition_study/stimuli/kodim05_10349e963c5c__stripes_32.png,768,512,f125cdfbfd0d4ee877c9059e03688414c6f60d838b33b91ff0c1ca9a4befba39,124.58553775898054,116.89063553547723,116.89063553547723,52.39786924898294,0.7500844724312702,0.7719356758733972,2.8923402253415977,0.7851635333446385,10.56972110383413,5.438195300093203,0.46152251864037963,0.5416395045632334,2.718124907812762,0.8396421141331722
kodak,kodim06.png,kodim06_363510303b71__clean_0,clean,0,,,0.0,results/vtm_content_partition_study/stimuli/kodim06_363510303b71__clean_0.png,768,512,9092310d0185e611128a96c582d2ba2e3048e5af339e6a069d0896d793d25c69,95.02732464362501,95.02732464362501,95.02732464362501,60.14911930235902,0.4056391747299442,0.5131418643241239,2.692965105552009,0.8422301147319657,6.703485989205005,5.013756331747329,0.5941063693303784,0.2685737858539765,2.479038656401559,0.8999057323745818
kodak,kodim06.png,kodim06_363510303b71__awgn_5_seed-20260811,awgn,5,20260811,2381054616902325352,4.907666433177375,results/vtm_content_partition_study/stimuli/kodim06_363510303b71__awgn_5_seed-20260811.png,768,512,e18f28acc6a81ccdb96080122e959ad39c83d0c294cc5ad7a38a8a6b239cc139,95.02732464362501,92.60302091894292,92.60302091894292,60.08075512625654,0.43279578149797776,0.5812018718988161,2.8130155279747893,0.8127333689551968,7.46335564230375,5.301247685768944,0.4927959950026978,0.3454637589634941,2.635664883114531,0.8634599561888758
kodak,kodim06.png,kodim06_363510303b71__awgn_5_seed-20260812,awgn,5,20260812,16048039206826295199,4.907859457269656,results/vtm_content_partition_study/stimuli/kodim06_363510303b71__awgn_5_seed-20260812.png,768,512,e662f8e19fdd54f281674027db244bca59fcc3a569a3fe7ddbf1459274862f1d,95.02732464362501,92.65642382882218,92.65642382882218,60.081407489702336,0.4323580607177597,0.5839625466486535,2.8154272411629093,0.8121290619563419,7.469314800908559,5.300123659581562,0.4930778252661458,0.3472793758148631,2.6384466085284908,0.8627071252184794
kodak,kodim06.png,kodim06_363510303b71__awgn_5_seed-20260813,awgn,5,20260813,16445384210044935428,4.89783029073113,results/vtm_content_partition_study/stimuli/kodim06_363510303b71__awgn_5_seed-20260813.png,768,512,c48b48b6dc4bd821fc51862229632e15001592b8f4f2eb3f294af99d33a0b1f6,95.02732464362501,92.63521773527526,92.63521773527526,60.07308108772133,0.43199969282752265,0.5831458808504034,2.81454979456839,0.8123873179695834,7.47227017588153,5.3014630280157355,0.49296900987709585,0.34720552884615385,2.6379886230938134,0.8628807810523631
kodak,kodim06.png,kodim06_363510303b71__awgn_15_seed-20260811,awgn,15,20260811,2381054616902325352,14.598991808635734,results/vtm_content_partition_study/stimuli/kodim06_363510303b71__awgn_15_seed-20260811.png,768,512,fb346143d9bd284e91016a782f47bac0334f1162d064904840e50229cdfdd08d,95.02732464362501,90.42411051117735,90.42411051117735,60.96896247994027,0.6706624686428097,0.9497057347711759,3.1645850149618457,0.7063395842498126,13.250961862705825,5.8162185860296045,0.3242823901370314,0.7177848965123859,3.063922247846928,0.7372699216228156
kodak,kodim06.png,kodim06_363510303b71__awgn_15_seed-20260812,awgn,15,20260812,16048039206826295199,14.605442283451994,results/vtm_content_partition_study/stimuli/kodim06_363510303b71__awgn_15_seed-20260812.png,768,512,bab34571da31309c18994b0a47cfcd33f31839de9941de191d5da0ef6b578484,95.02732464362501,90.58400705362071,90.58400705362071,60.97783165471965,0.6710336353862694,0.9545872985486189,3.169131742448836,0.7049810604533703,13.293916231009916,5.8174096356092395,0.32408668359221476,0.7205325130378097,3.0674269239917065,0.736724543405606
kodak,kodim06.png,kodim06_363510303b71__awgn_15_seed-20260813,awgn,15,20260813,16445384210044935428,14.574858522682732,results/vtm_content_partition_study/stimuli/kodim06_363510303b71__awgn_15_seed-20260813.png,768,512,f4b8ccd7bdab1bc0deeafb44f5dcc40d48db3a1b712655d3ac5b25bf6979f00f,95.02732464362501,90.49669444990505,90.49669444990505,60.95099471369106,0.6700916397890749,0.9487161190300248,3.1650775272454865,0.7062935708721099,13.240053137060823,5.816687729829846,0.3243272589791314,0.7184036831812256,3.0648978030029577,0.7373252617905918
kodak,kodim06.png,kodim06_363510303b71__awgn_30_seed-20260811,awgn,30,20260811,2381054616902325352,28.762445205355554,results/vtm_content_partition_study/stimuli/kodim06_363510303b71__awgn_30_seed-20260811.png,768,512,3feffe20ea378d3b89366af64cc03a8930a03c4f8e42165deca620d95879a477,95.02732464362501,99.96497198509608,99.96497198509608,64.49573285753596,0.8665361183637946,2.0688064982382373,3.6045860799669134,0.565354206381554,31.94661125700554,6.297424630018657,0.21653092595033246,1.8390900016297262,3.563102500823945,0.5801118176012303
kodak,kodim06.png,kodim06_363510303b71__awgn_30_seed-20260812,awgn,30,20260812,16048039206826295199,28.784099182413218,results/vtm_content_partition_study/stimuli/kodim06_363510303b71__awgn_30_seed-20260812.png,768,512,9db8354019f22b352136bef8461221bb0aef0f6f8725648e90785083edf05a1e,95.02732464362501,100.21314720611912,100.21314720611912,64.53047418712329,0.8665361183637946,2.0763098773221738,3.606878489404069,0.5641892597421343,32.06323961085423,6.299530285717665,0.2162250385760586,1.8469890808344198,3.565519256293156,0.5792673424532895
kodak,kodim06.png,kodim06_363510303b71__awgn_30_seed-20260813,awgn,30,20260813,16445384210044935428,28.721203256122333,results/vtm_content_partition_study/stimuli/kodim06_363510303b71__awgn_30_seed-20260813.png,768,512,8ed9f11f6d502d1b3efd267f7252181584bf8076226ca0157e8ee6d3a0d18541,95.02732464362501,100.01249794626241,100.01249794626241,64.461614531863,0.8659396918036144,2.0655953394547995,3.6045125177971835,0.5650867591044739,31.853667492004586,6.297785567058798,0.21652598748586793,1.8407248207301172,3.5638597865667574,0.5799978147079632
kodak,kodim06.png,kodim06_363510303b71__stripes_8,stripes,8,,,5.494597816362378,results/vtm_content_partition_study/stimuli/kodim06_363510303b71__stripes_8.png,768,512,b5ecfb20b5de88cbdccb172454e5a5d4e8283f31d00a44e909ce688280c6b048,95.02732464362501,93.50929591613466,93.50929591613466,60.09621857315193,0.4159038550145907,0.5148641039700471,2.7290435234366672,0.8378857559070161,6.717017989006631,5.098306838865778,0.5808617945960606,0.26903723924380707,2.4998071159336517,0.8990857436785278
kodak,kodim06.png,kodim06_363510303b71__stripes_16,stripes,16,,,11.023252244560156,results/vtm_content_partition_study/stimuli/kodim06_363510303b71__stripes_16.png,768,512,58ed2092a2fa032dc5c851d70cbff9c80ef5e0b590857e6a1220fcdbf9a099cc,95.02732464362501,91.8905555993081,91.8905555993081,60.49683965295924,0.4545333538114985,0.535502870797794,2.808024693602963,0.8280359706810418,6.8650714563647455,5.191176806666441,0.5547221560508462,0.2717466590612777,2.5480867446844675,0.8977625526636546
kodak,kodim06.png,kodim06_363510303b71__stripes_32,stripes,32,,,22.138765812043392,results/vtm_content_partition_study/stimuli/kodim06_363510303b71__stripes_32.png,768,512,f325996fb74dd5e1fecaffa6524773a15523ff8f4930cb4fc2a6a525652d4f80,95.02732464362501,91.59065223053787,91.59065223053787,62.55248106359662,0.6634234372600215,0.5811347186976159,2.9422030453305634,0.8074736096908998,7.378067043659122,5.350009365429885,0.5015867864874489,0.26560972131681876,2.6061435188712085,0.8997652159490863
kodak,kodim07.png,kodim07_b77d3f006f42__clean_0,clean,0,,,0.0,results/vtm_content_partition_study/stimuli/kodim07_b77d3f006f42__clean_0.png,768,512,713fc1339ac900c067381114ddad6cde5d911ec279d1e72b321f1522dcbb0237,77.83309744211552,77.83309744211552,77.83309744211552,37.048529863198,0.2779578149797778,0.27225191039684526,2.1984669466216484,0.898019296691247,2.909610806159802,4.27386855303191,0.7298424337909781,0.18368032920469363,2.0784862151345096,0.9262686699516833
kodak,kodim07.png,kodim07_b77d3f006f42__awgn_5_seed-20260811,awgn,5,20260811,2590163596173656454,5.009804585821536,results/vtm_content_partition_study/stimuli/kodim07_b77d3f006f42__awgn_5_seed-20260811.png,768,512,6ca2fe04978d9a5aecef475695eaeb023dc3bb198a57aa2762ac4b518812372e,77.83309744211552,74.65742030006547,74.65742030006547,37.35489249874429,0.30081656683561153,0.39128287164335407,2.4202168064870264,0.8406498489109804,3.6994178471218486,4.723781965239513,0.5661514191285537,0.3157008841264668,2.344482642028474,0.8618125430588433
kodak,kodim07.png,kodim07_b77d3f006f42__awgn_5_seed-20260812,awgn,5,20260812,1282232873168774680,5.008810038208743,results/vtm_content_partition_study/stimuli/kodim07_b77d3f006f42__awgn_5_seed-20260812.png,768,512,5cb644db120954b930251a696b44207713c24e53750240dfadcfe18e29d5152d,77.83309744211552,74.6162563306108,74.6162563306108,37.35189630521435,0.30067065990887215,0.39004479250451923,2.419692023296779,0.8408575191972438,3.6977775107191975,4.723256643965676,0.5664681173027398,0.3154462394067796,2.3445113558683923,0.8618070886729605
kodak,kodim07.png,kodim07_b77d3f006f42__awgn_5_seed-20260813,awgn,5,20260813,3098269893240156219,5.001662931473704,results/vtm_content_partition_study/stimuli/kodim07_b77d3f006f42__awgn_5_seed-20260813.png,768,512,5ea4ea340f41d611eb483203405a0d210252636fc306e8d4eb359c3e237dd233,77.83309744211552,74.67650780850104,74.67650780850104,37.383957541973245,0.30168688885475864,0.39116553283489014,2.4218421860622583,0.8404530128673798,3.700701339563448,4.725880975907746,0.5661084743137333,0.31637059973924386,2.3468440219294098,0.8613586385812975
kodak,kodim07.png,kodim07_b77d3f006f42__awgn_15_seed-20260811,awgn,15,20260811,2590163596173656454,14.964389747338643,results/vtm_content_partition_study/stimuli/kodim07_b77d3f006f42__awgn_15_seed-20260811.png,768,512,5bc51804da664eff4605795950f5978c2f0af4c143c68542b92b4da26850f5f7,77.83309744211552,73.1287940569863,73.1287940569863,39.82768164201054,0.6477371627502175,0.7710097819418629,2.8380406744514968,0.7145153796473274,9.872637929367208,5.469001351634135,0.3323372574416543,0.7010190881681877,2.8030899571928938,0.725773835033511
kodak,kodim07.png,kodim07_b77d3f006f42__awgn_15_seed-20260812,awgn,15,20260812,1282232873168774680,14.957649888317277,results/vtm_content_partition_study/stimuli/kodim07_b77d3f006f42__awgn_15_seed-20260812.png,768,512,91e876482428a191044f7e686624af8700f7f4aeb2c56f7c89a464e9ca48775b,77.83309744211552,72.99360972115892,72.99360972115892,39.814652209693136,0.6464879946756771,0.7721972161827294,2.8390019337102217,0.7142778529079632,9.868551668971724,5.468936196042401,0.3324575913185116,0.7029289235658409,2.8044087088744027,0.725059114976008
kodak,kodim07.png,kodim07_b77d3f006f42__awgn_15_seed-20260813,awgn,15,20260813,3098269893240156219,14.938157666996606,results/vtm_content_partition_study/stimuli/kodim07_b77d3f006f42__awgn_15_seed-20260813.png,768,512,cafaa7d56e70abb41f8f242336f53c95ce4d14d9ab2f6e9ef1527fbb2825190c,77.83309744211552,73.15201026836559,73.15201026836559,39.90082354386158,0.6465391900885681,0.772232973583632,2.8418820906313034,0.7142487576846218,9.86054315939634,5.471093289649013,0.33243283041062166,0.7032395901238593,2.8074512982382323,0.7253685993372732
kodak,kodim07.png,kodim07_b77d3f006f42__awgn_30_seed-20260811,awgn,30,20260811,2590163596173656454,29.601352272418136,results/vtm_content_partition_study/stimuli/kodim07_b77d3f006f42__awgn_30_seed-20260811.png,768,512,ef1fcb73b1f718186ee85eb7528e1b00e1a79973bfc4ea14f2675f1d25d2026b,77.83309744211552,86.84939989540828,86.84939989540828,46.93429931591947,0.8794655198894179,2.000959788838034,3.4090134237264547,0.552025086419029,30.068028808613267,6.135725134411512,0.20153790885986836,1.9371689618644066,3.39763571857427,0.5569841884046207
kodak,kodim07.png,kodim07_b77d3f006f42__awgn_30_seed-20260812,awgn,30,20260812,1282232873168774680,29.58280474409934,results/vtm_content_partition_study/stimuli/kodim07_b77d3f006f42__awgn_30_seed-20260812.png,768,512,66d6ec3414cc2f711db2dda4ac76f1eb6b4134ba1418de1eb197f279c0b05eb3,77.83309744211552,86.65639986988201,86.65639986988201,46.901766059355886,0.8788716530998822,2.002871503340965,3.4092500774932315,0.5513871100079248,30.03195618520496,6.134594402740359,0.2016720550783253,1.9398962068122554,3.398103946067684,0.5564681943133398
kodak,kodim07.png,kodim07_b77d3f006f42__awgn_30_seed-20260813,awgn,30,20260813,3098269893240156219,29.54401618284004,results/vtm_content_partition_study/stimuli/kodim07_b77d3f006f42__awgn_30_seed-20260813.png,768,512,f66c7a1aa37456376782d283fc19832108535520ba949fed3178fa10e023c753,77.83309744211552,86.85641950882416,86.85641950882416,47.037944607762824,0.8790124404853326,2.000177888356154,3.4115514697764047,0.5519862567355673,30.005076773539177,6.137730512323859,0.20174748027664088,1.940642315840939,3.400819374956334,0.556764705844983
kodak,kodim07.png,kodim07_b77d3f006f42__stripes_8,stripes,8,,,5.608223998018143,results/vtm_content_partition_study/stimuli/kodim07_b77d3f006f42__stripes_8.png,768,512,bfd4aec840b2d1c7c0384fdaa331c93123d50379f788fd3f8134342d097a29b7,77.83309744211552,75.55507190512883,75.55507190512883,37.493087621250936,0.2870961961808222,0.27649660116905483,2.2356198145788864,0.8933627646565037,2.947208432094954,4.398450537749342,0.7033687934475155,0.1750784305736636,2.0735229637847694,0.9303631703816065
kodak,kodim07.png,kodim07_b77d3f006f42__stripes_16,stripes,16,,,11.274889053509366,results/vtm_content_partition_study/stimuli/kodim07_b77d3f006f42__stripes_16.png,768,512,5f97e35c117b129a37eca204321c29a2dd7a3b5fe2834fa0a3798abc94417039,77.83309744211552,72.94506915939745,72.94506915939745,38.75925561177575,0.32737418727282036,0.2927385324031137,2.313818746822311,0.8850614562062078,3.0927083361571825,4.563294346868846,0.6537735322291706,0.16875305573663624,2.101557397409932,0.9334727488208452
kodak,kodim07.png,kodim07_b77d3f006f42__stripes_32,stripes,32,,,22.728794765023075,results/vtm_content_partition_study/stimuli/kodim07_b77d3f006f42__stripes_32.png,768,512,aabc19964a90601fb31e33e0e596edd1110a7accb534cfb1293b3d0f0938ffe9,77.83309744211552,72.00032333673389,72.00032333673389,43.43556028121867,0.685225003839656,0.3625836198111346,2.5389741582418077,0.852535055410536,3.7302249878953226,4.8720993353922,0.5575576756917786,0.1716916558018253,2.223426938080836,0.9319147632914864
kodak,kodim08.png,kodim08_ba23983c76b4__clean_0,clean,0,,,0.0,results/vtm_content_partition_study/stimuli/kodim08_ba23983c76b4__clean_0.png,768,512,989a8d30b98c04559a5e9d56f91b2af82174604518961741a04f474176511595,157.11382891853802,157.11382891853802,157.11382891853802,63.28249946788284,0.5678518404750934,1.1643228904214835,3.1428731738348312,0.756200900830468,17.126638770827647,5.607529771250913,0.48344129874806896,1.0011408083441982,3.05564129780395,0.7883862207257167
kodak,kodim08.png,kodim08_ba23983c76b4__awgn_5_seed-20260811,awgn,5,20260811,13768457441763341889,4.947578027748279,results/vtm_content_partition_study/stimuli/kodim08_ba23983c76b4__awgn_5_seed-20260811.png,768,512,6a2d8abaffb50c3203ca957b99b793e0b0720ff0a80eff9c59800c4c5f16497f,157.11382891853802,154.61805570831865,154.61805570831865,63.31552329516446,0.5919597604054677,1.2263572792789403,3.207790414543193,0.7315367455947186,17.821339615622882,5.752383721445692,0.418712991162695,1.0679290254237288,3.1359280686601094,0.7598457833460279
kodak,kodim08.png,kodim08_ba23983c76b4__awgn_5_seed-20260812,awgn,5,20260812,11452475476780737760,4.941008661129372,results/vtm_content_partition_study/stimuli/kodim08_ba23983c76b4__awgn_5_seed-20260812.png,768,512,0004fcd27f5bf5e87cfb5ca3a8815f0f0d64175b398696e00b760e2ca3e39fa7,157.11382891853802,154.60009572705053,154.60009572705053,63.310735305423215,0.5929350330210413,1.224990191361138,3.2078318206843695,0.7318226258936029,17.803123304943224,5.752977877670262,0.418949053006438,1.0662254522490222,3.1358260359446377,0.7600560484270142
kodak,kodim08.png,kodim08_ba23983c76b4__awgn_5_seed-20260813,awgn,5,20260813,6320099502161092642,4.941183398301569,results/vtm_content_partition_study/stimuli/kodim08_ba23983c76b4__awgn_5_seed-20260813.png,768,512,81b7a5905ad334eee17b2c45a6de95a1103cf630b650260dcbe8b467ebc1dcd2,157.11382891853802,154.7142133072,154.7142133072,63.32997475333413,0.5932012491680746,1.2258740676681081,3.2070992579792064,0.7319848648752696,17.841190459280604,5.752228135295587,0.41911897448076585,1.067824621088657,3.1350725438719493,0.7604070653327181
kodak,kodim08.png,kodim08_ba23983c76b4__awgn_15_seed-20260811,awgn,15,20260811,13768457441763341889,14.68171567171576,results/vtm_content_partition_study/stimuli/kodim08_ba23983c76b4__awgn_15_seed-20260811.png,768,512,6bbe9d0edbaed52a976a6ab9d97554e6c9da6ed0f5445ab8e9e4d4ad823bbe46,157.11382891853802,147.94307999715357,147.94307999715357,64.31381839052068,0.7696692776327241,1.5594513707420612,3.4147018319511906,0.6503449294082169,23.370045992872818,6.108136460104491,0.2852860328262998,1.4098175725228161,3.3732519090624367,0.668087225179521
kodak,kodim08.png,kodim08_ba23983c76b4__awgn_15_seed-20260812,awgn,15,20260812,11452475476780737760,14.663275471132557,results/vtm_content_partition_study/stimuli/kodim08_ba23983c76b4__awgn_15_seed-20260812.png,768,512,3fe63aba9c1462139a4076ac46e8c21b6f8f1dae46ab940aaaadf7acaca4eb88,157.11382891853802,147.93979054982273,147.93979054982273,64.29626024814358,0.7691010085496339,1.5537613548289755,3.414392768448004,0.6504234140538094,23.294125576211332,6.1078251804506305,0.28539267942248064,1.4013200782268578,3.371543557869428,0.6688412683796124
kodak,kodim08.png,kodim08_ba23983c76b4__awgn_15_seed-20260813,awgn,15,20260813,6320099502161092642,14.656698538634437,results/vtm_content_partition_study/stimuli/kodim08_ba23983c76b4__awgn_15_seed-20260813.png,768,512,8bf9ccb32e3890230a6c58fe3970a251b2e0f2cfd76bccb9a0135c34f8bbfb77,157.11382891853802,148.2320198778291,148.2320198778291,64.34688073533735,0.7693134695131316,1.5604117500967152,3.4145271816557594,0.6506618437046268,23.40170702732319,6.1066848985942155,0.285793326617781,1.40745446952412,3.3723560256933824,0.6683996018588545
kodak,kodim08.png,kodim08_ba23983c76b4__awgn_30_seed-20260811,awgn,30,20260811,13768457441763341889,28.684611965350026,results/vtm_content_partition_study/stimuli/kodim08_ba23983c76b4__awgn_30_seed-20260811.png,768,512,1ff7608786433c3a21ac7f703e6749fbad47fc2acbf1786b78fd07afc5f94d68,157.11382891853802,144.39546849243558,144.39546849243558,67.52700866329424,0.9019070291301899,2.5886272292857866,3.7193073497355713,0.5371288953443296,41.14227399357563,6.439698170998942,0.19747125974526608,2.4499470338983054,3.7012087026342564,0.5459180900744911
kodak,kodim08.png,kodim08_ba23983c76b4__awgn_30_seed-20260812,awgn,30,20260812,11452475476780737760,28.654598475531728,results/vtm_content_partition_study/stimuli/kodim08_ba23983c76b4__awgn_30_seed-20260812.png,768,512,d301de7181d0774d69acbbe8400abb6378f9ef8a0a7c27974bb6d23529c1539d,157.11382891853802,144.492645253127,144.492645253127,67.49402537626901,0.9011749347258485,2.5768242060858686,3.7178509977709178,0.5377933152705106,40.96383124613365,6.439023736824403,0.19789292409051157,2.4303674014015644,3.6979907647010792,0.5472344142520962
kodak,kodim08.png,kodim08_ba23983c76b4__awgn_30_seed-20260813,awgn,30,20260813,6320099502161092642,28.62796933516606,results/vtm_content_partition_study/stimuli/kodim08_ba23983c76b4__awgn_30_seed-20260813.png,768,512,de9cb11382dfb2408b0e99393f9dcfcb039cfd4f9754490722008bad960415a1,157.11382891853802,144.99262774906967,144.99262774906967,67.56544524602742,0.9011288588542467,2.5900806688392892,3.71832420811023,0.5374744834883435,41.144486072986936,6.437892796967981,0.1977798914436289,2.4446427843872227,3.698958468284499,0.546815433047521
kodak,kodim08.png,kodim08_ba23983c76b4__stripes_8,stripes,8,,,5.537953827619227,results/vtm_content_partition_study/stimuli/kodim08_ba23983c76b4__stripes_8.png,768,512,cf6b95f80d05962250f91b2e8274e5f514f1d5dca46d845333b3da23b3d28b07,157.11382891853802,155.18106115252522,155.18106115252522,63.37542033015917,0.5784339323196641,1.1602603927137842,3.1488751960770793,0.7563556032689626,17.091855828657835,5.658256044211406,0.47556783216775106,0.9929768986310299,3.054019708899464,0.7908199924081306
kodak,kodim08.png,kodim08_ba23983c76b4__stripes_16,stripes,16,,,11.105749612647568,results/vtm_content_partition_study/stimuli/kodim08_ba23983c76b4__stripes_16.png,768,512,af404d6baba6d9cc63ab8556ca769efddb692b683bebdc7e450e6ceac5abf1f6,157.11382891853802,152.1776658410935,152.1776658410935,63.890609889539704,0.6219909896073312,1.149871045953867,3.1641569535892886,0.7562705667428127,17.051033071701415,5.722953260403602,0.4597022897748285,0.9770768823337679,3.0536578155339815,0.7960767239875408
kodak,kodim08.png,kodim08_ba23983c76b4__stripes_32,stripes,32,,,22.237804885498214,results/vtm_content_partition_study/stimuli/kodim08_ba23983c76b4__stripes_32.png,768,512,d5b5bed4b33bada31237d5213e3e9ea3776c2aa4782854d6643cce11b57e4426,157.11382891853802,146.5421152908377,146.5421152908377,65.99636014441491,0.7725925357088005,1.1729483715123008,3.2574499804876855,0.7420672104011085,17.22885064393188,5.817502881206062,0.42283494963942325,0.954764911994785,3.1031484633429818,0.798592243071282
kodak,kodim09.png,kodim09_6a4361c2fc19__clean_0,clean,0,,,0.0,results/vtm_content_partition_study/stimuli/kodim09_6a4361c2fc19__clean_0.png,512,768,ce3ec38db14f810dc26712855b54f15073e110158b161ba2b6086a58357212ee,81.27218115066475,81.27218115066475,81.27218115066475,38.14422805081467,0.20211693032304306,0.27781622143407825,2.1787814907660543,0.9058323830612832,3.0599049892478467,4.296127889858291,0.7361632510779532,0.24262067840834964,2.1120750294624138,0.9201691042948095
kodak,kodim09.png,kodim09_6a4361c2fc19__awgn_5_seed-20260811,awgn,5,20260811,18257608411526477614,5.013174121709401,results/vtm_content_partition_study/stimuli/kodim09_6a4361c2fc19__awgn_5_seed-20260811.png,512,768,ae6196865613fbd9bb08b31606a45533bb5359af28da925f9e5293bd3fd1df05,81.27218115066475,78.66781414818458,78.66781414818458,38.452442582427224,0.22178108841447805,0.37462503315862944,2.377754603632839,0.858901240021785,3.8567938497775422,4.727442251959613,0.5788087066382338,0.34352831457925637,2.3349857011861728,0.8702103781956848
kodak,kodim09.png,kodim09_6a4361c2fc19__awgn_5_seed-20260812,awgn,5,20260812,165719163368697002,4.998120272476245,results/vtm_content_partition_study/stimuli/kodim09_6a4361c2fc19__awgn_5_seed-20260812.png,512,768,ebf527545e7ddc63c5392d88995c07cabbb031d2900898c7808e06b56a88e353,81.27218115066475,78.7080126573225,78.7080126573225,38.447841761385675,0.22166845850611785,0.3759789486522494,2.3802413200236407,0.8583839940225826,3.8539563941631294,4.725736345319774,0.5791248696506447,0.3458012271689498,2.339226419033092,0.8691598591820817
kodak,kodim09.png,kodim09_6a4361c2fc19__awgn_5_seed-20260813,awgn,5,20260813,11780101335722263977,5.00840078975973,results/vtm_content_partition_study/stimuli/kodim09_6a4361c2fc19__awgn_5_seed-20260813.png,512,768,49eb5917ec544f9390b6c9f5d87cd67e7d53d07cb09e8958e53b7ceca23ec29c,81.27218115066475,78.72291117219417,78.72291117219417,38.44817029709044,0.22228280346080992,0.3756663220109354,2.3796716543678493,0.8586562560463863,3.8552726345302837,4.727335093092808,0.5785691025284114,0.34511068982387477,2.3377343207479893,0.8696967469687302
kodak,kodim09.png,kodim09_6a4361c2fc19__awgn_15_seed-20260811,awgn,15,20260811,18257608411526477614,15.001108849124712,results/vtm_content_partition_study/stimuli/kodim09_6a4361c2fc19__awgn_15_seed-20260811.png,512,768,b5bdbb446e7a210fd3ade80526a3a6f1e378ff3be80e0cf9c7450450151cb9a7,81.27218115066475,77.38866211540316,77.38866211540316,40.90699838568718,0.6165207597399273,0.7798329544591988,2.8678840086269917,0.718109407586474,10.068591531086044,5.5012379997596765,0.33495524521481157,0.7505045254403131,2.850748464335871,0.7233253218465499
kodak,kodim09.png,kodim09_6a4361c2fc19__awgn_15_seed-20260812,awgn,15,20260812,165719163368697002,14.958673896560896,results/vtm_content_partition_study/stimuli/kodim09_6a4361c2fc19__awgn_15_seed-20260812.png,512,768,79ffadd557de0caf80adf77c4aeab2128a13137f243395fd1a94a1ece04cff40,81.27218115066475,77.4405541195576,77.4405541195576,40.88872778563886,0.6132749705626376,0.7785027518207379,2.865177394676917,0.7186959446845816,10.03890760940082,5.4986710374498475,0.3356566978478327,0.7504790443574689,2.8484776546094546,0.7239713411815043
kodak,kodim09.png,kodim09_6a4361c2fc19__awgn_15_seed-20260813,awgn,15,20260813,11780101335722263977,14.98681451048052,results/vtm_content_partition_study/stimuli/kodim09_6a4361c2fc19__awgn_15_seed-20260813.png,512,768,2c43e70b74aeac0b9c1e79106251f00fa50ab7d97bcc614caffe5b8095e767a4,81.27218115066475,77.50980272942192,77.50980272942192,40.895304103691245,0.6149695387293298,0.7799788070810807,2.8678063703065826,0.7182292060860087,10.079095565973985,5.501806370644703,0.3345988613419024,0.7505198140900196,2.8503786078077527,0.7234475714003312
kodak,kodim09.png,kodim09_6a4361c2fc19__awgn_30_seed-20260811,awgn,30,20260811,18257608411526477614,29.77042655764805,results/vtm_content_partition_study/stimuli/kodim09_6a4361c2fc19__awgn_30_seed-20260811.png,512,768,8d6d49dbccbf8d2a9635bb843327d1bbc3a52c8a6cff95ebbc35bf788f29451f,81.27218115066475,90.03407892260743,90.03407892260743,48.02508527573087,0.8757640915373982,2.0355709699883473,3.449460634042255,0.54961162958123,30.54411554116624,6.176384604505536,0.20117070642562013,2.0015772790280497,3.443097356324623,0.5517396416272701
kodak,kodim09.png,kodim09_6a4361c2fc19__awgn_30_seed-20260812,awgn,30,20260812,165719163368697002,29.68593925790497,results/vtm_content_partition_study/stimuli/kodim09_6a4361c2fc19__awgn_30_seed-20260812.png,512,768,822c337588b7f4f387d437249b6d28355454e88937466aae8ab38976e1c98156,81.27218115066475,90.00529720982742,90.00529720982742,47.974234427814814,0.8736420416730661,2.0309666599930813,3.4474744014151275,0.5499037673399817,30.446293883806582,6.174347186404665,0.20114773688903453,2.008131013535551,3.442907231597056,0.5513884011823551
kodak,kodim09.png,kodim09_6a4361c2fc19__awgn_30_seed-20260813,awgn,30,20260813,11780101335722263977,29.743644185020617,results/vtm_content_partition_study/stimuli/kodim09_6a4361c2fc19__awgn_30_seed-20260813.png,512,768,e9c14b16b8546b0572b31a8f50b2f0c4dd5004027632025fc0566d7553e0ce41,81.27218115066475,90.1633288734922,90.1633288734922,48.00126312269653,0.874325500435161,2.0352879725807336,3.4496840900544714,0.549450518110441,30.57195007110717,6.177190400169139,0.20031426637125427,2.006711717221135,3.4443855062396556,0.5509248887430546
kodak,kodim09.png,kodim09_6a4361c2fc19__stripes_8,stripes,8,,,5.608211981191204,results/vtm_content_partition_study/stimuli/kodim09_6a4361c2fc19__stripes_8.png,512,768,bb02f881145e93ade19e0bda03989b53ad900f02cec77dc8dd16d480deb1ad96,81.27218115066475,79.40173401843776,79.40173401843776,38.5185952839836,0.20908718578815338,0.28150726342419186,2.210062988839815,0.9033014446341445,3.1223184133653286,4.394760836935857,0.7138446399383238,0.23309075342465752,2.115890895268562,0.9236894487952102
kodak,kodim09.png,kodim09_6a4361c2fc19__stripes_16,stripes,16,,,11.281444093508638,results/vtm_content_partition_study/stimuli/kodim09_6a4361c2fc19__stripes_16.png,512,768,591086ec2b4d8026829d32b71dc6c9165e79859e0dbbc3ffdb6e0aa6b4c2c973,81.27218115066475,76.9891623978007,76.9891623978007,39.7037974379411,0.24828751343879588,0.308436979464998,2.328268469128072,0.8899630793924216,3.2736781812025644,4.560384452150746,0.6645757826209967,0.23288690476190477,2.1791090267363815,0.9235685047379245
kodak,kodim09.png,kodim09_6a4361c2fc19__stripes_32,stripes,32,,,22.789228496049397,results/vtm_content_partition_study/stimuli/kodim09_6a4361c2fc19__stripes_32.png,512,768,fb1b3aad4e6d70b01c60466b2f292c5ff7a2d6ae27d6c4adfb7d9332eda766ca,81.27218115066475,75.8430503962357,75.8430503962357,44.2537201873671,0.6666385091895766,0.37836645178107386,2.5595359792030865,0.8556461389258295,3.9204976361794115,4.882122547371663,0.5598481667442087,0.2305222602739726,2.2918926011599963,0.9238508970856876
kodak,kodim10.png,kodim10_9dfb70f5867c__clean_0,clean,0,,,0.0,results/vtm_content_partition_study/stimuli/kodim10_9dfb70f5867c__clean_0.png,512,768,2ff70fc870c829ac350340494705a5d8bb982f155bc60143bad354d80926495f,74.26826721681805,74.26826721681805,74.26826721681805,39.438758851785266,0.21051297803716787,0.25613631898935074,2.180083276814604,0.9120296389990367,2.9045194781716086,4.339331861129025,0.7308285995833931,0.22301043705153295,2.1193245850622073,0.9248377768502668
kodak,kodim10.png,kodim10_9dfb70f5867c__awgn_5_seed-20260811,awgn,5,20260811,5691233444527385387,4.990777219944262,results/vtm_content_partition_study/stimuli/kodim10_9dfb70f5867c__awgn_5_seed-20260811.png,512,768,303a8eea85705746648755224cd82d232eea8a341974a25095b0db3f5103d2be,74.26826721681805,71.82568665098334,71.82568665098334,39.6842423861578,0.23767982388777967,0.3491452011134496,2.381110949962594,0.8667082985666876,3.672294014730179,4.741924962935224,0.579460928690871,0.320256441617743,2.3423086777977646,0.8765948379465703
kodak,kodim10.png,kodim10_9dfb70f5867c__awgn_5_seed-20260812,awgn,5,20260812,11779788518824746650,4.990506123349364,results/vtm_content_partition_study/stimuli/kodim10_9dfb70f5867c__awgn_5_seed-20260812.png,512,768,2e9b8edf836cda5bc6f7ab5c0bc0f3394f384d19426a9d77049bd1cb3efa3738,74.26826721681805,71.9405426868996,71.9405426868996,39.68286100296782,0.23687349613474631,0.34916186223673484,2.381008200098058,0.86683131308414,3.686074962136506,4.742054100921112,0.5792552736018313,0.3202233162100456,2.3424265421820065,0.8766304661967811
kodak,kodim10.png,kodim10_9dfb70f5867c__awgn_5_seed-20260813,awgn,5,20260813,11766240883732792195,4.9985504592353704,results/vtm_content_partition_study/stimuli/kodim10_9dfb70f5867c__awgn_5_seed-20260813.png,512,768,290bf7793e51001971b315fb985fa1a4f8716a8b621bb16395fa5483e4011909,74.26826721681805,71.88890941528093,71.88890941528093,39.681006720550684,0.2377386986126043,0.34876851255484514,2.380740070282375,0.8667706130667918,3.682105942130049,4.742416551916577,0.5790309604298786,0.32008062214611877,2.342125663437526,0.8765386772598068
kodak,kodim10.png,kodim10_9dfb70f5867c__awgn_15_seed-20260811,awgn,15,20260811,5691233444527385387,14.923804992170593,results/vtm_content_partition_study/stimuli/kodim10_9dfb70f5867c__awgn_15_seed-20260811.png,512,768,07d80f2941e98f19ab2056b3b8459b24bb5b01c774b494247ae5905f506d62aa,74.26826721681805,71.3879222998177,71.3879222998177,41.932174549899045,0.617119746070752,0.7540721473804836,2.8704253156963073,0.7234682432111653,9.770585860359095,5.50242807555049,0.3384219782135871,0.7273014514024788,2.8550902603364285,0.728165081403649
kodak,kodim10.png,kodim10_9dfb70f5867c__awgn_15_seed-20260812,awgn,15,20260812,11779788518824746650,14.92471426003912,results/vtm_content_partition_study/stimuli/kodim10_9dfb70f5867c__awgn_15_seed-20260812.png,512,768,899f1ea4977e73cc444d7a2dd62545fc0e6413d2c171c2a87d1290dfe0972d44,74.26826721681805,71.62368850064512,71.62368850064512,41.932496680913324,0.6171351046946194,0.7563621899354203,2.872270668851879,0.7231721899081969,9.812145757302034,5.50297261867679,0.33786453924145055,0.729031616927593,2.856992942091591,0.7275089622674106
kodak,kodim10.png,kodim10_9dfb70f5867c__awgn_15_seed-20260813,awgn,15,20260813,11766240883732792195,14.945404812862884,results/vtm_content_partition_study/stimuli/kodim10_9dfb70f5867c__awgn_15_seed-20260813.png,512,768,696366673d6bc16a3cdb945f4724f638f6fa96024629657fc8a2a4958414c88f,74.26826721681805,71.56306422489418,71.56306422489418,41.928955716576695,0.6181180566221267,0.7597731372683938,2.8743222101449586,0.7223949898805533,9.801009985491529,5.502711825954583,0.33855913937332816,0.7335799902152641,2.8593537227685117,0.7271279979290153
kodak,kodim10.png,kodim10_9dfb70f5867c__awgn_30_seed-20260811,awgn,30,20260811,5691233444527385387,29.62940514885673,results/vtm_content_partition_study/stimuli/kodim10_9dfb70f5867c__awgn_30_seed-20260811.png,512,768,0d5994aa33fb4e189a0c6ad3eec2ec33669938aa7fe305252446119b6fca48d2,74.26826721681805,85.97808244171374,85.97808244171374,48.66577855464624,0.8714048021297292,1.9924249487262142,3.4486316446178815,0.5550258415325517,29.981291930583573,6.169994713456767,0.20456929351635553,1.968123165362035,3.4440586925175936,0.5568601002133686
kodak,kodim10.png,kodim10_9dfb70f5867c__awgn_30_seed-20260812,awgn,30,20260812,11779788518824746650,29.62831412662286,results/vtm_content_partition_study/stimuli/kodim10_9dfb70f5867c__awgn_30_seed-20260812.png,512,768,ba5a3f79b05d0bc8b8df417dd76985d0930eb7fe2a8c4a0e3eddb7b6d2ff757d,74.26826721681805,86.12005006939803,86.12005006939803,48.66168210163968,0.8723186402498336,1.9990124136925493,3.449793637635353,0.5539820409644707,30.070054033117884,6.170632029360615,0.20433528772539755,1.9736984262883235,3.4449745169175015,0.5552363463950641
kodak,kodim10.png,kodim10_9dfb70f5867c__awgn_30_seed-20260813,awgn,30,20260813,11766240883732792195,29.669638267020268,results/vtm_content_partition_study/stimuli/kodim10_9dfb70f5867c__awgn_30_seed-20260813.png,512,768,9e74c3c984160eaa023826e4049bfc0aeea4441844135d26e5f8d07eb245b613,74.26826721681805,86.1869799602319,86.1869799602319,48.671638890206026,0.8715071929555112,2.0001319464122798,3.449993398182379,0.5543464727881519,30.078408272732872,6.170465658694773,0.204501753842833,1.9751610404435747,3.4452311189892115,0.5560392381328119
kodak,kodim10.png,kodim10_9dfb70f5867c__stripes_8,stripes,8,,,5.595241014041158,results/vtm_content_partition_study/stimuli/kodim10_9dfb70f5867c__stripes_8.png,512,768,83042d0e9c83755059379bc20479e232fb0c8e01309374163ff5dde0f8402fbd,74.26826721681805,72.46917751172109,72.46917751172109,39.74392970523003,0.22119234116623152,0.26704438352151194,2.2342754944794927,0.9058291063180347,2.9665734396235344,4.435596899019986,0.7085247463227273,0.22086492987606,2.1454646941432762,0.9248334399244704
kodak,kodim10.png,kodim10_9dfb70f5867c__stripes_16,stripes,16,,,11.254419546571066,results/vtm_content_partition_study/stimuli/kodim10_9dfb70f5867c__stripes_16.png,512,768,1da9831eb6afc149ade6a854ac318d1990ffaf6025d9ffe9739af21c975e519f,74.26826721681805,70.31443249123743,70.31443249123743,40.830716947989856,0.27436389699482927,0.29547242959128317,2.3407038120525665,0.8918861172777536,3.104564425290156,4.58524592546947,0.6633456290761264,0.22345890410958902,2.2008469553537546,0.9233095545127172
kodak,kodim10.png,kodim10_9dfb70f5867c__stripes_32,stripes,32,,,22.713009115505912,results/vtm_content_partition_study/stimuli/kodim10_9dfb70f5867c__stripes_32.png,512,768,70e8b562ead1a631e7a53082434d482fb28fe98183a8f17bbab0c93781e3b857,74.26826721681805,69.9872642130657,69.9872642130657,45.08657338171428,0.6637741258383248,0.3626673390383584,2.5580620395795934,0.8594049286855066,3.7331545084560247,4.892096704691449,0.5623695812554934,0.21797537508153947,2.2958695742527215,0.9252393842187859
kodak,kodim11.png,kodim11_7936814b58b5__clean_0,clean,0,,,0.0,results/vtm_content_partition_study/stimuli/kodim11_7936814b58b5__clean_0.png,768,512,5d264ae8be87678ea88e831f9d3f6415df3b398615ce3b3b5cbd3d33c1114cb6,86.14149975992052,86.14149975992052,86.14149975992052,41.660372152751094,0.31704295295141555,0.39400268197865135,2.2294502670264293,0.876102897268501,4.906767539230635,4.45500787667193,0.6428210875447876,0.2849474413298566,2.1260532148834743,0.9023346978395536
kodak,kodim11.png,kodim11_7936814b58b5__awgn_5_seed-20260811,awgn,5,20260811,10707830273321977229,5.007869123038568,results/vtm_content_partition_study/stimuli/kodim11_7936814b58b5__awgn_5_seed-20260811.png,768,512,212244ff0df679c85a11a72da0d81b132ec76d1f7e36389d55e07595cf7a623e,86.14149975992052,83.77260085535991,83.77260085535991,41.93838517506997,0.353716786975887,0.48967465701930946,2.435269382279347,0.8300202434220761,5.673928485002186,4.815491588112765,0.5223995202237954,0.3903372514667536,2.3628762583982947,0.8516582632123719
kodak,kodim11.png,kodim11_7936814b58b5__awgn_5_seed-20260812,awgn,5,20260812,13100509462856888355,4.9983276113435195,results/vtm_content_partition_study/stimuli/kodim11_7936814b58b5__awgn_5_seed-20260812.png,768,512,1bc1179d2d6be5bdce8f8a8a6545fb59b68316788ad5cb3e93b0962bde59ce63,86.14149975992052,83.87772557460613,83.87772557460613,41.93951119002904,0.3534352122049864,0.4888593911025826,2.4349188173724112,0.8305024268919302,5.6868645488856995,4.813550153174134,0.5234860528872415,0.3891964431225554,2.3619906126645125,0.8521249935686404
kodak,kodim11.png,kodim11_7936814b58b5__awgn_5_seed-20260813,awgn,5,20260813,8055446370599864257,4.992070840936102,results/vtm_content_partition_study/stimuli/kodim11_7936814b58b5__awgn_5_seed-20260813.png,768,512,94818e80c0783ed85725a50b18c34c5a23b570fbd1e199a458ad0dad25262901,86.14149975992052,83.89298234778583,83.89298234778583,41.93226475749846,0.3531689960579532,0.4893993176405211,2.4339724012753265,0.8303971861381981,5.683091958709776,4.813636964889341,0.523034692545475,0.3895274812581486,2.360419798736178,0.8524316506479184
kodak,kodim11.png,kodim11_7936814b58b5__awgn_15_seed-20260811,awgn,15,20260811,10707830273321977229,14.815180582900055,results/vtm_content_partition_study/stimuli/kodim11_7936814b58b5__awgn_15_seed-20260811.png,768,512,9785da63cbc71bc627820b5dd76b14d3a90e40d12ca6ee2de187ce6321fe82c7,86.14149975992052,82.2129590256125,82.2129590256125,43.94181697342293,0.6594967490912814,0.8590237468443324,2.849319021334761,0.7113557395812562,11.649051832462604,5.497788813419424,0.32457768078144633,0.7595568163298566,2.8081286769601492,0.7247211887085325
kodak,kodim11.png,kodim11_7936814b58b5__awgn_15_seed-20260812,awgn,15,20260812,13100509462856888355,14.78521997798353,results/vtm_content_partition_study/stimuli/kodim11_7936814b58b5__awgn_15_seed-20260812.png,768,512,3056d0913c47dbc4d97aa0f9da62adfc5318b1deb94f5f4a3c265fc97589b0ce,86.14149975992052,82.40016780019677,82.40016780019677,43.94206902881211,0.6593841191829212,0.8567062938533754,2.84788512796381,0.7121019455805573,11.63061039666518,5.495548573002694,0.32550501442684454,0.7599591549869622,2.807426975115442,0.7249635261627261
kodak,kodim11.png,kodim11_7936814b58b5__awgn_15_seed-20260813,awgn,15,20260813,8055446370599864257,14.759726210952072,results/vtm_content_partition_study/stimuli/kodim11_7936814b58b5__awgn_15_seed-20260813.png,768,512,bceac8fb1dd7011b3241d188b9513759f40b8ec0b7d2ca1d1a54069c33f22bc9,86.14149975992052,82.43848754299188,82.43848754299188,43.908679015410804,0.6568141094557928,0.8572382334671558,2.8478083762820154,0.711603587209892,11.6147930456351,5.493590020274604,0.32593911118384783,0.7591366525423728,2.806457425455081,0.7243328513878642
kodak,kodim11.png,kodim11_7936814b58b5__awgn_30_seed-20260811,awgn,30,20260811,10707830273321977229,29.000613238986944,results/vtm_content_partition_study/stimuli/kodim11_7936814b58b5__awgn_30_seed-20260811.png,768,512,3b4e56395813e3c4587bfd3f9a5b6b31385dbf9c7a3efe2e13c8428996b597a6,86.14149975992052,92.97341966451408,92.97341966451408,49.55884394323989,0.8715788665335585,1.9931773640737382,3.363672076077602,0.5633398702111153,30.60975577483395,6.072547172237141,0.21001502837807273,1.8964843750000002,3.34727832080414,0.570160601992549
kodak,kodim11.png,kodim11_7936814b58b5__awgn_30_seed-20260812,awgn,30,20260812,13100509462856888355,28.948817940639977,results/vtm_content_partition_study/stimuli/kodim11_7936814b58b5__awgn_30_seed-20260812.png,768,512,a2bb59b6e19181362722a49765cb7f5a1adc0472e796d2098a538b72832df367,86.14149975992052,93.1141299549957,93.1141299549957,49.55165999343328,0.8714022423590846,1.9866505935849808,3.361851797157161,0.5643947328681231,30.523613703182846,6.0725775323867754,0.21049036032043505,1.8945414357887873,3.345933521840438,0.5702057132093046
kodak,kodim11.png,kodim11_7936814b58b5__awgn_30_seed-20260813,awgn,30,20260813,8055446370599864257,28.890621875070252,results/vtm_content_partition_study/stimuli/kodim11_7936814b58b5__awgn_30_seed-20260813.png,768,512,b5e970dd3b0f36231ab085ee83358ff8ce1be701cc072ced7bce179b13998e24,86.14149975992052,93.11557185133977,93.11557185133977,49.46640103085936,0.8705498387344494,1.9820054146071837,3.3593175824222206,0.5649969944356485,30.44322086189341,6.068538332583335,0.21080106374587623,1.8878595583441982,3.342892408091438,0.571261001959837
kodak,kodim11.png,kodim11_7936814b58b5__stripes_8,stripes,8,,,5.607838086296348,results/vtm_content_partition_study/stimuli/kodim11_7936814b58b5__stripes_8.png,768,512,4bfd1976ee509814ce58861deda48e7e26c1aa3b57fdacdf0ed5142f0eca6be6,86.14149975992052,84.46155249439202,84.46155249439202,42.02477604449045,0.33383504837966516,0.40895915155183316,2.355597124026273,0.8650899106382367,4.934166414081695,4.617922734839065,0.6249576780886889,0.2891287076271187,2.222738322116368,0.8998259899928991
kodak,kodim11.png,kodim11_7936814b58b5__stripes_16,stripes,16,,,11.245558137319117,results/vtm_content_partition_study/stimuli/kodim11_7936814b58b5__stripes_16.png,768,512,fc0789eff5c7e947206320c11f6bb8c8e25deacfd679589fe4a84031ca30c045,86.14149975992052,82.54787066807714,82.54787066807714,43.07545812306321,0.39157067526749606,0.4315879502530593,2.458803500271692,0.8535666581184258,5.060487511053541,4.787791727703514,0.5929326391097023,0.2866586538461538,2.280972762079823,0.9001708685065466
kodak,kodim11.png,kodim11_7936814b58b5__stripes_32,stripes,32,,,22.440473750842965,results/vtm_content_partition_study/stimuli/kodim11_7936814b58b5__stripes_32.png,768,512,9df263338471796f991e2e4a6d964d96ff84c07fe2f183cf3d08899b4140c8fb,86.14149975992052,81.62801622908358,81.62801622908358,46.70099602619468,0.6659499308861926,0.47079966740775087,2.6091963760226755,0.8347947342039597,5.618776251329136,5.008724708276143,0.5298012356576383,0.2779701760104303,2.3611108419515885,0.9031761331081519
kodak,kodim12.png,kodim12_d78c37c2f04f__clean_0,clean,0,,,0.0,results/vtm_content_partition_study/stimuli/kodim12_d78c37c2f04f__clean_0.png,768,512,3c9b29757169a8d282da9f401f3469ad80fc163bc1fdefd187fe6b17af6b3fcd,70.56561774490432,70.56561774490432,70.56561774490432,45.81287375215053,0.17289458864485743,0.24119601512009584,2.1520504758705368,0.9120478576204478,2.51623383177122,4.15042821159836,0.742045210400386,0.16480606258148633,2.0345849238876337,0.9382316702339805
kodak,kodim12.png,kodim12_d78c37c2f04f__awgn_5_seed-20260811,awgn,5,20260811,4957608456796895934,4.950073971179596,results/vtm_content_partition_study/stimuli/kodim12_d78c37c2f04f__awgn_5_seed-20260811.png,768,512,c5c012717182c5532a5499c95d56007ceb693dabf3a0c6cad27b809cf3404126,70.56561774490432,68.59348104466035,68.59348104466035,45.94815732608375,0.20510674243587776,0.3375255474432913,2.3388012854819378,0.865863144113585,3.285229517249158,4.588340984034047,0.5877623987411668,0.2723858173076923,2.271999627309697,0.884783369068839
kodak,kodim12.png,kodim12_d78c37c2f04f__awgn_5_seed-20260812,awgn,5,20260812,7305854176659034297,4.957899742509002,results/vtm_content_partition_study/stimuli/kodim12_d78c37c2f04f__awgn_5_seed-20260812.png,768,512,4438d14e95c60cd11716c749ba485eb484ffd6c179a3383b836566372815ec67,70.56561774490432,68.76266211607093,68.76266211607093,45.96362440247216,0.20544207239031384,0.3386057248465102,2.3397984855263214,0.8654610811024555,3.300554912288332,4.591470780740151,0.5867497231357603,0.27268375162972625,2.272177401065619,0.8847009091169639
kodak,kodim12.png,kodim12_d78c37c2f04f__awgn_5_seed-20260813,awgn,5,20260813,3610363577041599076,4.951600876179255,results/vtm_content_partition_study/stimuli/kodim12_d78c37c2f04f__awgn_5_seed-20260813.png,768,512,801d213106f83b096ec5720ce394c0df272c739b9bebc0e8f80f540f1cdecc99,70.56561774490432,68.56170581717205,68.56170581717205,45.96092914652062,0.20540623560129012,0.3375977607324062,2.3382648750810855,0.8659634720471208,3.281986667822385,4.588951890674871,0.5882353416794421,0.27281871333116037,2.2722889976509673,0.8847339910379907
kodak,kodim12.png,kodim12_d78c37c2f04f__awgn_15_seed-20260811,awgn,15,20260811,4957608456796895934,14.772610591970048,results/vtm_content_partition_study/stimuli/kodim12_d78c37c2f04f__awgn_15_seed-20260811.png,768,512,e07a8953e95f8d685ec05fd3ce97c52f018d250534bea218fa5d3dff8378daf6,70.56561774490432,69.46151444381329,69.46151444381329,47.6869334640719,0.5935340193518661,0.718563740177923,2.818858481882777,0.7319001929784026,9.264990673026691,5.429675444785811,0.3468991991761327,0.6590638241525424,2.7925543050650123,0.741613589204749
kodak,kodim12.png,kodim12_d78c37c2f04f__awgn_15_seed-20260812,awgn,15,20260812,7305854176659034297,14.79702813493225,results/vtm_content_partition_study/stimuli/kodim12_d78c37c2f04f__awgn_15_seed-20260812.png,768,512,fe45b6878a04dc21652c777d85117ee04fe346bb6d8c2c4044524d049997478b,70.56561774490432,69.93069707139095,69.93069707139095,47.736487588635384,0.5939461424256387,0.721600142585761,2.8215614052457276,0.7313126897815349,9.317133624037606,5.4320598226225805,0.3463172416758199,0.6605611351043026,2.794627154765779,0.7408034433539199
kodak,kodim12.png,kodim12_d78c37c2f04f__awgn_15_seed-20260813,awgn,15,20260813,3610363577041599076,14.781027192042101,results/vtm_content_partition_study/stimuli/kodim12_d78c37c2f04f__awgn_15_seed-20260813.png,768,512,079e2859472c0bb4cfde7a337a98e656cab7fa97e02a9926dead0a4b12b4eb30,70.56561774490432,69.45442595642055,69.45442595642055,47.72759707899304,0.5939973378385297,0.7186085691931463,2.8193863680010454,0.7319048583766004,9.233061747929328,5.428940482833793,0.34753106776150827,0.6589746985006519,2.7928391522469624,0.7415699915062705
kodak,kodim12.png,kodim12_d78c37c2f04f__awgn_30_seed-20260811,awgn,30,20260811,4957608456796895934,29.104096514745407,results/vtm_content_partition_study/stimuli/kodim12_d78c37c2f04f__awgn_30_seed-20260811.png,768,512,38f501824772527da534970b2d8bb73db5c2959eaa999fb59b6f9b239b2d5c91,70.56561774490432,84.60701171636644,84.60701171636644,53.15666098869292,0.8587800133108073,1.88304765185742,3.4116232622742446,0.5673339910796498,28.602777043604775,6.131734882095518,0.21340032205575293,1.8280740710560628,3.404094687143229,0.5719087710032784
kodak,kodim12.png,kodim12_d78c37c2f04f__awgn_30_seed-20260812,awgn,30,20260812,7305854176659034297,29.150164253552923,results/vtm_content_partition_study/stimuli/kodim12_d78c37c2f04f__awgn_30_seed-20260812.png,768,512,af8bbd2788b1e9158299e84c7168e8cd7d4d3602fd6cae1723b6bbbda5109682,70.56561774490432,85.39154043909018,85.39154043909018,53.25533080705517,0.8589515179439923,1.8946980518426484,3.415540512297381,0.5664604031340825,28.74197215453512,6.134660328565385,0.21314702883816197,1.8376614447522817,3.407834922416809,0.5705804324779041
kodak,kodim12.png,kodim12_d78c37c2f04f__awgn_30_seed-20260813,awgn,30,20260813,3610363577041599076,29.10152217034398,results/vtm_content_partition_study/stimuli/kodim12_d78c37c2f04f__awgn_30_seed-20260813.png,768,512,2c04c4e50f948ff701ca1a83fa9bc1835a08c4c47b998a09f18cf97f96e8296a,70.56561774490432,84.71849744081284,84.71849744081284,53.21806150788,0.8589796754210822,1.8791190054141356,3.412192069779298,0.5677232249077728,28.5388894466544,6.131166599534128,0.21373808541645845,1.8246567389178616,3.404758268719705,0.5720580150316482
kodak,kodim12.png,kodim12_d78c37c2f04f__stripes_8,stripes,8,,,5.553129955168607,results/vtm_content_partition_study/stimuli/kodim12_d78c37c2f04f__stripes_8.png,768,512,1d2087a44d74839e1fcb0387c92acc18f7642cf6b1ecf5a687f0e804a6c3ceed,70.56561774490432,69.04360905050142,69.04360905050142,46.005151320227085,0.18808682742026314,0.2463163249331206,2.1927411216562662,0.9094776615481318,2.545658324804646,4.281988821898443,0.7207967573536367,0.157019027053455,2.049552135544559,0.9413416110989555
kodak,kodim12.png,kodim12_d78c37c2f04f__stripes_16,stripes,16,,,11.156432135169991,results/vtm_content_partition_study/stimuli/kodim12_d78c37c2f04f__stripes_16.png,768,512,1dbe2504747c60a6e0c1f769ed55385113e4d2166336bf48cf333ec0a0f21017,70.56561774490432,67.44066885148249,67.44066885148249,46.84053332015744,0.24713049710745918,0.2662226626186096,2.2876257434653446,0.8993576556033881,2.6810088203881195,4.483711763226478,0.6754029216395262,0.15517030638852675,2.1000537560206634,0.9418215898940792
kodak,kodim12.png,kodim12_d78c37c2f04f__stripes_32,stripes,32,,,22.48574089052874,results/vtm_content_partition_study/stimuli/kodim12_d78c37c2f04f__stripes_32.png,768,512,6a09c7566c180bf08ddcd4be0c685917bd889f71c6819e543b155db00a17522d,70.56561774490432,68.0002295665073,68.0002295665073,50.32418019936682,0.6196667178620796,0.3263673567648202,2.5461961459994904,0.8656369182613934,3.257447865538392,4.828766689529257,0.5801587919646465,0.15256274445893092,2.2326951317641575,0.9423548965938023
kodak,kodim13.png,kodim13_bc34a3ce58de__clean_0,clean,0,,,0.0,results/vtm_content_partition_study/stimuli/kodim13_bc34a3ce58de__clean_0.png,768,512,59f82db7c4c6f4072b96caac2d0a59f4f10a5628f54999a16b415678fbde041f,120.74199594548327,120.74199594548327,120.74199594548327,52.84467344628141,0.6525700097271284,1.0099171535580016,2.984555786720728,0.7469746214726523,14.343366583621592,5.535138788076011,0.42096069806493797,0.6963769149282921,2.8551478315484653,0.7867555598113505
kodak,kodim13.png,kodim13_bc34a3ce58de__awgn_5_seed-20260811,awgn,5,20260811,16778357469825422811,4.965603838027857,results/vtm_content_partition_study/stimuli/kodim13_bc34a3ce58de__awgn_5_seed-20260811.png,768,512,ab45685aeb1593790a0fa96256de3c18ff600a9924a8d72a48101eef31bc926f,120.74199594548327,119.524931207541,119.524931207541,52.92223315837025,0.6738596221778529,1.0630466506202954,3.036668572371503,0.7282887590519052,15.045624945250555,5.627633047192985,0.3828461424520524,0.752958971642764,2.918624856709343,0.7650276197310635
kodak,kodim13.png,kodim13_bc34a3ce58de__awgn_5_seed-20260812,awgn,5,20260812,18233368855492441063,4.966378403732039,results/vtm_content_partition_study/stimuli/kodim13_bc34a3ce58de__awgn_5_seed-20260812.png,768,512,cbba0a20690d67d2aead848a6e88a75af387d6a4a8cb26257646d6f122e5bfd2,120.74199594548327,119.52599345752057,119.52599345752057,52.921410103126505,0.674399733783853,1.0631551678081128,3.0360728711672698,0.728329922765915,15.060832372344358,5.626883740648224,0.38312669668607097,0.7539877363102998,2.918895247664516,0.7647156500348427
kodak,kodim13.png,kodim13_bc34a3ce58de__awgn_5_seed-20260813,awgn,5,20260813,8496713089554582828,4.960533530140264,results/vtm_content_partition_study/stimuli/kodim13_bc34a3ce58de__awgn_5_seed-20260813.png,768,512,0b4a0a130ca99742e7fcc9ce734d5f8818b6bbd44191682bef5a5e85240fb17d,120.74199594548327,119.57954142644876,119.57954142644876,52.93113412661775,0.6743024624993601,1.0654683991450902,3.038612667551037,0.7279697477224509,15.068961938242118,5.62886274551641,0.3827559464916472,0.7564934403520209,2.921374622962713,0.7645665066186973
kodak,kodim13.png,kodim13_bc34a3ce58de__awgn_15_seed-20260811,awgn,15,20260811,16778357469825422811,14.807916331748142,results/vtm_content_partition_study/stimuli/kodim13_bc34a3ce58de__awgn_15_seed-20260811.png,768,512,07033dba8a600c8dffbc0d56f23c2138403c427fca32d1514e264869f67370c3,120.74199594548327,117.06041236686248,117.06041236686248,54.322798243236846,0.7936236113244254,1.4257245520990405,3.2720557782320645,0.6479262649352842,20.848383087921604,5.951886375531594,0.2787390475421986,1.1177375325945242,3.189155257789855,0.6745880053596208
kodak,kodim13.png,kodim13_bc34a3ce58de__awgn_15_seed-20260812,awgn,15,20260812,18233368855492441063,14.810775119881225,results/vtm_content_partition_study/stimuli/kodim13_bc34a3ce58de__awgn_15_seed-20260812.png,768,512,da3fce4107a50349ccd98015ee40bb88bcfa37d594dd25a80dc6ce305da16fe6,120.74199594548327,117.08053038252639,117.08053038252639,54.32077480321693,0.7937439205447192,1.4237242783750692,3.270683580237539,0.648227245823838,20.875646288049403,5.9512877950822505,0.2790977429874435,1.1202814333441982,3.1892550431673308,0.6743960757074391
kodak,kodim13.png,kodim13_bc34a3ce58de__awgn_15_seed-20260813,awgn,15,20260813,8496713089554582828,14.789901470469129,results/vtm_content_partition_study/stimuli/kodim13_bc34a3ce58de__awgn_15_seed-20260813.png,768,512,feaf50e5787e5687a07d982bc5971b7f40b24a05c159f9b6c3b87264512ce766,120.74199594548327,117.29193396945004,117.29193396945004,54.3436356999616,0.7933471560948139,1.4253531350017403,3.2732087167723285,0.6475665817185641,20.8932418494853,5.953727525477335,0.2785965437085608,1.1237293228487615,3.19254827985296,0.6731876036429234
kodak,kodim13.png,kodim13_bc34a3ce58de__awgn_30_seed-20260811,awgn,30,20260811,16778357469825422811,29.113381181623296,results/vtm_content_partition_study/stimuli/kodim13_bc34a3ce58de__awgn_30_seed-20260811.png,768,512,f62d0045dfe27fd5b7353f2bd16e14cb416684f4a6079bf5d189404d1b2d29ee,120.74199594548327,120.39351075801443,120.39351075801443,58.865178356216695,0.9055854195464086,2.5391254784729433,3.6325264159191457,0.5281949394340781,39.61529438344842,6.354991292284273,0.19171122696593593,2.249032350065189,3.5900449984334166,0.543559233666544
kodak,kodim13.png,kodim13_bc34a3ce58de__awgn_30_seed-20260812,awgn,30,20260812,18233368855492441063,29.12056147163336,results/vtm_content_partition_study/stimuli/kodim13_bc34a3ce58de__awgn_30_seed-20260812.png,768,512,3710ca8c1bd8e630c34ebebc505ade4d5ae3da98ab747b76cd25252ab38cb8bb,120.74199594548327,120.49060111014447,120.49060111014447,58.85812828765309,0.9055444632160958,2.5420356589914324,3.6319901253571136,0.5283436898238904,39.66374686762078,6.354603747420498,0.19183664613932433,2.252266338005215,3.5897367100760067,0.5439563983241185
kodak,kodim13.png,kodim13_bc34a3ce58de__awgn_30_seed-20260813,awgn,30,20260813,8496713089554582828,29.05793709980276,results/vtm_content_partition_study/stimuli/kodim13_bc34a3ce58de__awgn_30_seed-20260813.png,768,512,35866688b1a4e60fe2ad1dd57657ffb7caf0ebffab29cc6d657f3da43ee6f098,120.74199594548327,120.84857189676943,120.84857189676943,58.872618416884706,0.9045768699124559,2.5388988949203197,3.6325557281699137,0.5280455769486572,39.62052473159018,6.353109515083216,0.19177918315795395,2.257713188559322,3.591560134628543,0.5425388233575601
kodak,kodim13.png,kodim13_bc34a3ce58de__stripes_8,stripes,8,,,5.562778194485933,results/vtm_content_partition_study/stimuli/kodim13_bc34a3ce58de__stripes_8.png,768,512,6e6fdc8389bf1d904763ba54d1b2e57978e16ce4e81239415728af7202cd33c3,120.74199594548327,119.51651378171901,119.51651378171901,52.918638643408144,0.6637766856089694,1.010421713881153,2.99832777433217,0.7446686490330785,14.29430154351975,5.568324099327176,0.4166453027705457,0.6965093301825294,2.8654374445424793,0.7861807169173951
kodak,kodim13.png,kodim13_bc34a3ce58de__stripes_16,stripes,16,,,11.177833060331592,results/vtm_content_partition_study/stimuli/kodim13_bc34a3ce58de__stripes_16.png,768,512,2644530f6e7e7bcdd0a65d56b194bc8f1791fef4e2bd881c8f2f9fa2d30816fe,120.74199594548327,117.93274603324349,117.93274603324349,53.54607388857661,0.6963881636205396,1.0171895634029404,3.0376939046978606,0.7404813455066626,14.320019977501167,5.621438109064311,0.407708877798224,0.6941716916558018,2.8944632788322764,0.7859751438701249
kodak,kodim13.png,kodim13_bc34a3ce58de__stripes_32,stripes,32,,,22.514730929453357,results/vtm_content_partition_study/stimuli/kodim13_bc34a3ce58de__stripes_32.png,768,512,9e15fed7cb9f2d0c778eae21c53ea3f1aff180148087b95b1309cdd3b45d198d,120.74199594548327,115.26075589153052,115.26075589153052,56.364531433666485,0.796562228024369,1.036039194436861,3.147995095429346,0.7298134339461643,14.638780942838336,5.749827643840717,0.3837056174204328,0.6791782105606259,2.9705846912186367,0.7889540851647441
kodak,kodim14.png,kodim14_55a94550ff18__clean_0,clean,0,,,0.0,results/vtm_content_partition_study/stimuli/kodim14_55a94550ff18__clean_0.png,768,512,15e7ba9ab1791bd22aa6b59dc50f91259788f5bf61927104f71b38cfa9d553c0,86.5443794422766,86.5443794422766,86.5443794422766,47.79073842521557,0.42413863717810885,0.4570527303535071,2.6706258866097854,0.84692485143065,5.412954185019691,5.04742045736873,0.5816240407768569,0.31594788950456326,2.529357255200384,0.8823981330312398
kodak,kodim14.png,kodim14_55a94550ff18__awgn_5_seed-20260811,awgn,5,20260811,13041795183191476033,5.007967132704256,results/vtm_content_partition_study/stimuli/kodim14_55a94550ff18__awgn_5_seed-20260811.png,768,512,f0232ee040e934c2b301905ce849d3b8bed08a2079f5eeef57af1224e8c48e61,86.5443794422766,85.23577625455762,85.23577625455762,48.031559359849034,0.46155480468949983,0.5299342899350428,2.7789816526926807,0.8146270697142717,6.182110117273577,5.254211417941153,0.49431831387401837,0.40005194752281614,2.673014405836444,0.8432528932099632
kodak,kodim14.png,kodim14_55a94550ff18__awgn_5_seed-20260812,awgn,5,20260812,4361580252946430831,4.994610743051892,results/vtm_content_partition_study/stimuli/kodim14_55a94550ff18__awgn_5_seed-20260812.png,768,512,814bfe3ed553487591f622114ed28e705868cf6df5f5207d3c212f371e2e691a,86.5443794422766,85.2753155756018,85.2753155756018,48.031279746470105,0.46199764501100704,0.5289475146535827,2.777159269221814,0.815255174973393,6.183454363576635,5.2530794363426185,0.4943373233778112,0.399127587190352,2.6707671579376786,0.8439356992803475
kodak,kodim14.png,kodim14_55a94550ff18__awgn_5_seed-20260813,awgn,5,20260813,18042935283783908061,4.995446738630048,results/vtm_content_partition_study/stimuli/kodim14_55a94550ff18__awgn_5_seed-20260813.png,768,512,fc01cacc30572887a8dacabde617dc0da07dcd8de8a61c8de777c812def4ac60,86.5443794422766,85.3052920091171,85.3052920091171,48.043294575900944,0.46315466134234373,0.5295417757801849,2.7798219308279277,0.8146696130825365,6.192590816788503,5.2552671644757485,0.49376085800898945,0.3993745925684484,2.6732630440200267,0.8433485015427888
kodak,kodim14.png,kodim14_55a94550ff18__awgn_15_seed-20260811,awgn,15,20260811,13041795183191476033,14.88944301870924,results/vtm_content_partition_study/stimuli/kodim14_55a94550ff18__awgn_15_seed-20260811.png,768,512,f3160f1f7153cc81c67814d8b3ac59f5a28b8d0f423e187d7b3537992b692bb2,86.5443794422766,84.54075764626407,84.54075764626407,49.901449390802455,0.7061562484001433,0.902968826376805,3.1060799654399824,0.7006820548171162,12.218256147047125,5.775023465240328,0.3166042671837797,0.7818662402216426,3.0506631439033725,0.7169621246931084
kodak,kodim14.png,kodim14_55a94550ff18__awgn_15_seed-20260812,awgn,15,20260812,4361580252946430831,14.850522201039082,results/vtm_content_partition_study/stimuli/kodim14_55a94550ff18__awgn_15_seed-20260812.png,768,512,c14c14078e8f68d3ab0f985dee29410f5d63f84c4a1d0a84af5cba73563b88ab,86.5443794422766,84.62768420226001,84.62768420226001,49.89423655556796,0.7054087953719347,0.9044966809909554,3.1070747717264253,0.7007362714073205,12.202684374105672,5.774128722628504,0.31724342755192947,0.7822100105932204,3.0513412602134196,0.7165800708967273
kodak,kodim14.png,kodim14_55a94550ff18__awgn_15_seed-20260813,awgn,15,20260813,18042935283783908061,14.848476666582126,results/vtm_content_partition_study/stimuli/kodim14_55a94550ff18__awgn_15_seed-20260813.png,768,512,49c0d5bb27dfb26fd73f6ebbbb420d24c78fc25d674c117b2d53359c9254f008,86.5443794422766,84.64964681963886,84.64964681963886,49.924652292883025,0.7074617314288639,0.9039461575450636,3.10717862990466,0.7001614208412799,12.21056238781347,5.775265576291076,0.3164372535734916,0.7791797384289441,3.0497468800412824,0.7167863512316182
kodak,kodim14.png,kodim14_55a94550ff18__awgn_30_seed-20260811,awgn,30,20260811,13041795183191476033,28.950389389028384,results/vtm_content_partition_study/stimuli/kodim14_55a94550ff18__awgn_30_seed-20260811.png,768,512,44646576f7ad111bd82437df3bd1e1917611bfd38a6bc706f93e1772109ba441,86.5443794422766,94.99059330289796,94.99059330289796,55.00476971503888,0.8806097373675319,2.011520093896893,3.513382340112953,0.557899027400913,30.964971249265666,6.243646469488365,0.20445240724496302,1.8935737858539765,3.4910783847675617,0.5652915067990695
kodak,kodim14.png,kodim14_55a94550ff18__awgn_30_seed-20260812,awgn,30,20260812,4361580252946430831,28.903678051049898,results/vtm_content_partition_study/stimuli/kodim14_55a94550ff18__awgn_30_seed-20260812.png,768,512,2776af05b4ea76104656f2a58d3f9dfbf85ff34080c8fa2afe627db473275298,86.5443794422766,95.00400292676882,95.00400292676882,55.008004390148926,0.8820048123688118,2.0097301674253982,3.5137992673573573,0.558226847596047,30.924676684509535,6.244860713247165,0.20490301601283128,1.8960743970013036,3.4921316171442465,0.5658147755079557
kodak,kodim14.png,kodim14_55a94550ff18__awgn_30_seed-20260813,awgn,30,20260813,18042935283783908061,28.882559046975924,results/vtm_content_partition_study/stimuli/kodim14_55a94550ff18__awgn_30_seed-20260813.png,768,512,3f91d1ab032249cdad859e2da1d68d18466ae0b30d79e386b1a0d99738da41fc,86.5443794422766,95.01446134753994,95.01446134753994,55.0433416057453,0.8822684687452005,2.008623904718743,3.5138031076518805,0.558032729512761,30.943166724143616,6.244804976858202,0.2046682809688927,1.8860413950456325,3.490428802411701,0.5662503081272734
kodak,kodim14.png,kodim14_55a94550ff18__stripes_8,stripes,8,,,5.605068356417313,results/vtm_content_partition_study/stimuli/kodim14_55a94550ff18__stripes_8.png,768,512,bd5e5319f8e91296e54bfeda624afaef8d9005cbe4713a1bd05011c7baa45152,86.5443794422766,85.76883720562755,85.76883720562755,48.12370921307871,0.4429375927916859,0.4632316221859317,2.686477968864528,0.8442911152036392,5.441181851192762,5.089067115051161,0.5715503362927896,0.3163349494784876,2.5358689936811185,0.8822759885200269
kodak,kodim14.png,kodim14_55a94550ff18__stripes_16,stripes,16,,,11.264715220574866,results/vtm_content_partition_study/stimuli/kodim14_55a94550ff18__stripes_16.png,768,512,eca249b61e766360c553b196defe210b6e599bc795a497ad45bb9df581331bd8,86.5443794422766,84.58940236608031,84.58940236608031,49.09381095426013,0.5045999078482568,0.46591017318312633,2.7210156743902068,0.8384066856490088,5.5635753423926655,5.163125520225053,0.5491289615448276,0.31272408735332463,2.5488506249995666,0.8832699512857956
kodak,kodim14.png,kodim14_55a94550ff18__stripes_32,stripes,32,,,22.58907792153577,results/vtm_content_partition_study/stimuli/kodim14_55a94550ff18__stripes_32.png,768,512,93a4314e74c2777ff6bc78a00668fb0e0b30d140b62fcf09bb080f757ff56027,86.5443794422766,84.21452473529864,84.21452473529864,52.61052566331923,0.7007884093585215,0.5116423516008313,2.82543197609056,0.8180330014168649,6.128352200895807,5.309864919393864,0.49618200621508635,0.3065005704041721,2.588166090370054,0.8851837754218951
kodak,kodim15.png,kodim15_7538cbb80cb9__clean_0,clean,0,,,0.0,results/vtm_content_partition_study/stimuli/kodim15_7538cbb80cb9__clean_0.png,768,512,4fca7b0e55db04da345784b33b4b1d16ff374a7e3865609504ab657766e21038,79.98228967095284,79.98228967095284,79.98228967095284,82.1825582012822,0.18728305943787438,0.2681272224022398,2.348145767614603,0.9154154685951621,3.2821403736508783,4.4291876604986875,0.7448161316085898,0.24643497392438068,2.3271989579249377,0.9199403385328183
kodak,kodim15.png,kodim15_7538cbb80cb9__awgn_5_seed-20260811,awgn,5,20260811,7234645431922819836,4.824339731529574,results/vtm_content_partition_study/stimuli/kodim15_7538cbb80cb9__awgn_5_seed-20260811.png,768,512,4c7f3ea55c45ae292486742fc2e78a5dde3087dd561d27b942f5e151ced3878d,79.98228967095284,77.6353136451047,77.6353136451047,82.0201258346189,0.21504633184866637,0.3416470694050479,2.496769100325613,0.880504719920821,4.004709180680664,4.872572430006916,0.5936754081958613,0.32230127526075625,2.481058088855118,0.8840275463079319
kodak,kodim15.png,kodim15_7538cbb80cb9__awgn_5_seed-20260812,awgn,5,20260812,10779938791484801536,4.828973491887439,results/vtm_content_partition_study/stimuli/kodim15_7538cbb80cb9__awgn_5_seed-20260812.png,768,512,103e19ae7d59d2f24b41f32635177aa8c6205a0d7fdfaf411a559e162b832a47,79.98228967095284,77.6194609986466,77.6194609986466,82.00073853103365,0.21476475707776582,0.34203906363950604,2.498151250682364,0.880193658379403,4.008428544213313,4.873924496902271,0.5932647964459185,0.3228614936440678,2.4828682077975524,0.8834600390503984
kodak,kodim15.png,kodim15_7538cbb80cb9__awgn_5_seed-20260813,awgn,5,20260813,11522220290898074309,4.835507835483077,results/vtm_content_partition_study/stimuli/kodim15_7538cbb80cb9__awgn_5_seed-20260813.png,768,512,8a44792117955e5e9445854dee5f3be09c289713b10aa0feb2633cc941342354,79.98228967095284,77.59967444463007,77.59967444463007,82.0119928252874,0.21446014437106437,0.3418663989883897,2.4978594894024484,0.8802648678355248,4.004755716878606,4.874588756541855,0.592918657716941,0.32241077249022165,2.4815567670947116,0.8838433423840903
kodak,kodim15.png,kodim15_7538cbb80cb9__awgn_15_seed-20260811,awgn,15,20260811,7234645431922819836,14.091127996152006,results/vtm_content_partition_study/stimuli/kodim15_7538cbb80cb9__awgn_15_seed-20260811.png,768,512,6454430eb6bb35907ab9d9e2b48c4e2bdad00fc2d88e724875f82b2b383d2755,79.98228967095284,76.94492328342967,76.94492328342967,82.1047100705456,0.5548763630778683,0.6689965724156295,2.8864244109949726,0.7609046163598592,9.231936236955546,5.533521572865598,0.3688255150057705,0.6513429962516297,2.8767973516985297,0.7634854434564828
kodak,kodim15.png,kodim15_7538cbb80cb9__awgn_15_seed-20260812,awgn,15,20260812,10779938791484801536,14.102324973615461,results/vtm_content_partition_study/stimuli/kodim15_7538cbb80cb9__awgn_15_seed-20260812.png,768,512,ad3a6f5c8ff1401567d84c1a99f2237fbdf94be45fd7a40063baa0df6c9a8a5b,79.98228967095284,76.90183916689156,76.90183916689156,82.05051592396345,0.5566835611529207,0.6702907805329417,2.8873186444524372,0.7603228379270263,9.245539678055854,5.535935795648051,0.36850579658573424,0.6529116077249022,2.8777301559320696,0.7627307477592709
kodak,kodim15.png,kodim15_7538cbb80cb9__awgn_15_seed-20260813,awgn,15,20260813,11522220290898074309,14.126209668599605,results/vtm_content_partition_study/stimuli/kodim15_7538cbb80cb9__awgn_15_seed-20260813.png,768,512,5af9be05d07cc7bffeabee6c0a1cf1f2a650fa581aa1fdb8c066b92fdee14f0e,79.98228967095284,76.88485094629823,76.88485094629823,82.08786355167103,0.5563047150975272,0.6703844280803846,2.8880800211037823,0.76036120009992,9.260795512562712,5.53680776329635,0.3684199411005745,0.6540957056714473,2.8793409272107606,0.7626033771112896
kodak,kodim15.png,kodim15_7538cbb80cb9__awgn_30_seed-20260811,awgn,30,20260811,7234645431922819836,26.758800306812397,results/vtm_content_partition_study/stimuli/kodim15_7538cbb80cb9__awgn_30_seed-20260811.png,768,512,a13e0283823cb8f4ae1d58a4b013341c9e5dff0f5c0a916efbb403bb9c9a4ea3,79.98228967095284,87.29737234661489,87.29737234661489,82.77240927536342,0.8198049454768853,1.5117993139914438,3.2952461058607128,0.6255098725663638,24.39925865405678,5.977252569352762,0.2527615134722557,1.4930711171773143,3.291478681774576,0.6271484256661987
kodak,kodim15.png,kodim15_7538cbb80cb9__awgn_30_seed-20260812,awgn,30,20260812,10779938791484801536,26.795719803209902,results/vtm_content_partition_study/stimuli/kodim15_7538cbb80cb9__awgn_30_seed-20260812.png,768,512,cd2ff4ddbb23f4c85dcb9b67f73f18f6c6be024b518f1f692c9666d1987d7a5c,79.98228967095284,87.22309782815769,87.22309782815769,82.68524623064181,0.821269134285568,1.5117039588460113,3.296766481641635,0.625507866147474,24.431482074609704,5.980995348026369,0.25207621629648314,1.4928139260104303,3.2928615721029013,0.6271248663428195
kodak,kodim15.png,kodim15_7538cbb80cb9__awgn_30_seed-20260813,awgn,30,20260813,11522220290898074309,26.82885210358666,results/vtm_content_partition_study/stimuli/kodim15_7538cbb80cb9__awgn_30_seed-20260813.png,768,512,eb359d3816595ae481c01278191b4e210d0257cbae62e057a5e5cd94bf2786b2,79.98228967095284,87.21555691580106,87.21555691580106,82.74636040341899,0.8210105974504684,1.5155327382148363,3.2979503230013156,0.6253337630408979,24.4697204343328,5.981415570743936,0.252257543776756,1.5006671691655802,3.295124226529191,0.6268012833027585
kodak,kodim15.png,kodim15_7538cbb80cb9__stripes_8,stripes,8,,,5.421871716647661,results/vtm_content_partition_study/stimuli/kodim15_7538cbb80cb9__stripes_8.png,768,512,2eb82dd685c67bd28f1d9c4c7bef86c17b2b60f67738a2e6e4115126a6c57768,79.98228967095284,77.95276718358757,77.95276718358757,81.97402356457138,0.19949828495366814,0.275176794862227,2.372659962245061,0.9116905388819652,3.300175410677981,4.55446344477615,0.7194343374866143,0.2462618155149935,2.331539527483908,0.9202781713381765
kodak,kodim15.png,kodim15_7538cbb80cb9__stripes_16,stripes,16,,,10.794278765201147,results/vtm_content_partition_study/stimuli/kodim15_7538cbb80cb9__stripes_16.png,768,512,ba722a3bedad743261924073a198306ae18fa786e28803cd41663b9c8610fc5a,79.98228967095284,75.80240633124511,75.80240633124511,81.95618818464003,0.2539420467926074,0.29279310411202353,2.4441783309906753,0.9013202163850909,3.3949229003893375,4.681885088513592,0.6773552024949183,0.24831425195567142,2.3585197421420077,0.9202320713201233
kodak,kodim15.png,kodim15_7538cbb80cb9__stripes_32,stripes,32,,,21.36284430122037,results/vtm_content_partition_study/stimuli/kodim15_7538cbb80cb9__stripes_32.png,768,512,78ca8caa5a08f25ff40a1ec87fe65bd5c4b42bc4eb8b045575249a6249baecf0,79.98228967095284,75.475963925075,75.475963925075,82.42106017824277,0.6007986484410996,0.3402244837220331,2.6214349456851704,0.8760088107955226,3.8451637133991983,4.893925812950701,0.5988401768276739,0.23344300032594525,2.4211446374053947,0.9251230159149729
kodak,kodim16.png,kodim16_a89c7268ccd4__clean_0,clean,0,,,0.0,results/vtm_content_partition_study/stimuli/kodim16_a89c7268ccd4__clean_0.png,768,512,3ea5d6c5141f5b49e823f9f906ff4f23d5ee9b111bcd8b1165013aa5e60a0fc3,59.29748943011203,59.29748943011203,59.29748943011203,43.07096893285894,0.271394563047151,0.2679398824579907,2.2602551006405625,0.8952647837138226,3.027421682413511,4.522427366004832,0.679957837581177,0.13322502444589307,2.0709849387645805,0.9391745137184601
kodak,kodim16.png,kodim16_a89c7268ccd4__awgn_5_seed-20260811,awgn,5,20260811,839867594481428302,5.0075164247174575,results/vtm_content_partition_study/stimuli/kodim16_a89c7268ccd4__awgn_5_seed-20260811.png,768,512,bf2e5a51460db35ca48b8ff168f7cf3e299977be8c86e3cd6d8468cf6a5d86ac,59.29748943011203,57.19622766414359,57.19622766414359,43.32561158342007,0.3044284032150719,0.35649446449554284,2.4521386159539698,0.8540563991766541,3.8185188331746396,4.888196805602032,0.5442013798166001,0.2334659183507171,2.3154918466480234,0.8899918184149476
kodak,kodim16.png,kodim16_a89c7268ccd4__awgn_5_seed-20260812,awgn,5,20260812,9918704998727921452,5.001666744901222,results/vtm_content_partition_study/stimuli/kodim16_a89c7268ccd4__awgn_5_seed-20260812.png,768,512,bf1614526bc77e1ac4f7228339f2f9f15706f68b753e4b38a7ab12a1871a6b76,59.29748943011203,57.16171657077885,57.16171657077885,43.319824131643884,0.3033532995443608,0.3547733946705189,2.4495403504818096,0.854454092624605,3.8099050303597637,4.884477406091687,0.5448880650710421,0.23199661831812252,2.312035685317131,0.8905718841072934
kodak,kodim16.png,kodim16_a89c7268ccd4__awgn_5_seed-20260813,awgn,5,20260813,6514449618395202739,4.995042759454873,results/vtm_content_partition_study/stimuli/kodim16_a89c7268ccd4__awgn_5_seed-20260813.png,768,512,7b4d20b899a8719ad524da6872761914c79ff513d7ef63c70f53bf18135a449d,59.29748943011203,57.11920086478472,57.11920086478472,43.32724593654358,0.30412379050837046,0.355203024580614,2.449132642157992,0.8544738575957476,3.8092929889521465,4.885260585837676,0.5445767134891863,0.23230473842894395,2.311963850366599,0.8906097962123245
kodak,kodim16.png,kodim16_a89c7268ccd4__awgn_15_seed-20260811,awgn,15,20260811,839867594481428302,14.97023286423018,results/vtm_content_partition_study/stimuli/kodim16_a89c7268ccd4__awgn_15_seed-20260811.png,768,512,528144bdea03d70c441e984b2874de6475b3d3e9568d466bd97e4f330bea7220,59.29748943011203,59.569925960799836,59.569925960799836,45.44833876581349,0.6436389699482926,0.7718782072278197,2.94980079502024,0.7150497046920802,10.006046170107538,5.591734064582896,0.32853660481489305,0.6586793106258149,2.88846853319315,0.7340283859036796
kodak,kodim16.png,kodim16_a89c7268ccd4__awgn_15_seed-20260812,awgn,15,20260812,9918704998727921452,14.951196156155442,results/vtm_content_partition_study/stimuli/kodim16_a89c7268ccd4__awgn_15_seed-20260812.png,768,512,a44e29ff46ef2973feb3169fd1be96287df97a4f29fd605c1c8d0e57ed06b341,59.29748943011203,59.491764463238205,59.491764463238205,45.42428897631918,0.6410177648082732,0.7724715929612891,2.948650772271886,0.7147644381891036,9.996056425363005,5.589465826109529,0.32882936320012146,0.6557432570078227,2.8852322234957737,0.7348011427533228
kodak,kodim16.png,kodim16_a89c7268ccd4__awgn_15_seed-20260813,awgn,15,20260813,6514449618395202739,14.938597145382753,results/vtm_content_partition_study/stimuli/kodim16_a89c7268ccd4__awgn_15_seed-20260813.png,768,512,8facc432e85727bce5d70d7209f83310453c18bb248d3323787dca3d04640c63,59.29748943011203,59.47991271767702,59.47991271767702,45.44897663407532,0.643249884810321,0.7736506835594485,2.950634919386684,0.7143827654136912,9.9661331608965,5.588823681508555,0.32874551791240036,0.6575614203063885,2.8878781107794413,0.7339577801820132
kodak,kodim16.png,kodim16_a89c7268ccd4__awgn_30_seed-20260811,awgn,30,20260811,839867594481428302,29.52062366512541,results/vtm_content_partition_study/stimuli/kodim16_a89c7268ccd4__awgn_30_seed-20260811.png,768,512,32ea73d2d72971a3ca30452e30fe05fc6633bd7014c4a8c12594ca058b38bc35,59.29748943011203,79.14956753361732,79.14956753361732,51.61202231483138,0.8734679772692366,1.974705740086656,3.47859578239824,0.5540575988812027,29.985202664274116,6.207607485912355,0.20228619210497137,1.8701795754563233,3.4597200053239567,0.5623108098105433
kodak,kodim16.png,kodim16_a89c7268ccd4__awgn_30_seed-20260812,awgn,30,20260812,9918704998727921452,29.49047878949066,results/vtm_content_partition_study/stimuli/kodim16_a89c7268ccd4__awgn_30_seed-20260812.png,768,512,cfdf7ef33defc2078392251416b75544bb2190e2240e59b6402ada3f61d67ff8,59.29748943011203,78.94867997380035,78.94867997380035,51.56633595799663,0.8740900015358624,1.9689370293208792,3.4768507794431596,0.5541893589314548,29.934410451096362,6.206553336440555,0.2022761945062108,1.8592935136897002,3.4569655411157245,0.5630190692664929
kodak,kodim16.png,kodim16_a89c7268ccd4__awgn_30_seed-20260813,awgn,30,20260813,6514449618395202739,29.47193642814371,results/vtm_content_partition_study/stimuli/kodim16_a89c7268ccd4__awgn_30_seed-20260813.png,768,512,689ebe4f828e821b1c89aad56fc234a66f181745856f2f2e57ab8ca1641a79e3,59.29748943011203,79.15486868033523,79.15486868033523,51.61405511093979,0.8743434188296728,1.9654671561532848,3.4773702255467613,0.5546065484074056,29.818823379455623,6.206149209932741,0.20240001239800462,1.856767438070404,3.4575874197523153,0.5630322802233392
kodak,kodim16.png,kodim16_a89c7268ccd4__stripes_8,stripes,8,,,5.605042721179742,results/vtm_content_partition_study/stimuli/kodim16_a89c7268ccd4__stripes_8.png,768,512,1959647646f9e904f3e5aafdb26f9a92c8e120e395d1f1a0364e06deb1283450,59.29748943011203,58.18574309352978,58.18574309352978,43.442827028225594,0.28450570828853733,0.2853550414817411,2.3305946746391943,0.8868081689174846,3.0767746961259608,4.614088524446487,0.6606143158178975,0.13884757985658408,2.116603678917193,0.9362447812811565
kodak,kodim16.png,kodim16_a89c7268ccd4__stripes_16,stripes,16,,,11.270969768457565,results/vtm_content_partition_study/stimuli/kodim16_a89c7268ccd4__stripes_16.png,768,512,16ff1827f318239ec93ca80cfc108d3c0f8adefefcaf44a75878bac00c450a22,59.29748943011203,57.314913072450125,57.314913072450125,44.52104880364455,0.3370885168688885,0.30979679348046796,2.4585111913061244,0.8710089745225367,3.2141975827947156,4.758283761039223,0.6231991166722535,0.146405435136897,2.2005487556782772,0.9323856854916022
kodak,kodim16.png,kodim16_a89c7268ccd4__stripes_32,stripes,32,,,22.75305283852023,results/vtm_content_partition_study/stimuli/kodim16_a89c7268ccd4__stripes_32.png,768,512,cceb101107bb4d73c6ba56bf9d36ae973cafca795f851e5a124051f35ffe5dc5,59.29748943011203,60.68507352648276,60.68507352648276,48.620361655917975,0.6444760149490606,0.3712629699708329,2.6523919813333743,0.8451822542114483,3.887683148355954,5.031922856681323,0.5419886147757079,0.13989162320730114,2.2908609262485475,0.9356708120829818
kodak,kodim17.png,kodim17_37afcc89fbdc__clean_0,clean,0,,,0.0,results/vtm_content_partition_study/stimuli/kodim17_37afcc89fbdc__clean_0.png,512,768,324adf748e738047b929c578207678d1d631f1c822ef334d493d757a2f13e214,69.94741313259297,69.94741313259297,69.94741313259297,48.60378557029088,0.22983412686223315,0.2597743398957719,2.340098513907321,0.908669000151419,2.8593912587248287,4.470630903820551,0.7183694059018195,0.21270588714938032,2.2825907044854095,0.9209309709095668
kodak,kodim17.png,kodim17_37afcc89fbdc__awgn_5_seed-20260811,awgn,5,20260811,11478450625294225876,4.992641883989961,results/vtm_content_partition_study/stimuli/kodim17_37afcc89fbdc__awgn_5_seed-20260811.png,512,768,b3d71cf02522f2d08a07999729c9119adb495fa2ffb648f9c5cfc2d4ccc8a21a,69.94741313259297,67.96499844080778,67.96499844080778,48.83366279916907,0.26619566886806945,0.33624683602689975,2.492394987980213,0.871706854531608,3.6250926944984676,4.897497179652875,0.572338117048099,0.29301461594911943,2.450858131556375,0.8816362048096159
kodak,kodim17.png,kodim17_37afcc89fbdc__awgn_5_seed-20260812,awgn,5,20260812,16809219869547984564,4.996419769220147,results/vtm_content_partition_study/stimuli/kodim17_37afcc89fbdc__awgn_5_seed-20260812.png,512,768,fe3e1c7b883e36e4a727aec02f70d6ab31da695d2079fe67ac62526e450d29ca,69.94741313259297,68.05151438100886,68.05151438100886,48.8477085735682,0.26726821276813595,0.33542810798847034,2.489993575729022,0.8722790635240872,3.6346524418172863,4.898302054944859,0.5719879080954428,0.29149849151989565,2.447409789957934,0.8824426563390857
kodak,kodim17.png,kodim17_37afcc89fbdc__awgn_5_seed-20260813,awgn,5,20260813,3949196864562796157,4.998648905996166,results/vtm_content_partition_study/stimuli/kodim17_37afcc89fbdc__awgn_5_seed-20260813.png,512,768,e92cde2cdda61caba15b2183a2cb46fe013d63e3c6f5992efbe0ef2c16b3dd9b,69.94741313259297,68.02867362953792,68.02867362953792,48.82747067039433,0.26661547125377566,0.3368181234822975,2.492538854358047,0.8715260629277927,3.634241573475669,4.8984941107229565,0.5714870537173609,0.2933738992172211,2.4503441664004697,0.8816630827867985
kodak,kodim17.png,kodim17_37afcc89fbdc__awgn_15_seed-20260811,awgn,15,20260811,11478450625294225876,14.577544075041091,results/vtm_content_partition_study/stimuli/kodim17_37afcc89fbdc__awgn_15_seed-20260811.png,512,768,29f345d4611713177e4b03a18b4f49af0d2a9320787621ee1502730bc86709f3,69.94741313259297,68.43778723834953,68.43778723834953,50.320477720588265,0.6110249321660779,0.6901813897957985,2.88665137172759,0.7450629342186847,9.296122419374267,5.545519954282657,0.34917308844225003,0.6491688070776256,2.865623824637947,0.7509731003166865
kodak,kodim17.png,kodim17_37afcc89fbdc__awgn_15_seed-20260812,awgn,15,20260812,16809219869547984564,14.57952383511852,results/vtm_content_partition_study/stimuli/kodim17_37afcc89fbdc__awgn_15_seed-20260812.png,512,768,3e63230cb92e5f4f707adda4c90d4a6763fefc5dc4b1dc34ab0ce83a830eaab4,69.94741313259297,68.67144909480517,68.67144909480517,50.35477366448342,0.6127399784979266,0.6933809932237729,2.8878366900969175,0.7448529879755552,9.329503362964743,5.546036932977579,0.3490986910097084,0.6520660061969994,2.8671906397089275,0.7502368243936284
kodak,kodim17.png,kodim17_37afcc89fbdc__awgn_15_seed-20260813,awgn,15,20260813,3949196864562796157,14.59853653213939,results/vtm_content_partition_study/stimuli/kodim17_37afcc89fbdc__awgn_15_seed-20260813.png,512,768,5d9e8560d48634864008265a068291234f6de48271005196e18be70ea7ee9352,69.94741313259297,68.58090248699935,68.58090248699935,50.30813567113653,0.6118952541852251,0.6916948971816048,2.8862624778969774,0.7450114285563002,9.322389788801889,5.5457563598071555,0.3488791541693198,0.6522163445857796,2.866450907282271,0.7503100281324118
kodak,kodim17.png,kodim17_37afcc89fbdc__awgn_30_seed-20260811,awgn,30,20260811,11478450625294225876,28.22580540388958,results/vtm_content_partition_study/stimuli/kodim17_37afcc89fbdc__awgn_30_seed-20260811.png,512,768,82e6be3ab0596ef76d9a3cf568d9c4802ab5c01919c426eb05ab9022c84d0397,69.94741313259297,83.400378245421,83.400378245421,54.51458907313726,0.8501126299083602,1.7121942846456084,3.3141330413863086,0.5957144782271626,26.855045583796787,5.998774929409267,0.23164643026394063,1.6722699567840835,3.3062895825967726,0.5979959787105612
kodak,kodim17.png,kodim17_37afcc89fbdc__awgn_30_seed-20260812,awgn,30,20260812,16809219869547984564,28.21306723273874,results/vtm_content_partition_study/stimuli/kodim17_37afcc89fbdc__awgn_30_seed-20260812.png,512,768,8572c88dd5dd3856a431950267052ee867407727b61a89d3db1d15de9f2b995d,69.94741313259297,83.69289478835816,83.69289478835816,54.56244497306627,0.849925766651308,1.7132589873573167,3.3142417635872445,0.5960354130967394,26.905942037692494,5.9983192666734055,0.2317928321374148,1.6730343892694064,3.306369983630111,0.5985233999181294
kodak,kodim17.png,kodim17_37afcc89fbdc__awgn_30_seed-20260813,awgn,30,20260813,3949196864562796157,28.27017184903017,results/vtm_content_partition_study/stimuli/kodim17_37afcc89fbdc__awgn_30_seed-20260813.png,512,768,e6979ae0e3d78ae36595d82e024f471bbf547f75e37dedfc26df16d263b6bb86,69.94741313259297,83.62772629589792,83.62772629589792,54.501915014708274,0.8499513643577535,1.7194187816663082,3.3148888749849026,0.5957817096684064,26.947011164245758,5.998979535364495,0.23179440129964377,1.6814100212002607,3.307431261531218,0.5979826811128433
kodak,kodim17.png,kodim17_37afcc89fbdc__stripes_8,stripes,8,,,5.607300894687898,results/vtm_content_partition_study/stimuli/kodim17_37afcc89fbdc__stripes_8.png,512,768,fc1ec7a788f12cd0be4df3fda7853cea91e8b81c6cd8efbe350e8150c4a81aec,69.94741313259297,68.6235836940572,68.6235836940572,48.91878483944897,0.24703322582296627,0.2683674438988281,2.3658779477432152,0.9040218414366746,2.9164641252798065,4.612928173853247,0.6960274756946793,0.2104482632093933,2.2855421581887034,0.9214094677026536
kodak,kodim17.png,kodim17_37afcc89fbdc__stripes_16,stripes,16,,,11.183022283178538,results/vtm_content_partition_study/stimuli/kodim17_37afcc89fbdc__stripes_16.png,512,768,9ecb4e6c48209a5573cf34bef090954c8a2e290a903926bbfcce12e53422f0e9,69.94741313259297,67.04694590346455,67.04694590346455,49.74223126903718,0.31851994061332106,0.28785492673381397,2.4260095883487964,0.893276482498616,3.0540609020670093,4.706762236879689,0.6585237931011746,0.21098846216568817,2.306585960543913,0.9201482262104996
kodak,kodim17.png,kodim17_37afcc89fbdc__stripes_32,stripes,32,,,22.031489637437847,results/vtm_content_partition_study/stimuli/kodim17_37afcc89fbdc__stripes_32.png,512,768,10ef0186a4eaf601aa8d5ce90da16b4076af67c290a7398a69a7fcf2f3ee778e,69.94741313259297,68.54637042437724,68.54637042437724,52.35460194085047,0.6368658168228126,0.34389533020985086,2.553429070643894,0.8664853190907934,3.6386932722991303,4.853581239859321,0.577737975221542,0.20235037508153947,2.3230295806838344,0.9233967239104224
kodak,kodim18.png,kodim18_1a9258c36598__clean_0,clean,0,,,0.0,results/vtm_content_partition_study/stimuli/kodim18_1a9258c36598__clean_0.png,512,768,ad6960e1aba3d6896f43895496fd50db9f6a53aaec1f4f1a698473a32dd8d702,91.82265666221684,91.82265666221684,91.82265666221684,38.571237492685675,0.4303204832846977,0.4992107010342224,2.361152605827559,0.842480431295714,6.2590263966111745,4.718159254987058,0.5733661928334826,0.4418801981409002,2.3156060941572147,0.8546092923212559
kodak,kodim18.png,kodim18_1a9258c36598__awgn_5_seed-20260811,awgn,5,20260811,5131668710055686531,4.9957099311780855,results/vtm_content_partition_study/stimuli/kodim18_1a9258c36598__awgn_5_seed-20260811.png,512,768,3472e4984312aa86636a092c6e2ef83f7bc3cec4d3ca943a4301c50a19cfced7,91.82265666221684,90.05401460178548,90.05401460178548,38.82620540796671,0.46193365074489323,0.5689625300045564,2.4617107297601666,0.8126756550052995,7.030074701664692,4.922473633824694,0.488889179574811,0.5136119944553164,2.425097366762058,0.8230829090902871
kodak,kodim18.png,kodim18_1a9258c36598__awgn_5_seed-20260812,awgn,5,20260812,3840689921183344918,4.999899036659677,results/vtm_content_partition_study/stimuli/kodim18_1a9258c36598__awgn_5_seed-20260812.png,512,768,070ee508a23cbe17738cd8834ef67927fd20c7f5ef03bd8589fe9af4d37b9bbe,91.82265666221684,90.00819940608632,90.00819940608632,38.824538404754804,0.46104797010187887,0.5697490017993432,2.4615263269687633,0.8125588617882613,7.017861411852118,4.9196192340988345,0.4894059510272164,0.514847826973255,2.4252488461307506,0.8227750696074503
kodak,kodim18.png,kodim18_1a9258c36598__awgn_5_seed-20260813,awgn,5,20260813,7186236517007500747,4.990523704308168,results/vtm_content_partition_study/stimuli/kodim18_1a9258c36598__awgn_5_seed-20260813.png,512,768,fb568e241b26411c1d7d4e4a18ca181c6816f0e4299031df3e9b0814df870f10,91.82265666221684,90.0910262115331,90.0910262115331,38.82640383890126,0.46100701377156605,0.56645871088192,2.4586701693812367,0.8133884328472922,7.02105779152445,4.921422331720086,0.48919252228266485,0.5107453726353555,2.4211740665125516,0.823986879643671
kodak,kodim18.png,kodim18_1a9258c36598__awgn_15_seed-20260811,awgn,15,20260811,5131668710055686531,14.801777281025524,results/vtm_content_partition_study/stimuli/kodim18_1a9258c36598__awgn_15_seed-20260811.png,512,768,5ae0cbd650aa9608e8a00e72b08bb884cbd394a0d7bc31dc88531c4e71ba5e13,91.82265666221684,88.25544894191972,88.25544894191972,40.993159001943106,0.7076793119336507,0.9427373292774095,2.8038641266880027,0.6998117691455048,12.983868607497294,5.464661237688171,0.315223755787899,0.8907014432485324,2.785093279737206,0.7062693865014321
kodak,kodim18.png,kodim18_1a9258c36598__awgn_15_seed-20260812,awgn,15,20260812,3840689921183344918,14.823535183377988,results/vtm_content_partition_study/stimuli/kodim18_1a9258c36598__awgn_15_seed-20260812.png,512,768,78b977bae386be04b0f05fbe5a1f48b22d4f33ea08684f5a78c909b7255bfdba,91.82265666221684,88.16493570639842,88.16493570639842,40.99773607414388,0.707108483079916,0.9403613329172376,2.8015860964894346,0.6997991728916068,12.946258700726695,5.4616004381486505,0.3157001097943496,0.8887648809523809,2.7829939316371175,0.7058803674671673
kodak,kodim18.png,kodim18_1a9258c36598__awgn_15_seed-20260813,awgn,15,20260813,7186236517007500747,14.792233021957127,results/vtm_content_partition_study/stimuli/kodim18_1a9258c36598__awgn_15_seed-20260813.png,512,768,c3fa7c88f6fb75340cba5ce3e9165460e5b1cc7d6542e231f403d952c3d4c0fd,91.82265666221684,88.35082836205474,88.35082836205474,40.997529368232364,0.7054881482619157,0.9417407407060425,2.803069236145215,0.69997668614715,12.931945632648047,5.462643327734211,0.3155132200675398,0.8893356572080888,2.7842136529369856,0.7064591606068993
kodak,kodim18.png,kodim18_1a9258c36598__awgn_30_seed-20260811,awgn,30,20260811,5131668710055686531,28.62146698361403,results/vtm_content_partition_study/stimuli/kodim18_1a9258c36598__awgn_30_seed-20260811.png,512,768,8b838fc734a097ba45feb1c2e84abcdbd678e12a5dff46113b0f3f7dd0508a43,91.82265666221684,97.08909804555216,97.08909804555216,46.93424245115997,0.8815670915885937,1.9900503821471416,3.2255868654129722,0.563007690576717,31.13117235130024,5.954336204478678,0.2073957615961111,1.9439084923352903,3.2193715581573223,0.5659897567118937
kodak,kodim18.png,kodim18_1a9258c36598__awgn_30_seed-20260812,awgn,30,20260812,3840689921183344918,28.66939126603107,results/vtm_content_partition_study/stimuli/kodim18_1a9258c36598__awgn_30_seed-20260812.png,512,768,115f9d6b648132607953e7882bac9766822032962146a48df58ae7f6b36d548a,91.82265666221684,96.9726107788259,96.9726107788259,46.965168323792646,0.8803204832846977,1.9936267239663465,3.2271538594446993,0.5625804900760865,31.084009146798465,5.954019547596719,0.20753897013980518,1.9444435950750163,3.2204274272747218,0.5650482400057465
kodak,kodim18.png,kodim18_1a9258c36598__awgn_30_seed-20260813,awgn,30,20260813,7186236517007500747,28.61718261229938,results/vtm_content_partition_study/stimuli/kodim18_1a9258c36598__awgn_30_seed-20260813.png,512,768,4888bde51bb7a3d5f5cbaebaad53dc44a78f7e7c321afc2d123f320e52213f61,91.82265666221684,97.21250313713102,97.21250313713102,46.95580747270171,0.8802078533763374,1.9851464854630123,3.226225113266578,0.5632954790840117,31.01343732279518,5.954412368529679,0.20751503850737682,1.935782575016308,3.2194634018519226,0.5659143675893021
kodak,kodim18.png,kodim18_1a9258c36598__stripes_8,stripes,8,,,5.598304982470839,results/vtm_content_partition_study/stimuli/kodim18_1a9258c36598__stripes_8.png,512,768,157cebc2d215589144d4cdf7970cfbfedc317debf4565c1aa75c74e728b871e7,91.82265666221684,90.38364151733829,90.38364151733829,38.813585778857,0.4449828495366815,0.5070073048417486,2.3802287404086413,0.838746627528174,6.2968116589947005,4.769037985401967,0.5638646762468285,0.4440231572080887,2.325658105927233,0.8536837066299192
kodak,kodim18.png,kodim18_1a9258c36598__stripes_16,stripes,16,,,11.242499783022302,results/vtm_content_partition_study/stimuli/kodim18_1a9258c36598__stripes_16.png,512,768,f85d49c42d63720c502b36ad8d5d44fa03ffb509f96a5620127e521a3f3be20d,91.82265666221684,88.22570434733989,88.22570434733989,39.83483701446201,0.5024497005068346,0.5229740889679018,2.435641851881211,0.8308133181959751,6.412455966728762,4.869798994847922,0.5412841123678048,0.4431644447162426,2.356671091891867,0.8534257121089188
kodak,kodim18.png,kodim18_1a9258c36598__stripes_32,stripes,32,,,22.480260709832333,results/vtm_content_partition_study/stimuli/kodim18_1a9258c36598__stripes_32.png,512,768,df8a3c7d84b1e9b12894d040f20ccda67f96f8f141a5efee51e9e533f015c477,91.82265666221684,86.34863911694,86.34863911694,43.73914195152015,0.729294015256233,0.5621712902938643,2.5936060641178544,0.8127448235815681,6.930568407112995,5.0815683907516815,0.4861926047930294,0.42777641878669276,2.4430163251875863,0.8587189020974778
kodak,kodim19.png,kodim19_b7450b264b1b__clean_0,clean,0,,,0.0,results/vtm_content_partition_study/stimuli/kodim19_b7450b264b1b__clean_0.png,512,768,7062b6be43a0f5244596e1224df6822b7bf784f8fd5ee9c14dd5e3f84756d346,107.11715209029364,107.11715209029364,107.11715209029364,46.78802451258325,0.30847796037475045,0.5103742204815176,2.5528857659394912,0.8582702598641578,6.44142049714782,4.811507116946091,0.6430620968399049,0.4317412752772342,2.496985473837932,0.8742037581985206
kodak,kodim19.png,kodim19_b7450b264b1b__awgn_5_seed-20260811,awgn,5,20260811,11158180662501833246,5.001064187287651,results/vtm_content_partition_study/stimuli/kodim19_b7450b264b1b__awgn_5_seed-20260811.png,512,768,f4300d8e42709989f77816bc722d0ecf79a70a24a14c232eb408aab8c26dbdb3,107.11715209029364,104.83514682868682,104.83514682868682,47.03318740030969,0.3372344237956279,0.5937488654772111,2.7121073033846876,0.8196627230479667,7.199088646564345,5.128398615110804,0.5229053494889934,0.5228896567188519,2.674981153708256,0.8316306559353372
kodak,kodim19.png,kodim19_b7450b264b1b__awgn_5_seed-20260812,awgn,5,20260812,15392102183816838238,4.99460285083134,results/vtm_content_partition_study/stimuli/kodim19_b7450b264b1b__awgn_5_seed-20260812.png,512,768,4684654b30eddf9e78b2f299fdc510ab671a80ca04f8e5a4bc1282107185af84,107.11715209029364,104.73607300043476,104.73607300043476,47.004192639118806,0.337899964163211,0.5938819019781878,2.711898822074079,0.8194795785212045,7.184752000593898,5.127348260856861,0.5234183264755096,0.5226348458904109,2.673977436477715,0.831793545151913
kodak,kodim19.png,kodim19_b7450b264b1b__awgn_5_seed-20260813,awgn,5,20260813,7217516314900301294,5.001773265468322,results/vtm_content_partition_study/stimuli/kodim19_b7450b264b1b__awgn_5_seed-20260813.png,512,768,4e51c122e7be73d120cc9b34ee4fbd380bba668c0ef6eaa557d374cf7b161d2e,107.11715209029364,104.84583459418467,104.84583459418467,47.02595255379157,0.3379537193467465,0.595096965088086,2.7136824158196213,0.8191878619640371,7.203189273290679,5.129095325050169,0.5229415595296559,0.5242197692433137,2.6755390351299138,0.8315536220442169
kodak,kodim19.png,kodim19_b7450b264b1b__awgn_15_seed-20260811,awgn,15,20260811,11158180662501833246,14.912552136449706,results/vtm_content_partition_study/stimuli/kodim19_b7450b264b1b__awgn_15_seed-20260811.png,512,768,f71a832d29fbca0191bf03ad407804dd52e67ba3e753598e974db523580e6366,107.11715209029364,100.98892499813958,100.98892499813958,48.95566977363588,0.6615394460656325,0.983906787594371,3.1088131726529338,0.6958324300580793,13.288285619324661,5.759280180530058,0.31790301660090403,0.9199715631115458,3.088556098900888,0.7029063939791804
kodak,kodim19.png,kodim19_b7450b264b1b__awgn_15_seed-20260812,awgn,15,20260812,15392102183816838238,14.897928555615026,results/vtm_content_partition_study/stimuli/kodim19_b7450b264b1b__awgn_15_seed-20260812.png,512,768,c331371ec90b71e3de01bd9d833c76edc4a25fffd77bc11a8a1c7e69a7a2b3a7,107.11715209029364,100.69584034400009,100.69584034400009,48.8757513196486,0.6612169149644191,0.9782668214946428,3.105613861731972,0.6965901157783028,13.24288424109176,5.757863052940465,0.3187498885017621,0.9145109670580561,3.084997455818447,0.7038128870880935
kodak,kodim19.png,kodim19_b7450b264b1b__awgn_15_seed-20260813,awgn,15,20260813,7217516314900301294,14.918440956565947,results/vtm_content_partition_study/stimuli/kodim19_b7450b264b1b__awgn_15_seed-20260813.png,512,768,92a02d086b059301dfcca295c92420ff23113683716019858fea47ecd4dbf6a3,107.11715209029364,100.9981326747497,100.9981326747497,48.93851190578423,0.6630113141862489,0.9844639587125927,3.109677845479761,0.6958378142601656,13.323727975457604,5.761484559350278,0.3177175061861115,0.9206213307240705,3.0890292134015365,0.7032150724150623
kodak,kodim19.png,kodim19_b7450b264b1b__awgn_30_seed-20260811,awgn,30,20260811,11158180662501833246,29.386406857587648,results/vtm_content_partition_study/stimuli/kodim19_b7450b264b1b__awgn_30_seed-20260811.png,512,768,b72b470ffe0b307e52bc4385f2eacb8bb49b42b9e82270b4b9bf70afd4db724a,107.11715209029364,105.95586472653251,105.95586472653251,54.5411030132749,0.8814135053499207,2.1647404982105174,3.580699517001064,0.5440242718929411,32.947377653311605,6.316290312464746,0.19760542564022995,2.107894549086758,3.5711874937544357,0.5482265084883311
kodak,kodim19.png,kodim19_b7450b264b1b__awgn_30_seed-20260812,awgn,30,20260812,15392102183816838238,29.37470231142101,results/vtm_content_partition_study/stimuli/kodim19_b7450b264b1b__awgn_30_seed-20260812.png,512,768,f25f5d3786a7a310c8a51c2f7ea37d6de978540520fffb9f55cbae7ad654a782,107.11715209029364,105.50691621895214,105.50691621895214,54.41279776547182,0.8817104387446885,2.1621442034376965,3.5793304726739024,0.5444511432797999,32.84129908443911,6.314454890119984,0.19808701317688612,2.1071836268754076,3.5701183715286384,0.5480213886383307
kodak,kodim19.png,kodim19_b7450b264b1b__awgn_30_seed-20260813,awgn,30,20260813,7217516314900301294,29.409833667418365,results/vtm_content_partition_study/stimuli/kodim19_b7450b264b1b__awgn_30_seed-20260813.png,512,768,64f4916754c9787fb03a0081ab31af0f84efd57dd12cb7aa21c7093e681f37d2,107.11715209029364,105.99782078522738,105.99782078522738,54.52681387949654,0.88204320892848,2.174010588406507,3.582988069786544,0.5435256684213776,33.03675106263756,6.318029225668241,0.1972878491913598,2.1192744006849313,3.5738706645357547,0.5471979232243762
kodak,kodim19.png,kodim19_b7450b264b1b__stripes_8,stripes,8,,,5.600816067770839,results/vtm_content_partition_study/stimuli/kodim19_b7450b264b1b__stripes_8.png,512,768,6048e77c09f36df06b301c779e95d404d658826382cc405720a1b90e5514ecfc,107.11715209029364,105.63807384088022,105.63807384088022,47.102049319248145,0.32115650437720783,0.5140335008168033,2.5852480093638626,0.855835640395262,6.468179975801675,4.8818096338225825,0.6272552000820208,0.4291396567188519,2.510550404607586,0.8757847328716966
kodak,kodim19.png,kodim19_b7450b264b1b__stripes_16,stripes,16,,,11.254906608683267,results/vtm_content_partition_study/stimuli/kodim19_b7450b264b1b__stripes_16.png,512,768,d74b9ea076c09522e91e167b6a0f72e659887d8d2a1e7b1dfadcc81c31b56b58,107.11715209029364,103.1276403356239,103.1276403356239,48.05561828853998,0.3858828648953054,0.5294510804005703,2.663570911924463,0.8477774133948494,6.61193535257593,5.011228296590255,0.5914533146376588,0.4266425106001305,2.5487174062354976,0.8773963179693816
kodak,kodim19.png,kodim19_b7450b264b1b__stripes_32,stripes,32,,,22.66082248893092,results/vtm_content_partition_study/stimuli/kodim19_b7450b264b1b__stripes_32.png,512,768,aba67116d369518f9133fb56fc827079c6027cc941272c4b356e33a1812e92af,107.11715209029364,99.62942224225475,99.62942224225475,51.68174905196184,0.6875851123739313,0.5875031310669561,2.8484176205447125,0.8185480797222484,7.186506365257548,5.270326137208532,0.5108618947655817,0.42272861627527725,2.641796730305363,0.8773844467825507
kodak,kodim20.png,kodim20_3b46c71e3b92__clean_0,clean,0,,,0.0,results/vtm_content_partition_study/stimuli/kodim20_3b46c71e3b92__clean_0.png,768,512,f8ebd7b144967e921c74a945458eaa583ccb79cdbf8a8e3d2fae462610547d66,85.85981952243698,85.85981952243698,85.85981952243698,87.18909645914603,0.18052270516561716,0.2675351958536491,1.9575391783714056,0.9286283570396754,3.617773269231832,3.523683930297585,0.7916956519196234,0.1892010267275098,1.8988239159573852,0.9418722781758674
kodak,kodim20.png,kodim20_3b46c71e3b92__awgn_5_seed-20260811,awgn,5,20260811,10659667478836861109,4.3788702421951,results/vtm_content_partition_study/stimuli/kodim20_3b46c71e3b92__awgn_5_seed-20260811.png,768,512,29a64d376d7bdd79381c563d3e4af20b9bc9ea7a10754720c36d4414fe222ffa,85.85981952243698,83.644787461698,83.644787461698,86.56431407151325,0.19737879485998056,0.30521603396905417,2.0327194663233104,0.9119199262252595,4.139466312540079,3.955324547528693,0.6817216450594186,0.22919552640156454,1.9859599358626119,0.9233000911681036
kodak,kodim20.png,kodim20_3b46c71e3b92__awgn_5_seed-20260812,awgn,5,20260812,17778329836125886591,4.392692034103673,results/vtm_content_partition_study/stimuli/kodim20_3b46c71e3b92__awgn_5_seed-20260812.png,768,512,820dea5a60f1d89fa48885b9344bea1e734d0040262d1aa87e35c23e88ad0272,85.85981952243698,83.68996485671255,83.68996485671255,86.5404101699505,0.19757333742896638,0.30663660849033136,2.034558595433675,0.9111812865004119,4.1456921716226605,3.956751005213846,0.6811211022392821,0.23056042209908734,1.9875951647139871,0.9225356801442188
kodak,kodim20.png,kodim20_3b46c71e3b92__awgn_5_seed-20260813,awgn,5,20260813,6881640258467122219,4.38442501113004,results/vtm_content_partition_study/stimuli/kodim20_3b46c71e3b92__awgn_5_seed-20260813.png,768,512,355bf13f08406bd1e015cd9f4549f0e1c0fa38189c031959cc42d84f65462faf,85.85981952243698,83.54623743784705,83.54623743784705,86.54438286207325,0.19738391440126965,0.30475068610888567,2.0321209217833656,0.9118111923333856,4.127960837459342,3.954540641620987,0.6818250277155886,0.22848761408083443,1.9844465362680035,0.9234525324653736
kodak,kodim20.png,kodim20_3b46c71e3b92__awgn_15_seed-20260811,awgn,15,20260811,10659667478836861109,12.922175522691905,results/vtm_content_partition_study/stimuli/kodim20_3b46c71e3b92__awgn_15_seed-20260811.png,768,512,8b8cf560cf3cc7353451e19f3d32ad28c2e34ea8bcb48f2631103c40837f577d,85.85981952243698,83.0863206958105,83.0863206958105,85.71899133939435,0.42975221420160753,0.5245152156714865,2.3382113213885063,0.8354596545291639,8.122854153962669,4.726121930929376,0.4689782386340067,0.4490277664602347,2.310086281848906,0.842857240918427
kodak,kodim20.png,kodim20_3b46c71e3b92__awgn_15_seed-20260812,awgn,15,20260812,17778329836125886591,12.965265674627416,results/vtm_content_partition_study/stimuli/kodim20_3b46c71e3b92__awgn_15_seed-20260812.png,768,512,007f7954a2af05a06547f9c18aca756001d09729b40a305533772a0562482f30,85.85981952243698,83.25148122384121,83.25148122384121,85.65167487642698,0.43074284544104846,0.5290169863177149,2.3415164527029386,0.8346014047402481,8.160352966368134,4.729478523975539,0.4683614837540837,0.45745650668187743,2.3154280876804783,0.8414042741973882
kodak,kodim20.png,kodim20_3b46c71e3b92__awgn_15_seed-20260813,awgn,15,20260813,6881640258467122219,12.937955151105786,results/vtm_content_partition_study/stimuli/kodim20_3b46c71e3b92__awgn_15_seed-20260813.png,768,512,17768951236b509f7b48d6757baa0c4ba5d16c9d6f7b2f602991e8e8efaab84a,85.85981952243698,82.86879459790153,82.86879459790153,85.66220871478845,0.4298674038806123,0.523529263874174,2.3385258479286555,0.8353273631554998,8.08368422271083,4.726400737586557,0.4690616224784424,0.45165060707301175,2.3118178672796326,0.842509552337859
kodak,kodim20.png,kodim20_3b46c71e3b92__awgn_30_seed-20260811,awgn,30,20260811,10659667478836861109,25.211981929158682,results/vtm_content_partition_study/stimuli/kodim20_3b46c71e3b92__awgn_30_seed-20260811.png,768,512,266ef53e55fea561accd11c1cc2378c424f8bf0284100ed7eabcae38d4573d40,85.85981952243698,92.10846651985116,92.10846651985116,85.26765746394007,0.7367736650796088,1.224195326091018,2.8568414015277783,0.7033492524283761,20.687408404310936,5.274101015701215,0.3420656255525182,1.1535940555736635,2.843053280443112,0.7074077875508589
kodak,kodim20.png,kodim20_3b46c71e3b92__awgn_30_seed-20260812,awgn,30,20260812,17778329836125886591,25.30395534390917,results/vtm_content_partition_study/stimuli/kodim20_3b46c71e3b92__awgn_30_seed-20260812.png,768,512,123c08a0236229bab3241b7686bedb5f709947d8d2b7afb9f8940bc55bd81b0d,85.85981952243698,92.50718080486408,92.50718080486408,85.15933186983291,0.7375083192545948,1.2288737812202069,2.856965860920626,0.7030413258281212,20.821162762954806,5.278825553528943,0.3413889334438043,1.1627128829856586,2.844503213363444,0.7066776749378643
kodak,kodim20.png,kodim20_3b46c71e3b92__awgn_30_seed-20260813,awgn,30,20260813,6881640258467122219,25.251799919007293,results/vtm_content_partition_study/stimuli/kodim20_3b46c71e3b92__awgn_30_seed-20260813.png,768,512,2d379e0c0c788f5470a8d18dcc4c0c76470a2bcdd83c3976ac4ccebc40abeb25,85.85981952243698,91.87997129875822,91.87997129875822,85.17474760186028,0.7373214559975426,1.2138003976616991,2.855646209892395,0.7039388667848261,20.603929574243733,5.278099038811249,0.3418087609767396,1.14760735821382,2.8427454228913644,0.7078298894970095
kodak,kodim20.png,kodim20_3b46c71e3b92__stripes_8,stripes,8,,,4.90498222283043,results/vtm_content_partition_study/stimuli/kodim20_3b46c71e3b92__stripes_8.png,768,512,f594c8fb05c81dc6bdd3cc29f3be99dadc3569ef8f0fec13d1fb73c2cd12a35b,85.85981952243698,84.31856484959884,84.31856484959884,86.4393859766212,0.18790252393385554,0.2735222279226317,1.9815923128925523,0.9250930144720089,3.6567309762022764,3.78432348092924,0.7660957365445146,0.19231278520208603,1.915570266684447,0.9402471320371405
kodak,kodim20.png,kodim20_3b46c71e3b92__stripes_16,stripes,16,,,9.809525543156301,results/vtm_content_partition_study/stimuli/kodim20_3b46c71e3b92__stripes_16.png,768,512,71f0c6564113d5a7a2271acf2d58d75c073b6171ff8239412b6a759a1b121d54,85.85981952243698,83.17192453749217,83.17192453749217,85.87827661906323,0.2176828956125531,0.283023793574047,2.02684413286783,0.9199733543624579,3.74378816838641,4.009833315600905,0.7308712456380215,0.19264127689048238,1.9420292279678468,0.9396926465388837
kodak,kodim20.png,kodim20_3b46c71e3b92__stripes_32,stripes,32,,,19.58058320342951,results/vtm_content_partition_study/stimuli/kodim20_3b46c71e3b92__stripes_32.png,768,512,65f75abcd631695f29b9636f5c9c145bf2bca5b8e357a54ed23f69400b580de0,85.85981952243698,84.53665890465173,84.53665890465173,85.19543247143272,0.47699278144678237,0.34210655362620457,2.318752384652955,0.8886504976751854,4.123412336683202,4.250628710907212,0.6612768590336598,0.18675898386571055,2.1017294318988435,0.9404620421965652
kodak,kodim21.png,kodim21_ac958597c820__clean_0,clean,0,,,0.0,results/vtm_content_partition_study/stimuli/kodim21_ac958597c820__clean_0.png,768,512,831d9316ce801e9c81389e89812d0a377be3d9973ffd95b85c36c6f16b50466c,97.74606076405574,97.74606076405574,97.74606076405574,42.517155847288514,0.32400552910459224,0.45829095068478265,2.423765505846182,0.8616162875221589,5.854117312433717,4.562069274832511,0.6501441547212278,0.2798647327249022,2.2816186356612076,0.8961344696121134
kodak,kodim21.png,kodim21_ac958597c820__awgn_5_seed-20260811,awgn,5,20260811,6205045503436791406,4.990282406610006,results/vtm_content_partition_study/stimuli/kodim21_ac958597c820__awgn_5_seed-20260811.png,768,512,516d4308cea9a014145e7a0254665d09a798b9a2a4083f6fc472f84b173656aa,97.74606076405574,94.67219541194925,94.67219541194925,42.71381563746563,0.3450366047202171,0.5602698907292765,2.581539327831168,0.8147070251688727,6.618585565539312,4.921352374709188,0.5240492957212332,0.38779080426988266,2.4652542538516506,0.8448073592733814
kodak,kodim21.png,kodim21_ac958597c820__awgn_5_seed-20260812,awgn,5,20260812,387708388235398927,4.984530614897089,results/vtm_content_partition_study/stimuli/kodim21_ac958597c820__awgn_5_seed-20260812.png,768,512,a489211545cc6e27cb28d5592a4b1c2501f7cf32d47cb033ff25799cc72fa165,97.74606076405574,94.54896306970464,94.54896306970464,42.702416043707885,0.34503916449086164,0.5592186677429452,2.581453274744418,0.8150074864344989,6.599747494428845,4.920314665824296,0.5243604292790749,0.38735026890482405,2.4647445317592087,0.8451753228863904
kodak,kodim21.png,kodim21_ac958597c820__awgn_5_seed-20260813,awgn,5,20260813,8485382431274988306,4.973298811669146,results/vtm_content_partition_study/stimuli/kodim21_ac958597c820__awgn_5_seed-20260813.png,768,512,32939037b48ac403cf5202eed710d6494d5987e24e306e5e2139ad6d836db0fd,97.74606076405574,94.71041499398248,94.71041499398248,42.69584618499799,0.3448753391696104,0.560301553134124,2.5818079592833776,0.8147949169854314,6.60915473439383,4.9188928386709545,0.5248680246746642,0.38845033409387225,2.466087101382972,0.844625123622117
kodak,kodim21.png,kodim21_ac958597c820__awgn_15_seed-20260811,awgn,15,20260811,6205045503436791406,14.920442469140616,results/vtm_content_partition_study/stimuli/kodim21_ac958597c820__awgn_15_seed-20260811.png,768,512,e0031a5fded66d605e7353cc4277325da634536cfe5791e7c016d55f5b734b30,97.74606076405574,91.03692753928823,91.03692753928823,44.74098096652463,0.6637459683612348,0.9378768201997919,2.9578853163105183,0.6986007661077845,12.714541841941301,5.595116331572313,0.3200624791501474,0.7714971072359844,2.890877260771905,0.7172549751518075
kodak,kodim21.png,kodim21_ac958597c820__awgn_15_seed-20260812,awgn,15,20260812,387708388235398927,14.901189407563786,results/vtm_content_partition_study/stimuli/kodim21_ac958597c820__awgn_15_seed-20260812.png,768,512,f276c6b26f2c00376c419809d4b4c05722714d6ddad6a7501bb5bc2c7e73f429,97.74606076405574,90.67138117105948,90.67138117105948,44.70725171251711,0.6636358982235192,0.9363494190625395,2.9574091848227733,0.6990697165749904,12.670219722945482,5.593962241959188,0.32014991019890526,0.7705880255867015,2.8909396043653226,0.7177265671139368
kodak,kodim21.png,kodim21_ac958597c820__awgn_15_seed-20260813,awgn,15,20260813,8485382431274988306,14.869912182998194,results/vtm_content_partition_study/stimuli/kodim21_ac958597c820__awgn_15_seed-20260813.png,768,512,f27c34223315fa20f9ece1178f590a3a9c532acb120244d2fa0736e13789cfac,97.74606076405574,91.04196679494642,91.04196679494642,44.68132373518952,0.6616239184969027,0.9363716855257244,2.954940443108809,0.6994423881264563,12.663444769782833,5.591800292012946,0.32091273940329623,0.7705956649282921,2.888327556739971,0.7183333559711876
kodak,kodim21.png,kodim21_ac958597c820__awgn_30_seed-20260811,awgn,30,20260811,6205045503436791406,29.527119687118407,results/vtm_content_partition_study/stimuli/kodim21_ac958597c820__awgn_30_seed-20260811.png,768,512,b41d3bbaee73c1b0942551e5f2df03f146a415a1bbc05236a14d922234c79ca4,97.74606076405574,99.40064612045931,99.40064612045931,50.90714361717151,0.8820099319101009,2.1474891004086754,3.4929428068704427,0.5465785003968991,32.66318663802513,6.2134927196503575,0.20057059016612855,1.9880062337027378,3.4664717967644805,0.5556738771496361
kodak,kodim21.png,kodim21_ac958597c820__awgn_30_seed-20260812,awgn,30,20260812,387708388235398927,29.49661817401468,results/vtm_content_partition_study/stimuli/kodim21_ac958597c820__awgn_30_seed-20260812.png,768,512,d2790a157946d3a8f9a284ae01f646ec5d44792182a5c344d8865ee194059191,97.74606076405574,98.81232606418719,98.81232606418719,50.84849531905579,0.8815107766344136,2.142440205316931,3.4916124729557096,0.547232152794951,32.53160270619199,6.211710315492232,0.2009449628794845,1.9843979180247722,3.465172794763631,0.5572032173497399
kodak,kodim21.png,kodim21_ac958597c820__awgn_30_seed-20260813,awgn,30,20260813,8485382431274988306,29.444751232476314,results/vtm_content_partition_study/stimuli/kodim21_ac958597c820__awgn_30_seed-20260813.png,768,512,77da47d446bbbd7365747e0a2a60f5cdde1387571fb8229a5e7a27af068867dc,97.74606076405574,99.22439056687907,99.22439056687907,50.799697027738205,0.8813085547534941,2.1393614277354365,3.490175566234557,0.5474219349555814,32.50644565501625,6.209879415675658,0.20105581118221438,1.9814949682203387,3.464079651466971,0.5570406384833086
kodak,kodim21.png,kodim21_ac958597c820__stripes_8,stripes,8,,,5.5874262748707375,results/vtm_content_partition_study/stimuli/kodim21_ac958597c820__stripes_8.png,768,512,967d29aaa4f2d1783c0e8e9a8b210c3c2f16f620c68f29d9a99f6e9b7d52635e,97.74606076405574,95.73526979059484,95.73526979059484,42.83744264197739,0.33359442993907745,0.47224519561657863,2.4605710975785935,0.8542139115037651,5.8786875034583845,4.681146528469787,0.633648385273678,0.2821157920469361,2.295523022412265,0.8946736022840642
kodak,kodim21.png,kodim21_ac958597c820__stripes_16,stripes,16,,,11.237653725166334,results/vtm_content_partition_study/stimuli/kodim21_ac958597c820__stripes_16.png,768,512,4a238bfbb1b55c3c5f1cd009ff22ea3595c95bf2032a205d8b58419057533af4,97.74606076405574,93.00086642106388,93.00086642106388,43.87751385402082,0.3723493574975682,0.48362551439562246,2.534797245325051,0.8488132747383321,6.005615599606623,4.866739484945615,0.5955466575808362,0.27419379481747064,2.3297405165199203,0.8986834960482677
kodak,kodim21.png,kodim21_ac958597c820__stripes_32,stripes,32,,,22.67952731806664,results/vtm_content_partition_study/stimuli/kodim21_ac958597c820__stripes_32.png,768,512,ef9fd963b44cdb83f350d745c35109c79426396c7dfe980981d72e31b717112a,97.74606076405574,90.72496678418159,90.72496678418159,47.915580310554795,0.6918701684329084,0.5405659623741879,2.7520450711058375,0.8212425874582874,6.602912700886611,5.153425549778712,0.515083024323183,0.27007873614732725,2.4560235964776576,0.899091844657087
kodak,kodim22.png,kodim22_1cee58eb1f2d__clean_0,clean,0,,,0.0,results/vtm_content_partition_study/stimuli/kodim22_1cee58eb1f2d__clean_0.png,768,512,e171f5b328e1b394820707591cdad6301e066e23f978fa8d38583fe101120de6,71.06697134314325,71.06697134314325,71.06697134314325,40.94289672779173,0.31083806890902577,0.3276751201869922,2.3585243285219537,0.8793523870013952,3.6086241672536286,4.641555052309707,0.6460040891525304,0.2841274853324642,2.3160608941932086,0.8902678044922285
kodak,kodim22.png,kodim22_1cee58eb1f2d__awgn_5_seed-20260811,awgn,5,20260811,472502835663233238,4.995336010348308,results/vtm_content_partition_study/stimuli/kodim22_1cee58eb1f2d__awgn_5_seed-20260811.png,768,512,0285123a4ba94bcc5ced34ca75e42e112b8fe1220e72770a1190bc91eabe27d9,71.06697134314325,69.34705721593933,69.34705721593933,41.18110247153224,0.3493779757333743,0.4129051443170129,2.5075357613672473,0.8398186021532504,4.390852124236618,4.915529099934986,0.5338616790503348,0.37150882089309,2.4742726764605822,0.8493775438873589
kodak,kodim22.png,kodim22_1cee58eb1f2d__awgn_5_seed-20260812,awgn,5,20260812,16914754856228261656,4.9774344821656165,results/vtm_content_partition_study/stimuli/kodim22_1cee58eb1f2d__awgn_5_seed-20260812.png,768,512,e5aa8bd821f94e87fa9066f59f60f2df27e0521133bf19d78b9950c92c52758d,71.06697134314325,69.39784763807656,69.39784763807656,41.1733115821862,0.3494317309169098,0.4106257867076692,2.5045871232754644,0.8404309877650136,4.386852984975636,4.914612548601498,0.5346069953537806,0.3696244499674054,2.47150195252043,0.8498646958968668
kodak,kodim22.png,kodim22_1cee58eb1f2d__awgn_5_seed-20260813,awgn,5,20260813,4344353258983084894,4.990550457822295,results/vtm_content_partition_study/stimuli/kodim22_1cee58eb1f2d__awgn_5_seed-20260813.png,768,512,b8d17b6fab897836c79046df3cfd31cca0331310d10bf0741fe6fc90e8fd0824,71.06697134314325,69.39310600083434,69.39310600083434,41.1682685949873,0.34871755490708034,0.4117082904639861,2.505817194943376,0.8401106531365026,4.383838045064614,4.914469049171458,0.5341009664406982,0.3710784713168187,2.4732963129519545,0.8493107560614176
kodak,kodim22.png,kodim22_1cee58eb1f2d__awgn_15_seed-20260811,awgn,15,20260811,472502835663233238,14.940542169322832,results/vtm_content_partition_study/stimuli/kodim22_1cee58eb1f2d__awgn_15_seed-20260811.png,768,512,ba5b25e655fff99b4bc7af13b67277920cd3fd28cc13342a7a2751cef549f1b8,71.06697134314325,70.09258987372343,70.09258987372343,43.36313795010975,0.6600087032201915,0.8068784395807447,2.9320359451586073,0.7116797815243925,10.536585394487162,5.572441420749624,0.3274644854312595,0.7684515563885268,2.916421563318534,0.7169158544053391
kodak,kodim22.png,kodim22_1cee58eb1f2d__awgn_15_seed-20260812,awgn,15,20260812,16914754856228261656,14.89262418879488,results/vtm_content_partition_study/stimuli/kodim22_1cee58eb1f2d__awgn_15_seed-20260812.png,768,512,26fe9de17807cd30781010501a3bacfa902d5c291ef6fdb2963063d63d7000cd,71.06697134314325,70.2891031477897,70.2891031477897,43.333740242620415,0.6593482823938975,0.805892221178882,2.9306020398143477,0.7121532525353916,10.494773415467336,5.569636947586108,0.32876184882197057,0.7673260267275097,2.9153006916061273,0.7176441953176533
kodak,kodim22.png,kodim22_1cee58eb1f2d__awgn_15_seed-20260813,awgn,15,20260813,4344353258983084894,14.931039772560338,results/vtm_content_partition_study/stimuli/kodim22_1cee58eb1f2d__awgn_15_seed-20260813.png,768,512,7b31e6ac1fe9dbc0c4d956344a0a7f2d5b1dc7e28bb8302f5187d756305ad19d,71.06697134314325,70.21780417970444,70.21780417970444,43.32718418515201,0.6601750883120873,0.8054196434352013,2.930299175048806,0.7119491124546914,10.519039855456679,5.570651245508282,0.32790597098799373,0.7674431632985659,2.915446546730336,0.7172641265417924
kodak,kodim22.png,kodim22_1cee58eb1f2d__awgn_30_seed-20260811,awgn,30,20260811,472502835663233238,29.607656432027387,results/vtm_content_partition_study/stimuli/kodim22_1cee58eb1f2d__awgn_30_seed-20260811.png,768,512,6fb5bcdf481dee1c81923e16accd83c5dcdcde23ec8f5118051d57f879380ee9,71.06697134314325,85.59744537551585,85.59744537551585,49.93184549243339,0.877865663236574,2.051399077390786,3.4872509365481976,0.5492101567691963,30.80584423485152,6.216754648380445,0.20060060705701147,2.0131651320078223,3.4819608722172766,0.5513058114084302
kodak,kodim22.png,kodim22_1cee58eb1f2d__awgn_30_seed-20260812,awgn,30,20260812,16914754856228261656,29.513243681992154,results/vtm_content_partition_study/stimuli/kodim22_1cee58eb1f2d__awgn_30_seed-20260812.png,768,512,273e42935152b689d4c9281b24f1c973513ae3ec76f4b9260292eeb59789c4bc,71.06697134314325,85.94975709998043,85.94975709998043,49.85061502173092,0.8770183791532279,2.0421629464684377,3.4835258024587032,0.5500024217388102,30.611365954607606,6.211933649863566,0.20142994730590275,2.005052151238592,3.478610191110922,0.5527355784726821
kodak,kodim22.png,kodim22_1cee58eb1f2d__awgn_30_seed-20260813,awgn,30,20260813,4344353258983084894,29.58927641439063,results/vtm_content_partition_study/stimuli/kodim22_1cee58eb1f2d__awgn_30_seed-20260813.png,768,512,131142eac4c822b69a5ced7f451378d9560cb4e72e8322f61b86935525f672a6,71.06697134314325,85.77979437184756,85.77979437184756,49.859241151949384,0.8779962115394461,2.045185007461738,3.483976377181304,0.5496406427484782,30.70258058146608,6.213066007612684,0.20086633622017577,2.0089303903194264,3.4790655201823855,0.5522386449481816
kodak,kodim22.png,kodim22_1cee58eb1f2d__stripes_8,stripes,8,,,5.584811038808091,results/vtm_content_partition_study/stimuli/kodim22_1cee58eb1f2d__stripes_8.png,768,512,89e39514cb4ef269511afea66931d7ad8e2d95f0a54e54a1b2462b9db8dc1ed8,71.06697134314325,69.50679264760542,69.50679264760542,41.29788926455093,0.32909691291660265,0.33613751819488846,2.400420044852367,0.8743488532129371,3.6371948313925717,4.7153836170036225,0.6304500111032887,0.285629889178618,2.3422923829564555,0.8895027316100634
kodak,kodim22.png,kodim22_1cee58eb1f2d__stripes_16,stripes,16,,,11.233139062063763,results/vtm_content_partition_study/stimuli/kodim22_1cee58eb1f2d__stripes_16.png,768,512,25d3b8be302d419710dda1c1cb6b6523b1a4efdb16d16caa84a3f4bf529c2aae,71.06697134314325,67.61552429836168,67.61552429836168,42.399715082372666,0.3998924896329289,0.35205103747275285,2.4762737325475515,0.86584194300104,3.7656177564125155,4.840434437920383,0.5977257270441291,0.2835316166883963,2.3841867418213765,0.8899100663735247
kodak,kodim22.png,kodim22_1cee58eb1f2d__stripes_32,stripes,32,,,22.688004921583065,results/vtm_content_partition_study/stimuli/kodim22_1cee58eb1f2d__stripes_32.png,768,512,cff91d4b9aa335ec4f7968edaf80ba6e7f49d53b4a158079ce72b5094d5a8b54,71.06697134314325,67.26355025173693,67.26355025173693,46.64463543800072,0.694627041417089,0.40995344574603726,2.669759371460171,0.8378129932135137,4.361051987468649,5.098177543925467,0.5190887898649572,0.2794038257822686,2.4827052476358853,0.8912890975155953
kodak,kodim23.png,kodim23_e3111a2fd4da__clean_0,clean,0,,,0.0,results/vtm_content_partition_study/stimuli/kodim23_e3111a2fd4da__clean_0.png,768,512,b8ba454fc93690d89af91dfa96128d2375c8629ea36cefc3a84830c5446df6b4,62.995112412459626,62.995112412459626,62.995112412459626,46.61824106905173,0.11404290175600267,0.17861787299428333,2.1469140282525636,0.9372633966933883,1.8581172909591763,4.125458590949386,0.8034001164621348,0.140230300684485,2.120892069797244,0.9421238353633625
kodak,kodim23.png,kodim23_e3111a2fd4da__awgn_5_seed-20260811,awgn,5,20260811,7653253979731712893,4.98386500827778,results/vtm_content_partition_study/stimuli/kodim23_e3111a2fd4da__awgn_5_seed-20260811.png,768,512,f789b5626e1152f23d4e9748419fd8d98d1c75f2a495e5b28d6a56f26e105891,62.995112412459626,61.27137981082006,61.27137981082006,46.830272000167305,0.14215174320380894,0.30121886143571863,2.413064825034229,0.8775364835923869,2.65585431026104,4.663759404102529,0.6157150053438681,0.2639417984028683,2.393296843426013,0.881478722497598
kodak,kodim23.png,kodim23_e3111a2fd4da__awgn_5_seed-20260812,awgn,5,20260812,2482659922088655412,4.986829577826101,results/vtm_content_partition_study/stimuli/kodim23_e3111a2fd4da__awgn_5_seed-20260812.png,768,512,78291ce08360c04a828adaeabd1247c843556ef132a4b6369a30cada50db4b84,62.995112412459626,61.293597069298634,61.293597069298634,46.826635853811524,0.1417575385245482,0.3008804401812877,2.413501057258752,0.8774739526739916,2.650544670105623,4.6622984495777615,0.6161829962137293,0.2636387711864407,2.39361108282423,0.881422379496127
kodak,kodim23.png,kodim23_e3111a2fd4da__awgn_5_seed-20260813,awgn,5,20260813,16579909480486117925,4.9718575986201605,results/vtm_content_partition_study/stimuli/kodim23_e3111a2fd4da__awgn_5_seed-20260813.png,768,512,072026eb0361a1063f43a129150875d15a242b69f22260a7c0c9b4e1cba5fb7f,62.995112412459626,61.3401228051285,61.3401228051285,46.83210092682164,0.1412174269185481,0.3004512251278054,2.4134202317571196,0.8773348752863419,2.6526499498936267,4.662488589851323,0.616023546783668,0.2625387059973925,2.3917793448559177,0.8817911557487301
kodak,kodim23.png,kodim23_e3111a2fd4da__awgn_15_seed-20260811,awgn,15,20260811,7653253979731712893,14.864841871501563,results/vtm_content_partition_study/stimuli/kodim23_e3111a2fd4da__awgn_15_seed-20260811.png,768,512,89ccea729ee050a58f2751c499e989bcaa39455d51ed633f694117e85a98b284,62.995112412459626,63.48432893682959,63.48432893682959,48.70713054845907,0.5767470434649056,0.6982394321710452,2.9022702428533966,0.731678173977324,8.75255662426495,5.521148280592568,0.34806780925523073,0.661951495273794,2.8897853466846266,0.734266901195751
kodak,kodim23.png,kodim23_e3111a2fd4da__awgn_15_seed-20260812,awgn,15,20260812,2482659922088655412,14.869057459389667,results/vtm_content_partition_study/stimuli/kodim23_e3111a2fd4da__awgn_15_seed-20260812.png,768,512,25c6e6824e3f0103ff38890927d9438d7b8ea6700ff1d8e916eb5d4d4a4c01ff,62.995112412459626,63.621140826565636,63.621140826565636,48.70159320710869,0.5767009675933037,0.696180662003582,2.900758283468938,0.7325450797798958,8.735531290925874,5.520140217208094,0.3485616524611215,0.6583508189374185,2.8872508296606654,0.7356523724980404
kodak,kodim23.png,kodim23_e3111a2fd4da__awgn_15_seed-20260813,awgn,15,20260813,16579909480486117925,14.826451937769477,results/vtm_content_partition_study/stimuli/kodim23_e3111a2fd4da__awgn_15_seed-20260813.png,768,512,098ef0fbf4bc4d7cb0d03218a3aa32ebf66c2d42397ea192a1083a10d1b78a68,62.995112412459626,63.643921293733904,63.643921293733904,48.70635369086362,0.5741463164900424,0.6958128573564066,2.8993434743404913,0.7320302653743569,8.705221588562729,5.5176604229187705,0.34893419730976427,0.6579535731747066,2.8857154875643998,0.7356109610445312
kodak,kodim23.png,kodim23_e3111a2fd4da__awgn_30_seed-20260811,awgn,30,20260811,7653253979731712893,29.151558572533393,results/vtm_content_partition_study/stimuli/kodim23_e3111a2fd4da__awgn_30_seed-20260811.png,768,512,f3284e2d3018d407989c7db2b350f7c24f074bf7db4407ab57e09311f79e25dc,62.995112412459626,80.61086063370426,80.61086063370426,54.20296433825064,0.8611631597808836,1.885806665934991,3.4826045582122465,0.5623737992332508,28.199076982822916,6.205361382561877,0.20850194450661413,1.8568591101694918,3.477772928102022,0.5636633208183701
kodak,kodim23.png,kodim23_e3111a2fd4da__awgn_30_seed-20260812,awgn,30,20260812,2482659922088655412,29.149820865279167,results/vtm_content_partition_study/stimuli/kodim23_e3111a2fd4da__awgn_30_seed-20260812.png,768,512,519e3ab7258986b5aeaf43c0ba6239d51d54164a87344fc981dc8ce0efbcec32,62.995112412459626,80.89394310699664,80.89394310699664,54.18838455960914,0.8596042594583525,1.8828523731605515,3.4812954548417725,0.5629129240980569,28.15882627493053,6.204617562432986,0.20893106909044942,1.8449748411016946,3.474741884435409,0.5650157168016481
kodak,kodim23.png,kodim23_e3111a2fd4da__awgn_30_seed-20260813,awgn,30,20260813,16579909480486117925,29.07319283613363,results/vtm_content_partition_study/stimuli/kodim23_e3111a2fd4da__awgn_30_seed-20260813.png,768,512,d31b9286bf7978c93f1ea19b738739c8db2434b46b936612515323e35b531b57,62.995112412459626,80.74623855632126,80.74623855632126,54.18079582122479,0.8593303639993857,1.8734083056390176,3.4781704876565813,0.5635270640804861,28.04844310359576,6.201910078338601,0.20913508275475112,1.8373558710886573,3.4718297427984477,0.5655417610352116
kodak,kodim23.png,kodim23_e3111a2fd4da__stripes_8,stripes,8,,,5.583074003811095,results/vtm_content_partition_study/stimuli/kodim23_e3111a2fd4da__stripes_8.png,768,512,ca3ad11081deba2a53a5af1e4cb03523eea78466dbe110a8d28a47b9c33651f8,62.995112412459626,61.360827852743796,61.360827852743796,46.90842446951204,0.12353965084728408,0.1953079540186784,2.1958515498359557,0.9286526118196029,1.9091613706877106,4.249028102629094,0.7723034848765717,0.13988398386571055,2.1251579537183285,0.9421313756124379
kodak,kodim23.png,kodim23_e3111a2fd4da__stripes_16,stripes,16,,,11.215658599613285,results/vtm_content_partition_study/stimuli/kodim23_e3111a2fd4da__stripes_16.png,768,512,a8a31b044a26e8a8db72d0370f476cbc11c0677d9e6a2cc7a31517aa99c2df91,62.995112412459626,59.65801832013734,59.65801832013734,47.84173842367196,0.17973685557774025,0.2227539202861897,2.2918751065200293,0.9150381508333509,2.053352561185694,4.429254671134924,0.7132747205344452,0.1377424217731421,2.1503383646719074,0.9434704116201691
kodak,kodim23.png,kodim23_e3111a2fd4da__stripes_32,stripes,32,,,22.590996749928355,results/vtm_content_partition_study/stimuli/kodim23_e3111a2fd4da__stripes_32.png,768,512,cb24ee6523057adf7cff74b9e4e6886dd68f4f92380aa04ad5f12426e621d2f7,62.995112412459626,60.82978849200561,60.82978849200561,51.47856035768013,0.6435724159115344,0.2949815616127135,2.556050385727646,0.8780519481179643,2.676642154712125,4.799134522685092,0.594875324950469,0.1355448378422425,2.2681411177898814,0.9442216792208433
kodak,kodim24.png,kodim24_1071c68372cc__clean_0,clean,0,,,0.0,results/vtm_content_partition_study/stimuli/kodim24_1071c68372cc__clean_0.png,768,512,eefa7b301e9530c44372c47f845792105c6453e5e72300ee1c371a71cb31b81f,104.01888000914333,104.01888000914333,104.01888000914333,53.549137156118896,0.40060666564275843,0.5579800379535912,2.54481844677982,0.8484156832665317,7.68242221693487,4.796483400829044,0.6254287290403722,0.43770880867014345,2.493830777398516,0.8603969313946653
kodak,kodim24.png,kodim24_1071c68372cc__awgn_5_seed-20260811,awgn,5,20260811,4058825208788583830,4.93421949383551,results/vtm_content_partition_study/stimuli/kodim24_1071c68372cc__awgn_5_seed-20260811.png,768,512,372bc265b07024a0062d13e4e188aacda651f728e58abaeff4fb6fa4d94dca29,104.01888000914333,101.00257601260901,101.00257601260901,53.43408527947891,0.4261378180515026,0.6386480554199665,2.674652064053191,0.812950154781101,8.389116031120622,5.058625509948479,0.5168384514138677,0.5189532064863103,2.6282224663591864,0.8239784002943292
kodak,kodim24.png,kodim24_1071c68372cc__awgn_5_seed-20260812,awgn,5,20260812,11460511596401735980,4.930358615338884,results/vtm_content_partition_study/stimuli/kodim24_1071c68372cc__awgn_5_seed-20260812.png,768,512,af099ceee61b79def7f9ef26ee3b2a62c73b974f586edffbe203b50dd4f9a144,104.01888000914333,100.98568939120338,100.98568939120338,53.4220495141405,0.42648082731787235,0.6386377139042223,2.674616006278301,0.8128535199900184,8.377383138206044,5.058127981378732,0.5171600787638626,0.5193224413298566,2.6280774376008065,0.8239152604556393
kodak,kodim24.png,kodim24_1071c68372cc__awgn_5_seed-20260813,awgn,5,20260813,2569595887914282059,4.927591546309984,results/vtm_content_partition_study/stimuli/kodim24_1071c68372cc__awgn_5_seed-20260813.png,768,512,a2adff994c80778037c18a9425d0894f813d7a6d82e16f2ddabc730c1065c525,104.01888000914333,101.03188059593089,101.03188059593089,53.426091650578336,0.427256437823171,0.6398699684396025,2.6749759625810348,0.8128051798441684,8.392348232145727,5.059144803822639,0.5162701840980709,0.5215531290743155,2.6308880491103697,0.8229941813871515
kodak,kodim24.png,kodim24_1071c68372cc__awgn_15_seed-20260811,awgn,15,20260811,4058825208788583830,14.755508945830648,results/vtm_content_partition_study/stimuli/kodim24_1071c68372cc__awgn_15_seed-20260811.png,768,512,469a938c2f0283ce90a9544529a3ede6e46f9615cf7fa34a329d7512a81f1ca9,104.01888000914333,96.95859737443824,96.95859737443824,54.508656789634166,0.6849434290687555,1.0074916871040234,3.03631017626594,0.7021374065220881,14.163602663628286,5.648941387048058,0.32785295933669156,0.8889316126140808,3.0024670169183136,0.7102979223076114
kodak,kodim24.png,kodim24_1071c68372cc__awgn_15_seed-20260812,awgn,15,20260812,11460511596401735980,14.74811839370654,results/vtm_content_partition_study/stimuli/kodim24_1071c68372cc__awgn_15_seed-20260812.png,768,512,8425e9bb63cf7df44e3c6763211fed9841eadad3d1b40cb1490dee04f6003176,104.01888000914333,96.87814116829114,96.87814116829114,54.47565869030025,0.6839144012696462,1.00461326990145,3.033874882995777,0.7028024269590304,14.148079906888468,5.6492463651802876,0.3281683719744468,0.887016684322034,3.000193655202736,0.7112740743926962
kodak,kodim24.png,kodim24_1071c68372cc__awgn_15_seed-20260813,awgn,15,20260813,2569595887914282059,14.739384252419171,results/vtm_content_partition_study/stimuli/kodim24_1071c68372cc__awgn_15_seed-20260813.png,768,512,f26c1d2f98c938dc3528939ae0f6b5364dd5ad74411bb7db71ca53a8fd9993b6,104.01888000914333,97.01965210892335,97.01965210892335,54.48378823701378,0.6837249782419496,1.007390770222239,3.0338173559045774,0.7024709495354344,14.173669976592883,5.647307473463809,0.32805913052684954,0.8908669124837028,3.00117989547919,0.7101235254597734
kodak,kodim24.png,kodim24_1071c68372cc__awgn_30_seed-20260811,awgn,30,20260811,4058825208788583830,29.154916267377274,results/vtm_content_partition_study/stimuli/kodim24_1071c68372cc__awgn_30_seed-20260811.png,768,512,0e478adafdd0a96c2f5d4314ef904fc91d5162f5affcb8b9fd2e01b6eb5ea0e7,104.01888000914333,103.36997035401913,103.36997035401913,58.82623270025883,0.8787155070905647,2.1486463875718016,3.52099305822411,0.5562207180172043,33.182646891482634,6.213034854738774,0.21132324745129966,2.0320699559973923,3.501699717871653,0.5612519808413198
kodak,kodim24.png,kodim24_1071c68372cc__awgn_30_seed-20260812,awgn,30,20260812,11460511596401735980,29.146922754882745,results/vtm_content_partition_study/stimuli/kodim24_1071c68372cc__awgn_30_seed-20260812.png,768,512,5b8765e4ae5280cebfb56bed793dd877af8982336405acc7d59e18834911cef2,104.01888000914333,103.17246968777698,103.17246968777698,58.768961100504235,0.8774177033737777,2.147688426760604,3.5210602154365556,0.5561474893339768,33.156907075567155,6.215148857465515,0.21105658371012664,2.036022042046936,3.5024756135519812,0.5611281039861584
kodak,kodim24.png,kodim24_1071c68372cc__awgn_30_seed-20260813,awgn,30,20260813,2569595887914282059,29.127497357221095,results/vtm_content_partition_study/stimuli/kodim24_1071c68372cc__awgn_30_seed-20260813.png,768,512,d2eca3caf38cdbb4ecad6fb731327252bdf54936486d17b324e4823dff86da92,104.01888000914333,103.4424255650696,103.4424255650696,58.77655704245545,0.8777683919520811,2.1476744748710943,3.518663483027717,0.5565341949374714,33.211815091997536,6.211790544773225,0.21108871620118236,2.036635735821382,3.50034255349427,0.5613975482508675
kodak,kodim24.png,kodim24_1071c68372cc__stripes_8,stripes,8,,,5.509691889018302,results/vtm_content_partition_study/stimuli/kodim24_1071c68372cc__stripes_8.png,768,512,8f65b5e4e0027e5211327eb9a7697c16b94f5ed569fb030c49c8feac03c1ab82,104.01888000914333,101.71608728957607,101.71608728957607,53.466369357507475,0.41238673014897864,0.5656149602208072,2.5750527023648635,0.8452433586809903,7.672252331399482,4.878908315540087,0.6082233038503245,0.4351165254237288,2.506966946476852,0.8617161691102129
kodak,kodim24.png,kodim24_1071c68372cc__stripes_16,stripes,16,,,11.080419821928038,results/vtm_content_partition_study/stimuli/kodim24_1071c68372cc__stripes_16.png,768,512,ae5cd8b27f8370265a057211935c5e97b1318b5d2d50e6a00a3f6a7b56f08d2c,104.01888000914333,98.74768543175901,98.74768543175901,53.94837462475212,0.46090974248707317,0.5811536281028848,2.6462516667314135,0.8378293235573091,7.740014334471191,5.011396878081873,0.574494349283773,0.4311517071382007,2.5460212849547763,0.8635805996135314
kodak,kodim24.png,kodim24_1071c68372cc__stripes_32,stripes,32,,,22.37755537447646,results/vtm_content_partition_study/stimuli/kodim24_1071c68372cc__stripes_32.png,768,512,3ba095ac4c4aed79cf0076ae07f2fd4c3ee386df6ba134addc6591ba5d41ad83,104.01888000914333,95.11825156486218,95.11825156486218,56.563097588584775,0.7202938616699943,0.6347437243913456,2.84276487286858,0.8103971387623573,8.179140059117309,5.2676243173871224,0.5016757326229114,0.42506824478487615,2.6640414724739445,0.8629406468519237
