QP,Bitstream (bytes),Compression Ratio,bpp,Bitrate (kbps),PSNR-Y,PSNR-U,PSNR-V,SSIM,XPSNR-Y,VMAF,MSSSIM-Luma,FSIM-Luma,HaarPSI-Luma,PSNR-HVS-M,PSNR-RGB,MSSSIM-RGB
22,57485.0,7.641008223096082,1.754302978515625,459.87999999999994,44.193,inf,inf,0.9895773999999999,48.25198,96.2690924,0.9998849514886358,0.992479604906325,0.9953590211052669,41.301615289463584,43.22730504331806,0.9998680843429746
27,33719.8,14.732182198925226,1.029046630859375,269.7584,39.9285,inf,inf,0.9753415999999999,44.123419999999996,94.6960852,0.9996819118030599,0.9777485127930348,0.986410148016595,37.234458711774415,39.540452752508735,0.9996651477021373
32,18882.4,29.651290098701757,0.5762451171875,151.05919999999998,36.6431,inf,inf,0.9560482,40.94364,91.52668220000001,0.9991767638126605,0.9538037498708081,0.9701461693793455,34.07897592549473,36.44858308306667,0.9991598960294557
37,10234.2,54.51772150235664,0.312322998046875,81.8736,33.8395,inf,inf,0.9315102,38.244299999999996,84.941022,0.9979571893904856,0.9202719714607083,0.9464942120801428,31.400861870671953,33.72844210851835,0.9979402334655653
