image,sample_count,psnr_y_equal_bpp_delta,ssim_equal_bpp_delta,xpsnr_y_equal_bpp_delta,vmaf_equal_bpp_delta,msssim_luma_equal_bpp_delta,fsim_luma_equal_bpp_delta,haarpsi_luma_equal_bpp_delta,psnr_hvs_m_luma_equal_bpp_delta,psnr_rgb_equal_bpp_delta,msssim_rgb_equal_bpp_delta
baboon,4,-1.1645129997616923,-0.0017516618034832676,-1.0662473466034292,-0.29979277629266576,-0.00038468925057036363,-0.005679098841305519,-0.007852533797651468,-1.0419523493338918,-1.0899648111391613,-0.00038471269488213333
barbara,3,-0.4466556085573525,-0.0009382920180444806,-0.3423571525426207,0.4891293633540954,-6.202650925561197e-05,-0.004198427661219657,-0.004555156097263646,-0.3931566938169612,-0.4328800291070796,-6.206306025295187e-05
goldhill,3,-0.1629107105493214,-0.0007914443846619804,-0.1404975832918467,0.21913886069906616,-0.0002426916721782376,-0.0032297322008992824,-0.002672824614269135,-0.1428295751940413,-0.1541116096616809,-0.0002426900860105219
lenna,3,-0.11197523881477878,-0.0003770829931211879,-0.10360056637432535,0.14251617314163903,-0.00018871182962861463,-0.002201348013479265,-0.001106487516978505,-0.0920016151108598,-0.10530084996458082,-0.00018868117713510824
peppers,2,-0.08369165772134934,-0.0005313212920516897,-0.06458979845035984,-0.02443115937158069,4.7775877600519934e-05,-0.0014942149530460247,-0.0019565721317235107,-0.05901995589244535,-0.07127475208571354,4.791191191449995e-05
