image,qp_points,bpp_delta_pct_mean,compression_ratio_delta_pct_mean,psnr_y_delta_mean,ssim_delta_mean,xpsnr_y_delta_mean,vmaf_delta_mean,msssim_luma_delta_mean,fsim_luma_delta_mean,haarpsi_luma_delta_mean,psnr_hvs_m_luma_delta_mean,psnr_rgb_delta_mean,msssim_rgb_delta_mean
baboon,4,-2.257142088590445,2.386925648391413,-1.3082999999999991,-0.002491000000000021,-1.2069500000000026,-0.588052250000004,-0.0009341543227067151,-0.007293934108814543,-0.009428748484166,-1.1812441768202628,-1.230682239106537,-0.0009341726458232114
barbara,4,-4.2670878373378045,4.459898872664436,-0.7784250000000004,-0.0013274999999999815,-0.6403500000000015,-0.04973899999999887,-0.0005073511305072331,-0.004764981468550117,-0.004780659492213568,-0.6962434217676599,-0.7236691453807431,-0.0005073765534988894
goldhill,4,-3.910572953113125,4.0962543057565775,-0.559000000000001,-0.0015524999999999567,-0.5250749999999975,-0.07310775000000547,-0.0006775723120461541,-0.005155134982185117,-0.0038662068651275916,-0.5217001940818857,-0.5099044652587228,-0.0006775655155556726
lenna,4,-3.4331041226428716,3.65033088583366,-0.3217750000000006,-0.0006889999999999952,-0.3122999999999987,-0.008927500000002198,-0.0003498428944352927,-0.0029942003115491223,-0.001784886444893663,-0.28068527932509824,-0.28755787882855266,-0.0003498060406383341
peppers,4,-3.8098640766559972,4.172171245532776,-0.42782500000000034,-0.001379750000000013,-0.3967500000000008,-0.15899274999999946,-0.0003284231039292207,-0.0031529949011511738,-0.0027143258013664073,-0.39022350031418895,-0.3897107343763313,-0.0003284223960188515
