image,sample_count,psnr_y_equal_bpp_delta,ssim_equal_bpp_delta,xpsnr_y_equal_bpp_delta,vmaf_equal_bpp_delta,msssim_luma_equal_bpp_delta,fsim_luma_equal_bpp_delta,haarpsi_luma_equal_bpp_delta,psnr_hvs_m_luma_equal_bpp_delta,psnr_rgb_equal_bpp_delta,msssim_rgb_equal_bpp_delta
fine_texture_512x512,3,-1.6698570429298343,-0.009478361549174622,-1.6368675638389618,0.1607313639108033,-0.0013649100899144246,-0.012931820440707583,-0.013725774587007225,-1.6041668220301102,-1.5409171114202185,-0.0013650087830724411
mixed_content_512x512,2,-3.713744494885983,-0.001948310302332168,-2.7519416342775145,-0.5009337417901278,-0.00019793881229746013,-0.0005799150289962363,-0.0005543105387565417,-2.4278371674049595,-2.307086604507951,-0.0003158337702613978
sharp_edges_512x512,2,-6.534639047173588,-0.005092050342211107,-5.767763589504732,-0.8215468041325522,-0.0010982244308769817,-0.004159123618333205,-0.0021726639243708767,-4.082147966890613,-3.9931450969009745,-0.003687107560348457
smooth_gradient_512x512,0,0.0,0.0,0.0,0.0,0.0,0.0,0.0,0.0,0.0,0.0
