image,qp_points,bpp_delta_pct_mean,compression_ratio_delta_pct_mean,psnr_y_delta_mean,ssim_delta_mean,xpsnr_y_delta_mean,vmaf_delta_mean,msssim_luma_delta_mean,fsim_luma_delta_mean,haarpsi_luma_delta_mean,psnr_hvs_m_luma_delta_mean,psnr_rgb_delta_mean,msssim_rgb_delta_mean
fine_texture_512x512,4,10.391830107354794,-9.070397527305753,-0.8983249999999989,-0.003979750000000032,-0.8782500000000013,0.4893482500000026,-0.0003164694260715806,-0.005406405904172851,-0.00652914767376811,-0.8528309539487706,-0.81883991438783,-0.00031655858282036986
mixed_content_512x512,4,33.52200954511004,-24.534497383369782,-0.019124999999997172,0.00018900000000002248,-0.048500000000000654,0.15181600000000017,-3.657807650242484e-06,-1.3834343895874346e-05,-3.099510976578568e-05,-0.03900241873429522,-0.09637391353745706,6.299245147389776e-06
sharp_edges_512x512,4,30.36135408224758,-23.111611838026477,-0.04257500000000114,0.00012124999999996167,-0.09182499999999827,0.043206749999999516,4.799955817627599e-05,0.0007503247488485632,0.00043114731384796823,0.012120564872942552,-0.0698882749771439,2.3659803084136177e-05
smooth_gradient_512x512,4,262.70866123842626,-70.55338592007314,0.0,0.0,0.0,0.0,0.0,0.0,0.0,0.0,0.0,0.0
