image,sample_count,psnr_y_equal_bpp_delta,ssim_equal_bpp_delta,xpsnr_y_equal_bpp_delta,vmaf_equal_bpp_delta,msssim_luma_equal_bpp_delta,fsim_luma_equal_bpp_delta,haarpsi_luma_equal_bpp_delta,psnr_hvs_m_luma_equal_bpp_delta,psnr_rgb_equal_bpp_delta,msssim_rgb_equal_bpp_delta
fine_texture_512x512,3,-2.356561570806626,-0.007386602029124297,-2.3240083391726833,-0.718364159825929,-0.0026109156267444624,-0.02124552193183238,-0.020336125830328105,-2.301003632848255,-2.241034571731209,-0.002610922175553032
mixed_content_512x512,3,-0.5615132077601667,-0.00014035937362962456,-0.37790968031267624,-0.057744948654710505,-1.4413079062247647e-05,-0.00011673438493535009,-0.0001674633767923354,-0.4288108997155244,-0.31433488046523195,-1.8774141344546358e-05
sharp_edges_512x512,3,-1.0726309432382048,-0.0003072576397047759,-0.7402124561790231,-0.12827858978315967,-7.407952349406759e-05,-0.000429899470128466,-0.0002829606983100937,-0.6151838893273407,-0.5593132897101588,-0.00012242526102686688
smooth_gradient_512x512,2,-1.0672953502144864,-4.018125512983417e-05,-0.5893267541765113,-0.728759772940407,-0.0002934105730644787,-7.152186993614196e-05,-7.255424464225335e-06,-0.6330943568610792,-0.27750552112743776,-0.0002934245525367807
