image,qp_points,bpp_delta_pct_mean,compression_ratio_delta_pct_mean,psnr_y_delta_mean,ssim_delta_mean,xpsnr_y_delta_mean,vmaf_delta_mean,msssim_luma_delta_mean,fsim_luma_delta_mean,haarpsi_luma_delta_mean,psnr_hvs_m_luma_delta_mean,psnr_rgb_delta_mean,msssim_rgb_delta_mean
fine_texture_512x512,4,9.119736024744341,-7.913601746227231,-1.0171999999999999,-0.003371000000000013,-1.0016999999999978,0.09106525000000332,-0.0009575815268851595,-0.009823898555352678,-0.009694019187687003,-0.9827262240982906,-0.9628341189805623,-0.0009575883558368414
mixed_content_512x512,4,1.8436628964885422,-1.8061474257510408,-0.40130000000000265,2.150000000003538e-05,-0.2896750000000008,-0.11333000000000126,5.872494016789798e-06,-0.00018796683443642048,-0.0002512667878646624,-0.355108395330916,-0.17313682450956414,3.3213725797454074e-06
sharp_edges_512x512,4,3.021151053952835,-2.927897737377112,-0.23350000000000115,1.8499999999976868e-05,-0.14965000000000117,-0.07775125000000216,-2.708434580947494e-05,-0.00013439825246441828,-0.00010773489042537054,-0.17771531517819916,-0.16323374693056358,-1.602075044954132e-05
smooth_gradient_512x512,4,26.959554709126735,-20.949986915806402,0.0,0.0,0.0,0.0,0.0,0.0,0.0,0.0,0.0,0.0
